"design","n_per_group","n_vector","panel","skew","excess_kurtosis","group_mean_offsets","shift","cell","seed","sd_vector","F_power_pct","F_mcse_pp","W_power_pct","W_mcse_pp","KW_power_pct","KW_mcse_pp","gate_power_pct","gate_mcse_pp","route_F_pct","gate_minus_F_pp","paired_mcse_vs_F_pp","route_W_pct","gate_minus_W_pp","paired_mcse_vs_W_pp","route_KW_pct","gate_minus_KW_pp","paired_mcse_vs_KW_pp"
"balanced n, equal SD",10,"10, 10, 10, 10",1,0,0,"0.00, 0.25, 0.50, 0.75","ordered",1,202609281,"1,1,1,1",24.2,1.35438546950268,22.7,1.32465467198059,22,1.30996183150503,24.1,1.35247550809617,90.3,-0.1,0.360721665720426,6.4,1.4,0.847796413509026,3.3,2.1,0.682682983570014
"balanced n, equal SD",10,"10, 10, 10, 10",2,0,6,"0.00, 0.25, 0.50, 0.75","ordered",2,202609282,"1,1,1,1",28.8,1.43197765345692,32.4,1.4799459449588,37.7,1.53255016231117,37.6,1.5317441039547,51.6,8.8,1.02156918689026,7.7,5.2,1.04597038870803,40.7,-0.1,0.671148597883086
"balanced n, equal SD",10,"10, 10, 10, 10",3,0.5,1,"0.00, 0.25, 0.50, 0.75","ordered",3,202609283,"1,1,1,1",24.9,1.36747577675073,24.8,1.36563538325572,24.5,1.36005514594078,26.1,1.38880884213775,74.4,1.2,0.508742389445598,8,1.3,0.865481980782417,17.6,1.6,0.733469820768366
"balanced n, equal SD",10,"10, 10, 10, 10",4,1,1.6,"0.00, 0.25, 0.50, 0.75","ordered",4,202609284,"1,1,1,1",28,1.41985914794391,25.8,1.38360398958662,28.4,1.42598737722323,30.7,1.4585986425333,51.4,2.7,0.723348624961181,8.1,4.9,0.952311344517595,40.5,2.3,0.667199486776749
"balanced n, equal SD",10,"10, 10, 10, 10",5,2,6.6,"0.00, 0.25, 0.50, 0.75","ordered",5,202609285,"1,1,1,1",29.7,1.44496020706454,31.3,1.46639353517397,42.5,1.56324982008635,43,1.56556698994326,8.2,13.3,1.23880775128534,9.5,11.7,1.18089140250258,82.3,0.5,0.45821388014765
"balanced n, equal SD",20,"20, 20, 20, 20",1,0,0,"0.00, 0.25, 0.50, 0.75","ordered",6,202609286,"1,1,1,1",50.3,1.5811103693291,48.1,1.57999683543987,46.8,1.57789733506334,50.8,1.58093643135959,91.7,0.5,0.33145114249292,3.9,2.7,0.826676111541516,4.4,4,0.885880796035666
"balanced n, equal SD",20,"20, 20, 20, 20",2,0,6,"0.00, 0.25, 0.50, 0.75","ordered",7,202609287,"1,1,1,1",55.5,1.57154382694216,57.4,1.56372631876553,69.8,1.45188153786733,68.4,1.47018366199601,23.4,12.9,1.1683128668961,3.1,11,1.11366073839399,73.5,-1.4,0.564232539258732
"balanced n, equal SD",20,"20, 20, 20, 20",3,0.5,1,"0.00, 0.25, 0.50, 0.75","ordered",8,202609288,"1,1,1,1",52.2,1.57960754619621,50.7,1.58098387088547,52.4,1.57931630777371,54.3,1.57528092732693,64.4,2.1,0.604942936115427,5.1,3.6,0.898803564661295,30.5,1.9,0.828901126237063
"balanced n, equal SD",20,"20, 20, 20, 20",4,1,1.6,"0.00, 0.25, 0.50, 0.75","ordered",9,202609289,"1,1,1,1",50.3,1.5811103693291,48.7,1.58060431481127,55.2,1.57256478403912,55.7,1.57083099027235,16.8,5.4,0.933655028215296,5.7,7,1.02569588672865,77.5,0.5,0.360388512413873
"balanced n, equal SD",20,"20, 20, 20, 20",5,2,6.6,"0.00, 0.25, 0.50, 0.75","ordered",10,202609290,"1,1,1,1",55,1.57321327225523,55.5,1.57154382694216,80.8,1.24553602918583,80.8,1.24553602918583,0,25.8,1.39868377995754,1.7,25.3,1.40423711739929,98.3,0,0
"balanced n, equal SD",30,"30, 30, 30, 30",1,0,0,"0.00, 0.25, 0.50, 0.75","ordered",11,202609291,"1,1,1,1",71.9,1.4214042352547,70.1,1.44775343204566,68.1,1.47390298188178,72,1.41985914794391,91.7,0.1,0.331813351298738,3.8,1.9,0.739551848714432,4.5,3.9,0.891956044648821
"balanced n, equal SD",30,"30, 30, 30, 30",2,0,6,"0.00, 0.25, 0.50, 0.75","ordered",12,202609292,"1,1,1,1",72.7,1.40879735945238,73.9,1.38880884213775,87.9,1.03130499853341,87.1,1.05999528300837,10.3,14.4,1.14627830562824,2.5,13.2,1.12562295064868,87.2,-0.8,0.281850030050451
"balanced n, equal SD",30,"30, 30, 30, 30",3,0.5,1,"0.00, 0.25, 0.50, 0.75","ordered",13,202609293,"1,1,1,1",71.9,1.4214042352547,70.6,1.44070815920505,73.3,1.39896747639107,74.1,1.38534833164804,49.9,2.2,0.659996663321563,4,3.5,0.77352979797054,46.1,0.8,0.582837627216786
"balanced n, equal SD",30,"30, 30, 30, 30",4,1,1.6,"0.00, 0.25, 0.50, 0.75","ordered",14,202609294,"1,1,1,1",70.7,1.43927412260486,70.9,1.43638086871136,77.8,1.31421459434904,77.6,1.31842330076497,3.1,6.9,0.950417431076105,4,6.7,0.972654129717277,92.9,-0.2,0.14135055705578
"balanced n, equal SD",30,"30, 30, 30, 30",5,2,6.6,"0.00, 0.25, 0.50, 0.75","ordered",15,202609295,"1,1,1,1",70.2,1.44636095080032,71.2,1.43197765345692,92,0.857904423581089,92,0.857904423581089,0,21.8,1.31395832753041,0,20.8,1.3149483218321,100,0,0
"balanced n, equal SD",50,"50, 50, 50, 50",1,0,0,"0.00, 0.25, 0.50, 0.75","ordered",16,202609296,"1,1,1,1",92.4,0.837997613361756,92.5,0.832916562447884,90.8,0.913980306133562,92.4,0.837997613361756,91.3,0,0,4.4,-0.1,0.331813351298739,4.3,1.6,0.507639338209422
"balanced n, equal SD",50,"50, 50, 50, 50",2,0,6,"0.00, 0.25, 0.50, 0.75","ordered",17,202609297,"1,1,1,1",92.4,0.837997613361756,92.5,0.832916562447884,98.6,0.371537346709587,98.6,0.371537346709587,1.8,6.2,0.762982399628031,0.9,6.1,0.757207609155742,97.3,0,0
"balanced n, equal SD",50,"50, 50, 50, 50",3,0.5,1,"0.00, 0.25, 0.50, 0.75","ordered",18,202609298,"1,1,1,1",92.6,0.827792244467173,92.7,0.822623850857729,94.2,0.739161687318817,94.3,0.733150734842434,34.3,1.7,0.536094578780084,3.4,1.6,0.545653496037311,62.3,0.1,0.223696312084131
"balanced n, equal SD",50,"50, 50, 50, 50",4,1,1.6,"0.00, 0.25, 0.50, 0.75","ordered",19,202609299,"1,1,1,1",92,0.857904423581089,92.5,0.832916562447884,95.3,0.669260786241059,95.3,0.669260786241059,0.2,3.3,0.677915606524568,1,2.8,0.642318124119642,98.8,0,0
"balanced n, equal SD",50,"50, 50, 50, 50",5,2,6.6,"0.00, 0.25, 0.50, 0.75","ordered",20,202609300,"1,1,1,1",91.3,0.891240708226459,92.2,0.848033018225116,99.7,0.172945077987204,99.7,0.172945077987204,0,8.4,0.877616208949113,0,7.5,0.833333333333338,100,0,0
"balanced n, equal SD",100,"100, 100, 100, 100",1,0,0,"0.00, 0.25, 0.50, 0.75","ordered",21,202609301,"1,1,1,1",100,0,100,0,99.9,0.0999499874937461,100,0,90.4,0,0,4,0,0,5.6,0.1,0.100000000000001
"balanced n, equal SD",100,"100, 100, 100, 100",2,0,6,"0.00, 0.25, 0.50, 0.75","ordered",22,202609302,"1,1,1,1",99.6,0.199599599197994,99.6,0.199599599197994,100,0,100,0,0,0.4,0.199699473909873,0.1,0.4,0.199699473909873,99.9,0,0
"balanced n, equal SD",100,"100, 100, 100, 100",3,0.5,1,"0.00, 0.25, 0.50, 0.75","ordered",23,202609303,"1,1,1,1",99.9,0.0999499874937461,99.9,0.0999499874937461,100,0,100,0,9.6,0.1,0.100000000000001,1.4,0.1,0.100000000000001,89,0,0
"balanced n, equal SD",100,"100, 100, 100, 100",4,1,1.6,"0.00, 0.25, 0.50, 0.75","ordered",24,202609304,"1,1,1,1",99.7,0.172945077987204,99.8,0.141279864099595,99.9,0.0999499874937461,99.9,0.0999499874937461,0,0.2,0.141350557055782,0,0.1,0.100000000000001,100,0,0
"balanced n, equal SD",100,"100, 100, 100, 100",5,2,6.6,"0.00, 0.25, 0.50, 0.75","ordered",25,202609305,"1,1,1,1",99.8,0.141279864099595,99.8,0.141279864099595,100,0,100,0,0,0.2,0.14135055705578,0,0.2,0.14135055705578,100,0,0
"balanced n, equal SD",200,"200, 200, 200, 200",1,0,0,"0.00, 0.25, 0.50, 0.75","ordered",26,202609306,"1,1,1,1",100,0,100,0,100,0,100,0,88.7,0,0,5.5,0,0,5.8,0,0
"balanced n, equal SD",200,"200, 200, 200, 200",2,0,6,"0.00, 0.25, 0.50, 0.75","ordered",27,202609307,"1,1,1,1",100,0,100,0,100,0,100,0,0,0,0,0,0,0,100,0,0
"balanced n, equal SD",200,"200, 200, 200, 200",3,0.5,1,"0.00, 0.25, 0.50, 0.75","ordered",28,202609308,"1,1,1,1",100,0,100,0,100,0,100,0,0.2,0,0,0,0,0,99.8,0,0
"balanced n, equal SD",200,"200, 200, 200, 200",4,1,1.6,"0.00, 0.25, 0.50, 0.75","ordered",29,202609309,"1,1,1,1",100,0,100,0,100,0,100,0,0,0,0,0,0,0,100,0,0
"balanced n, equal SD",200,"200, 200, 200, 200",5,2,6.6,"0.00, 0.25, 0.50, 0.75","ordered",30,202609310,"1,1,1,1",100,0,100,0,100,0,100,0,0,0,0,0,0,0,100,0,0
"unbalanced n, equal SD",10,"5, 8, 12, 15",1,0,0,"0.00, 0.25, 0.50, 0.75","ordered",31,202609311,"1,1,1,1",22.8,1.32671021704063,20.4,1.27429980773757,20.2,1.26962986732354,23.5,1.34080199880519,89,0.7,0.411921933962836,5.1,3.1,0.990641898655297,5.9,3.3,0.76137355462985
"unbalanced n, equal SD",10,"5, 8, 12, 15",2,0,6,"0.00, 0.25, 0.50, 0.75","ordered",32,202609312,"1,1,1,1",23.9,1.34862522592453,24.8,1.36563538325572,29,1.43492160064583,29.1,1.43638086871136,53.2,5.2,0.879621358161415,6.4,4.3,1.17170085042339,40.4,0.1,0.755354592599098
"unbalanced n, equal SD",10,"5, 8, 12, 15",3,0.5,1,"0.00, 0.25, 0.50, 0.75","ordered",33,202609313,"1,1,1,1",23.2,1.33482583133531,25.3,1.37473997541353,22.5,1.32051126462443,24.9,1.36747577675073,74.7,1.7,0.517085464287455,8.8,-0.4,1.03967346841253,16.5,2.4,0.74484548383863
"unbalanced n, equal SD",10,"5, 8, 12, 15",4,1,1.6,"0.00, 0.25, 0.50, 0.75","ordered",34,202609314,"1,1,1,1",23.6,1.34277324965908,27.8,1.41674274305535,25.4,1.37653187394989,27.2,1.40718158032288,49.3,3.6,0.792254799712622,9.8,-0.6,1.02013757929049,40.9,1.8,0.645892543057414
"unbalanced n, equal SD",10,"5, 8, 12, 15",5,2,6.6,"0.00, 0.25, 0.50, 0.75","ordered",35,202609315,"1,1,1,1",27.1,1.4055568291606,39.5,1.54588162548107,43.3,1.56687906361659,43.5,1.56772127624779,9.2,16.4,1.23797115175296,11.5,4,1.16848849603466,79.3,0.2,0.346525727876128
"unbalanced n, equal SD",20,"10, 16, 24, 30",1,0,0,"0.00, 0.25, 0.50, 0.75","ordered",36,202609316,"1,1,1,1",45.1,1.5735278834517,44.2,1.57046489932122,42,1.56076904121013,46,1.57607106438764,88.2,0.9,0.457601791298287,6.2,1.8,0.968347921822374,5.6,4,0.885880796035669
"unbalanced n, equal SD",20,"10, 16, 24, 30",2,0,6,"0.00, 0.25, 0.50, 0.75","ordered",37,202609317,"1,1,1,1",45.9,1.57581407532742,47.5,1.57916116973538,60.4,1.54655746740947,59.1,1.55473148807117,22.7,13.2,1.17777211172076,5.2,11.6,1.22757767450657,72.1,-1.3,0.537213736420241
"unbalanced n, equal SD",20,"10, 16, 24, 30",3,0.5,1,"0.00, 0.25, 0.50, 0.75","ordered",38,202609318,"1,1,1,1",47.4,1.57899968334386,47.6,1.57931630777371,49,1.58082257068907,49.7,1.5811103693291,63.5,2.3,0.636486539618174,6.7,2.1,0.952101095733268,29.8,0.7,0.608177506884198
"unbalanced n, equal SD",20,"10, 16, 24, 30",4,1,1.6,"0.00, 0.25, 0.50, 0.75","ordered",39,202609319,"1,1,1,1",47.9,1.5797436500901,48.8,1.58068339650924,51.8,1.58011391994375,52.4,1.57931630777371,15.9,4.5,0.943737590986318,5.9,3.6,1.08083680924004,78.2,0.6,0.346063230869385
"unbalanced n, equal SD",20,"10, 16, 24, 30",5,2,6.6,"0.00, 0.25, 0.50, 0.75","ordered",40,202609320,"1,1,1,1",47.9,1.5797436500901,54.6,1.5744332313566,72.5,1.41200212464429,72.4,1.41359117144951,0.1,24.5,1.41129080693588,1.4,17.8,1.32850477038095,98.5,-0.1,0.1
"unbalanced n, equal SD",30,"15, 24, 36, 45",1,0,0,"0.00, 0.25, 0.50, 0.75","ordered",41,202609321,"1,1,1,1",64,1.51789327688082,61.3,1.5402305022301,60.2,1.54788888490098,64.2,1.51603430040352,90,0.2,0.346525727876127,4.9,2.9,0.861587100839103,5.1,4,0.885880796035668
"unbalanced n, equal SD",30,"15, 24, 36, 45",2,0,6,"0.00, 0.25, 0.50, 0.75","ordered",42,202609322,"1,1,1,1",67.1,1.48579608291313,68.2,1.47267104269759,82.2,1.20961150788177,81.6,1.22533260790693,8,14.5,1.25750997265681,2.3,13.4,1.19241849275405,89.7,-0.6,0.282346807525282
"unbalanced n, equal SD",30,"15, 24, 36, 45",3,0.5,1,"0.00, 0.25, 0.50, 0.75","ordered",43,202609323,"1,1,1,1",63.6,1.52152555022911,63.5,1.52241584332271,65.2,1.50630674166984,65.7,1.50116954405557,52.6,2.1,0.682682983570015,5.4,2.2,0.914328166467597,42,0.5,0.670969597075907
"unbalanced n, equal SD",30,"15, 24, 36, 45",4,1,1.6,"0.00, 0.25, 0.50, 0.75","ordered",44,202609324,"1,1,1,1",65.9,1.49906304070242,64.9,1.50930116279025,70.7,1.43927412260486,70.9,1.43638086871136,4.4,5,0.957034960654994,3.8,6,1.01243519546934,91.8,0.2,0.141350557055779
"unbalanced n, equal SD",30,"15, 24, 36, 45",5,2,6.6,"0.00, 0.25, 0.50, 0.75","ordered",45,202609325,"1,1,1,1",64.3,1.51509405648626,68,1.47512711316686,87.5,1.04582503316759,87.5,1.04582503316759,0,23.2,1.35779365280723,0,19.5,1.30822836747316,100,0,0
"unbalanced n, equal SD",50,"25, 40, 60, 75",1,0,0,"0.00, 0.25, 0.50, 0.75","ordered",46,202609326,"1,1,1,1",88.3,1.0164201887015,86.6,1.07723720693262,86.5,1.08062481925967,88.2,1.02017645532525,91.1,-0.1,0.1,3.8,1.6,0.563700060100902,5.1,1.7,0.606199206100994
"unbalanced n, equal SD",50,"25, 40, 60, 75",2,0,6,"0.00, 0.25, 0.50, 0.75","ordered",47,202609327,"1,1,1,1",88.7,1.00115433375679,89.5,0.969407035254026,97.6,0.483983470792134,97.6,0.483983470792134,1.3,8.9,0.933628224542115,0.5,8.1,0.874731476028591,98.2,0,0
"unbalanced n, equal SD",50,"25, 40, 60, 75",3,0.5,1,"0.00, 0.25, 0.50, 0.75","ordered",48,202609328,"1,1,1,1",86.4,1.08399261990108,85.4,1.11661989951818,86.3,1.08734079294396,86.4,1.08399261990108,33.9,0,0.565968479970678,3.3,1,0.706752785278918,62.8,0.1,0.387479212526476
"unbalanced n, equal SD",50,"25, 40, 60, 75",4,1,1.6,"0.00, 0.25, 0.50, 0.75","ordered",49,202609329,"1,1,1,1",88.3,1.0164201887015,87.7,1.03860964755773,91.4,0.886588969026798,91.3,0.891240708226459,0.1,3,0.671901370330094,1.1,3.6,0.712423713493282,98.8,-0.1,0.100000000000001
"unbalanced n, equal SD",50,"25, 40, 60, 75",5,2,6.6,"0.00, 0.25, 0.50, 0.75","ordered",50,202609330,"1,1,1,1",86.6,1.07723720693262,86.4,1.08399261990108,98.8,0.344325427466518,98.8,0.344325427466518,0,12.2,1.04510872747874,0,12.4,1.05230572902905,100,0,0
"unbalanced n, equal SD",100,"50, 80, 120, 150",1,0,0,"0.00, 0.25, 0.50, 0.75","ordered",51,202609331,"1,1,1,1",99.7,0.172945077987204,99.5,0.223047080231955,99.6,0.199599599197994,99.8,0.141279864099595,90,0.1,0.100000000000001,4.4,0.3,0.173031615434694,5.6,0.2,0.141350557055782
"unbalanced n, equal SD",100,"50, 80, 120, 150",2,0,6,"0.00, 0.25, 0.50, 0.75","ordered",52,202609332,"1,1,1,1",99.2,0.281709069786544,99.2,0.281709069786544,100,0,100,0,0,0.8,0.281850030050451,0,0.8,0.281850030050451,100,0,0
"unbalanced n, equal SD",100,"50, 80, 120, 150",3,0.5,1,"0.00, 0.25, 0.50, 0.75","ordered",53,202609333,"1,1,1,1",99.6,0.199599599197994,99.4,0.244213021765835,99.7,0.172945077987204,99.7,0.172945077987204,9.7,0.1,0.173262863938067,2.3,0.3,0.223517247567077,88,0,0
"unbalanced n, equal SD",100,"50, 80, 120, 150",4,1,1.6,"0.00, 0.25, 0.50, 0.75","ordered",54,202609334,"1,1,1,1",99.1,0.298646948753876,99,0.314642654451046,99.7,0.172945077987204,99.7,0.172945077987204,0,0.6,0.244335219932982,0,0.7,0.263779414624376,100,0,0
"unbalanced n, equal SD",100,"50, 80, 120, 150",5,2,6.6,"0.00, 0.25, 0.50, 0.75","ordered",55,202609335,"1,1,1,1",99.7,0.172945077987204,99.7,0.172945077987204,100,0,100,0,0,0.3,0.173031615434693,0,0.3,0.173031615434693,100,0,0
"unbalanced n, equal SD",200,"100, 160, 240, 300",1,0,0,"0.00, 0.25, 0.50, 0.75","ordered",56,202609336,"1,1,1,1",100,0,100,0,100,0,100,0,91.1,0,0,4.4,0,0,4.5,0,0
"unbalanced n, equal SD",200,"100, 160, 240, 300",2,0,6,"0.00, 0.25, 0.50, 0.75","ordered",57,202609337,"1,1,1,1",100,0,100,0,100,0,100,0,0,0,0,0,0,0,100,0,0
"unbalanced n, equal SD",200,"100, 160, 240, 300",3,0.5,1,"0.00, 0.25, 0.50, 0.75","ordered",58,202609338,"1,1,1,1",100,0,100,0,100,0,100,0,0.1,0,0,0.3,0,0,99.6,0,0
"unbalanced n, equal SD",200,"100, 160, 240, 300",4,1,1.6,"0.00, 0.25, 0.50, 0.75","ordered",59,202609339,"1,1,1,1",100,0,100,0,100,0,100,0,0,0,0,0,0,0,100,0,0
"unbalanced n, equal SD",200,"100, 160, 240, 300",5,2,6.6,"0.00, 0.25, 0.50, 0.75","ordered",60,202609340,"1,1,1,1",100,0,100,0,100,0,100,0,0,0,0,0,0,0,100,0,0
"balanced n, unequal SD",10,"10, 10, 10, 10",1,0,0,"0.00, 0.25, 0.50, 0.75","ordered",61,202609341,"1.000000000000000,1.414213562373095,2.000000000000000,2.236067977499790",11.3,1.00115433375679,11.8,1.02017645532525,9.9,0.944452222190196,12,1.02761860629321,48.9,0.7,0.670790548502254,41.2,0.2,0.565933105835208,9.9,2.1,0.65269902406547
"balanced n, unequal SD",10,"10, 10, 10, 10",2,0,6,"0.00, 0.25, 0.50, 0.75","ordered",62,202609342,"1.000000000000000,1.414213562373095,2.000000000000000,2.236067977499790",13,1.06348483769163,15,1.12915897906362,16.8,1.18226900492231,17.6,1.20425910833176,29.7,4.6,0.937933750176272,26.6,2.6,0.833026970712187,43.7,0.8,0.61623026519292
"balanced n, unequal SD",10,"10, 10, 10, 10",3,0.5,1,"0.00, 0.25, 0.50, 0.75","ordered",63,202609343,"1.000000000000000,1.414213562373095,2.000000000000000,2.236067977499790",11.9,1.02390917565964,11.4,1.00500746265886,10.8,0.98150904224057,13.8,1.09066951914867,43.8,1.9,0.791844061048015,38.4,2.4,0.71746411391425,17.8,3,0.729062090312986
"balanced n, unequal SD",10,"10, 10, 10, 10",4,1,1.6,"0.00, 0.25, 0.50, 0.75","ordered",64,202609344,"1.000000000000000,1.414213562373095,2.000000000000000,2.236067977499790",8.8,0.895857131466843,7.7,0.843036179532053,6.1,0.756828910652864,8.8,0.895857131466843,31.1,0,0.735214622093808,38.5,1.1,0.537660747199458,30.4,2.7,0.634911893976724
"balanced n, unequal SD",10,"10, 10, 10, 10",5,2,6.6,"0.00, 0.25, 0.50, 0.75","ordered",65,202609345,"1.000000000000000,1.414213562373095,2.000000000000000,2.236067977499790",8.9,0.900438781928011,8,0.857904423581089,6.6,0.785136930732468,8.6,0.886588969026798,6.2,-0.3,0.87788420687508,23.1,0.6,0.692907006834344,70.7,2,0.486041393541983
"balanced n, unequal SD",20,"20, 20, 20, 20",1,0,0,"0.00, 0.25, 0.50, 0.75","ordered",66,202609346,"1.000000000000000,1.414213562373095,2.000000000000000,2.236067977499790",18.8,1.23554036761249,20.8,1.28349522788361,17.7,1.20694241784768,21,1.28802173894698,15.8,2.2,0.967520592078586,76.8,0.2,0.400150121979392,7.4,3.3,0.871705150764786
"balanced n, unequal SD",20,"20, 20, 20, 20",2,0,6,"0.00, 0.25, 0.50, 0.75","ordered",67,202609347,"1.000000000000000,1.414213562373095,2.000000000000000,2.236067977499790",21.1,1.29026741414329,25.6,1.38008695378226,31.4,1.46766481186952,30.1,1.45051370210695,5.6,9,1.20018350281965,29.7,4.5,0.943737590986317,64.7,-1.3,0.590473249740118
"balanced n, unequal SD",20,"20, 20, 20, 20",3,0.5,1,"0.00, 0.25, 0.50, 0.75","ordered",68,202609348,"1.000000000000000,1.414213562373095,2.000000000000000,2.236067977499790",16.5,1.17377595817941,18.1,1.21753439376471,13.4,1.07723720693262,17.6,1.20425910833176,11.5,1.1,0.943228328497221,63.7,-0.5,0.479562279563338,24.8,4.2,0.776506898206946
"balanced n, unequal SD",20,"20, 20, 20, 20",4,1,1.6,"0.00, 0.25, 0.50, 0.75","ordered",69,202609349,"1.000000000000000,1.414213562373095,2.000000000000000,2.236067977499790",16.4,1.17091417277271,18.5,1.22790471943062,10.4,0.965318600255895,14.9,1.12605062053178,4.6,-1.5,0.984235093216413,40.2,-3.6,0.712423713493286,55.2,4.5,0.685726053333419
"balanced n, unequal SD",20,"20, 20, 20, 20",5,2,6.6,"0.00, 0.25, 0.50, 0.75","ordered",70,202609350,"1.000000000000000,1.414213562373095,2.000000000000000,2.236067977499790",18,1.214907403879,18.6,1.230463327369,8.5,0.881901355027874,10.4,0.965318600255895,0.1,-7.6,1.05040151529942,4.9,-8.2,1.0834823182378,95,1.9,0.431945108291063
"balanced n, unequal SD",30,"30, 30, 30, 30",1,0,0,"0.00, 0.25, 0.50, 0.75","ordered",71,202609351,"1.000000000000000,1.414213562373095,2.000000000000000,2.236067977499790",26.9,1.40228028582021,30.6,1.45727142289966,28.2,1.42294061717276,30.5,1.45593612497252,4.1,3.6,0.963310940438221,91.2,-0.1,0.264688609615262,4.7,2.3,0.919540948275582
"balanced n, unequal SD",30,"30, 30, 30, 30",2,0,6,"0.00, 0.25, 0.50, 0.75","ordered",72,202609352,"1.000000000000000,1.414213562373095,2.000000000000000,2.236067977499790",30.7,1.4585986425333,37.8,1.53334927527945,45.3,1.57413785927409,44.3,1.57083099027235,0.7,13.6,1.29488096623462,20.9,6.5,1.03383694015006,78.4,-1,0.582528402173953
"balanced n, unequal SD",30,"30, 30, 30, 30",3,0.5,1,"0.00, 0.25, 0.50, 0.75","ordered",73,202609353,"1.000000000000000,1.414213562373095,2.000000000000000,2.236067977499790",25.8,1.38360398958662,29.5,1.44213383567545,20.9,1.28576436410409,27.7,1.41517136771488,2.7,1.9,1.08976033033762,65.9,-1.8,0.661208890742701,31.4,6.8,0.913561489224785
"balanced n, unequal SD",30,"30, 30, 30, 30",4,1,1.6,"0.00, 0.25, 0.50, 0.75","ordered",74,202609354,"1.000000000000000,1.414213562373095,2.000000000000000,2.236067977499790",25.6,1.38008695378226,29.3,1.43927412260486,14.6,1.11661989951818,20,1.26491106406735,0.4,-5.6,1.14453044955123,30.8,-9.3,1.04143871379674,68.8,5.4,0.742557332056849
"balanced n, unequal SD",30,"30, 30, 30, 30",5,2,6.6,"0.00, 0.25, 0.50, 0.75","ordered",75,202609355,"1.000000000000000,1.414213562373095,2.000000000000000,2.236067977499790",25.1,1.37112727345057,28.7,1.43049292203771,10.7,0.977501918156686,10.8,0.98150904224057,0,-14.3,1.17766586810389,0.1,-17.9,1.28500631953358,99.9,0.1,0.100000000000001
"balanced n, unequal SD",50,"50, 50, 50, 50",1,0,0,"0.00, 0.25, 0.50, 0.75","ordered",76,202609356,"1.000000000000000,1.414213562373095,2.000000000000000,2.236067977499790",43.4,1.56730341670016,51.8,1.58011391994375,44,1.56971334962789,51.4,1.58051890213309,0,8,1.18211564468008,95.6,-0.4,0.199699473909873,4.4,7.4,1.16901950651245
"balanced n, unequal SD",50,"50, 50, 50, 50",2,0,6,"0.00, 0.25, 0.50, 0.75","ordered",77,202609357,"1.000000000000000,1.414213562373095,2.000000000000000,2.236067977499790",48.5,1.58042715744826,56.1,1.56932788161047,70.8,1.43783170086071,70.2,1.44636095080032,0,21.7,1.4146063449282,6.8,14.1,1.2699617328104,93.2,-0.6,0.315815990316732
"balanced n, unequal SD",50,"50, 50, 50, 50",3,0.5,1,"0.00, 0.25, 0.50, 0.75","ordered",78,202609358,"1.000000000000000,1.414213562373095,2.000000000000000,2.236067977499790",42.9,1.56511660907422,48.5,1.58042715744826,35.1,1.50930116279025,41.8,1.55973074599432,0,-1.1,1.18751850520325,55.7,-6.7,0.886507696467382,44.3,6.7,0.941273603154795
"balanced n, unequal SD",50,"50, 50, 50, 50",4,1,1.6,"0.00, 0.25, 0.50, 0.75","ordered",79,202609359,"1.000000000000000,1.414213562373095,2.000000000000000,2.236067977499790",45.4,1.5744332313566,51.8,1.58011391994375,21.7,1.30349913693872,24.4,1.35817524642441,0,-21,1.38597291493048,8.8,-27.4,1.43920509702797,91.2,2.7,0.512808904927529
"balanced n, unequal SD",50,"50, 50, 50, 50",5,2,6.6,"0.00, 0.25, 0.50, 0.75","ordered",80,202609360,"1.000000000000000,1.414213562373095,2.000000000000000,2.236067977499790",44.3,1.57083099027235,49.1,1.58088266484265,15.3,1.13838042850358,15.3,1.13838042850358,0,-29,1.49037620123955,0,-33.8,1.56204993518134,100,0,0
"balanced n, unequal SD",100,"100, 100, 100, 100",1,0,0,"0.00, 0.25, 0.50, 0.75","ordered",81,202609361,"1.000000000000000,1.414213562373095,2.000000000000000,2.236067977499790",78.8,1.29250145067617,85.3,1.11978122863352,77.5,1.32051126462443,84.7,1.13838042850358,0,5.9,0.903330507624975,94.4,-0.6,0.244335219932982,5.6,7.2,0.953451136172729
"balanced n, unequal SD",100,"100, 100, 100, 100",2,0,6,"0.00, 0.25, 0.50, 0.75","ordered",82,202609362,"1.000000000000000,1.414213562373095,2.000000000000000,2.236067977499790",78.2,1.30566458173606,85.3,1.11978122863352,95.5,0.655553201502365,95.5,0.655553201502365,0,17.3,1.196721413756,0.1,10.2,0.978221302628861,99.9,0,0
"balanced n, unequal SD",100,"100, 100, 100, 100",3,0.5,1,"0.00, 0.25, 0.50, 0.75","ordered",83,202609363,"1.000000000000000,1.414213562373095,2.000000000000000,2.236067977499790",78.1,1.30781879478772,84.3,1.15043904662524,66.5,1.49256490646136,71.1,1.43345387090063,0,-7,1.11005956247053,28.1,-13.2,1.09862048359157,71.9,4.6,0.677716238037206
"balanced n, unequal SD",100,"100, 100, 100, 100",4,1,1.6,"0.00, 0.25, 0.50, 0.75","ordered",84,202609364,"1.000000000000000,1.414213562373095,2.000000000000000,2.236067977499790",76.6,1.33882037630147,83.4,1.17662228433767,41.9,1.56025318458255,41.9,1.56025318458255,0,-34.7,1.52585655886726,0,-41.5,1.56531153455158,100,0,0
"balanced n, unequal SD",100,"100, 100, 100, 100",5,2,6.6,"0.00, 0.25, 0.50, 0.75","ordered",85,202609365,"1.000000000000000,1.414213562373095,2.000000000000000,2.236067977499790",78.7,1.29472390879291,84.1,1.15636931816786,23.6,1.34277324965908,23.6,1.34277324965908,0,-55.1,1.58002736890425,0,-60.5,1.54665514648293,100,0,0
"balanced n, unequal SD",200,"200, 200, 200, 200",1,0,0,"0.00, 0.25, 0.50, 0.75","ordered",86,202609366,"1.000000000000000,1.414213562373095,2.000000000000000,2.236067977499790",98.1,0.431729081716764,99.5,0.223047080231955,98.7,0.358203852575597,99.5,0.223047080231955,0,1.4,0.371723254825657,94.5,0,0,5.5,0.8,0.315371938287889
"balanced n, unequal SD",200,"200, 200, 200, 200",2,0,6,"0.00, 0.25, 0.50, 0.75","ordered",87,202609367,"1.000000000000000,1.414213562373095,2.000000000000000,2.236067977499790",97.7,0.474035863622153,99.6,0.199599599197994,100,0,100,0,0,2.3,0.474273059465681,0,0.4,0.199699473909873,100,0,0
"balanced n, unequal SD",200,"200, 200, 200, 200",3,0.5,1,"0.00, 0.25, 0.50, 0.75","ordered",88,202609368,"1.000000000000000,1.414213562373095,2.000000000000000,2.236067977499790",98.6,0.371537346709587,99.4,0.244213021765835,94.4,0.727076337120113,94.8,0.702111102319284,0,-3.8,0.604918115058494,6.2,-4.6,0.662781471738072,93.8,0.4,0.199699473909873
"balanced n, unequal SD",200,"200, 200, 200, 200",4,1,1.6,"0.00, 0.25, 0.50, 0.75","ordered",89,202609369,"1.000000000000000,1.414213562373095,2.000000000000000,2.236067977499790",99,0.314642654451046,99.3,0.263647491928143,73.8,1.39052508067996,73.8,1.39052508067996,0,-25.2,1.37362543906512,0,-25.5,1.37900386208728,100,0,0
"balanced n, unequal SD",200,"200, 200, 200, 200",5,2,6.6,"0.00, 0.25, 0.50, 0.75","ordered",90,202609370,"1.000000000000000,1.414213562373095,2.000000000000000,2.236067977499790",98.4,0.396787096564392,99.3,0.263647491928143,44.6,1.57189058143371,44.6,1.57189058143371,0,-53.8,1.57735476290151,0,-54.7,1.57492551899776,100,0,0
"unbalanced n, larger n with larger SD",10,"5, 8, 12, 15",1,0,0,"0.00, 0.25, 0.50, 0.75","ordered",91,202609371,"1.000000000000000,1.414213562373095,2.000000000000000,2.236067977499790",4.4,0.648567652600714,13.7,1.08734079294396,4.7,0.669260786241059,8.4,0.877177291087725,69.7,4,0.651478644641887,22.5,-5.3,0.826191619778721,7.8,3.7,0.718906688539492
"unbalanced n, larger n with larger SD",10,"5, 8, 12, 15",2,0,6,"0.00, 0.25, 0.50, 0.75","ordered",92,202609372,"1.000000000000000,1.414213562373095,2.000000000000000,2.236067977499790",7.4,0.827792244467173,12.8,1.05648473723003,8.8,0.895857131466843,10.3,0.96120237203203,42.2,2.9,0.618038811056376,10,-2.5,0.862840943914051,47.8,1.5,0.536691753279329
"unbalanced n, larger n with larger SD",10,"5, 8, 12, 15",3,0.5,1,"0.00, 0.25, 0.50, 0.75","ordered",93,202609373,"1.000000000000000,1.414213562373095,2.000000000000000,2.236067977499790",4.4,0.648567652600714,11.2,0.997276290703835,4.9,0.682634602111554,7.8,0.848033018225116,58.2,3.4,0.607296310550968,21.2,-3.4,0.669991708074734,20.6,2.9,0.649624516172241
"unbalanced n, larger n with larger SD",10,"5, 8, 12, 15",4,1,1.6,"0.00, 0.25, 0.50, 0.75","ordered",94,202609374,"1.000000000000000,1.414213562373095,2.000000000000000,2.236067977499790",4.3,0.641490451994416,12.9,1.05999528300837,4.7,0.669260786241059,8.2,0.867617427210865,41,3.9,0.703765078193907,23.5,-4.7,0.792804224596806,35.5,3.5,0.676910783049145
"unbalanced n, larger n with larger SD",10,"5, 8, 12, 15",5,2,6.6,"0.00, 0.25, 0.50, 0.75","ordered",95,202609375,"1.000000000000000,1.414213562373095,2.000000000000000,2.236067977499790",3.9,0.612200947402076,14.5,1.11344061359374,4.8,0.675988165576883,7.6,0.837997613361757,6.2,3.7,0.759530701740803,14.1,-6.9,0.971253485622235,79.7,2.8,0.576621619862185
"unbalanced n, larger n with larger SD",20,"10, 16, 24, 30",1,0,0,"0.00, 0.25, 0.50, 0.75","ordered",96,202609376,"1.000000000000000,1.414213562373095,2.000000000000000,2.236067977499790",9.7,0.935900635751467,18.7,1.23300851578568,10.8,0.98150904224057,17.5,1.20156148406979,36.8,7.8,0.959208048381627,54.2,-1.2,0.508742389445598,9,6.7,0.930578301904785
"unbalanced n, larger n with larger SD",20,"10, 16, 24, 30",2,0,6,"0.00, 0.25, 0.50, 0.75","ordered",97,202609377,"1.000000000000000,1.414213562373095,2.000000000000000,2.236067977499790",8.9,0.900438781928011,22.1,1.31209374665075,18.8,1.23554036761249,20.9,1.28576436410409,11.7,12,1.07571239518616,18.3,-1.2,1.00974233326111,70,2.1,0.604942936115427
"unbalanced n, larger n with larger SD",20,"10, 16, 24, 30",3,0.5,1,"0.00, 0.25, 0.50, 0.75","ordered",98,202609378,"1.000000000000000,1.414213562373095,2.000000000000000,2.236067977499790",8.1,0.862780389206894,20.7,1.28121426779442,9.8,0.940191469861326,17.2,1.19338174948337,28.5,9.1,0.983950282360921,43.1,-3.5,0.733681326113922,28.4,7.4,0.919829378790489
"unbalanced n, larger n with larger SD",20,"10, 16, 24, 30",4,1,1.6,"0.00, 0.25, 0.50, 0.75","ordered",99,202609379,"1.000000000000000,1.414213562373095,2.000000000000000,2.236067977499790",7.6,0.837997613361757,21.3,1.29472390879291,6.9,0.801492358042171,13.9,1.09397897603199,9,6.3,0.933370870116037,30.8,-7.4,0.897800671667191,60.2,7,0.83168004165766
"unbalanced n, larger n with larger SD",20,"10, 16, 24, 30",5,2,6.6,"0.00, 0.25, 0.50, 0.75","ordered",100,202609380,"1.000000000000000,1.414213562373095,2.000000000000000,2.236067977499790",7.9,0.852988862764339,23.9,1.34862522592453,4.7,0.669260786241059,5.6,0.727076337120113,0.1,-2.3,0.765045943257853,2.3,-18.3,1.25566185204724,97.6,0.9,0.298796384314267
"unbalanced n, larger n with larger SD",30,"15, 24, 36, 45",1,0,0,"0.00, 0.25, 0.50, 0.75","ordered",101,202609381,"1.000000000000000,1.414213562373095,2.000000000000000,2.236067977499790",14.9,1.12605062053178,31,1.46253205093085,18.2,1.22014753206323,28.8,1.43197765345692,14.4,13.9,1.18245007851841,79.1,-2.2,0.543558143583055,6.5,10.6,1.15280916415899
"unbalanced n, larger n with larger SD",30,"15, 24, 36, 45",2,0,6,"0.00, 0.25, 0.50, 0.75","ordered",102,202609382,"1.000000000000000,1.414213562373095,2.000000000000000,2.236067977499790",15.5,1.14444309600784,33.1,1.48808265899445,31.2,1.46511433000978,31.8,1.47267104269759,2,16.3,1.25134962175879,15.5,-1.3,1.08142474517623,82.5,0.6,0.447034495134144
"unbalanced n, larger n with larger SD",30,"15, 24, 36, 45",3,0.5,1,"0.00, 0.25, 0.50, 0.75","ordered",103,202609383,"1.000000000000000,1.414213562373095,2.000000000000000,2.236067977499790",12.2,1.03496859855746,30.9,1.46122893483533,13.7,1.08734079294396,24.7,1.36378517369856,8.5,12.5,1.10225449192324,58.9,-6.2,0.813770374382251,32.6,11,1.0863609806046
"unbalanced n, larger n with larger SD",30,"15, 24, 36, 45",4,1,1.6,"0.00, 0.25, 0.50, 0.75","ordered",104,202609384,"1.000000000000000,1.414213562373095,2.000000000000000,2.236067977499790",13.1,1.06695360723885,31,1.46253205093085,10.4,0.965318600255895,17.2,1.19338174948337,0.6,4.1,1.02676396715324,25.4,-13.8,1.13615617361823,74,6.8,0.808958845933718
"unbalanced n, larger n with larger SD",30,"15, 24, 36, 45",5,2,6.6,"0.00, 0.25, 0.50, 0.75","ordered",105,202609385,"1.000000000000000,1.414213562373095,2.000000000000000,2.236067977499790",9.9,0.944452222190196,31.9,1.47390298188178,5.1,0.695693898205238,5.1,0.695693898205238,0,-4.8,0.810936259898163,0.1,-26.8,1.44355250816998,99.9,0,0
"unbalanced n, larger n with larger SD",50,"25, 40, 60, 75",1,0,0,"0.00, 0.25, 0.50, 0.75","ordered",106,202609386,"1.000000000000000,1.414213562373095,2.000000000000000,2.236067977499790",25.4,1.37653187394989,48.3,1.58022466757104,29,1.43492160064583,47.3,1.57883184665119,0.4,21.9,1.35359603361645,93.9,-1,0.314800093867678,5.7,18.3,1.28715452326703
"unbalanced n, larger n with larger SD",50,"25, 40, 60, 75",2,0,6,"0.00, 0.25, 0.50, 0.75","ordered",107,202609387,"1.000000000000000,1.414213562373095,2.000000000000000,2.236067977499790",27.9,1.41830532678969,53,1.57829021412413,55,1.57321327225523,56.1,1.56932788161047,0.1,28.2,1.45838502696883,7.2,3.1,1.2255169896382,92.7,1.1,0.329998331660782
"unbalanced n, larger n with larger SD",50,"25, 40, 60, 75",3,0.5,1,"0.00, 0.25, 0.50, 0.75","ordered",108,202609388,"1.000000000000000,1.414213562373095,2.000000000000000,2.236067977499790",28.3,1.42446832186609,52.1,1.5797436500901,29.2,1.43783170086071,41.8,1.55973074599432,0.5,13.5,1.33023288168633,55.6,-10.3,0.99241870946436,43.9,12.6,1.08739248775336
"unbalanced n, larger n with larger SD",50,"25, 40, 60, 75",4,1,1.6,"0.00, 0.25, 0.50, 0.75","ordered",109,202609389,"1.000000000000000,1.414213562373095,2.000000000000000,2.236067977499790",26.7,1.39896747639107,50.7,1.58098387088547,14.4,1.11024321659716,17.6,1.20425910833176,0,-9.1,1.1526137768214,8,-33.1,1.48882725882039,92,3.2,0.556839357508133
"unbalanced n, larger n with larger SD",50,"25, 40, 60, 75",5,2,6.6,"0.00, 0.25, 0.50, 0.75","ordered",110,202609390,"1.000000000000000,1.414213562373095,2.000000000000000,2.236067977499790",24.2,1.35438546950268,53.3,1.57769135131052,10,0.948683298050514,10,0.948683298050514,0,-14.2,1.1915451228467,0,-43.3,1.59927098006176,100,0,0
"unbalanced n, larger n with larger SD",100,"50, 80, 120, 150",1,0,0,"0.00, 0.25, 0.50, 0.75","ordered",111,202609391,"1.000000000000000,1.414213562373095,2.000000000000000,2.236067977499790",57.3,1.56419627924375,81.7,1.22274690758145,66.3,1.49476085043729,81,1.24056438768812,0,23.7,1.36754531192944,95,-0.7,0.263779414624379,5,14.7,1.2063852474916
"unbalanced n, larger n with larger SD",100,"50, 80, 120, 150",2,0,6,"0.00, 0.25, 0.50, 0.75","ordered",112,202609392,"1.000000000000000,1.414213562373095,2.000000000000000,2.236067977499790",60.1,1.54854447788883,82.3,1.20694241784768,92,0.857904423581089,92,0.857904423581089,0,31.9,1.48815476500418,0.2,9.7,1.07567051975365,99.8,0,0
"unbalanced n, larger n with larger SD",100,"50, 80, 120, 150",3,0.5,1,"0.00, 0.25, 0.50, 0.75","ordered",113,202609393,"1.000000000000000,1.414213562373095,2.000000000000000,2.236067977499790",59.4,1.55294558822903,85.6,1.11024321659716,55.2,1.57256478403912,62.8,1.52845019545944,0,3.4,1.28455832490786,28,-22.8,1.32737407008045,72,7.6,0.838416926679638
"unbalanced n, larger n with larger SD",100,"50, 80, 120, 150",4,1,1.6,"0.00, 0.25, 0.50, 0.75","ordered",114,202609394,"1.000000000000000,1.414213562373095,2.000000000000000,2.236067977499790",59.1,1.55473148807117,82.8,1.19338174948337,31.5,1.46892818068141,31.5,1.46892818068141,0,-27.6,1.42838380006226,0,-51.3,1.58139521018966,100,0,0
"unbalanced n, larger n with larger SD",100,"50, 80, 120, 150",5,2,6.6,"0.00, 0.25, 0.50, 0.75","ordered",115,202609395,"1.000000000000000,1.414213562373095,2.000000000000000,2.236067977499790",59.6,1.55172162451904,81,1.24056438768812,20.4,1.27429980773757,20.4,1.27429980773757,0,-39.2,1.55749343041496,0,-60.6,1.552433589578,100,0,0
"unbalanced n, larger n with larger SD",200,"100, 160, 240, 300",1,0,0,"0.00, 0.25, 0.50, 0.75","ordered",116,202609396,"1.000000000000000,1.414213562373095,2.000000000000000,2.236067977499790",93.8,0.762600813007697,98.5,0.384382621875652,95.9,0.627048642451286,98.4,0.396787096564392,0,4.6,0.662781471738072,95.8,-0.1,0.100000000000001,4.2,2.5,0.493957481969845
"unbalanced n, larger n with larger SD",200,"100, 160, 240, 300",2,0,6,"0.00, 0.25, 0.50, 0.75","ordered",117,202609397,"1.000000000000000,1.414213562373095,2.000000000000000,2.236067977499790",93.3,0.790638982089803,99,0.314642654451046,99.8,0.141279864099595,99.8,0.141279864099595,0,6.5,0.779973306183201,0,0.8,0.28185003005045,100,0,0
"unbalanced n, larger n with larger SD",200,"100, 160, 240, 300",3,0.5,1,"0.00, 0.25, 0.50, 0.75","ordered",118,202609398,"1.000000000000000,1.414213562373095,2.000000000000000,2.236067977499790",92.3,0.843036179532053,98.9,0.329833291224522,87.9,1.03130499853341,88.4,1.01264011376204,0,-3.9,0.821867060701091,4.6,-10.5,0.969892102602496,95.4,0.5,0.223158687484488
"unbalanced n, larger n with larger SD",200,"100, 160, 240, 300",4,1,1.6,"0.00, 0.25, 0.50, 0.75","ordered",119,202609399,"1.000000000000000,1.414213562373095,2.000000000000000,2.236067977499790",92.6,0.827792244467173,97.8,0.463853425124791,60.8,1.5438134602341,60.8,1.5438134602341,0,-31.8,1.47340793093119,0,-37,1.52752523165194,100,0,0
"unbalanced n, larger n with larger SD",200,"100, 160, 240, 300",5,2,6.6,"0.00, 0.25, 0.50, 0.75","ordered",120,202609400,"1.000000000000000,1.414213562373095,2.000000000000000,2.236067977499790",95.4,0.662449998113065,98.5,0.384382621875652,40.7,1.55354755318271,40.7,1.55354755318271,0,-54.7,1.58126860792542,0,-57.8,1.56256251126207,100,0,0
"unbalanced n, larger n with smaller SD",10,"5, 8, 12, 15",1,0,0,"0.00, 0.25, 0.50, 0.75","ordered",121,202609401,"2.236067977499790,2.000000000000000,1.414213562373095,1.000000000000000",18.9,1.2380589646701,9.8,0.940191469861326,13.8,1.09066951914867,14.5,1.11344061359374,40.1,-4.4,0.749133633740473,53.5,4.7,0.780075969709696,6.4,0.7,0.741660340088406
"unbalanced n, larger n with smaller SD",10,"5, 8, 12, 15",2,0,6,"0.00, 0.25, 0.50, 0.75","ordered",122,202609402,"2.236067977499790,2.000000000000000,1.414213562373095,1.000000000000000",20.9,1.28576436410409,11.5,1.00883596287999,19.4,1.25045591685593,17.4,1.19884944842962,27.8,-3.5,1.09496527294201,36.1,5.9,0.89218046716232,36.1,-2,0.785249397718082
"unbalanced n, larger n with smaller SD",10,"5, 8, 12, 15",3,0.5,1,"0.00, 0.25, 0.50, 0.75","ordered",123,202609403,"2.236067977499790,2.000000000000000,1.414213562373095,1.000000000000000",21.6,1.30132240432569,12.5,1.04582503316759,17.2,1.19338174948337,18.1,1.21753439376471,36.4,-3.5,0.870923939565627,50.3,5.6,0.830258591843121,13.3,0.9,0.780896792028121
"unbalanced n, larger n with smaller SD",10,"5, 8, 12, 15",4,1,1.6,"0.00, 0.25, 0.50, 0.75","ordered",124,202609404,"2.236067977499790,2.000000000000000,1.414213562373095,1.000000000000000",22.8,1.32671021704063,17.3,1.1961229033841,22.2,1.31421459434904,23.9,1.34862522592453,24.8,1.1,0.953781788303636,46.3,6.6,0.881599238439567,28.9,1.7,0.740038956851369
"unbalanced n, larger n with smaller SD",10,"5, 8, 12, 15",5,2,6.6,"0.00, 0.25, 0.50, 0.75","ordered",125,202609405,"2.236067977499790,2.000000000000000,1.414213562373095,1.000000000000000",26.2,1.39052508067996,28.5,1.42749781085647,37.8,1.53334927527945,36.9,1.52590628807932,6.2,10.7,1.19034739758061,26.6,8.4,1.05382662262374,67.2,-0.9,0.538032972483549
"unbalanced n, larger n with smaller SD",20,"10, 16, 24, 30",1,0,0,"0.00, 0.25, 0.50, 0.75","ordered",126,202609406,"2.236067977499790,2.000000000000000,1.414213562373095,1.000000000000000",29.4,1.44070815920505,18.2,1.22014753206323,22.1,1.31209374665075,19.9,1.26253316788115,10.2,-9.5,1.12294746582865,83.7,1.7,0.45532111450856,6.1,-2.2,0.846094484012204
"unbalanced n, larger n with smaller SD",20,"10, 16, 24, 30",2,0,6,"0.00, 0.25, 0.50, 0.75","ordered",127,202609407,"2.236067977499790,2.000000000000000,1.414213562373095,1.000000000000000",27.9,1.41830532678969,18.9,1.2380589646701,30.7,1.4585986425333,28.2,1.42294061717276,5.5,0.3,1.2293988048723,28.7,9.3,1.03178223214716,65.8,-2.5,0.619785554957624
"unbalanced n, larger n with smaller SD",20,"10, 16, 24, 30",3,0.5,1,"0.00, 0.25, 0.50, 0.75","ordered",128,202609408,"2.236067977499790,2.000000000000000,1.414213562373095,1.000000000000000",27.7,1.41517136771488,20.5,1.27661662216971,28.7,1.43049292203771,24.8,1.36563538325572,10.3,-2.9,1.10580866917057,69.3,4.3,0.687009448247971,20.4,-3.9,0.880662004156844
"unbalanced n, larger n with smaller SD",20,"10, 16, 24, 30",4,1,1.6,"0.00, 0.25, 0.50, 0.75","ordered",129,202609409,"2.236067977499790,2.000000000000000,1.414213562373095,1.000000000000000",29.9,1.44775343204566,25.4,1.37653187394989,38.8,1.54096073927923,35.9,1.51696736945789,3.4,6,1.20226679461984,44.8,10.5,1.02019154612788,51.8,-2.9,0.634028384216353
"unbalanced n, larger n with smaller SD",20,"10, 16, 24, 30",5,2,6.6,"0.00, 0.25, 0.50, 0.75","ordered",130,202609410,"2.236067977499790,2.000000000000000,1.414213562373095,1.000000000000000",33.7,1.49476085043729,37.4,1.53011110707687,67.2,1.48464137083674,66.8,1.48921455808087,0.2,33.1,1.54167660900943,3.3,29.4,1.47574314086761,96.5,-0.4,0.244744560511362
"unbalanced n, larger n with smaller SD",30,"15, 24, 36, 45",1,0,0,"0.00, 0.25, 0.50, 0.75","ordered",131,202609411,"2.236067977499790,2.000000000000000,1.414213562373095,1.000000000000000",36,1.51789327688082,24.5,1.36005514594078,28.5,1.42749781085647,24.5,1.36005514594078,2.8,-11.5,1.16580835007695,92.8,0,0.245071540697936,4.4,-4,0.982326302694253
"unbalanced n, larger n with smaller SD",30,"15, 24, 36, 45",2,0,6,"0.00, 0.25, 0.50, 0.75","ordered",132,202609412,"2.236067977499790,2.000000000000000,1.414213562373095,1.000000000000000",38.1,1.53570504980611,28.7,1.43049292203771,42.5,1.56324982008635,40.4,1.55172162451904,1.1,2.3,1.28310418764665,21.5,11.7,1.1199840911211,77.4,-2.1,0.53467361621448
"unbalanced n, larger n with smaller SD",30,"15, 24, 36, 45",3,0.5,1,"0.00, 0.25, 0.50, 0.75","ordered",133,202609413,"2.236067977499790,2.000000000000000,1.414213562373095,1.000000000000000",36.3,1.52062815967613,28.1,1.4214042352547,42.3,1.56227718411299,34.7,1.50529399121899,2.9,-1.6,1.19953277524162,67.5,6.6,0.87017078622372,29.6,-7.6,1.00162030892111
"unbalanced n, larger n with smaller SD",30,"15, 24, 36, 45",4,1,1.6,"0.00, 0.25, 0.50, 0.75","ordered",134,202609414,"2.236067977499790,2.000000000000000,1.414213562373095,1.000000000000000",40.3,1.55109960995418,31.5,1.46892818068141,54.2,1.57555069737537,50.7,1.58098387088547,0.5,10.4,1.37612998431607,27.6,19.2,1.28569553666994,71.9,-3.5,0.630989816200033
"unbalanced n, larger n with smaller SD",30,"15, 24, 36, 45",5,2,6.6,"0.00, 0.25, 0.50, 0.75","ordered",135,202609415,"2.236067977499790,2.000000000000000,1.414213562373095,1.000000000000000",43.1,1.56601085564564,43.6,1.56813264745046,84.4,1.14744934528719,84.4,1.14744934528719,0,41.3,1.59588748251776,0.1,40.8,1.56774290552303,99.9,0,0
"unbalanced n, larger n with smaller SD",50,"25, 40, 60, 75",1,0,0,"0.00, 0.25, 0.50, 0.75","ordered",136,202609416,"2.236067977499790,2.000000000000000,1.414213562373095,1.000000000000000",50.9,1.58088266484265,39.5,1.54588162548107,44.7,1.57223089907303,39.6,1.54655746740947,0.1,-11.3,1.27433666428222,95.7,0.1,0.173262863938066,4.2,-5.1,1.05123503323238
"unbalanced n, larger n with smaller SD",50,"25, 40, 60, 75",2,0,6,"0.00, 0.25, 0.50, 0.75","ordered",137,202609417,"2.236067977499790,2.000000000000000,1.414213562373095,1.000000000000000",56,1.56971334962789,46.7,1.57769135131052,68,1.47512711316686,66.5,1.49256490646136,0,10.5,1.37900386208728,7.7,19.8,1.33781528984751,92.3,-1.5,0.409777888517572
"unbalanced n, larger n with smaller SD",50,"25, 40, 60, 75",3,0.5,1,"0.00, 0.25, 0.50, 0.75","ordered",138,202609418,"2.236067977499790,2.000000000000000,1.414213562373095,1.000000000000000",56.1,1.56932788161047,48.5,1.58042715744826,64.1,1.51696736945789,57.3,1.56419627924375,0.1,1.2,1.25703625251628,54.9,8.8,0.950506950770733,45,-6.8,0.902537852156119
"unbalanced n, larger n with smaller SD",50,"25, 40, 60, 75",4,1,1.6,"0.00, 0.25, 0.50, 0.75","ordered",139,202609419,"2.236067977499790,2.000000000000000,1.414213562373095,1.000000000000000",53.3,1.57769135131052,48.6,1.58051890213309,76.1,1.34862522592453,74.8,1.3729384545565,0,21.5,1.37464164044293,6.9,26.2,1.40553745433395,93.1,-1.3,0.385303073512859
"unbalanced n, larger n with smaller SD",50,"25, 40, 60, 75",5,2,6.6,"0.00, 0.25, 0.50, 0.75","ordered",140,202609420,"2.236067977499790,2.000000000000000,1.414213562373095,1.000000000000000",57.6,1.56276677722557,56,1.56971334962789,97.4,0.503229569878401,97.4,0.503229569878401,0,39.8,1.56153719084701,0,41.4,1.56476467511523,100,0,0
"unbalanced n, larger n with smaller SD",100,"50, 80, 120, 150",1,0,0,"0.00, 0.25, 0.50, 0.75","ordered",141,202609421,"2.236067977499790,2.000000000000000,1.414213562373095,1.000000000000000",81.4,1.230463327369,75.3,1.36378517369856,74.7,1.37473997541353,75.3,1.36378517369856,0,-6.1,0.955878498400134,94,0,0.200100075062555,6,0.6,0.959458472556552
"unbalanced n, larger n with smaller SD",100,"50, 80, 120, 150",2,0,6,"0.00, 0.25, 0.50, 0.75","ordered",142,202609422,"2.236067977499790,2.000000000000000,1.414213562373095,1.000000000000000",80.7,1.24800240384384,76.9,1.33281281506444,93.9,0.756828910652864,93.9,0.756828910652864,0,13.2,1.11669467940302,0.8,17,1.19684269326942,99.2,0,0
"unbalanced n, larger n with smaller SD",100,"50, 80, 120, 150",3,0.5,1,"0.00, 0.25, 0.50, 0.75","ordered",143,202609423,"2.236067977499790,2.000000000000000,1.414213562373095,1.000000000000000",79.4,1.27892142057282,75,1.36930639376292,90.5,0.927227048785787,87.1,1.05999528300837,0,7.7,1.1366626597201,29.9,12.1,1.06052567847964,70.1,-3.4,0.590583430845121
"unbalanced n, larger n with smaller SD",100,"50, 80, 120, 150",4,1,1.6,"0.00, 0.25, 0.50, 0.75","ordered",144,202609424,"2.236067977499790,2.000000000000000,1.414213562373095,1.000000000000000",81.5,1.22790471943062,76.8,1.33482583133531,97.2,0.52168956286282,97.2,0.52168956286282,0,15.7,1.15967877227052,0,20.4,1.27493743590244,100,0,0
"unbalanced n, larger n with smaller SD",100,"50, 80, 120, 150",5,2,6.6,"0.00, 0.25, 0.50, 0.75","ordered",145,202609425,"2.236067977499790,2.000000000000000,1.414213562373095,1.000000000000000",78.3,1.30349913693872,78.5,1.2991343271579,99.9,0.0999499874937461,99.9,0.0999499874937461,0,21.6,1.30197355393078,0,21.4,1.29758380219688,100,0,0
"unbalanced n, larger n with smaller SD",200,"100, 160, 240, 300",1,0,0,"0.00, 0.25, 0.50, 0.75","ordered",146,202609426,"2.236067977499790,2.000000000000000,1.414213562373095,1.000000000000000",97.7,0.474035863622153,97,0.539444158370447,96.6,0.573096850453743,97,0.539444158370447,0,-0.7,0.386858707617732,94.7,0,0,5.3,0.4,0.489979673129484
"unbalanced n, larger n with smaller SD",200,"100, 160, 240, 300",2,0,6,"0.00, 0.25, 0.50, 0.75","ordered",147,202609427,"2.236067977499790,2.000000000000000,1.414213562373095,1.000000000000000",98.4,0.396787096564392,97.6,0.483983470792134,100,0,100,0,0,1.6,0.396985639031942,0,2.4,0.484225644172705,100,0,0
"unbalanced n, larger n with smaller SD",200,"100, 160, 240, 300",3,0.5,1,"0.00, 0.25, 0.50, 0.75","ordered",148,202609428,"2.236067977499790,2.000000000000000,1.414213562373095,1.000000000000000",97.4,0.503229569878401,97.1,0.530650544143696,99.7,0.172945077987204,99.7,0.172945077987204,0,2.3,0.494929242372036,4.8,2.6,0.522985194354017,95.2,0,0
"unbalanced n, larger n with smaller SD",200,"100, 160, 240, 300",4,1,1.6,"0.00, 0.25, 0.50, 0.75","ordered",149,202609429,"2.236067977499790,2.000000000000000,1.414213562373095,1.000000000000000",98.6,0.371537346709587,97.9,0.453420334788814,100,0,100,0,0,1.4,0.371723254825656,0,2.1,0.453647215130651,100,0,0
"unbalanced n, larger n with smaller SD",200,"100, 160, 240, 300",5,2,6.6,"0.00, 0.25, 0.50, 0.75","ordered",150,202609430,"2.236067977499790,2.000000000000000,1.414213562373095,1.000000000000000",97.4,0.503229569878401,96.9,0.548078461536303,100,0,100,0,0,2.6,0.503481373531821,0,3.1,0.54835270646792,100,0,0
"balanced n, equal SD",10,"10, 10, 10, 10",1,0,0,"0.00, 0.00, 0.00, 0.50","onepoint_0.5",151,202609431,"1,1,1,1",16.3,1.16803681448831,14.4,1.11024321659716,14,1.09726933794762,16.7,1.179453263169,91,0.4,0.316132788460705,4.5,2.3,0.765045943257853,4.5,2.7,0.709375227374915
"balanced n, equal SD",10,"10, 10, 10, 10",2,0,6,"0.00, 0.00, 0.00, 0.50","onepoint_0.5",152,202609432,"1,1,1,1",17.7,1.20694241784768,17.9,1.21226647235663,21.7,1.30349913693872,22.4,1.31842330076497,48.5,4.7,0.792804224596806,7.2,4.5,0.889123467545739,44.3,0.7,0.519403292037877
"balanced n, equal SD",10,"10, 10, 10, 10",3,0.5,1,"0.00, 0.00, 0.00, 0.50","onepoint_0.5",153,202609433,"1,1,1,1",16.3,1.16803681448831,15.9,1.15636931816786,15.8,1.15341232870123,17.4,1.19884944842962,77,1.1,0.457164083233798,7.1,1.5,0.853509506964323,15.9,1.6,0.646419258575934
"balanced n, equal SD",10,"10, 10, 10, 10",4,1,1.6,"0.00, 0.00, 0.00, 0.50","onepoint_0.5",154,202609434,"1,1,1,1",16.6,1.17662228433767,14.9,1.12605062053178,16,1.15931013969516,17.6,1.20425910833176,48.9,1,0.647625987294696,9.8,2.7,0.826676111541514,41.3,1.6,0.630743876575778
"balanced n, equal SD",10,"10, 10, 10, 10",5,2,6.6,"0.00, 0.00, 0.00, 0.50","onepoint_0.5",155,202609435,"1,1,1,1",18.9,1.2380589646701,20.8,1.28349522788361,25.4,1.37653187394989,27.3,1.40879735945238,8.8,8.4,1.06328292122585,12.4,6.5,0.994353427478759,78.8,1.9,0.553802037461676
"balanced n, equal SD",20,"20, 20, 20, 20",1,0,0,"0.00, 0.00, 0.00, 0.50","onepoint_0.5",156,202609436,"1,1,1,1",32.6,1.48230900961979,32.5,1.48113132435986,30.4,1.45459272650457,32.7,1.48347901906296,91.5,0.1,0.300133437124356,5,0.2,0.812785716299574,3.5,2.3,0.790781471289849
"balanced n, equal SD",20,"20, 20, 20, 20",2,0,6,"0.00, 0.00, 0.00, 0.50","onepoint_0.5",157,202609437,"1,1,1,1",32.8,1.48464137083674,34.4,1.50221170279026,48,1.57987341265052,48,1.57987341265052,23.9,15.2,1.23712994082695,3.9,13.6,1.1985309660065,72.2,0,0.529415035940877
"balanced n, equal SD",20,"20, 20, 20, 20",3,0.5,1,"0.00, 0.00, 0.00, 0.50","onepoint_0.5",158,202609438,"1,1,1,1",33,1.48694317309035,33.1,1.48808265899445,34.9,1.50731217735411,36.5,1.52241584332271,64.1,3.5,0.63098981620003,4.7,3.4,0.921568928127076,31.2,1.6,0.719692960892323
"balanced n, equal SD",20,"20, 20, 20, 20",4,1,1.6,"0.00, 0.00, 0.00, 0.50","onepoint_0.5",159,202609439,"1,1,1,1",29.6,1.44355117678592,30.2,1.45188153786733,33.5,1.49256490646136,34.5,1.50324648677454,16.1,4.9,1.03298453863408,6.7,4.3,0.975941833544644,77.2,1,0.423295616772933
"balanced n, equal SD",20,"20, 20, 20, 20",5,2,6.6,"0.00, 0.00, 0.00, 0.50","onepoint_0.5",160,202609440,"1,1,1,1",33.3,1.49033888763596,38,1.53492670834799,59.1,1.55473148807117,59.1,1.55473148807117,0,25.8,1.42702361451953,1.2,21.1,1.4306770553961,98.8,0,0
"balanced n, equal SD",30,"30, 30, 30, 30",1,0,0,"0.00, 0.00, 0.00, 0.50","onepoint_0.5",161,202609441,"1,1,1,1",48.2,1.58011391994375,46.6,1.57747900144503,43.8,1.56893594515519,48.3,1.58022466757104,89.3,0.1,0.300133437124355,5.9,1.7,0.753443878253506,4.8,4.5,0.922280109619967
"balanced n, equal SD",30,"30, 30, 30, 30",2,0,6,"0.00, 0.00, 0.00, 0.50","onepoint_0.5",162,202609442,"1,1,1,1",48.1,1.57999683543987,49.8,1.58112618092295,64.9,1.50930116279025,64.6,1.51223014121528,9.1,16.5,1.26465384566266,2.7,14.8,1.22574975523656,88.2,-0.3,0.331692658978189
"balanced n, equal SD",30,"30, 30, 30, 30",3,0.5,1,"0.00, 0.00, 0.00, 0.50","onepoint_0.5",163,202609443,"1,1,1,1",44.5,1.57154382694216,48.1,1.57999683543987,48.2,1.58011391994375,49,1.58082257068907,53.7,4.5,0.781255630610349,5.2,0.9,0.854353509924273,41.1,0.8,0.761537878204325
"balanced n, equal SD",30,"30, 30, 30, 30",4,1,1.6,"0.00, 0.00, 0.00, 0.50","onepoint_0.5",164,202609444,"1,1,1,1",46,1.57607106438764,45.8,1.57555069737537,52.2,1.57960754619621,52,1.57987341265052,3.6,6,1.12484010653305,3.7,6.2,1.06897273244116,92.7,-0.2,0.2
"balanced n, equal SD",30,"30, 30, 30, 30",5,2,6.6,"0.00, 0.00, 0.00, 0.50","onepoint_0.5",165,202609445,"1,1,1,1",48.1,1.57999683543987,56.2,1.56893594515519,78.7,1.29472390879291,78.7,1.29472390879291,0,30.6,1.47166769544141,0,22.5,1.36587540266878,100,0,0
"balanced n, equal SD",50,"50, 50, 50, 50",1,0,0,"0.00, 0.00, 0.00, 0.50","onepoint_0.5",166,202609446,"1,1,1,1",72.5,1.41200212464429,72.5,1.41200212464429,69.8,1.45188153786733,73,1.40392307481571,90.5,0.5,0.299732947538039,4.8,0.5,0.608374983147833,4.7,3.2,0.842894103948104
"balanced n, equal SD",50,"50, 50, 50, 50",2,0,6,"0.00, 0.00, 0.00, 0.50","onepoint_0.5",167,202609447,"1,1,1,1",73.6,1.39392969693597,75,1.36930639376292,89.1,0.985489725973843,89.1,0.985489725973843,1.3,15.5,1.1879230451343,0.7,14.1,1.1629886252851,98,0,0
"balanced n, equal SD",50,"50, 50, 50, 50",3,0.5,1,"0.00, 0.00, 0.00, 0.50","onepoint_0.5",168,202609448,"1,1,1,1",71,1.43492160064583,71.6,1.42598737722323,74.6,1.37653187394989,74.7,1.37473997541353,33.7,3.7,0.718906688539491,3,3.1,0.72174158180813,63.3,0.1,0.500240182552584
"balanced n, equal SD",50,"50, 50, 50, 50",4,1,1.6,"0.00, 0.00, 0.00, 0.50","onepoint_0.5",169,202609449,"1,1,1,1",74.7,1.37473997541353,76.5,1.34080199880519,81.3,1.23300851578568,81.3,1.23300851578568,0.3,6.6,0.998717896824447,1,4.8,0.858893298202808,98.7,0,0
"balanced n, equal SD",50,"50, 50, 50, 50",5,2,6.6,"0.00, 0.00, 0.00, 0.50","onepoint_0.5",170,202609450,"1,1,1,1",74.9,1.37112727345057,80.4,1.25532465920175,98.1,0.431729081716764,98.1,0.431729081716764,0,23.2,1.33549374522816,0,17.7,1.20754634203751,100,0,0
"balanced n, equal SD",100,"100, 100, 100, 100",1,0,0,"0.00, 0.00, 0.00, 0.50","onepoint_0.5",171,202609451,"1,1,1,1",96.5,0.581162627841812,96.5,0.581162627841812,95.8,0.634318531969546,96.3,0.596917079668525,90.8,-0.2,0.141350557055782,4.1,-0.2,0.31632271505546,5.1,0.5,0.38716908438033
"balanced n, equal SD",100,"100, 100, 100, 100",2,0,6,"0.00, 0.00, 0.00, 0.50","onepoint_0.5",172,202609452,"1,1,1,1",96.9,0.548078461536303,97.1,0.530650544143696,99.6,0.199599599197994,99.6,0.199599599197994,0,2.7,0.512808904927529,0.1,2.5,0.493957481969846,99.9,0,0
"balanced n, equal SD",100,"100, 100, 100, 100",3,0.5,1,"0.00, 0.00, 0.00, 0.50","onepoint_0.5",173,202609453,"1,1,1,1",96.3,0.596917079668525,96.3,0.596917079668525,97,0.539444158370447,97.1,0.530650544143696,10.5,0.8,0.446720896712431,1.9,0.8,0.446720896712431,87.6,0.1,0.100000000000001
"balanced n, equal SD",100,"100, 100, 100, 100",4,1,1.6,"0.00, 0.00, 0.00, 0.50","onepoint_0.5",174,202609454,"1,1,1,1",96.8,0.556560868189635,97.5,0.493710441453288,98.6,0.371537346709587,98.6,0.371537346709587,0,1.8,0.420638724961143,0,1.1,0.329998331660782,100,0,0
"balanced n, equal SD",100,"100, 100, 100, 100",5,2,6.6,"0.00, 0.00, 0.00, 0.50","onepoint_0.5",175,202609455,"1,1,1,1",97.1,0.530650544143696,98.5,0.384382621875652,100,0,100,0,0,2.9,0.530916068575699,0,1.5,0.384574957450301,100,0,0
"unbalanced n, equal SD",10,"5, 8, 12, 15",1,0,0,"0.00, 0.00, 0.00, 0.50","onepoint_0.5",176,202609456,"1,1,1,1",19.8,1.2601428490453,17.9,1.21226647235663,18.4,1.22533260790693,20.4,1.27429980773757,89,0.6,0.399749671419249,7.2,2.5,0.802741798086029,3.8,2,0.690272755131241
"unbalanced n, equal SD",10,"5, 8, 12, 15",2,0,6,"0.00, 0.00, 0.00, 0.50","onepoint_0.5",177,202609457,"1,1,1,1",22.6,1.32258837133857,20.6,1.27892142057282,27.7,1.41517136771488,28.3,1.42446832186609,48.9,5.7,0.882206488464166,7.9,7.7,1.10992880039304,43.2,0.6,0.632487185672601
"unbalanced n, equal SD",10,"5, 8, 12, 15",3,0.5,1,"0.00, 0.00, 0.00, 0.50","onepoint_0.5",178,202609458,"1,1,1,1",21.3,1.29472390879291,19.6,1.25532465920175,20.9,1.28576436410409,22.9,1.32875505643441,76,1.6,0.444564548336503,7.1,3.3,0.916487834043607,16.9,2,0.675615612946039
"unbalanced n, equal SD",10,"5, 8, 12, 15",4,1,1.6,"0.00, 0.00, 0.00, 0.50","onepoint_0.5",179,202609459,"1,1,1,1",20,1.26491106406735,22.1,1.31209374665075,21.2,1.29250145067617,23.1,1.33281281506444,50.3,3.1,0.648699322344957,9.3,1,0.905439020486658,40.4,1.9,0.58884355879702
"unbalanced n, equal SD",10,"5, 8, 12, 15",5,2,6.6,"0.00, 0.00, 0.00, 0.50","onepoint_0.5",180,202609460,"1,1,1,1",23.4,1.33882037630147,30,1.44913767461894,37,1.52676127799994,37.9,1.53414145371279,10,14.5,1.25750997265681,11.1,7.9,1.17854952334596,78.9,0.9,0.49943912485852
"unbalanced n, equal SD",20,"10, 16, 24, 30",1,0,0,"0.00, 0.00, 0.00, 0.50","onepoint_0.5",181,202609461,"1,1,1,1",40.3,1.55109960995418,35.5,1.51319199046255,37.4,1.53011110707687,40.2,1.55047089621186,90,-0.1,0.331813351298733,5,4.7,0.853603326281378,5,2.8,0.8904790581215
"unbalanced n, equal SD",20,"10, 16, 24, 30",2,0,6,"0.00, 0.00, 0.00, 0.50","onepoint_0.5",182,202609462,"1,1,1,1",42.2,1.5617810345884,41.1,1.55588881350821,55.7,1.57083099027235,55,1.57321327225523,21,12.8,1.17368545085024,4.4,13.9,1.15677488221699,74.6,-0.7,0.499759702016643
"unbalanced n, equal SD",20,"10, 16, 24, 30",3,0.5,1,"0.00, 0.00, 0.00, 0.50","onepoint_0.5",183,202609463,"1,1,1,1",40.1,1.54983547513922,39.3,1.5445096309185,42.2,1.5617810345884,42.9,1.56511660907422,62.8,2.8,0.68748282351826,7.3,3.6,0.876246430981498,29.9,0.7,0.728038488021091
"unbalanced n, equal SD",20,"10, 16, 24, 30",4,1,1.6,"0.00, 0.00, 0.00, 0.50","onepoint_0.5",184,202609464,"1,1,1,1",39,1.54240072614091,39.7,1.54722655096143,44.4,1.57119063133663,45.3,1.57413785927409,15.6,6.3,1.03507554380411,5.8,5.6,1.0815774636196,78.6,0.9,0.411532938365034
"unbalanced n, equal SD",20,"10, 16, 24, 30",5,2,6.6,"0.00, 0.00, 0.00, 0.50","onepoint_0.5",185,202609465,"1,1,1,1",44.3,1.57083099027235,50.2,1.58112618092295,70.4,1.44355117678592,70.5,1.44213383567545,0,26.2,1.41970968003166,1.3,20.3,1.37105426216098,98.7,0.1,0.1
"unbalanced n, equal SD",30,"15, 24, 36, 45",1,0,0,"0.00, 0.00, 0.00, 0.50","onepoint_0.5",186,202609466,"1,1,1,1",56.4,1.56813264745046,54.9,1.5735278834517,53.6,1.57703519301251,56.8,1.56644821171975,89.1,0.4,0.28270111411156,6.7,1.9,0.621913801725593,4.2,3.2,0.900316927848509
"unbalanced n, equal SD",30,"15, 24, 36, 45",2,0,6,"0.00, 0.00, 0.00, 0.50","onepoint_0.5",187,202609467,"1,1,1,1",57.9,1.56127832240123,57.4,1.56372631876553,75.4,1.36192510807313,75.3,1.36378517369856,9.5,17.4,1.25651057250578,1.7,17.9,1.26933100537299,88.8,-0.1,0.387479212526472
"unbalanced n, equal SD",30,"15, 24, 36, 45",3,0.5,1,"0.00, 0.00, 0.00, 0.50","onepoint_0.5",188,202609468,"1,1,1,1",55.5,1.57154382694216,55.9,1.57009235397157,58.2,1.55973074599432,58.3,1.55920171882922,49.5,2.8,0.716011642833187,4.9,2.4,0.771255362921287,45.6,0.1,0.557046048635394
"unbalanced n, equal SD",30,"15, 24, 36, 45",4,1,1.6,"0.00, 0.00, 0.00, 0.50","onepoint_0.5",189,202609469,"1,1,1,1",59.9,1.54983547513922,61.3,1.5402305022301,67.3,1.48347901906296,67.5,1.48113132435986,4.4,7.6,1.03116599211925,3.6,6.2,1.00128046149047,92,0.2,0.141350557055782
"unbalanced n, equal SD",30,"15, 24, 36, 45",5,2,6.6,"0.00, 0.00, 0.00, 0.50","onepoint_0.5",190,202609470,"1,1,1,1",60.3,1.54722655096143,65.4,1.50427391122761,87.2,1.05648473723003,87.2,1.05648473723003,0,26.9,1.42422555040219,0,21.8,1.32910741722652,100,0,0
"unbalanced n, equal SD",50,"25, 40, 60, 75",1,0,0,"0.00, 0.00, 0.00, 0.50","onepoint_0.5",191,202609471,"1,1,1,1",83.7,1.16803681448831,82.5,1.20156148406979,82.1,1.21226647235664,83.7,1.16803681448831,90,0,0.245071540697936,5.4,1.2,0.508742389445596,4.6,1.6,0.630743876575778
"unbalanced n, equal SD",50,"25, 40, 60, 75",2,0,6,"0.00, 0.00, 0.00, 0.50","onepoint_0.5",192,202609472,"1,1,1,1",81.8,1.22014753206323,81.7,1.22274690758145,95,0.689202437604511,94.8,0.702111102319284,1.6,13,1.08266900397684,1.1,13.1,1.08607990938493,97.3,-0.2,0.141350557055781
"unbalanced n, equal SD",50,"25, 40, 60, 75",3,0.5,1,"0.00, 0.00, 0.00, 0.50","onepoint_0.5",193,202609473,"1,1,1,1",83.1,1.18506961820815,82.7,1.1961229033841,86.8,1.07040179372047,85.9,1.10054077616415,32.9,2.8,0.716011642833189,3.5,3.2,0.728210333825534,63.6,-0.9,0.499439124858518
"unbalanced n, equal SD",50,"25, 40, 60, 75",4,1,1.6,"0.00, 0.00, 0.00, 0.50","onepoint_0.5",194,202609474,"1,1,1,1",82.7,1.1961229033841,83.5,1.17377595817941,88.9,0.993373041711924,88.9,0.993373041711924,0,6.2,0.895746818226205,0.4,5.4,0.878414259681391,99.6,0,0
"unbalanced n, equal SD",50,"25, 40, 60, 75",5,2,6.6,"0.00, 0.00, 0.00, 0.50","onepoint_0.5",195,202609475,"1,1,1,1",82.4,1.20425910833176,86.4,1.08399261990108,99.1,0.298646948753876,99.1,0.298646948753876,0,16.7,1.18004343246446,0,12.7,1.05347986208557,100,0,0
"unbalanced n, equal SD",100,"50, 80, 120, 150",1,0,0,"0.00, 0.00, 0.00, 0.50","onepoint_0.5",196,202609476,"1,1,1,1",99.2,0.281709069786544,99.3,0.263647491928143,98.7,0.358203852575597,99.3,0.263647491928143,90.7,0.1,0.100000000000001,4.6,0,0,4.7,0.6,0.244335219932985
"unbalanced n, equal SD",100,"50, 80, 120, 150",2,0,6,"0.00, 0.00, 0.00, 0.50","onepoint_0.5",197,202609477,"1,1,1,1",98.8,0.344325427466518,98.9,0.329833291224522,100,0,100,0,0,1.2,0.344497719409985,0.1,1.1,0.329998331660782,99.9,0,0
"unbalanced n, equal SD",100,"50, 80, 120, 150",3,0.5,1,"0.00, 0.00, 0.00, 0.50","onepoint_0.5",198,202609478,"1,1,1,1",99.1,0.298646948753876,99.1,0.298646948753876,99.1,0.298646948753876,99.1,0.298646948753876,8.5,0,0.14149211999267,1.8,0,0.14149211999267,89.7,0,0
"unbalanced n, equal SD",100,"50, 80, 120, 150",4,1,1.6,"0.00, 0.00, 0.00, 0.50","onepoint_0.5",199,202609479,"1,1,1,1",99.3,0.263647491928143,99.3,0.263647491928143,99.7,0.172945077987204,99.7,0.172945077987204,0,0.4,0.199699473909873,0,0.4,0.199699473909873,100,0,0
"unbalanced n, equal SD",100,"50, 80, 120, 150",5,2,6.6,"0.00, 0.00, 0.00, 0.50","onepoint_0.5",200,202609480,"1,1,1,1",98.8,0.344325427466518,99.4,0.244213021765835,100,0,100,0,0,1.2,0.344497719409985,0,0.6,0.244335219932981,100,0,0
"balanced n, unequal SD",10,"10, 10, 10, 10",1,0,0,"0.00, 0.00, 0.00, 0.50","onepoint_0.5",201,202609481,"1.000000000000000,1.414213562373095,2.000000000000000,2.236067977499790",10.5,0.969407035254026,7.4,0.827792244467173,7.8,0.848033018225116,10.1,0.952885092757779,46.3,-0.4,0.51000009813734,45.7,2.7,0.602555452280594,8,2.3,0.604214428059341
"balanced n, unequal SD",10,"10, 10, 10, 10",2,0,6,"0.00, 0.00, 0.00, 0.50","onepoint_0.5",202,202609482,"1.000000000000000,1.414213562373095,2.000000000000000,2.236067977499790",10.4,0.965318600255895,8.2,0.867617427210865,11.1,0.993373041711924,11.6,1.01264011376204,31.3,1.2,0.692126461738772,24.5,3.4,0.727302529191932,44.2,0.5,0.624611991671747
"balanced n, unequal SD",10,"10, 10, 10, 10",3,0.5,1,"0.00, 0.00, 0.00, 0.50","onepoint_0.5",203,202609483,"1.000000000000000,1.414213562373095,2.000000000000000,2.236067977499790",7.7,0.843036179532053,5.6,0.727076337120113,7.2,0.817410545564467,8.2,0.867617427210865,41.2,0.5,0.591692572287422,41.3,2.6,0.594637363099214,17.5,1,0.489120884075949
"balanced n, unequal SD",10,"10, 10, 10, 10",4,1,1.6,"0.00, 0.00, 0.00, 0.50","onepoint_0.5",204,202609484,"1.000000000000000,1.414213562373095,2.000000000000000,2.236067977499790",8.8,0.895857131466843,7.6,0.837997613361757,8,0.857904423581089,8.9,0.900438781928011,29.8,0.1,0.741984191570502,37.4,1.3,0.53721373642024,32.8,0.9,0.519094846304091
"balanced n, unequal SD",10,"10, 10, 10, 10",5,2,6.6,"0.00, 0.00, 0.00, 0.50","onepoint_0.5",205,202609485,"1.000000000000000,1.414213562373095,2.000000000000000,2.236067977499790",7.8,0.848033018225116,7.2,0.817410545564467,8.4,0.877177291087725,9.4,0.922843432007835,7.3,1.6,0.746992635839203,23.5,2.2,0.628932075470441,69.2,1,0.373013591091716
"balanced n, unequal SD",20,"20, 20, 20, 20",1,0,0,"0.00, 0.00, 0.00, 0.50","onepoint_0.5",206,202609486,"1.000000000000000,1.414213562373095,2.000000000000000,2.236067977499790",15,1.12915897906362,11.1,0.993373041711924,13.5,1.08062481925967,12.5,1.04582503316759,14,-2.5,0.802741798086029,79.5,1.4,0.467181183544734,6.5,-1,0.706752785278918
"balanced n, unequal SD",20,"20, 20, 20, 20",2,0,6,"0.00, 0.00, 0.00, 0.50","onepoint_0.5",207,202609487,"1.000000000000000,1.414213562373095,2.000000000000000,2.236067977499790",16.7,1.179453263169,11.7,1.0164201887015,18.6,1.230463327369,16.9,1.18506961820815,5.8,0.2,0.990424626582429,26.2,5.2,0.844792089021718,68,-1.7,0.517085464287456
"balanced n, unequal SD",20,"20, 20, 20, 20",3,0.5,1,"0.00, 0.00, 0.00, 0.50","onepoint_0.5",208,202609488,"1.000000000000000,1.414213562373095,2.000000000000000,2.236067977499790",13,1.06348483769163,9.4,0.922843432007835,10,0.948683298050514,10.6,0.973468027209934,11.8,-2.4,0.744845483838631,63.1,1.2,0.488670439865964,25.1,0.6,0.547667727677967
"balanced n, unequal SD",20,"20, 20, 20, 20",4,1,1.6,"0.00, 0.00, 0.00, 0.50","onepoint_0.5",209,202609489,"1.000000000000000,1.414213562373095,2.000000000000000,2.236067977499790",14.3,1.10702755159933,9.1,0.909499862561837,11.3,1.00115433375679,11.3,1.00115433375679,5.4,-3,0.975680250877285,45.7,2.2,0.718105615961662,48.9,0,0.529415035940877
"balanced n, unequal SD",20,"20, 20, 20, 20",5,2,6.6,"0.00, 0.00, 0.00, 0.50","onepoint_0.5",210,202609490,"1.000000000000000,1.414213562373095,2.000000000000000,2.236067977499790",13.3,1.07382959542006,8.7,0.891240708226459,13.4,1.07723720693262,13.5,1.08062481925967,0.1,0.2,1.04931456725858,3.5,4.8,0.926184548466348,96.4,0.1,0.173262863938063
"balanced n, unequal SD",30,"30, 30, 30, 30",1,0,0,"0.00, 0.00, 0.00, 0.50","onepoint_0.5",211,202609491,"1.000000000000000,1.414213562373095,2.000000000000000,2.236067977499790",19.3,1.24800240384384,12.8,1.05648473723003,15.6,1.14744934528719,12.8,1.05648473723003,3,-6.5,0.984235093216419,92.8,0,0.245071540697936,4.2,-2.8,0.87916604400587
"balanced n, unequal SD",30,"30, 30, 30, 30",2,0,6,"0.00, 0.00, 0.00, 0.50","onepoint_0.5",212,202609492,"1.000000000000000,1.414213562373095,2.000000000000000,2.236067977499790",18,1.214907403879,14.2,1.10379345894058,23.8,1.34668481835952,22.6,1.32258837133857,1.3,4.6,1.11358882900292,20.2,8.4,0.995203713030875,78.5,-1.2,0.546679850423313
"balanced n, unequal SD",30,"30, 30, 30, 30",3,0.5,1,"0.00, 0.00, 0.00, 0.50","onepoint_0.5",213,202609493,"1.000000000000000,1.414213562373095,2.000000000000000,2.236067977499790",18.2,1.22014753206323,12.4,1.04222838188182,12.6,1.0493998284734,12.9,1.05999528300837,2.7,-5.3,0.98126085872864,68.3,0.5,0.500000000000005,29,0.3,0.656003308177887
"balanced n, unequal SD",30,"30, 30, 30, 30",4,1,1.6,"0.00, 0.00, 0.00, 0.50","onepoint_0.5",214,202609494,"1.000000000000000,1.414213562373095,2.000000000000000,2.236067977499790",16.2,1.16514376795312,12.3,1.03860964755773,12.3,1.03860964755773,13.4,1.07723720693262,0.8,-2.8,0.945014842768646,27.6,1.1,0.685025006302149,71.6,1.1,0.478559316092602
"balanced n, unequal SD",30,"30, 30, 30, 30",5,2,6.6,"0.00, 0.00, 0.00, 0.50","onepoint_0.5",215,202609495,"1.000000000000000,1.414213562373095,2.000000000000000,2.236067977499790",17.1,1.19062588582644,10.7,0.977501918156686,18.4,1.22533260790693,18.4,1.22533260790693,0,1.3,1.3,0.3,7.7,1.22972444971311,99.7,0,0
"balanced n, unequal SD",50,"50, 50, 50, 50",1,0,0,"0.00, 0.00, 0.00, 0.50","onepoint_0.5",216,202609496,"1.000000000000000,1.414213562373095,2.000000000000000,2.236067977499790",27.2,1.40718158032288,19,1.24056438768812,22.7,1.32465467198059,19,1.24056438768812,0.1,-8.2,1.07420385119117,93.9,0,0.245071540697936,6,-3.7,0.925833228593113
"balanced n, unequal SD",50,"50, 50, 50, 50",2,0,6,"0.00, 0.00, 0.00, 0.50","onepoint_0.5",217,202609497,"1.000000000000000,1.414213562373095,2.000000000000000,2.236067977499790",29,1.43492160064583,20.9,1.28576436410409,35.8,1.51603430040352,35.4,1.51223014121528,0,6.4,1.25722735438768,7.2,14.5,1.22525558609265,92.8,-0.4,0.282701114111561
"balanced n, unequal SD",50,"50, 50, 50, 50",3,0.5,1,"0.00, 0.00, 0.00, 0.50","onepoint_0.5",218,202609498,"1.000000000000000,1.414213562373095,2.000000000000000,2.236067977499790",28.3,1.42446832186609,21.4,1.29693484801666,22,1.30996183150503,22,1.30996183150503,0.1,-6.3,0.985536037535549,57.1,0.6,0.632487185672602,42.8,0,0.707460599963348
"balanced n, unequal SD",50,"50, 50, 50, 50",4,1,1.6,"0.00, 0.00, 0.00, 0.50","onepoint_0.5",219,202609499,"1.000000000000000,1.414213562373095,2.000000000000000,2.236067977499790",26.6,1.39729739139526,18.1,1.21753439376471,18.3,1.22274690758145,18.6,1.230463327369,0,-8,1.19893179015215,10,0.5,0.985251602749627,90,0.3,0.33169265897819
"balanced n, unequal SD",50,"50, 50, 50, 50",5,2,6.6,"0.00, 0.00, 0.00, 0.50","onepoint_0.5",220,202609500,"1.000000000000000,1.414213562373095,2.000000000000000,2.236067977499790",25.1,1.37112727345057,18.1,1.21753439376471,25,1.36930639376292,25,1.36930639376292,0,-0.1,1.43946589472,0,6.9,1.43682095420914,100,0,0
"balanced n, unequal SD",100,"100, 100, 100, 100",1,0,0,"0.00, 0.00, 0.00, 0.50","onepoint_0.5",221,202609501,"1.000000000000000,1.414213562373095,2.000000000000000,2.236067977499790",49.4,1.58102498398982,40,1.54919333848297,43.8,1.56893594515519,40.5,1.55233694795943,0,-8.9,1.01578630716397,96,0.5,0.299732947538039,4,-3.3,1.13154336655312
"balanced n, unequal SD",100,"100, 100, 100, 100",2,0,6,"0.00, 0.00, 0.00, 0.50","onepoint_0.5",222,202609502,"1.000000000000000,1.414213562373095,2.000000000000000,2.236067977499790",51.1,1.58075614817719,41.2,1.55645751628498,65.8,1.50011999520038,65.7,1.50116954405557,0,14.6,1.35966491779729,0.4,24.5,1.45322464260067,99.6,-0.1,0.1
"balanced n, unequal SD",100,"100, 100, 100, 100",3,0.5,1,"0.00, 0.00, 0.00, 0.50","onepoint_0.5",223,202609503,"1.000000000000000,1.414213562373095,2.000000000000000,2.236067977499790",51.2,1.58068339650924,40.8,1.55414285057713,37.9,1.53414145371279,38.8,1.54096073927923,0,-12.4,1.23602903192756,28,-2,0.988421457161352,72,0.9,0.556326792002241
"balanced n, unequal SD",100,"100, 100, 100, 100",4,1,1.6,"0.00, 0.00, 0.00, 0.50","onepoint_0.5",224,202609504,"1.000000000000000,1.414213562373095,2.000000000000000,2.236067977499790",48.7,1.58060431481127,37.2,1.52845019545944,28.8,1.43197765345692,28.8,1.43197765345692,0,-19.9,1.34751838792865,0.1,-8.4,1.30043497766369,99.9,0,0
"balanced n, unequal SD",100,"100, 100, 100, 100",5,2,6.6,"0.00, 0.00, 0.00, 0.50","onepoint_0.5",225,202609505,"1.000000000000000,1.414213562373095,2.000000000000000,2.236067977499790",49.9,1.58113566780337,40.6,1.55294558822903,52.2,1.57960754619621,52.2,1.57960754619621,0,2.3,1.74003957935954,0,11.6,1.84087719004523,100,0,0
"unbalanced n, larger n with larger SD",10,"5, 8, 12, 15",1,0,0,"0.00, 0.00, 0.00, 0.50","onepoint_0.5",226,202609506,"1.000000000000000,1.414213562373095,2.000000000000000,2.236067977499790",5.8,0.739161687318817,7.9,0.852988862764339,5.3,0.708456067798138,7.2,0.817410545564467,69.5,1.4,0.445239529060749,24.3,-0.7,0.538330567402413,6.2,1.9,0.571591389645365
"unbalanced n, larger n with larger SD",10,"5, 8, 12, 15",2,0,6,"0.00, 0.00, 0.00, 0.50","onepoint_0.5",227,202609507,"1.000000000000000,1.414213562373095,2.000000000000000,2.236067977499790",5.9,0.745110730026082,6,0.750999334220743,7.8,0.848033018225116,7.7,0.843036179532053,40.2,1.8,0.50696845761548,11.2,1.7,0.698281889782056,48.6,-0.1,0.387479212526473
"unbalanced n, larger n with larger SD",10,"5, 8, 12, 15",3,0.5,1,"0.00, 0.00, 0.00, 0.50","onepoint_0.5",228,202609508,"1.000000000000000,1.414213562373095,2.000000000000000,2.236067977499790",4.7,0.669260786241059,6.8,0.796090447122687,4.8,0.675988165576883,6,0.750999334220743,59.5,1.3,0.385303073512861,18.9,-0.8,0.59976638762081,21.6,1.2,0.508742389445597
"unbalanced n, larger n with larger SD",10,"5, 8, 12, 15",4,1,1.6,"0.00, 0.00, 0.00, 0.50","onepoint_0.5",229,202609509,"1.000000000000000,1.414213562373095,2.000000000000000,2.236067977499790",4.9,0.682634602111554,7.9,0.852988862764339,5.4,0.714730718522718,7.5,0.832916562447884,38.7,2.6,0.64315912001125,21.6,-0.4,0.600166810312098,39.7,2.1,0.57089045877113
"unbalanced n, larger n with larger SD",10,"5, 8, 12, 15",5,2,6.6,"0.00, 0.00, 0.00, 0.50","onepoint_0.5",230,202609510,"1.000000000000000,1.414213562373095,2.000000000000000,2.236067977499790",4.2,0.634318531969546,7.9,0.852988862764339,5.7,0.733150734842433,7.9,0.852988862764339,6.3,3.7,0.704845236067321,15.4,0,0.748705923951828,78.3,2.2,0.485175633554898
"unbalanced n, larger n with larger SD",20,"10, 16, 24, 30",1,0,0,"0.00, 0.00, 0.00, 0.50","onepoint_0.5",231,202609511,"1.000000000000000,1.414213562373095,2.000000000000000,2.236067977499790",8.2,0.867617427210865,12.1,1.03130499853341,9.2,0.913980306133562,12,1.02761860629321,37.4,3.8,0.791319269439447,55.2,-0.1,0.458475953786238,7.4,2.8,0.807968324139519
"unbalanced n, larger n with larger SD",20,"10, 16, 24, 30",2,0,6,"0.00, 0.00, 0.00, 0.50","onepoint_0.5",232,202609512,"1.000000000000000,1.414213562373095,2.000000000000000,2.236067977499790",12.5,1.04582503316759,13.4,1.07723720693262,17.3,1.1961229033841,17.3,1.1961229033841,11.8,4.8,0.847158590629689,14.8,3.9,0.833957724039697,73.4,0,0.469276272807629
"unbalanced n, larger n with larger SD",20,"10, 16, 24, 30",3,0.5,1,"0.00, 0.00, 0.00, 0.50","onepoint_0.5",233,202609513,"1.000000000000000,1.414213562373095,2.000000000000000,2.236067977499790",9.1,0.909499862561837,11.6,1.01264011376204,9.1,0.909499862561837,11.6,1.01264011376204,26.6,2.5,0.710108621447628,43,0,0.547996624351191,30.4,2.5,0.551410966570353
"unbalanced n, larger n with larger SD",20,"10, 16, 24, 30",4,1,1.6,"0.00, 0.00, 0.00, 0.50","onepoint_0.5",234,202609514,"1.000000000000000,1.414213562373095,2.000000000000000,2.236067977499790",9.5,0.927227048785787,13.2,1.07040179372047,8.7,0.891240708226459,11.9,1.02390917565964,9.7,2.4,0.771255362921286,35.7,-1.3,0.623457054414092,54.6,3.2,0.608383209934442
"unbalanced n, larger n with larger SD",20,"10, 16, 24, 30",5,2,6.6,"0.00, 0.00, 0.00, 0.50","onepoint_0.5",235,202609515,"1.000000000000000,1.414213562373095,2.000000000000000,2.236067977499790",8.3,0.872416185085994,14.2,1.10379345894058,11.7,1.0164201887015,12,1.02761860629321,0.1,3.7,0.83486945506887,2.3,-2.2,1.03741806242047,97.6,0.3,0.173031615434693
"unbalanced n, larger n with larger SD",30,"15, 24, 36, 45",1,0,0,"0.00, 0.00, 0.00, 0.50","onepoint_0.5",236,202609516,"1.000000000000000,1.414213562373095,2.000000000000000,2.236067977499790",15.4,1.14142016803629,17.1,1.19062588582644,13.5,1.08062481925967,17.1,1.19062588582644,15.4,1.7,0.85313412652281,80,0,0.346583496606691,4.6,3.6,0.82929351120562
"unbalanced n, larger n with larger SD",30,"15, 24, 36, 45",2,0,6,"0.00, 0.00, 0.00, 0.50","onepoint_0.5",237,202609517,"1.000000000000000,1.414213562373095,2.000000000000000,2.236067977499790",17.1,1.19062588582644,16.7,1.179453263169,23.5,1.34080199880519,23.2,1.33482583133531,2.6,6.1,1.04588903994825,12.8,6.5,1.02410878269782,84.6,-0.3,0.436004701924305
"unbalanced n, larger n with larger SD",30,"15, 24, 36, 45",3,0.5,1,"0.00, 0.00, 0.00, 0.50","onepoint_0.5",238,202609518,"1.000000000000000,1.414213562373095,2.000000000000000,2.236067977499790",12.1,1.03130499853341,14.6,1.11661989951818,11.3,1.00115433375679,13.3,1.07382959542006,9.8,1.2,0.811923160908233,56.2,-1.3,0.53721373642024,34,2,0.732486543587342
"unbalanced n, larger n with larger SD",30,"15, 24, 36, 45",4,1,1.6,"0.00, 0.00, 0.00, 0.50","onepoint_0.5",239,202609519,"1.000000000000000,1.414213562373095,2.000000000000000,2.236067977499790",12.2,1.03496859855746,14.4,1.11024321659716,8.9,0.900438781928011,10.6,0.973468027209934,1.6,-1.6,0.746992635839203,23.1,-3.8,0.828399810626634,75.3,1.7,0.455321114508559
"unbalanced n, larger n with larger SD",30,"15, 24, 36, 45",5,2,6.6,"0.00, 0.00, 0.00, 0.50","onepoint_0.5",240,202609520,"1.000000000000000,1.414213562373095,2.000000000000000,2.236067977499790",12.4,1.04222838188182,18.7,1.23300851578568,15.1,1.13224997240009,15.1,1.13224997240009,0,2.7,0.961058600520102,0,-3.6,1.18678070781776,100,0,0
"unbalanced n, larger n with larger SD",50,"25, 40, 60, 75",1,0,0,"0.00, 0.00, 0.00, 0.50","onepoint_0.5",241,202609521,"1.000000000000000,1.414213562373095,2.000000000000000,2.236067977499790",23.7,1.34473417447464,26.5,1.39561814261638,23.9,1.34862522592453,26.7,1.39896747639107,0.6,3,0.965366216485714,94.3,0.2,0.24498983656474,5.1,2.8,0.901650138896997
"unbalanced n, larger n with larger SD",50,"25, 40, 60, 75",2,0,6,"0.00, 0.00, 0.00, 0.50","onepoint_0.5",242,202609522,"1.000000000000000,1.414213562373095,2.000000000000000,2.236067977499790",27.3,1.40879735945238,29,1.43492160064583,39.5,1.54588162548107,39.6,1.54655746740947,0.2,12.3,1.26503371904085,5.9,10.6,1.29201753444343,93.9,0.1,0.264688609615264
"unbalanced n, larger n with larger SD",50,"25, 40, 60, 75",3,0.5,1,"0.00, 0.00, 0.00, 0.50","onepoint_0.5",243,202609523,"1.000000000000000,1.414213562373095,2.000000000000000,2.236067977499790",25.5,1.37831418769452,29.2,1.43783170086071,22.2,1.31421459434904,26.4,1.39392969693597,0.8,0.9,1.01499764542594,56.2,-2.8,0.743446509651313,43,4.2,0.789292710585238
"unbalanced n, larger n with larger SD",50,"25, 40, 60, 75",4,1,1.6,"0.00, 0.00, 0.00, 0.50","onepoint_0.5",244,202609524,"1.000000000000000,1.414213562373095,2.000000000000000,2.236067977499790",22.7,1.32465467198059,27.2,1.40718158032288,17.2,1.19338174948337,18.1,1.21753439376471,0,-4.6,0.948546118931361,6.6,-9.1,1.10834038923897,93.4,0.9,0.330604445371351
"unbalanced n, larger n with larger SD",50,"25, 40, 60, 75",5,2,6.6,"0.00, 0.00, 0.00, 0.50","onepoint_0.5",245,202609525,"1.000000000000000,1.414213562373095,2.000000000000000,2.236067977499790",24.2,1.35438546950268,29.4,1.44070815920505,26.5,1.39561814261638,26.5,1.39561814261638,0,2.3,1.32153564327886,0,-2.9,1.52443888493896,100,0,0
"unbalanced n, larger n with larger SD",100,"50, 80, 120, 150",1,0,0,"0.00, 0.00, 0.00, 0.50","onepoint_0.5",246,202609526,"1.000000000000000,1.414213562373095,2.000000000000000,2.236067977499790",50.9,1.58088266484265,52.1,1.5797436500901,49.1,1.58088266484265,52.1,1.5797436500901,0,1.2,1.00974233326111,93.7,0,0.374352961975914,6.3,3,1.00598807747012
"unbalanced n, larger n with larger SD",100,"50, 80, 120, 150",2,0,6,"0.00, 0.00, 0.00, 0.50","onepoint_0.5",247,202609527,"1.000000000000000,1.414213562373095,2.000000000000000,2.236067977499790",49.6,1.58108823283206,51.4,1.58051890213309,73,1.40392307481571,72.9,1.4055568291606,0,23.3,1.44540624019659,0.5,21.5,1.396316475481,99.5,-0.1,0.100000000000001
"unbalanced n, larger n with larger SD",100,"50, 80, 120, 150",3,0.5,1,"0.00, 0.00, 0.00, 0.50","onepoint_0.5",248,202609528,"1.000000000000000,1.414213562373095,2.000000000000000,2.236067977499790",47.1,1.57847711418316,49.4,1.58102498398982,37.7,1.53255016231117,39.4,1.54519901630826,0,-7.7,1.10992880039303,27.5,-10,1.09599324870239,72.5,1.7,0.536094578780082
"unbalanced n, larger n with larger SD",100,"50, 80, 120, 150",4,1,1.6,"0.00, 0.00, 0.00, 0.50","onepoint_0.5",249,202609529,"1.000000000000000,1.414213562373095,2.000000000000000,2.236067977499790",47.7,1.57946509932952,52.3,1.57946509932952,32.8,1.48464137083674,32.8,1.48464137083674,0,-14.9,1.35270832769662,0.1,-19.5,1.44632010351853,99.9,0,0
"unbalanced n, larger n with larger SD",100,"50, 80, 120, 150",5,2,6.6,"0.00, 0.00, 0.00, 0.50","onepoint_0.5",250,202609530,"1.000000000000000,1.414213562373095,2.000000000000000,2.236067977499790",49.7,1.5811103693291,56.1,1.56932788161047,51.6,1.58032907965398,51.6,1.58032907965398,0,1.9,1.55846681672046,0,-4.5,1.78688078587884,100,0,0
"unbalanced n, larger n with smaller SD",10,"5, 8, 12, 15",1,0,0,"0.00, 0.00, 0.00, 0.50","onepoint_0.5",251,202609531,"2.236067977499790,2.000000000000000,1.414213562373095,1.000000000000000",20.9,1.28576436410409,12.5,1.04582503316759,16.2,1.16514376795312,17.8,1.20961150788177,43.4,-3.1,0.837311824287154,50,5.3,0.789007308288412,6.6,1.6,0.798797895639491
"unbalanced n, larger n with smaller SD",10,"5, 8, 12, 15",2,0,6,"0.00, 0.00, 0.00, 0.50","onepoint_0.5",252,202609532,"2.236067977499790,2.000000000000000,1.414213562373095,1.000000000000000",16.7,1.179453263169,10.6,0.973468027209934,18.5,1.22790471943062,18.1,1.21753439376471,27.7,1.4,1.0193522840898,34,7.5,0.902532306659746,38.3,-0.4,0.707347397210414
"unbalanced n, larger n with smaller SD",10,"5, 8, 12, 15",3,0.5,1,"0.00, 0.00, 0.00, 0.50","onepoint_0.5",253,202609533,"2.236067977499790,2.000000000000000,1.414213562373095,1.000000000000000",19.8,1.2601428490453,15.7,1.15043904662524,19.3,1.24800240384384,20,1.26491106406735,36.2,0.2,0.825009479121683,50.2,4.3,0.795073670889775,13.6,0.7,0.72803848802109
"unbalanced n, larger n with smaller SD",10,"5, 8, 12, 15",4,1,1.6,"0.00, 0.00, 0.00, 0.50","onepoint_0.5",254,202609534,"2.236067977499790,2.000000000000000,1.414213562373095,1.000000000000000",19.7,1.25774003673255,18.2,1.22014753206323,21.9,1.30781879478772,22.5,1.32051126462443,21.8,2.8,0.976275121629712,49.4,4.3,0.795073670889775,28.8,0.6,0.74846522978707
"unbalanced n, larger n with smaller SD",10,"5, 8, 12, 15",5,2,6.6,"0.00, 0.00, 0.00, 0.50","onepoint_0.5",255,202609535,"2.236067977499790,2.000000000000000,1.414213562373095,1.000000000000000",21.8,1.30566458173606,27.3,1.40879735945238,39.4,1.54519901630826,39.6,1.54655746740947,6,17.8,1.33601831759335,25.2,12.3,1.12248383951395,68.8,0.2,0.469233609388951
"unbalanced n, larger n with smaller SD",20,"10, 16, 24, 30",1,0,0,"0.00, 0.00, 0.00, 0.50","onepoint_0.5",256,202609536,"2.236067977499790,2.000000000000000,1.414213562373095,1.000000000000000",25.6,1.38008695378226,20.5,1.27661662216971,23,1.33078923951165,21.7,1.30349913693872,12.3,-3.9,0.93577009231202,81.1,1.2,0.398395179085691,6.6,-1.3,0.767397484292786
"unbalanced n, larger n with smaller SD",20,"10, 16, 24, 30",2,0,6,"0.00, 0.00, 0.00, 0.50","onepoint_0.5",257,202609537,"2.236067977499790,2.000000000000000,1.414213562373095,1.000000000000000",26.7,1.39896747639107,24.2,1.35438546950268,34.9,1.50731217735411,33.5,1.49256490646136,5.7,6.8,1.32495868445607,28.7,9.3,0.982076613342608,65.6,-1.4,0.61515723064792
"unbalanced n, larger n with smaller SD",20,"10, 16, 24, 30",3,0.5,1,"0.00, 0.00, 0.00, 0.50","onepoint_0.5",258,202609538,"2.236067977499790,2.000000000000000,1.414213562373095,1.000000000000000",28,1.41985914794391,26.5,1.39561814261638,32.1,1.47634345597493,30.6,1.45727142289966,9.7,2.6,1.06507012650546,64.2,4.1,0.716731263238667,26.1,-1.5,0.829721904277838
"unbalanced n, larger n with smaller SD",20,"10, 16, 24, 30",4,1,1.6,"0.00, 0.00, 0.00, 0.50","onepoint_0.5",259,202609539,"2.236067977499790,2.000000000000000,1.414213562373095,1.000000000000000",27.3,1.40879735945238,30.9,1.46122893483533,40.5,1.55233694795943,37.8,1.53334927527945,4.2,10.5,1.20049622706246,45.4,6.9,0.939826193119388,50.4,-2.7,0.709375227374914
"unbalanced n, larger n with smaller SD",20,"10, 16, 24, 30",5,2,6.6,"0.00, 0.00, 0.00, 0.50","onepoint_0.5",260,202609540,"2.236067977499790,2.000000000000000,1.414213562373095,1.000000000000000",32.5,1.48113132435986,39.8,1.54788888490098,68.3,1.47143127600306,68.6,1.46766481186952,0,36.1,1.56500454927111,3.3,28.8,1.4740192443563,96.7,0.3,0.173031615434694
"unbalanced n, larger n with smaller SD",30,"15, 24, 36, 45",1,0,0,"0.00, 0.00, 0.00, 0.50","onepoint_0.5",261,202609541,"2.236067977499790,2.000000000000000,1.414213562373095,1.000000000000000",34.8,1.50630674166984,34.5,1.50324648677454,34.1,1.49906304070243,35.4,1.51223014121528,2.8,0.6,1.15800733200656,90.5,0.9,0.411532938365033,6.7,1.3,1.00464885373911
"unbalanced n, larger n with smaller SD",30,"15, 24, 36, 45",2,0,6,"0.00, 0.00, 0.00, 0.50","onepoint_0.5",262,202609542,"2.236067977499790,2.000000000000000,1.414213562373095,1.000000000000000",37,1.52676127799994,37.6,1.5317441039547,52,1.57987341265052,50.6,1.58102498398982,1.4,13.6,1.38454214704968,19.6,13,1.17999677643306,79,-1.4,0.527558829248755
"unbalanced n, larger n with smaller SD",30,"15, 24, 36, 45",3,0.5,1,"0.00, 0.00, 0.00, 0.50","onepoint_0.5",263,202609543,"2.236067977499790,2.000000000000000,1.414213562373095,1.000000000000000",31.2,1.46511433000978,33.5,1.49256490646136,42.1,1.56127832240123,37.6,1.5317441039547,1.9,6.4,1.22496552626617,70.4,4.1,0.658501042993573,27.7,-4.5,0.922280109619967
"unbalanced n, larger n with smaller SD",30,"15, 24, 36, 45",4,1,1.6,"0.00, 0.00, 0.00, 0.50","onepoint_0.5",264,202609544,"2.236067977499790,2.000000000000000,1.414213562373095,1.000000000000000",35.5,1.51319199046255,42.9,1.56511660907422,57.7,1.56227718411299,55.8,1.57046489932122,0.6,20.3,1.4141817103576,28.1,12.9,1.15971329859365,71.3,-1.9,0.605604455694277
"unbalanced n, larger n with smaller SD",30,"15, 24, 36, 45",5,2,6.6,"0.00, 0.00, 0.00, 0.50","onepoint_0.5",265,202609545,"2.236067977499790,2.000000000000000,1.414213562373095,1.000000000000000",38.8,1.54096073927923,49.2,1.58093643135959,86.1,1.09397897603199,86.1,1.09397897603199,0,47.3,1.59224534706345,0,36.9,1.53321255562974,100,0,0
"unbalanced n, larger n with smaller SD",50,"25, 40, 60, 75",1,0,0,"0.00, 0.00, 0.00, 0.50","onepoint_0.5",266,202609546,"2.236067977499790,2.000000000000000,1.414213562373095,1.000000000000000",51.7,1.58022466757104,57.8,1.5617810345884,53.7,1.57680372906713,57.7,1.56227718411299,0.2,6,1.17702395276622,95.4,-0.1,0.173262863938066,4.4,4,1.03201989567307
"unbalanced n, larger n with smaller SD",50,"25, 40, 60, 75",2,0,6,"0.00, 0.00, 0.00, 0.50","onepoint_0.5",267,202609547,"2.236067977499790,2.000000000000000,1.414213562373095,1.000000000000000",53.7,1.57680372906713,61,1.54240072614091,75.8,1.35438546950268,75,1.36930639376292,0,21.3,1.48947256722926,7.2,14,1.21880494152488,92.8,-0.8,0.315371938287889
"unbalanced n, larger n with smaller SD",50,"25, 40, 60, 75",3,0.5,1,"0.00, 0.00, 0.00, 0.50","onepoint_0.5",268,202609548,"2.236067977499790,2.000000000000000,1.414213562373095,1.000000000000000",50.3,1.5811103693291,57.5,1.56324982008635,67.4,1.48230900961979,64.4,1.51414662433993,0.2,14.1,1.31640530343922,57.2,6.9,0.82648234891804,42.6,-3,0.729062090312986
"unbalanced n, larger n with smaller SD",50,"25, 40, 60, 75",4,1,1.6,"0.00, 0.00, 0.00, 0.50","onepoint_0.5",269,202609549,"2.236067977499790,2.000000000000000,1.414213562373095,1.000000000000000",53.3,1.57769135131052,62.7,1.52928414625929,83.6,1.17091417277271,82.4,1.20425910833176,0,29.1,1.49847770601881,6.6,19.7,1.28201152629512,93.4,-1.2,0.344497719409982
"unbalanced n, larger n with smaller SD",50,"25, 40, 60, 75",5,2,6.6,"0.00, 0.00, 0.00, 0.50","onepoint_0.5",270,202609550,"2.236067977499790,2.000000000000000,1.414213562373095,1.000000000000000",55,1.57321327225523,65.8,1.50011999520038,98.3,0.408790900094413,98.3,0.408790900094413,0,43.3,1.57403544673797,0,32.5,1.48187244590955,100,0,0
"unbalanced n, larger n with smaller SD",100,"50, 80, 120, 150",1,0,0,"0.00, 0.00, 0.00, 0.50","onepoint_0.5",271,202609551,"2.236067977499790,2.000000000000000,1.414213562373095,1.000000000000000",82.6,1.19884944842962,88.3,1.0164201887015,85.3,1.11978122863352,88.3,1.0164201887015,0,5.7,0.811275642533505,94.7,0,0,5.3,3,0.729062090312987
"unbalanced n, larger n with smaller SD",100,"50, 80, 120, 150",2,0,6,"0.00, 0.00, 0.00, 0.50","onepoint_0.5",272,202609552,"2.236067977499790,2.000000000000000,1.414213562373095,1.000000000000000",83.6,1.17091417277271,88.4,1.01264011376204,98.2,0.420428352992517,98.2,0.420428352992517,0,14.6,1.12610306282689,0,9.8,0.940661918462123,100,0,0
"unbalanced n, larger n with smaller SD",100,"50, 80, 120, 150",3,0.5,1,"0.00, 0.00, 0.00, 0.50","onepoint_0.5",273,202609553,"2.236067977499790,2.000000000000000,1.414213562373095,1.000000000000000",84.1,1.15636931816786,89.3,0.977501918156686,95,0.689202437604511,93.9,0.756828910652864,0,9.8,0.99244392534034,29.7,4.6,0.677716238037205,70.3,-1.1,0.329998331660782
"unbalanced n, larger n with smaller SD",100,"50, 80, 120, 150",4,1,1.6,"0.00, 0.00, 0.00, 0.50","onepoint_0.5",274,202609554,"2.236067977499790,2.000000000000000,1.414213562373095,1.000000000000000",82.5,1.20156148406979,90.4,0.931579304192617,99.3,0.263647491928143,99.3,0.263647491928143,0,16.8,1.18286058314543,0.1,8.9,0.900889339265153,99.9,0,0
"unbalanced n, larger n with smaller SD",100,"50, 80, 120, 150",5,2,6.6,"0.00, 0.00, 0.00, 0.50","onepoint_0.5",275,202609555,"2.236067977499790,2.000000000000000,1.414213562373095,1.000000000000000",81.7,1.22274690758145,90.8,0.913980306133562,100,0,100,0,0,18.3,1.22335873994778,0,9.2,0.914437639315111,100,0,0
"balanced n, equal SD",10,"10, 10, 10, 10",1,0,0,"0.00, 0.00, 0.00, 1.00","onepoint_1",276,202609556,"1,1,1,1",55.3,1.57223089907303,50.9,1.58088266484265,49.9,1.58113566780337,55,1.57321327225523,89.5,-0.3,0.387375864064945,5.9,4.1,1.01696815300393,4.6,5.1,0.897103558567674
"balanced n, equal SD",10,"10, 10, 10, 10",2,0,6,"0.00, 0.00, 0.00, 1.00","onepoint_1",277,202609557,"1,1,1,1",61.4,1.5394934231753,61.6,1.53799869960933,70.5,1.44213383567545,71.2,1.43197765345692,49.9,9.8,1.03200049662053,7,9.6,1.19552050140065,43.1,0.7,0.768179731638429
"balanced n, equal SD",10,"10, 10, 10, 10",3,0.5,1,"0.00, 0.00, 0.00, 1.00","onepoint_1",278,202609558,"1,1,1,1",58.7,1.55701958882989,55.8,1.57046489932122,56.2,1.56893594515519,60.3,1.54722655096143,75.9,1.6,0.581186525805425,7,4.5,1.07280049445408,17.1,4.1,0.879752217368029
"balanced n, equal SD",10,"10, 10, 10, 10",4,1,1.6,"0.00, 0.00, 0.00, 1.00","onepoint_1",279,202609559,"1,1,1,1",60.1,1.54854447788883,61.9,1.53570504980611,61,1.54240072614091,64.1,1.51696736945789,49.9,4,0.885880796035672,10.2,2.2,0.946602374841759,39.9,3.1,0.70773645581592
"balanced n, equal SD",10,"10, 10, 10, 10",5,2,6.6,"0.00, 0.00, 0.00, 1.00","onepoint_1",280,202609560,"1,1,1,1",58.1,1.56025318458255,69.2,1.45991780590552,77,1.33078923951165,78.1,1.30781879478772,8.1,20,1.33483399034553,10.6,8.9,1.23787007489571,81.3,1.1,0.434717125242357
"balanced n, equal SD",20,"20, 20, 20, 20",1,0,0,"0.00, 0.00, 0.00, 1.00","onepoint_1",281,202609561,"1,1,1,1",91.9,0.862780389206894,89,0.989444288477123,89.9,0.952885092757778,91.9,0.862780389206894,89.6,0,0.245071540697936,5,2.9,0.618038811056375,5.4,2,0.525619897146478
"balanced n, equal SD",20,"20, 20, 20, 20",2,0,6,"0.00, 0.00, 0.00, 1.00","onepoint_1",282,202609562,"1,1,1,1",89.3,0.977501918156686,88.6,1.00500746265886,95.8,0.634318531969546,95.1,0.682634602111555,22.2,5.8,0.766124628860694,5.6,6.5,0.817568601658855,72.2,-0.7,0.299331922119239
"balanced n, equal SD",20,"20, 20, 20, 20",3,0.5,1,"0.00, 0.00, 0.00, 1.00","onepoint_1",283,202609563,"1,1,1,1",90.9,0.909499862561837,91,0.904986187739901,91.7,0.872416185085994,92.1,0.852988862764339,66.6,1.2,0.398395179085694,6.2,1.1,0.655148242170594,27.2,0.4,0.616619996610733
"balanced n, equal SD",20,"20, 20, 20, 20",4,1,1.6,"0.00, 0.00, 0.00, 1.00","onepoint_1",284,202609564,"1,1,1,1",90.9,0.909499862561837,93.3,0.790638982089803,95.5,0.655553201502365,95.5,0.655553201502365,15.1,4.6,0.706639469134964,7.1,2.2,0.579219729891426,77.8,0,0.200100075062555
"balanced n, equal SD",20,"20, 20, 20, 20",5,2,6.6,"0.00, 0.00, 0.00, 1.00","onepoint_1",285,202609565,"1,1,1,1",90.6,0.922843432007835,95.8,0.634318531969546,99.6,0.199599599197994,99.6,0.199599599197994,0.2,9,0.905439020486643,1.6,3.8,0.604918115058494,98.2,0,0
"balanced n, equal SD",30,"30, 30, 30, 30",1,0,0,"0.00, 0.00, 0.00, 1.00","onepoint_1",286,202609566,"1,1,1,1",98,0.442718872423573,97.5,0.493710441453288,97.4,0.503229569878401,98,0.442718872423573,91.4,0,0,4.6,0.5,0.264234403172296,4,0.6,0.315815990316733
"balanced n, equal SD",30,"30, 30, 30, 30",2,0,6,"0.00, 0.00, 0.00, 1.00","onepoint_1",287,202609567,"1,1,1,1",97,0.539444158370447,96.4,0.589101010014412,99.7,0.172945077987204,99.5,0.223047080231955,10.6,2.5,0.493957481969847,2.4,3.1,0.548352706467919,87,-0.2,0.141350557055782
"balanced n, equal SD",30,"30, 30, 30, 30",3,0.5,1,"0.00, 0.00, 0.00, 1.00","onepoint_1",288,202609568,"1,1,1,1",98.7,0.358203852575597,98.9,0.329833291224522,98.7,0.358203852575597,98.8,0.344325427466518,56.4,0.1,0.173262863938065,4.2,-0.1,0.173262863938066,39.4,0.1,0.100000000000001
"balanced n, equal SD",30,"30, 30, 30, 30",4,1,1.6,"0.00, 0.00, 0.00, 1.00","onepoint_1",289,202609569,"1,1,1,1",97.9,0.453420334788814,99.1,0.298646948753876,99.5,0.223047080231955,99.5,0.223047080231955,3.3,1.6,0.396985639031941,3.7,0.4,0.199699473909873,93,0,0
"balanced n, equal SD",30,"30, 30, 30, 30",5,2,6.6,"0.00, 0.00, 0.00, 1.00","onepoint_1",290,202609570,"1,1,1,1",98.3,0.408790900094413,99.8,0.141279864099595,100,0,100,0,0,1.7,0.408995448968908,0,0.2,0.141350557055782,100,0,0
"balanced n, equal SD",50,"50, 50, 50, 50",1,0,0,"0.00, 0.00, 0.00, 1.00","onepoint_1",291,202609571,"1,1,1,1",99.9,0.0999499874937461,100,0,99.8,0.141279864099595,99.9,0.0999499874937461,91.3,0,0,4.3,-0.1,0.100000000000001,4.4,0.1,0.100000000000001
"balanced n, equal SD",50,"50, 50, 50, 50",2,0,6,"0.00, 0.00, 0.00, 1.00","onepoint_1",292,202609572,"1,1,1,1",99.9,0.0999499874937461,99.9,0.0999499874937461,100,0,100,0,0.8,0.1,0.1,0.9,0.1,0.1,98.3,0,0
"balanced n, equal SD",50,"50, 50, 50, 50",3,0.5,1,"0.00, 0.00, 0.00, 1.00","onepoint_1",293,202609573,"1,1,1,1",100,0,100,0,100,0,100,0,32.7,0,0,4.4,0,0,62.9,0,0
"balanced n, equal SD",50,"50, 50, 50, 50",4,1,1.6,"0.00, 0.00, 0.00, 1.00","onepoint_1",294,202609574,"1,1,1,1",100,0,100,0,100,0,100,0,0.2,0,0,1.1,0,0,98.7,0,0
"balanced n, equal SD",50,"50, 50, 50, 50",5,2,6.6,"0.00, 0.00, 0.00, 1.00","onepoint_1",295,202609575,"1,1,1,1",100,0,100,0,100,0,100,0,0,0,0,0,0,0,100,0,0
"balanced n, equal SD",100,"100, 100, 100, 100",1,0,0,"0.00, 0.00, 0.00, 1.00","onepoint_1",296,202609576,"1,1,1,1",100,0,100,0,100,0,100,0,90.9,0,0,5.3,0,0,3.8,0,0
"balanced n, equal SD",100,"100, 100, 100, 100",2,0,6,"0.00, 0.00, 0.00, 1.00","onepoint_1",297,202609577,"1,1,1,1",100,0,100,0,100,0,100,0,0.1,0,0,0,0,0,99.9,0,0
"balanced n, equal SD",100,"100, 100, 100, 100",3,0.5,1,"0.00, 0.00, 0.00, 1.00","onepoint_1",298,202609578,"1,1,1,1",100,0,100,0,100,0,100,0,9.3,0,0,2.5,0,0,88.2,0,0
"balanced n, equal SD",100,"100, 100, 100, 100",4,1,1.6,"0.00, 0.00, 0.00, 1.00","onepoint_1",299,202609579,"1,1,1,1",100,0,100,0,100,0,100,0,0,0,0,0,0,0,100,0,0
"balanced n, equal SD",100,"100, 100, 100, 100",5,2,6.6,"0.00, 0.00, 0.00, 1.00","onepoint_1",300,202609580,"1,1,1,1",100,0,100,0,100,0,100,0,0,0,0,0,0,0,100,0,0
"unbalanced n, equal SD",10,"5, 8, 12, 15",1,0,0,"0.00, 0.00, 0.00, 1.00","onepoint_1",301,202609581,"1,1,1,1",66.8,1.48921455808087,56,1.56971334962789,60.7,1.5445096309185,66.8,1.48921455808087,86.9,0,0.424476359978009,7.9,10.8,1.06981517305771,5.2,6.1,0.901999780268041
"unbalanced n, equal SD",10,"5, 8, 12, 15",2,0,6,"0.00, 0.00, 0.00, 1.00","onepoint_1",302,202609582,"1,1,1,1",73.9,1.38880884213775,68.3,1.47143127600306,82.7,1.1961229033841,82.1,1.21226647235664,50.8,8.2,0.923912124400163,8,13.8,1.14493269272514,41.2,-0.6,0.583078022206279
"unbalanced n, equal SD",10,"5, 8, 12, 15",3,0.5,1,"0.00, 0.00, 0.00, 1.00","onepoint_1",303,202609583,"1,1,1,1",68.5,1.46892818068141,63.7,1.52062815967613,67.9,1.47634345597493,70.9,1.43638086871136,76.5,2.4,0.52394132735881,5.9,7.2,0.984443563201633,17.6,3,0.756023525805632
"unbalanced n, equal SD",10,"5, 8, 12, 15",4,1,1.6,"0.00, 0.00, 0.00, 1.00","onepoint_1",304,202609584,"1,1,1,1",70,1.44913767461894,68,1.47512711316686,73.7,1.39223202089307,74.9,1.37112727345057,49.7,4.9,0.765882873928234,10.7,6.9,1.02148589487738,39.6,1.2,0.61558016451063
"unbalanced n, equal SD",10,"5, 8, 12, 15",5,2,6.6,"0.00, 0.00, 0.00, 1.00","onepoint_1",305,202609585,"1,1,1,1",72.7,1.40879735945238,77.9,1.31209374665075,88,1.02761860629321,88.1,1.02390917565964,9.2,15.4,1.17653058788295,10.5,10.2,1.02811332887819,80.3,0.1,0.331813351298737
"unbalanced n, equal SD",20,"10, 16, 24, 30",1,0,0,"0.00, 0.00, 0.00, 1.00","onepoint_1",306,202609586,"1,1,1,1",94.4,0.727076337120113,92.9,0.812151463706124,93.1,0.801492358042171,94,0.750999334220744,90,-0.4,0.244744560511362,5,1.1,0.411046176188222,5,0.9,0.411532938365033
"unbalanced n, equal SD",20,"10, 16, 24, 30",2,0,6,"0.00, 0.00, 0.00, 1.00","onepoint_1",307,202609587,"1,1,1,1",94.9,0.695693898205238,95.9,0.627048642451286,98.9,0.329833291224522,98.2,0.420428352992517,25.3,3.3,0.565180882045237,4,2.3,0.514757200022473,70.7,-0.7,0.263779414624378
"unbalanced n, equal SD",20,"10, 16, 24, 30",3,0.5,1,"0.00, 0.00, 0.00, 1.00","onepoint_1",308,202609588,"1,1,1,1",96.2,0.604615580348373,96.1,0.612200947402077,97.4,0.503229569878401,97.4,0.503229569878401,61.2,1.2,0.344497719409983,7.2,1.3,0.410461299611152,31.6,0,0.316385998584166
"unbalanced n, equal SD",20,"10, 16, 24, 30",4,1,1.6,"0.00, 0.00, 0.00, 1.00","onepoint_1",309,202609589,"1,1,1,1",94.8,0.702111102319284,96.1,0.612200947402077,97.3,0.512552436341883,97.3,0.512552436341883,17.6,2.5,0.532948434685787,6.4,1.2,0.344497719409983,76,0,0.14149211999267
"unbalanced n, equal SD",20,"10, 16, 24, 30",5,2,6.6,"0.00, 0.00, 0.00, 1.00","onepoint_1",310,202609590,"1,1,1,1",95.7,0.641490451994416,96.9,0.548078461536303,99.8,0.141279864099595,99.8,0.141279864099595,0.1,4.1,0.627362402111878,1,2.9,0.530916068575698,98.9,0,0
"unbalanced n, equal SD",30,"15, 24, 36, 45",1,0,0,"0.00, 0.00, 0.00, 1.00","onepoint_1",311,202609591,"1,1,1,1",99.7,0.172945077987204,99.6,0.199599599197994,99.5,0.223047080231955,99.6,0.199599599197994,91,-0.1,0.1,4.9,0,0.14149211999267,4.1,0.1,0.1
"unbalanced n, equal SD",30,"15, 24, 36, 45",2,0,6,"0.00, 0.00, 0.00, 1.00","onepoint_1",312,202609592,"1,1,1,1",99.3,0.263647491928143,99.2,0.281709069786544,99.9,0.0999499874937461,99.9,0.0999499874937461,10.4,0.6,0.244335219932984,2.2,0.7,0.263779414624377,87.4,0,0
"unbalanced n, equal SD",30,"15, 24, 36, 45",3,0.5,1,"0.00, 0.00, 0.00, 1.00","onepoint_1",313,202609593,"1,1,1,1",99.6,0.199599599197994,99.6,0.199599599197994,99.7,0.172945077987204,99.6,0.199599599197994,52.2,0,0,5.7,0,0,42.1,-0.1,0.173262863938065
"unbalanced n, equal SD",30,"15, 24, 36, 45",4,1,1.6,"0.00, 0.00, 0.00, 1.00","onepoint_1",314,202609594,"1,1,1,1",99.7,0.172945077987204,99.8,0.141279864099595,99.9,0.0999499874937461,99.9,0.0999499874937461,4.7,0.2,0.141350557055782,3.2,0.1,0.100000000000001,92.1,0,0
"unbalanced n, equal SD",30,"15, 24, 36, 45",5,2,6.6,"0.00, 0.00, 0.00, 1.00","onepoint_1",315,202609595,"1,1,1,1",99.4,0.244213021765835,100,0,100,0,100,0,0,0.6,0.244335219932984,0,0,0,100,0,0
"unbalanced n, equal SD",50,"25, 40, 60, 75",1,0,0,"0.00, 0.00, 0.00, 1.00","onepoint_1",316,202609596,"1,1,1,1",100,0,100,0,100,0,100,0,89.2,0,0,6,0,0,4.8,0,0
"unbalanced n, equal SD",50,"25, 40, 60, 75",2,0,6,"0.00, 0.00, 0.00, 1.00","onepoint_1",317,202609597,"1,1,1,1",100,0,100,0,100,0,100,0,1.5,0,0,0.7,0,0,97.8,0,0
"unbalanced n, equal SD",50,"25, 40, 60, 75",3,0.5,1,"0.00, 0.00, 0.00, 1.00","onepoint_1",318,202609598,"1,1,1,1",100,0,100,0,100,0,100,0,31.6,0,0,3.8,0,0,64.6,0,0
"unbalanced n, equal SD",50,"25, 40, 60, 75",4,1,1.6,"0.00, 0.00, 0.00, 1.00","onepoint_1",319,202609599,"1,1,1,1",100,0,100,0,100,0,100,0,0.1,0,0,0.9,0,0,99,0,0
"unbalanced n, equal SD",50,"25, 40, 60, 75",5,2,6.6,"0.00, 0.00, 0.00, 1.00","onepoint_1",320,202609600,"1,1,1,1",100,0,100,0,100,0,100,0,0,0,0,0,0,0,100,0,0
"unbalanced n, equal SD",100,"50, 80, 120, 150",1,0,0,"0.00, 0.00, 0.00, 1.00","onepoint_1",321,202609601,"1,1,1,1",100,0,100,0,100,0,100,0,90.1,0,0,4.2,0,0,5.7,0,0
"unbalanced n, equal SD",100,"50, 80, 120, 150",2,0,6,"0.00, 0.00, 0.00, 1.00","onepoint_1",322,202609602,"1,1,1,1",100,0,100,0,100,0,100,0,0,0,0,0,0,0,100,0,0
"unbalanced n, equal SD",100,"50, 80, 120, 150",3,0.5,1,"0.00, 0.00, 0.00, 1.00","onepoint_1",323,202609603,"1,1,1,1",100,0,100,0,100,0,100,0,8,0,0,1.5,0,0,90.5,0,0
"unbalanced n, equal SD",100,"50, 80, 120, 150",4,1,1.6,"0.00, 0.00, 0.00, 1.00","onepoint_1",324,202609604,"1,1,1,1",100,0,100,0,100,0,100,0,0,0,0,0,0,0,100,0,0
"unbalanced n, equal SD",100,"50, 80, 120, 150",5,2,6.6,"0.00, 0.00, 0.00, 1.00","onepoint_1",325,202609605,"1,1,1,1",100,0,100,0,100,0,100,0,0,0,0,0,0,0,100,0,0
"balanced n, unequal SD",10,"10, 10, 10, 10",1,0,0,"0.00, 0.00, 0.00, 1.00","onepoint_1",326,202609606,"1.000000000000000,1.414213562373095,2.000000000000000,2.236067977499790",22.7,1.32465467198059,16.3,1.16803681448831,18.8,1.23554036761249,21.4,1.29693484801666,48.7,-1.3,0.713315371220063,42.7,5.1,0.839460954836308,8.6,2.6,0.808637059436361
"balanced n, unequal SD",10,"10, 10, 10, 10",2,0,6,"0.00, 0.00, 0.00, 1.00","onepoint_1",327,202609607,"1.000000000000000,1.414213562373095,2.000000000000000,2.236067977499790",25.8,1.38360398958662,18.3,1.22274690758145,28.1,1.4214042352547,29,1.43492160064583,29.7,3.2,1.1274001202018,25.3,10.7,1.06613631710332,45,0.9,0.670551742701225
"balanced n, unequal SD",10,"10, 10, 10, 10",3,0.5,1,"0.00, 0.00, 0.00, 1.00","onepoint_1",328,202609608,"1.000000000000000,1.414213562373095,2.000000000000000,2.236067977499790",21.8,1.30566458173606,15,1.12915897906362,17.1,1.19062588582644,19.7,1.25774003673255,43.6,-2.1,0.697191563399959,39,4.7,0.753975117943877,17.4,2.6,0.627402290108686
"balanced n, unequal SD",10,"10, 10, 10, 10",4,1,1.6,"0.00, 0.00, 0.00, 1.00","onepoint_1",329,202609609,"1.000000000000000,1.414213562373095,2.000000000000000,2.236067977499790",23.2,1.33482583133531,17,1.18785521003193,19.2,1.24553602918583,20.1,1.26727660753286,26.4,-3.1,0.970222310262622,40,3.1,0.748966588674645,33.6,0.9,0.76797121025452
"balanced n, unequal SD",10,"10, 10, 10, 10",5,2,6.6,"0.00, 0.00, 0.00, 1.00","onepoint_1",330,202609610,"1.000000000000000,1.414213562373095,2.000000000000000,2.236067977499790",19,1.24056438768812,15,1.12915897906362,19,1.24056438768812,20.4,1.27429980773757,5.4,1.4,1.14863369241868,22.6,5.4,0.965283259863012,72,1.4,0.564232539258732
"balanced n, unequal SD",20,"20, 20, 20, 20",1,0,0,"0.00, 0.00, 0.00, 1.00","onepoint_1",331,202609611,"1.000000000000000,1.414213562373095,2.000000000000000,2.236067977499790",39.4,1.54519901630826,29.3,1.43927412260486,32.9,1.48579608291313,31.8,1.47267104269759,16.1,-7.6,1.05988837306735,75,2.5,0.551410966570352,8.9,-1.1,0.910834573135872
"balanced n, unequal SD",20,"20, 20, 20, 20",2,0,6,"0.00, 0.00, 0.00, 1.00","onepoint_1",332,202609612,"1.000000000000000,1.414213562373095,2.000000000000000,2.236067977499790",44.3,1.57083099027235,34.4,1.50221170279026,51.6,1.58032907965398,48.6,1.58051890213309,6.6,4.3,1.35401009720878,26.8,14.2,1.1915451228467,66.6,-3,0.656834401833093
"balanced n, unequal SD",20,"20, 20, 20, 20",3,0.5,1,"0.00, 0.00, 0.00, 1.00","onepoint_1",333,202609613,"1.000000000000000,1.414213562373095,2.000000000000000,2.236067977499790",37.2,1.52845019545944,27.8,1.41674274305535,31.3,1.46639353517397,30.8,1.45991780590552,12.2,-6.4,1.09555476368836,63.6,3,0.609402470762451,24.2,-0.5,0.842888166046044
"balanced n, unequal SD",20,"20, 20, 20, 20",4,1,1.6,"0.00, 0.00, 0.00, 1.00","onepoint_1",334,202609614,"1.000000000000000,1.414213562373095,2.000000000000000,2.236067977499790",39.7,1.54722655096143,28.1,1.4214042352547,29.8,1.44636095080032,31.7,1.47143127600306,6.2,-8,1.18211564468008,44.3,3.6,0.817133837084063,49.5,1.9,0.752965442073507
"balanced n, unequal SD",20,"20, 20, 20, 20",5,2,6.6,"0.00, 0.00, 0.00, 1.00","onepoint_1",335,202609615,"1.000000000000000,1.414213562373095,2.000000000000000,2.236067977499790",39.6,1.54655746740947,30.7,1.4585986425333,41.5,1.55812387184075,41.4,1.55757503832079,0.1,1.8,1.36331163664756,3.8,10.7,1.42742689744433,96.1,-0.1,0.22369631208413
"balanced n, unequal SD",30,"30, 30, 30, 30",1,0,0,"0.00, 0.00, 0.00, 1.00","onepoint_1",336,202609616,"1.000000000000000,1.414213562373095,2.000000000000000,2.236067977499790",57,1.56556698994326,44.9,1.57289224042844,49.1,1.58088266484265,45.3,1.57413785927409,4.2,-11.7,1.17238410279417,91.3,0.4,0.346352363872341,4.5,-3.8,0.962541680389222
"balanced n, unequal SD",30,"30, 30, 30, 30",2,0,6,"0.00, 0.00, 0.00, 1.00","onepoint_1",337,202609617,"1.000000000000000,1.414213562373095,2.000000000000000,2.236067977499790",59.5,1.55233694795943,50,1.58113883008419,71.4,1.42899965010493,68.5,1.46892818068141,0.7,9,1.32693660766473,20.5,18.5,1.28428945312161,78.8,-2.9,0.618038811056374
"balanced n, unequal SD",30,"30, 30, 30, 30",3,0.5,1,"0.00, 0.00, 0.00, 1.00","onepoint_1",338,202609618,"1.000000000000000,1.414213562373095,2.000000000000000,2.236067977499790",58.5,1.55812387184075,46.7,1.57769135131052,47.5,1.57916116973538,49,1.58082257068907,2.3,-9.5,1.19212884000479,65.4,2.3,0.724731146864296,32.3,1.5,0.974011652239696
"balanced n, unequal SD",30,"30, 30, 30, 30",4,1,1.6,"0.00, 0.00, 0.00, 1.00","onepoint_1",339,202609619,"1.000000000000000,1.414213562373095,2.000000000000000,2.236067977499790",55.1,1.57289224042844,43.2,1.56644821171975,41.8,1.55973074599432,44.4,1.57119063133663,0.1,-10.7,1.2397770150503,30.6,1.2,0.999779755525975,69.3,2.6,0.64315912001125
"balanced n, unequal SD",30,"30, 30, 30, 30",5,2,6.6,"0.00, 0.00, 0.00, 1.00","onepoint_1",340,202609620,"1.000000000000000,1.414213562373095,2.000000000000000,2.236067977499790",56.3,1.56853753541316,47.8,1.57960754619621,59.1,1.55473148807117,59.1,1.55473148807117,0,2.8,1.33938566288951,0.3,11.3,1.41573808111328,99.7,0,0
"balanced n, unequal SD",50,"50, 50, 50, 50",1,0,0,"0.00, 0.00, 0.00, 1.00","onepoint_1",341,202609621,"1.000000000000000,1.414213562373095,2.000000000000000,2.236067977499790",79.8,1.26962986732354,69.5,1.45593612497252,71.3,1.43049292203771,69.5,1.45593612497252,0,-10.3,1.0511969439715,96.1,0,0.200100075062555,3.9,-1.8,0.947447970950209
"balanced n, unequal SD",50,"50, 50, 50, 50",2,0,6,"0.00, 0.00, 0.00, 1.00","onepoint_1",342,202609622,"1.000000000000000,1.414213562373095,2.000000000000000,2.236067977499790",79.1,1.28576436410409,70.6,1.44070815920505,90.5,0.927227048785787,89.4,0.973468027209934,0.1,10.3,1.09777735225096,7.7,18.8,1.25224922764126,92.2,-1.1,0.329998331660782
"balanced n, unequal SD",50,"50, 50, 50, 50",3,0.5,1,"0.00, 0.00, 0.00, 1.00","onepoint_1",343,202609623,"1.000000000000000,1.414213562373095,2.000000000000000,2.236067977499790",80.1,1.26253316788115,71.1,1.43345387090063,70.8,1.43783170086071,71.6,1.42598737722323,0,-8.5,1.07652631593887,56.2,0.5,0.781255630610345,43.8,0.8,0.692704727744687
"balanced n, unequal SD",50,"50, 50, 50, 50",4,1,1.6,"0.00, 0.00, 0.00, 1.00","onepoint_1",344,202609624,"1.000000000000000,1.414213562373095,2.000000000000000,2.236067977499790",81,1.24056438768812,73.2,1.40062843038402,68.8,1.46511433000978,69.4,1.45727142289966,0,-11.6,1.1254806558563,7.7,-3.8,1.11660503617297,92.3,0.6,0.244335219932982
"balanced n, unequal SD",50,"50, 50, 50, 50",5,2,6.6,"0.00, 0.00, 0.00, 1.00","onepoint_1",345,202609625,"1.000000000000000,1.414213562373095,2.000000000000000,2.236067977499790",81.6,1.22533260790693,76.3,1.34473417447464,82.5,1.20156148406979,82.5,1.20156148406979,0,0.9,1.23722298746858,0.1,6.2,1.28966011926523,99.9,0,0
"balanced n, unequal SD",100,"100, 100, 100, 100",1,0,0,"0.00, 0.00, 0.00, 1.00","onepoint_1",346,202609626,"1.000000000000000,1.414213562373095,2.000000000000000,2.236067977499790",97.1,0.530650544143696,95.1,0.682634602111555,95.4,0.662449998113065,95.2,0.675988165576884,0,-1.9,0.47604266260139,96.4,0.1,0.100000000000001,3.6,-0.2,0.424429193317499
"balanced n, unequal SD",100,"100, 100, 100, 100",2,0,6,"0.00, 0.00, 0.00, 1.00","onepoint_1",347,202609627,"1.000000000000000,1.414213562373095,2.000000000000000,2.236067977499790",97.9,0.453420334788814,95.1,0.682634602111555,99.7,0.172945077987204,99.7,0.172945077987204,0,1.8,0.420638724961149,0.3,4.6,0.662781471738072,99.7,0,0
"balanced n, unequal SD",100,"100, 100, 100, 100",3,0.5,1,"0.00, 0.00, 0.00, 1.00","onepoint_1",348,202609628,"1.000000000000000,1.414213562373095,2.000000000000000,2.236067977499790",98.3,0.408790900094413,96.1,0.612200947402077,95.5,0.655553201502365,95.8,0.634318531969546,0,-2.5,0.513822940334518,30,-0.3,0.412407662489534,70,0.3,0.300000000000003
"balanced n, unequal SD",100,"100, 100, 100, 100",4,1,1.6,"0.00, 0.00, 0.00, 1.00","onepoint_1",349,202609629,"1.000000000000000,1.414213562373095,2.000000000000000,2.236067977499790",98.1,0.431729081716764,96.9,0.548078461536303,93.2,0.796090447122687,93.2,0.796090447122687,0,-4.9,0.711685672538439,0.1,-3.7,0.675845223972735,99.9,0,0
"balanced n, unequal SD",100,"100, 100, 100, 100",5,2,6.6,"0.00, 0.00, 0.00, 1.00","onepoint_1",350,202609630,"1.000000000000000,1.414213562373095,2.000000000000000,2.236067977499790",99,0.314642654451046,98.4,0.396787096564392,99,0.314642654451046,99,0.314642654451046,0,0,0.40020015012511,0,0.6,0.46889216229306,100,0,0
"unbalanced n, larger n with larger SD",10,"5, 8, 12, 15",1,0,0,"0.00, 0.00, 0.00, 1.00","onepoint_1",351,202609631,"1.000000000000000,1.414213562373095,2.000000000000000,2.236067977499790",18,1.214907403879,18.9,1.2380589646701,15.8,1.15341232870123,19.2,1.24553602918583,69.4,1.2,0.647285855692037,23.1,0.3,0.854775198891871,7.5,3.4,0.767482266263553
"unbalanced n, larger n with larger SD",10,"5, 8, 12, 15",2,0,6,"0.00, 0.00, 0.00, 1.00","onepoint_1",352,202609632,"1.000000000000000,1.414213562373095,2.000000000000000,2.236067977499790",21.1,1.29026741414329,21,1.28802173894698,28.9,1.43345387090063,28.9,1.43345387090063,41.2,7.8,0.927372643558149,12.8,7.9,1.09031132195295,46,0,0.693166993213382
"unbalanced n, larger n with larger SD",10,"5, 8, 12, 15",3,0.5,1,"0.00, 0.00, 0.00, 1.00","onepoint_1",353,202609633,"1.000000000000000,1.414213562373095,2.000000000000000,2.236067977499790",18.8,1.23554036761249,18.9,1.2380589646701,18.5,1.22790471943062,20.3,1.27197091161709,58.4,1.5,0.68426472817048,21.1,1.4,0.89377784646905,20.5,1.8,0.719219908843792
"unbalanced n, larger n with larger SD",10,"5, 8, 12, 15",4,1,1.6,"0.00, 0.00, 0.00, 1.00","onepoint_1",354,202609634,"1.000000000000000,1.414213562373095,2.000000000000000,2.236067977499790",16.6,1.17662228433767,18.6,1.230463327369,15.2,1.13532374237483,19.1,1.24305671632472,39.3,2.5,0.827305526655316,22.6,0.5,0.943737590986304,38.1,3.9,0.67471864154271
"unbalanced n, larger n with larger SD",10,"5, 8, 12, 15",5,2,6.6,"0.00, 0.00, 0.00, 1.00","onepoint_1",355,202609635,"1.000000000000000,1.414213562373095,2.000000000000000,2.236067977499790",17.8,1.20961150788177,22,1.30996183150503,23.1,1.33281281506444,25.6,1.38008695378226,6.5,7.8,1.06784844444346,15.3,3.6,1.11726822575793,78.2,2.5,0.586595341009533
"unbalanced n, larger n with larger SD",20,"10, 16, 24, 30",1,0,0,"0.00, 0.00, 0.00, 1.00","onepoint_1",356,202609636,"1.000000000000000,1.414213562373095,2.000000000000000,2.236067977499790",38,1.53492670834799,37.5,1.53093108923949,35.9,1.51696736945789,38.9,1.54168414404508,38,0.9,0.74144436051517,55.6,1.4,0.631219802001203,6.4,3,0.98588638897795
"unbalanced n, larger n with larger SD",20,"10, 16, 24, 30",2,0,6,"0.00, 0.00, 0.00, 1.00","onepoint_1",357,202609637,"1.000000000000000,1.414213562373095,2.000000000000000,2.236067977499790",39.7,1.54722655096143,40.4,1.55172162451904,57.2,1.56465970741245,56.4,1.56813264745046,11.6,16.7,1.29336104115702,16.2,16,1.26712493685729,72.2,-0.8,0.509528821186412
"unbalanced n, larger n with larger SD",20,"10, 16, 24, 30",3,0.5,1,"0.00, 0.00, 0.00, 1.00","onepoint_1",358,202609638,"1.000000000000000,1.414213562373095,2.000000000000000,2.236067977499790",39.2,1.5438134602341,40.3,1.55109960995418,36.8,1.52504426165276,41.4,1.55757503832079,28.3,2.2,0.967520592078586,42.9,1.1,0.727543345319933,28.8,4.6,0.871550113074174
"unbalanced n, larger n with larger SD",20,"10, 16, 24, 30",4,1,1.6,"0.00, 0.00, 0.00, 1.00","onepoint_1",359,202609639,"1.000000000000000,1.414213562373095,2.000000000000000,2.236067977499790",37.2,1.52845019545944,39.8,1.54788888490098,31.1,1.46382717559144,36.9,1.52590628807932,8,-0.3,1.14508568291689,31.9,-2.9,0.928683181958437,60.1,5.8,0.804367457700145
"unbalanced n, larger n with larger SD",20,"10, 16, 24, 30",5,2,6.6,"0.00, 0.00, 0.00, 1.00","onepoint_1",360,202609640,"1.000000000000000,1.414213562373095,2.000000000000000,2.236067977499790",38,1.53492670834799,45.9,1.57581407532742,49.9,1.58113566780337,50.3,1.5811103693291,0,12.3,1.26503371904085,2.3,4.4,1.5109344535495,97.7,0.4,0.199699473909873
"unbalanced n, larger n with larger SD",30,"15, 24, 36, 45",1,0,0,"0.00, 0.00, 0.00, 1.00","onepoint_1",361,202609641,"1.000000000000000,1.414213562373095,2.000000000000000,2.236067977499790",56.3,1.56853753541316,57.5,1.56324982008635,55.1,1.57289224042844,58,1.56076904121013,15.9,1.7,0.952899794321529,79.1,0.5,0.435820995295022,5,2.9,0.970841146909482
"unbalanced n, larger n with larger SD",30,"15, 24, 36, 45",2,0,6,"0.00, 0.00, 0.00, 1.00","onepoint_1",362,202609642,"1.000000000000000,1.414213562373095,2.000000000000000,2.236067977499790",61.8,1.5364764885933,62.8,1.52845019545944,79.6,1.27429980773757,78.5,1.2991343271579,2.2,16.7,1.27778822296292,15.3,15.7,1.23492308871242,82.5,-1.1,0.457164083233798
"unbalanced n, larger n with larger SD",30,"15, 24, 36, 45",3,0.5,1,"0.00, 0.00, 0.00, 1.00","onepoint_1",363,202609643,"1.000000000000000,1.414213562373095,2.000000000000000,2.236067977499790",56.1,1.56932788161047,58.7,1.55701958882989,52.1,1.5797436500901,57,1.56556698994326,7.7,0.9,1.05370788186303,60,-1.7,0.712472889040436,32.3,4.9,0.920237380699591
"unbalanced n, larger n with larger SD",30,"15, 24, 36, 45",4,1,1.6,"0.00, 0.00, 0.00, 1.00","onepoint_1",364,202609644,"1.000000000000000,1.414213562373095,2.000000000000000,2.236067977499790",56.3,1.56853753541316,60.7,1.5445096309185,50.9,1.58088266484265,55,1.57321327225523,1.2,-1.3,1.0721284715273,24.6,-5.7,1.06707480930281,74.2,4.1,0.673530729546647
"unbalanced n, larger n with larger SD",30,"15, 24, 36, 45",5,2,6.6,"0.00, 0.00, 0.00, 1.00","onepoint_1",365,202609645,"1.000000000000000,1.414213562373095,2.000000000000000,2.236067977499790",57.4,1.56372631876553,64.4,1.51414662433993,67.7,1.47875285291356,67.7,1.47875285291356,0,10.3,1.39493937354131,0,3.3,1.54320818151392,100,0,0
"unbalanced n, larger n with larger SD",50,"25, 40, 60, 75",1,0,0,"0.00, 0.00, 0.00, 1.00","onepoint_1",366,202609646,"1.000000000000000,1.414213562373095,2.000000000000000,2.236067977499790",82.6,1.19884944842962,84.6,1.14142016803629,79.2,1.28349522788361,84.7,1.13838042850358,1.4,2.1,0.778586023632715,94.4,0.1,0.173262863938067,4.2,5.5,0.916837275960454
"unbalanced n, larger n with larger SD",50,"25, 40, 60, 75",2,0,6,"0.00, 0.00, 0.00, 1.00","onepoint_1",367,202609647,"1.000000000000000,1.414213562373095,2.000000000000000,2.236067977499790",82.8,1.19338174948337,86,1.09726933794762,95.9,0.627048642451286,95.7,0.641490451994416,0.1,12.9,1.06992277045344,6,9.7,0.946998842030346,93.9,-0.2,0.244989836564742
"unbalanced n, larger n with larger SD",50,"25, 40, 60, 75",3,0.5,1,"0.00, 0.00, 0.00, 1.00","onepoint_1",368,202609648,"1.000000000000000,1.414213562373095,2.000000000000000,2.236067977499790",83.6,1.17091417277271,85.2,1.12292475259921,79.6,1.27429980773757,82.6,1.19884944842962,0.6,-1,0.836480543527293,52.8,-2.6,0.658539044912041,46.6,3,0.625612812681613
"unbalanced n, larger n with larger SD",50,"25, 40, 60, 75",4,1,1.6,"0.00, 0.00, 0.00, 1.00","onepoint_1",369,202609649,"1.000000000000000,1.414213562373095,2.000000000000000,2.236067977499790",81.8,1.22014753206323,84.8,1.13532374237483,74.5,1.37831418769452,75.6,1.35817524642441,0,-6.2,0.970825680800889,6.8,-9.2,1.10298530206734,93.2,1.1,0.329998331660782
"unbalanced n, larger n with larger SD",50,"25, 40, 60, 75",5,2,6.6,"0.00, 0.00, 0.00, 1.00","onepoint_1",370,202609650,"1.000000000000000,1.414213562373095,2.000000000000000,2.236067977499790",83,1.18785521003193,89.2,0.98150904224057,90.9,0.909499862561837,90.9,0.909499862561837,0,7.9,1.00429009683389,0,1.7,0.983909588365756,100,0,0
"unbalanced n, larger n with larger SD",100,"50, 80, 120, 150",1,0,0,"0.00, 0.00, 0.00, 1.00","onepoint_1",371,202609651,"1.000000000000000,1.414213562373095,2.000000000000000,2.236067977499790",99.5,0.223047080231955,99.3,0.263647491928143,99.1,0.298646948753876,99.3,0.263647491928143,0,-0.2,0.141350557055782,95.6,0,0,4.4,0.2,0.141350557055782
"unbalanced n, larger n with larger SD",100,"50, 80, 120, 150",2,0,6,"0.00, 0.00, 0.00, 1.00","onepoint_1",372,202609652,"1.000000000000000,1.414213562373095,2.000000000000000,2.236067977499790",98.8,0.344325427466518,98.5,0.384382621875652,99.9,0.0999499874937461,99.9,0.0999499874937461,0,1.1,0.329998331660782,0.1,1.4,0.37172325482566,99.9,0,0
"unbalanced n, larger n with larger SD",100,"50, 80, 120, 150",3,0.5,1,"0.00, 0.00, 0.00, 1.00","onepoint_1",373,202609653,"1.000000000000000,1.414213562373095,2.000000000000000,2.236067977499790",99.4,0.244213021765835,99.4,0.244213021765835,98.6,0.371537346709587,98.7,0.358203852575597,0,-0.7,0.331088537433145,28.8,-0.7,0.331088537433145,71.2,0.1,0.1
"unbalanced n, larger n with larger SD",100,"50, 80, 120, 150",4,1,1.6,"0.00, 0.00, 0.00, 1.00","onepoint_1",374,202609654,"1.000000000000000,1.414213562373095,2.000000000000000,2.236067977499790",99,0.314642654451046,99.4,0.244213021765835,97.4,0.503229569878401,97.4,0.503229569878401,0,-1.6,0.396985639031942,0,-2,0.464990554975276,100,0,0
"unbalanced n, larger n with larger SD",100,"50, 80, 120, 150",5,2,6.6,"0.00, 0.00, 0.00, 1.00","onepoint_1",375,202609655,"1.000000000000000,1.414213562373095,2.000000000000000,2.236067977499790",99.3,0.263647491928143,99.8,0.141279864099595,99.9,0.0999499874937461,99.9,0.0999499874937461,0,0.6,0.244335219932983,0,0.1,0.100000000000001,100,0,0
"unbalanced n, larger n with smaller SD",10,"5, 8, 12, 15",1,0,0,"0.00, 0.00, 0.00, 1.00","onepoint_1",376,202609656,"2.236067977499790,2.000000000000000,1.414213562373095,1.000000000000000",40.8,1.55414285057713,35.5,1.51319199046255,39.5,1.54588162548107,39.8,1.54788888490098,41.2,-1,0.860081240197551,52,4.3,0.756361079169257,6.8,0.3,0.854775198891872
"unbalanced n, larger n with smaller SD",10,"5, 8, 12, 15",2,0,6,"0.00, 0.00, 0.00, 1.00","onepoint_1",377,202609657,"2.236067977499790,2.000000000000000,1.414213562373095,1.000000000000000",44.1,1.57009235397157,41.8,1.55973074599432,56.4,1.56813264745046,52.5,1.57916116973538,27.8,8.4,1.27713392840027,37.3,10.7,1.06613631710332,34.9,-3.9,0.869221229345861
"unbalanced n, larger n with smaller SD",10,"5, 8, 12, 15",3,0.5,1,"0.00, 0.00, 0.00, 1.00","onepoint_1",378,202609658,"2.236067977499790,2.000000000000000,1.414213562373095,1.000000000000000",46.3,1.57680372906713,43.3,1.56687906361659,51,1.58082257068907,49.4,1.58102498398982,37.2,3.1,1.12323267921285,47.7,6.1,0.856459878525267,15.1,-1.6,0.870745771277808
"unbalanced n, larger n with smaller SD",10,"5, 8, 12, 15",4,1,1.6,"0.00, 0.00, 0.00, 1.00","onepoint_1",379,202609659,"2.236067977499790,2.000000000000000,1.414213562373095,1.000000000000000",42.2,1.5617810345884,44,1.56971334962789,52.6,1.57899968334386,51.7,1.58022466757104,24.5,9.5,1.19212884000479,47.5,7.7,0.87834018550985,28,-0.9,0.888808179519055
"unbalanced n, larger n with smaller SD",10,"5, 8, 12, 15",5,2,6.6,"0.00, 0.00, 0.00, 1.00","onepoint_1",380,202609660,"2.236067977499790,2.000000000000000,1.414213562373095,1.000000000000000",49.7,1.5811103693291,60.7,1.5445096309185,72.3,1.41517136771488,71.2,1.43197765345692,4.6,21.5,1.40346703549449,27.8,10.5,1.06812494161072,67.6,-1.1,0.555966814746258
"unbalanced n, larger n with smaller SD",20,"10, 16, 24, 30",1,0,0,"0.00, 0.00, 0.00, 1.00","onepoint_1",381,202609661,"2.236067977499790,2.000000000000000,1.414213562373095,1.000000000000000",71.1,1.43345387090063,75.1,1.36747577675073,75.1,1.36747577675073,75.5,1.36005514594078,13.4,4.4,1.00082048422364,79.8,0.4,0.4,6.8,0.4,0.824936676673141
"unbalanced n, larger n with smaller SD",20,"10, 16, 24, 30",2,0,6,"0.00, 0.00, 0.00, 1.00","onepoint_1",382,202609662,"2.236067977499790,2.000000000000000,1.414213562373095,1.000000000000000",71.5,1.42749781085647,79.3,1.28121426779442,89.3,0.977501918156686,87.9,1.03130499853341,5.6,16.4,1.2216924868937,29.7,8.6,0.931078357017769,64.7,-1.4,0.422158996372483
"unbalanced n, larger n with smaller SD",20,"10, 16, 24, 30",3,0.5,1,"0.00, 0.00, 0.00, 1.00","onepoint_1",383,202609663,"2.236067977499790,2.000000000000000,1.414213562373095,1.000000000000000",70.7,1.43927412260486,76.3,1.34473417447464,80.7,1.24800240384384,78.8,1.29250145067617,12.5,8.1,1.01262797483352,62.2,2.5,0.586595341009532,25.3,-1.9,0.75296544207351
"unbalanced n, larger n with smaller SD",20,"10, 16, 24, 30",4,1,1.6,"0.00, 0.00, 0.00, 1.00","onepoint_1",384,202609664,"2.236067977499790,2.000000000000000,1.414213562373095,1.000000000000000",69.7,1.45324120503102,80.3,1.25774003673255,88.2,1.02017645532525,85.9,1.10054077616415,4.2,16.2,1.25663803027727,43.5,5.6,0.818113261907728,52.3,-2.3,0.604214428059341
"unbalanced n, larger n with smaller SD",20,"10, 16, 24, 30",5,2,6.6,"0.00, 0.00, 0.00, 1.00","onepoint_1",385,202609665,"2.236067977499790,2.000000000000000,1.414213562373095,1.000000000000000",67.2,1.48464137083674,81.2,1.23554036761249,95.7,0.641490451994416,95.5,0.655553201502365,0,28.3,1.43218754399036,3.9,14.3,1.1075814808567,96.1,-0.2,0.14135055705578
"unbalanced n, larger n with smaller SD",30,"15, 24, 36, 45",1,0,0,"0.00, 0.00, 0.00, 1.00","onepoint_1",386,202609666,"2.236067977499790,2.000000000000000,1.414213562373095,1.000000000000000",85.7,1.10702755159933,92,0.857904423581089,89.1,0.985489725973843,91.7,0.872416185085994,3.2,6,0.81526968830238,90.5,-0.3,0.173031615434692,6.3,2.6,0.673567883508176
"unbalanced n, larger n with smaller SD",30,"15, 24, 36, 45",2,0,6,"0.00, 0.00, 0.00, 1.00","onepoint_1",387,202609667,"2.236067977499790,2.000000000000000,1.414213562373095,1.000000000000000",90.4,0.931579304192617,93.9,0.756828910652864,98.9,0.329833291224522,98.7,0.358203852575597,1.4,8.3,0.88424651081692,21.1,4.8,0.676326413366667,77.5,-0.2,0.200000000000001
"unbalanced n, larger n with smaller SD",30,"15, 24, 36, 45",3,0.5,1,"0.00, 0.00, 0.00, 1.00","onepoint_1",388,202609668,"2.236067977499790,2.000000000000000,1.414213562373095,1.000000000000000",85.7,1.10702755159933,92.3,0.843036179532053,95.6,0.648567652600714,94.6,0.714730718522718,2.8,8.9,0.922844321454948,67.5,2.3,0.494929242372035,29.7,-1,0.489120884075949
"unbalanced n, larger n with smaller SD",30,"15, 24, 36, 45",4,1,1.6,"0.00, 0.00, 0.00, 1.00","onepoint_1",389,202609669,"2.236067977499790,2.000000000000000,1.414213562373095,1.000000000000000",88.3,1.0164201887015,93.9,0.756828910652864,97.3,0.512552436341883,96.4,0.589101010014412,0.3,8.1,0.897326693682518,26.1,2.5,0.513822940334519,73.6,-0.9,0.330604445371351
"unbalanced n, larger n with smaller SD",30,"15, 24, 36, 45",5,2,6.6,"0.00, 0.00, 0.00, 1.00","onepoint_1",390,202609670,"2.236067977499790,2.000000000000000,1.414213562373095,1.000000000000000",86.9,1.06695360723885,93.8,0.762600813007697,99.6,0.199599599197994,99.6,0.199599599197994,0,12.7,1.05347986208558,0.1,5.8,0.739531545579295,99.9,0,0
"unbalanced n, larger n with smaller SD",50,"25, 40, 60, 75",1,0,0,"0.00, 0.00, 0.00, 1.00","onepoint_1",391,202609671,"2.236067977499790,2.000000000000000,1.414213562373095,1.000000000000000",99.4,0.244213021765835,99.7,0.172945077987204,99.5,0.223047080231955,99.7,0.172945077987204,0.1,0.3,0.223517247567076,95.5,0,0,4.4,0.2,0.200000000000002
"unbalanced n, larger n with smaller SD",50,"25, 40, 60, 75",2,0,6,"0.00, 0.00, 0.00, 1.00","onepoint_1",392,202609672,"2.236067977499790,2.000000000000000,1.414213562373095,1.000000000000000",98.4,0.396787096564392,99.3,0.263647491928143,100,0,100,0,0.1,1.6,0.396985639031942,7.4,0.7,0.263779414624377,92.5,0,0
"unbalanced n, larger n with smaller SD",50,"25, 40, 60, 75",3,0.5,1,"0.00, 0.00, 0.00, 1.00","onepoint_1",393,202609673,"2.236067977499790,2.000000000000000,1.414213562373095,1.000000000000000",98.7,0.358203852575597,99.6,0.199599599197994,99.9,0.0999499874937461,99.8,0.141279864099595,0.4,1.1,0.329998331660782,53.1,0.2,0.141350557055782,46.5,-0.1,0.100000000000001
"unbalanced n, larger n with smaller SD",50,"25, 40, 60, 75",4,1,1.6,"0.00, 0.00, 0.00, 1.00","onepoint_1",394,202609674,"2.236067977499790,2.000000000000000,1.414213562373095,1.000000000000000",97.5,0.493710441453288,99.3,0.263647491928143,100,0,99.9,0.0999499874937461,0,2.4,0.484225644172706,5.5,0.6,0.244335219932983,94.5,-0.1,0.100000000000001
"unbalanced n, larger n with smaller SD",50,"25, 40, 60, 75",5,2,6.6,"0.00, 0.00, 0.00, 1.00","onepoint_1",395,202609675,"2.236067977499790,2.000000000000000,1.414213562373095,1.000000000000000",97.2,0.52168956286282,99.3,0.263647491928143,100,0,100,0,0,2.8,0.521950603441005,0,0.7,0.263779414624379,100,0,0
"unbalanced n, larger n with smaller SD",100,"50, 80, 120, 150",1,0,0,"0.00, 0.00, 0.00, 1.00","onepoint_1",396,202609676,"2.236067977499790,2.000000000000000,1.414213562373095,1.000000000000000",100,0,100,0,100,0,100,0,0,0,0,95.6,0,0,4.4,0,0
"unbalanced n, larger n with smaller SD",100,"50, 80, 120, 150",2,0,6,"0.00, 0.00, 0.00, 1.00","onepoint_1",397,202609677,"2.236067977499790,2.000000000000000,1.414213562373095,1.000000000000000",100,0,100,0,100,0,100,0,0,0,0,0.1,0,0,99.9,0,0
"unbalanced n, larger n with smaller SD",100,"50, 80, 120, 150",3,0.5,1,"0.00, 0.00, 0.00, 1.00","onepoint_1",398,202609678,"2.236067977499790,2.000000000000000,1.414213562373095,1.000000000000000",100,0,100,0,100,0,100,0,0,0,0,29.4,0,0,70.6,0,0
"unbalanced n, larger n with smaller SD",100,"50, 80, 120, 150",4,1,1.6,"0.00, 0.00, 0.00, 1.00","onepoint_1",399,202609679,"2.236067977499790,2.000000000000000,1.414213562373095,1.000000000000000",100,0,100,0,100,0,100,0,0,0,0,0,0,0,100,0,0
"unbalanced n, larger n with smaller SD",100,"50, 80, 120, 150",5,2,6.6,"0.00, 0.00, 0.00, 1.00","onepoint_1",400,202609680,"2.236067977499790,2.000000000000000,1.414213562373095,1.000000000000000",100,0,100,0,100,0,100,0,0,0,0,0,0,0,100,0,0
