"design","n_per_group","n_vector","panel","skew","excess_kurtosis","group_mean_offsets","shift","cell","seed","sd_vector","fixed","B","fixed_power_pct","gate_power_pct","lost","gained","gate_minus_fixed_pp","paired_mcse_pp","mc95_lower_pp","mc95_upper_pp"
"balanced n, equal SD",10,"10, 10, 10, 10",1,0,0,"0.00, 0.25, 0.50, 0.75","ordered",1,202609281,"1,1,1,1","F",1000,24.2,24.1,7,6,-0.1,0.360721665720426,-0.807014464812034,0.607014464812034
"balanced n, equal SD",10,"10, 10, 10, 10",1,0,0,"0.00, 0.25, 0.50, 0.75","ordered",1,202609281,"1,1,1,1","W",1000,22.7,24.1,29,43,1.4,0.847796413509026,-0.261680970477691,3.06168097047769
"balanced n, equal SD",10,"10, 10, 10, 10",1,0,0,"0.00, 0.25, 0.50, 0.75","ordered",1,202609281,"1,1,1,1","KW",1000,22,24.1,13,34,2.1,0.682682983570014,0.761941352202772,3.43805864779723
"balanced n, equal SD",10,"10, 10, 10, 10",2,0,6,"0.00, 0.25, 0.50, 0.75","ordered",2,202609282,"1,1,1,1","F",1000,28.8,37.6,12,100,8.8,1.02156918689026,6.7977243936951,10.8022756063049
"balanced n, equal SD",10,"10, 10, 10, 10",2,0,6,"0.00, 0.25, 0.50, 0.75","ordered",2,202609282,"1,1,1,1","W",1000,32.4,37.6,30,82,5.2,1.04597038870803,3.14989803813226,7.25010196186775
"balanced n, equal SD",10,"10, 10, 10, 10",2,0,6,"0.00, 0.25, 0.50, 0.75","ordered",2,202609282,"1,1,1,1","KW",1000,37.7,37.6,23,22,-0.1,0.671148597883086,-1.41545125185085,1.21545125185085
"balanced n, equal SD",10,"10, 10, 10, 10",3,0.5,1,"0.00, 0.25, 0.50, 0.75","ordered",3,202609283,"1,1,1,1","F",1000,24.9,26.1,7,19,1.2,0.508742389445598,0.202864916686627,2.19713508331337
"balanced n, equal SD",10,"10, 10, 10, 10",3,0.5,1,"0.00, 0.25, 0.50, 0.75","ordered",3,202609283,"1,1,1,1","W",1000,24.8,26.1,31,44,1.3,0.865481980782417,-0.396344682333537,2.99634468233354
"balanced n, equal SD",10,"10, 10, 10, 10",3,0.5,1,"0.00, 0.25, 0.50, 0.75","ordered",3,202609283,"1,1,1,1","KW",1000,24.5,26.1,19,35,1.6,0.733469820768366,0.162399151294002,3.037600848706
"balanced n, equal SD",10,"10, 10, 10, 10",4,1,1.6,"0.00, 0.25, 0.50, 0.75","ordered",4,202609284,"1,1,1,1","F",1000,28,30.7,13,40,2.7,0.723348624961181,1.28223669507609,4.11776330492391
"balanced n, equal SD",10,"10, 10, 10, 10",4,1,1.6,"0.00, 0.25, 0.50, 0.75","ordered",4,202609284,"1,1,1,1","W",1000,25.8,30.7,22,71,4.9,0.952311344517595,3.03346976474551,6.76653023525449
"balanced n, equal SD",10,"10, 10, 10, 10",4,1,1.6,"0.00, 0.25, 0.50, 0.75","ordered",4,202609284,"1,1,1,1","KW",1000,28.4,30.7,11,34,2.3,0.667199486776749,0.992289005917572,3.60771099408243
"balanced n, equal SD",10,"10, 10, 10, 10",5,2,6.6,"0.00, 0.25, 0.50, 0.75","ordered",5,202609285,"1,1,1,1","F",1000,29.7,43,19,152,13.3,1.23880775128534,10.8719368074807,15.7280631925193
"balanced n, equal SD",10,"10, 10, 10, 10",5,2,6.6,"0.00, 0.25, 0.50, 0.75","ordered",5,202609285,"1,1,1,1","W",1000,31.3,43,18,135,11.7,1.18089140250258,9.38545285109495,14.014547148905
"balanced n, equal SD",10,"10, 10, 10, 10",5,2,6.6,"0.00, 0.25, 0.50, 0.75","ordered",5,202609285,"1,1,1,1","KW",1000,42.5,43,8,13,0.5,0.45821388014765,-0.398099205089395,1.3980992050894
"balanced n, equal SD",20,"20, 20, 20, 20",1,0,0,"0.00, 0.25, 0.50, 0.75","ordered",6,202609286,"1,1,1,1","F",1000,50.3,50.8,3,8,0.5,0.33145114249292,-0.149644239286124,1.14964423928612
"balanced n, equal SD",20,"20, 20, 20, 20",1,0,0,"0.00, 0.25, 0.50, 0.75","ordered",6,202609286,"1,1,1,1","W",1000,48.1,50.8,21,48,2.7,0.826676111541516,1.07971482137863,4.32028517862137
"balanced n, equal SD",20,"20, 20, 20, 20",1,0,0,"0.00, 0.25, 0.50, 0.75","ordered",6,202609286,"1,1,1,1","KW",1000,46.8,50.8,20,60,4,0.885880796035666,2.26367363977009,5.73632636022991
"balanced n, equal SD",20,"20, 20, 20, 20",2,0,6,"0.00, 0.25, 0.50, 0.75","ordered",7,202609287,"1,1,1,1","F",1000,55.5,68.4,12,141,12.9,1.1683128668961,10.6101067808836,15.1898932191164
"balanced n, equal SD",20,"20, 20, 20, 20",2,0,6,"0.00, 0.25, 0.50, 0.75","ordered",7,202609287,"1,1,1,1","W",1000,57.4,68.4,13,123,11,1.11366073839399,8.81722495274778,13.1827750472522
"balanced n, equal SD",20,"20, 20, 20, 20",2,0,6,"0.00, 0.25, 0.50, 0.75","ordered",7,202609287,"1,1,1,1","KW",1000,69.8,68.4,23,9,-1.4,0.564232539258732,-2.50589577694712,-0.294104223052885
"balanced n, equal SD",20,"20, 20, 20, 20",3,0.5,1,"0.00, 0.25, 0.50, 0.75","ordered",8,202609288,"1,1,1,1","F",1000,52.2,54.3,8,29,2.1,0.604942936115427,0.914311845213762,3.28568815478624
"balanced n, equal SD",20,"20, 20, 20, 20",3,0.5,1,"0.00, 0.25, 0.50, 0.75","ordered",8,202609288,"1,1,1,1","W",1000,50.7,54.3,23,59,3.6,0.898803564661295,1.83834501326386,5.36165498673614
"balanced n, equal SD",20,"20, 20, 20, 20",3,0.5,1,"0.00, 0.25, 0.50, 0.75","ordered",8,202609288,"1,1,1,1","KW",1000,52.4,54.3,25,44,1.9,0.828901126237063,0.275353792575357,3.52464620742464
"balanced n, equal SD",20,"20, 20, 20, 20",4,1,1.6,"0.00, 0.25, 0.50, 0.75","ordered",9,202609289,"1,1,1,1","F",1000,50.3,55.7,18,72,5.4,0.933655028215296,3.57003614469802,7.22996385530198
"balanced n, equal SD",20,"20, 20, 20, 20",4,1,1.6,"0.00, 0.25, 0.50, 0.75","ordered",9,202609289,"1,1,1,1","W",1000,48.7,55.7,20,90,7,1.02569588672865,4.98963606201184,9.01036393798816
"balanced n, equal SD",20,"20, 20, 20, 20",4,1,1.6,"0.00, 0.25, 0.50, 0.75","ordered",9,202609289,"1,1,1,1","KW",1000,55.2,55.7,4,9,0.5,0.360388512413873,-0.206361484331191,1.20636148433119
"balanced n, equal SD",20,"20, 20, 20, 20",5,2,6.6,"0.00, 0.25, 0.50, 0.75","ordered",10,202609290,"1,1,1,1","F",1000,55,80.8,2,260,25.8,1.39868377995754,23.0585797912832,28.5414202087168
"balanced n, equal SD",20,"20, 20, 20, 20",5,2,6.6,"0.00, 0.25, 0.50, 0.75","ordered",10,202609290,"1,1,1,1","W",1000,55.5,80.8,4,257,25.3,1.40423711739929,22.5476952498974,28.0523047501026
"balanced n, equal SD",20,"20, 20, 20, 20",5,2,6.6,"0.00, 0.25, 0.50, 0.75","ordered",10,202609290,"1,1,1,1","KW",1000,80.8,80.8,0,0,0,0,0,0
"balanced n, equal SD",30,"30, 30, 30, 30",1,0,0,"0.00, 0.25, 0.50, 0.75","ordered",11,202609291,"1,1,1,1","F",1000,71.9,72,5,6,0.1,0.331813351298738,-0.550354168545526,0.750354168545526
"balanced n, equal SD",30,"30, 30, 30, 30",1,0,0,"0.00, 0.25, 0.50, 0.75","ordered",11,202609291,"1,1,1,1","W",1000,70.1,72,18,37,1.9,0.739551848714432,0.450478376519712,3.34952162348029
"balanced n, equal SD",30,"30, 30, 30, 30",1,0,0,"0.00, 0.25, 0.50, 0.75","ordered",11,202609291,"1,1,1,1","KW",1000,68.1,72,21,60,3.9,0.891956044648821,2.15176615248831,5.64823384751169
"balanced n, equal SD",30,"30, 30, 30, 30",2,0,6,"0.00, 0.25, 0.50, 0.75","ordered",12,202609292,"1,1,1,1","F",1000,72.7,87.1,4,148,14.4,1.14627830562824,12.1532945209686,16.6467054790314
"balanced n, equal SD",30,"30, 30, 30, 30",2,0,6,"0.00, 0.25, 0.50, 0.75","ordered",12,202609292,"1,1,1,1","W",1000,73.9,87.1,6,138,13.2,1.12562295064868,10.9937790167286,15.4062209832714
"balanced n, equal SD",30,"30, 30, 30, 30",2,0,6,"0.00, 0.25, 0.50, 0.75","ordered",12,202609292,"1,1,1,1","KW",1000,87.9,87.1,8,0,-0.8,0.281850030050451,-1.35242605889888,-0.247573941101117
"balanced n, equal SD",30,"30, 30, 30, 30",3,0.5,1,"0.00, 0.25, 0.50, 0.75","ordered",13,202609293,"1,1,1,1","F",1000,71.9,74.1,11,33,2.2,0.659996663321563,0.906406539889736,3.49359346011026
"balanced n, equal SD",30,"30, 30, 30, 30",3,0.5,1,"0.00, 0.25, 0.50, 0.75","ordered",13,202609293,"1,1,1,1","W",1000,70.6,74.1,13,48,3.5,0.77352979797054,1.98388159597774,5.01611840402226
"balanced n, equal SD",30,"30, 30, 30, 30",3,0.5,1,"0.00, 0.25, 0.50, 0.75","ordered",13,202609293,"1,1,1,1","KW",1000,73.3,74.1,13,21,0.8,0.582837627216786,-0.342361749344901,1.9423617493449
"balanced n, equal SD",30,"30, 30, 30, 30",4,1,1.6,"0.00, 0.25, 0.50, 0.75","ordered",14,202609294,"1,1,1,1","F",1000,70.7,77.6,13,82,6.9,0.950417431076105,5.03718183509084,8.76281816490916
"balanced n, equal SD",30,"30, 30, 30, 30",4,1,1.6,"0.00, 0.25, 0.50, 0.75","ordered",14,202609294,"1,1,1,1","W",1000,70.9,77.6,16,83,6.7,0.972654129717277,4.79359790575414,8.60640209424586
"balanced n, equal SD",30,"30, 30, 30, 30",4,1,1.6,"0.00, 0.25, 0.50, 0.75","ordered",14,202609294,"1,1,1,1","KW",1000,77.8,77.6,2,0,-0.2,0.14135055705578,-0.477047091829329,0.0770470918293291
"balanced n, equal SD",30,"30, 30, 30, 30",5,2,6.6,"0.00, 0.25, 0.50, 0.75","ordered",15,202609295,"1,1,1,1","F",1000,70.2,92,1,219,21.8,1.31395832753041,19.2246416780404,24.3753583219596
"balanced n, equal SD",30,"30, 30, 30, 30",5,2,6.6,"0.00, 0.25, 0.50, 0.75","ordered",15,202609295,"1,1,1,1","W",1000,71.2,92,4,212,20.8,1.3149483218321,18.2227012892091,23.3772987107909
"balanced n, equal SD",30,"30, 30, 30, 30",5,2,6.6,"0.00, 0.25, 0.50, 0.75","ordered",15,202609295,"1,1,1,1","KW",1000,92,92,0,0,0,0,0,0
"balanced n, equal SD",50,"50, 50, 50, 50",1,0,0,"0.00, 0.25, 0.50, 0.75","ordered",16,202609296,"1,1,1,1","F",1000,92.4,92.4,0,0,0,0,0,0
"balanced n, equal SD",50,"50, 50, 50, 50",1,0,0,"0.00, 0.25, 0.50, 0.75","ordered",16,202609296,"1,1,1,1","W",1000,92.5,92.4,6,5,-0.1,0.331813351298739,-0.750354168545528,0.550354168545529
"balanced n, equal SD",50,"50, 50, 50, 50",1,0,0,"0.00, 0.25, 0.50, 0.75","ordered",16,202609296,"1,1,1,1","KW",1000,90.8,92.4,5,21,1.6,0.507639338209422,0.605026897109534,2.59497310289047
"balanced n, equal SD",50,"50, 50, 50, 50",2,0,6,"0.00, 0.25, 0.50, 0.75","ordered",17,202609297,"1,1,1,1","F",1000,92.4,98.6,0,62,6.2,0.762982399628031,4.70455449672906,7.69544550327094
"balanced n, equal SD",50,"50, 50, 50, 50",2,0,6,"0.00, 0.25, 0.50, 0.75","ordered",17,202609297,"1,1,1,1","W",1000,92.5,98.6,0,61,6.1,0.757207609155742,4.61587308605475,7.58412691394525
"balanced n, equal SD",50,"50, 50, 50, 50",2,0,6,"0.00, 0.25, 0.50, 0.75","ordered",17,202609297,"1,1,1,1","KW",1000,98.6,98.6,0,0,0,0,0,0
"balanced n, equal SD",50,"50, 50, 50, 50",3,0.5,1,"0.00, 0.25, 0.50, 0.75","ordered",18,202609298,"1,1,1,1","F",1000,92.6,94.3,6,23,1.7,0.536094578780084,0.649254625591035,2.75074537440897
"balanced n, equal SD",50,"50, 50, 50, 50",3,0.5,1,"0.00, 0.25, 0.50, 0.75","ordered",18,202609298,"1,1,1,1","W",1000,92.7,94.3,7,23,1.6,0.545653496037311,0.53051914776687,2.66948085223313
"balanced n, equal SD",50,"50, 50, 50, 50",3,0.5,1,"0.00, 0.25, 0.50, 0.75","ordered",18,202609298,"1,1,1,1","KW",1000,94.2,94.3,2,3,0.1,0.223696312084131,-0.338444771684897,0.538444771684897
"balanced n, equal SD",50,"50, 50, 50, 50",4,1,1.6,"0.00, 0.25, 0.50, 0.75","ordered",19,202609299,"1,1,1,1","F",1000,92,95.3,7,40,3.3,0.677915606524568,1.97128541121185,4.62871458878815
"balanced n, equal SD",50,"50, 50, 50, 50",4,1,1.6,"0.00, 0.25, 0.50, 0.75","ordered",19,202609299,"1,1,1,1","W",1000,92.5,95.3,7,35,2.8,0.642318124119642,1.5410564767255,4.0589435232745
"balanced n, equal SD",50,"50, 50, 50, 50",4,1,1.6,"0.00, 0.25, 0.50, 0.75","ordered",19,202609299,"1,1,1,1","KW",1000,95.3,95.3,0,0,0,0,0,0
"balanced n, equal SD",50,"50, 50, 50, 50",5,2,6.6,"0.00, 0.25, 0.50, 0.75","ordered",20,202609300,"1,1,1,1","F",1000,91.3,99.7,0,84,8.4,0.877616208949113,6.67987223045974,10.1201277695403
"balanced n, equal SD",50,"50, 50, 50, 50",5,2,6.6,"0.00, 0.25, 0.50, 0.75","ordered",20,202609300,"1,1,1,1","W",1000,92.2,99.7,0,75,7.5,0.833333333333338,5.86666666666666,9.13333333333334
"balanced n, equal SD",50,"50, 50, 50, 50",5,2,6.6,"0.00, 0.25, 0.50, 0.75","ordered",20,202609300,"1,1,1,1","KW",1000,99.7,99.7,0,0,0,0,0,0
"balanced n, equal SD",100,"100, 100, 100, 100",1,0,0,"0.00, 0.25, 0.50, 0.75","ordered",21,202609301,"1,1,1,1","F",1000,100,100,0,0,0,0,0,0
"balanced n, equal SD",100,"100, 100, 100, 100",1,0,0,"0.00, 0.25, 0.50, 0.75","ordered",21,202609301,"1,1,1,1","W",1000,100,100,0,0,0,0,0,0
"balanced n, equal SD",100,"100, 100, 100, 100",1,0,0,"0.00, 0.25, 0.50, 0.75","ordered",21,202609301,"1,1,1,1","KW",1000,99.9,100,0,1,0.1,0.100000000000001,-0.096000000000002,0.296000000000002
"balanced n, equal SD",100,"100, 100, 100, 100",2,0,6,"0.00, 0.25, 0.50, 0.75","ordered",22,202609302,"1,1,1,1","F",1000,99.6,100,0,4,0.4,0.199699473909873,0.00858903113664894,0.791410968863351
"balanced n, equal SD",100,"100, 100, 100, 100",2,0,6,"0.00, 0.25, 0.50, 0.75","ordered",22,202609302,"1,1,1,1","W",1000,99.6,100,0,4,0.4,0.199699473909873,0.00858903113664905,0.791410968863351
"balanced n, equal SD",100,"100, 100, 100, 100",2,0,6,"0.00, 0.25, 0.50, 0.75","ordered",22,202609302,"1,1,1,1","KW",1000,100,100,0,0,0,0,0,0
"balanced n, equal SD",100,"100, 100, 100, 100",3,0.5,1,"0.00, 0.25, 0.50, 0.75","ordered",23,202609303,"1,1,1,1","F",1000,99.9,100,0,1,0.1,0.100000000000001,-0.0960000000000012,0.296000000000001
"balanced n, equal SD",100,"100, 100, 100, 100",3,0.5,1,"0.00, 0.25, 0.50, 0.75","ordered",23,202609303,"1,1,1,1","W",1000,99.9,100,0,1,0.1,0.100000000000001,-0.0960000000000012,0.296000000000001
"balanced n, equal SD",100,"100, 100, 100, 100",3,0.5,1,"0.00, 0.25, 0.50, 0.75","ordered",23,202609303,"1,1,1,1","KW",1000,100,100,0,0,0,0,0,0
"balanced n, equal SD",100,"100, 100, 100, 100",4,1,1.6,"0.00, 0.25, 0.50, 0.75","ordered",24,202609304,"1,1,1,1","F",1000,99.7,99.9,0,2,0.2,0.141350557055782,-0.0770470918293331,0.477047091829333
"balanced n, equal SD",100,"100, 100, 100, 100",4,1,1.6,"0.00, 0.25, 0.50, 0.75","ordered",24,202609304,"1,1,1,1","W",1000,99.8,99.9,0,1,0.1,0.100000000000001,-0.0960000000000016,0.296000000000002
"balanced n, equal SD",100,"100, 100, 100, 100",4,1,1.6,"0.00, 0.25, 0.50, 0.75","ordered",24,202609304,"1,1,1,1","KW",1000,99.9,99.9,0,0,0,0,0,0
"balanced n, equal SD",100,"100, 100, 100, 100",5,2,6.6,"0.00, 0.25, 0.50, 0.75","ordered",25,202609305,"1,1,1,1","F",1000,99.8,100,0,2,0.2,0.14135055705578,-0.0770470918293296,0.47704709182933
"balanced n, equal SD",100,"100, 100, 100, 100",5,2,6.6,"0.00, 0.25, 0.50, 0.75","ordered",25,202609305,"1,1,1,1","W",1000,99.8,100,0,2,0.2,0.14135055705578,-0.0770470918293296,0.47704709182933
"balanced n, equal SD",100,"100, 100, 100, 100",5,2,6.6,"0.00, 0.25, 0.50, 0.75","ordered",25,202609305,"1,1,1,1","KW",1000,100,100,0,0,0,0,0,0
"balanced n, equal SD",200,"200, 200, 200, 200",1,0,0,"0.00, 0.25, 0.50, 0.75","ordered",26,202609306,"1,1,1,1","F",1000,100,100,0,0,0,0,0,0
"balanced n, equal SD",200,"200, 200, 200, 200",1,0,0,"0.00, 0.25, 0.50, 0.75","ordered",26,202609306,"1,1,1,1","W",1000,100,100,0,0,0,0,0,0
"balanced n, equal SD",200,"200, 200, 200, 200",1,0,0,"0.00, 0.25, 0.50, 0.75","ordered",26,202609306,"1,1,1,1","KW",1000,100,100,0,0,0,0,0,0
"balanced n, equal SD",200,"200, 200, 200, 200",2,0,6,"0.00, 0.25, 0.50, 0.75","ordered",27,202609307,"1,1,1,1","F",1000,100,100,0,0,0,0,0,0
"balanced n, equal SD",200,"200, 200, 200, 200",2,0,6,"0.00, 0.25, 0.50, 0.75","ordered",27,202609307,"1,1,1,1","W",1000,100,100,0,0,0,0,0,0
"balanced n, equal SD",200,"200, 200, 200, 200",2,0,6,"0.00, 0.25, 0.50, 0.75","ordered",27,202609307,"1,1,1,1","KW",1000,100,100,0,0,0,0,0,0
"balanced n, equal SD",200,"200, 200, 200, 200",3,0.5,1,"0.00, 0.25, 0.50, 0.75","ordered",28,202609308,"1,1,1,1","F",1000,100,100,0,0,0,0,0,0
"balanced n, equal SD",200,"200, 200, 200, 200",3,0.5,1,"0.00, 0.25, 0.50, 0.75","ordered",28,202609308,"1,1,1,1","W",1000,100,100,0,0,0,0,0,0
"balanced n, equal SD",200,"200, 200, 200, 200",3,0.5,1,"0.00, 0.25, 0.50, 0.75","ordered",28,202609308,"1,1,1,1","KW",1000,100,100,0,0,0,0,0,0
"balanced n, equal SD",200,"200, 200, 200, 200",4,1,1.6,"0.00, 0.25, 0.50, 0.75","ordered",29,202609309,"1,1,1,1","F",1000,100,100,0,0,0,0,0,0
"balanced n, equal SD",200,"200, 200, 200, 200",4,1,1.6,"0.00, 0.25, 0.50, 0.75","ordered",29,202609309,"1,1,1,1","W",1000,100,100,0,0,0,0,0,0
"balanced n, equal SD",200,"200, 200, 200, 200",4,1,1.6,"0.00, 0.25, 0.50, 0.75","ordered",29,202609309,"1,1,1,1","KW",1000,100,100,0,0,0,0,0,0
"balanced n, equal SD",200,"200, 200, 200, 200",5,2,6.6,"0.00, 0.25, 0.50, 0.75","ordered",30,202609310,"1,1,1,1","F",1000,100,100,0,0,0,0,0,0
"balanced n, equal SD",200,"200, 200, 200, 200",5,2,6.6,"0.00, 0.25, 0.50, 0.75","ordered",30,202609310,"1,1,1,1","W",1000,100,100,0,0,0,0,0,0
"balanced n, equal SD",200,"200, 200, 200, 200",5,2,6.6,"0.00, 0.25, 0.50, 0.75","ordered",30,202609310,"1,1,1,1","KW",1000,100,100,0,0,0,0,0,0
"unbalanced n, equal SD",10,"5, 8, 12, 15",1,0,0,"0.00, 0.25, 0.50, 0.75","ordered",31,202609311,"1,1,1,1","F",1000,22.8,23.5,5,12,0.7,0.411921933962836,-0.107366990567158,1.50736699056716
"unbalanced n, equal SD",10,"5, 8, 12, 15",1,0,0,"0.00, 0.25, 0.50, 0.75","ordered",31,202609311,"1,1,1,1","W",1000,20.4,23.5,34,65,3.1,0.990641898655297,1.15834187863562,5.04165812136438
"unbalanced n, equal SD",10,"5, 8, 12, 15",1,0,0,"0.00, 0.25, 0.50, 0.75","ordered",31,202609311,"1,1,1,1","KW",1000,20.2,23.5,13,46,3.3,0.76137355462985,1.8077078329255,4.7922921670745
"unbalanced n, equal SD",10,"5, 8, 12, 15",2,0,6,"0.00, 0.25, 0.50, 0.75","ordered",32,202609312,"1,1,1,1","F",1000,23.9,29.1,14,66,5.2,0.879621358161415,3.47594213800363,6.92405786199637
"unbalanced n, equal SD",10,"5, 8, 12, 15",2,0,6,"0.00, 0.25, 0.50, 0.75","ordered",32,202609312,"1,1,1,1","W",1000,24.8,29.1,48,91,4.3,1.17170085042339,2.00346633317015,6.59653366682985
"unbalanced n, equal SD",10,"5, 8, 12, 15",2,0,6,"0.00, 0.25, 0.50, 0.75","ordered",32,202609312,"1,1,1,1","KW",1000,29,29.1,28,29,0.1,0.755354592599098,-1.38049500149423,1.58049500149423
"unbalanced n, equal SD",10,"5, 8, 12, 15",3,0.5,1,"0.00, 0.25, 0.50, 0.75","ordered",33,202609313,"1,1,1,1","F",1000,23.2,24.9,5,22,1.7,0.517085464287455,0.686512489996589,2.71348751000341
"unbalanced n, equal SD",10,"5, 8, 12, 15",3,0.5,1,"0.00, 0.25, 0.50, 0.75","ordered",33,202609313,"1,1,1,1","W",1000,25.3,24.9,56,52,-0.4,1.03967346841253,-2.43775999808855,1.63775999808855
"unbalanced n, equal SD",10,"5, 8, 12, 15",3,0.5,1,"0.00, 0.25, 0.50, 0.75","ordered",33,202609313,"1,1,1,1","KW",1000,22.5,24.9,16,40,2.4,0.74484548383863,0.940102851676284,3.85989714832372
"unbalanced n, equal SD",10,"5, 8, 12, 15",4,1,1.6,"0.00, 0.25, 0.50, 0.75","ordered",34,202609314,"1,1,1,1","F",1000,23.6,27.2,14,50,3.6,0.792254799712622,2.04718059256326,5.15281940743674
"unbalanced n, equal SD",10,"5, 8, 12, 15",4,1,1.6,"0.00, 0.25, 0.50, 0.75","ordered",34,202609314,"1,1,1,1","W",1000,27.8,27.2,55,49,-0.6,1.02013757929049,-2.59946965540936,1.39946965540936
"unbalanced n, equal SD",10,"5, 8, 12, 15",4,1,1.6,"0.00, 0.25, 0.50, 0.75","ordered",34,202609314,"1,1,1,1","KW",1000,25.4,27.2,12,30,1.8,0.645892543057414,0.534050615607468,3.06594938439253
"unbalanced n, equal SD",10,"5, 8, 12, 15",5,2,6.6,"0.00, 0.25, 0.50, 0.75","ordered",35,202609315,"1,1,1,1","F",1000,27.1,43.5,8,172,16.4,1.23797115175296,13.9735765425642,18.8264234574358
"unbalanced n, equal SD",10,"5, 8, 12, 15",5,2,6.6,"0.00, 0.25, 0.50, 0.75","ordered",35,202609315,"1,1,1,1","W",1000,39.5,43.5,49,89,4,1.16848849603466,1.70976254777206,6.29023745222794
"unbalanced n, equal SD",10,"5, 8, 12, 15",5,2,6.6,"0.00, 0.25, 0.50, 0.75","ordered",35,202609315,"1,1,1,1","KW",1000,43.3,43.5,5,7,0.2,0.346525727876128,-0.479190426637212,0.879190426637212
"unbalanced n, equal SD",20,"10, 16, 24, 30",1,0,0,"0.00, 0.25, 0.50, 0.75","ordered",36,202609316,"1,1,1,1","F",1000,45.1,46,6,15,0.9,0.457601791298287,0.00310048905535731,1.79689951094464
"unbalanced n, equal SD",20,"10, 16, 24, 30",1,0,0,"0.00, 0.25, 0.50, 0.75","ordered",36,202609316,"1,1,1,1","W",1000,44.2,46,38,56,1.8,0.968347921822374,-0.0979619267718526,3.69796192677185
"unbalanced n, equal SD",20,"10, 16, 24, 30",1,0,0,"0.00, 0.25, 0.50, 0.75","ordered",36,202609316,"1,1,1,1","KW",1000,42,46,20,60,4,0.885880796035669,2.26367363977009,5.73632636022991
"unbalanced n, equal SD",20,"10, 16, 24, 30",2,0,6,"0.00, 0.25, 0.50, 0.75","ordered",37,202609317,"1,1,1,1","F",1000,45.9,59.1,12,144,13.2,1.17777211172076,10.8915666610273,15.5084333389727
"unbalanced n, equal SD",20,"10, 16, 24, 30",2,0,6,"0.00, 0.25, 0.50, 0.75","ordered",37,202609317,"1,1,1,1","W",1000,47.5,59.1,24,140,11.6,1.22757767450657,9.19394775796713,14.0060522420329
"unbalanced n, equal SD",20,"10, 16, 24, 30",2,0,6,"0.00, 0.25, 0.50, 0.75","ordered",37,202609317,"1,1,1,1","KW",1000,60.4,59.1,21,8,-1.3,0.537213736420241,-2.35293892338367,-0.247061076616327
"unbalanced n, equal SD",20,"10, 16, 24, 30",3,0.5,1,"0.00, 0.25, 0.50, 0.75","ordered",38,202609318,"1,1,1,1","F",1000,47.4,49.7,9,32,2.3,0.636486539618174,1.05248638234838,3.54751361765162
"unbalanced n, equal SD",20,"10, 16, 24, 30",3,0.5,1,"0.00, 0.25, 0.50, 0.75","ordered",38,202609318,"1,1,1,1","W",1000,47.6,49.7,35,56,2.1,0.952101095733268,0.233881852362795,3.96611814763721
"unbalanced n, equal SD",20,"10, 16, 24, 30",3,0.5,1,"0.00, 0.25, 0.50, 0.75","ordered",38,202609318,"1,1,1,1","KW",1000,49,49.7,15,22,0.7,0.608177506884198,-0.492027913493029,1.89202791349303
"unbalanced n, equal SD",20,"10, 16, 24, 30",4,1,1.6,"0.00, 0.25, 0.50, 0.75","ordered",39,202609319,"1,1,1,1","F",1000,47.9,52.4,23,68,4.5,0.943737590986318,2.65027432166682,6.34972567833318
"unbalanced n, equal SD",20,"10, 16, 24, 30",4,1,1.6,"0.00, 0.25, 0.50, 0.75","ordered",39,202609319,"1,1,1,1","W",1000,48.8,52.4,41,77,3.6,1.08083680924004,1.48155985388951,5.71844014611048
"unbalanced n, equal SD",20,"10, 16, 24, 30",4,1,1.6,"0.00, 0.25, 0.50, 0.75","ordered",39,202609319,"1,1,1,1","KW",1000,51.8,52.4,3,9,0.6,0.346063230869385,-0.0782839325039945,1.27828393250399
"unbalanced n, equal SD",20,"10, 16, 24, 30",5,2,6.6,"0.00, 0.25, 0.50, 0.75","ordered",40,202609320,"1,1,1,1","F",1000,47.9,72.4,7,252,24.5,1.41129080693588,21.7338700184057,27.2661299815943
"unbalanced n, equal SD",20,"10, 16, 24, 30",5,2,6.6,"0.00, 0.25, 0.50, 0.75","ordered",40,202609320,"1,1,1,1","W",1000,54.6,72.4,15,193,17.8,1.32850477038095,15.1961306500533,20.4038693499467
"unbalanced n, equal SD",20,"10, 16, 24, 30",5,2,6.6,"0.00, 0.25, 0.50, 0.75","ordered",40,202609320,"1,1,1,1","KW",1000,72.5,72.4,1,0,-0.1,0.1,-0.296,0.096
"unbalanced n, equal SD",30,"15, 24, 36, 45",1,0,0,"0.00, 0.25, 0.50, 0.75","ordered",41,202609321,"1,1,1,1","F",1000,64,64.2,5,7,0.2,0.346525727876127,-0.479190426637208,0.879190426637208
"unbalanced n, equal SD",30,"15, 24, 36, 45",1,0,0,"0.00, 0.25, 0.50, 0.75","ordered",41,202609321,"1,1,1,1","W",1000,61.3,64.2,23,52,2.9,0.861587100839103,1.21128928235536,4.58871071764464
"unbalanced n, equal SD",30,"15, 24, 36, 45",1,0,0,"0.00, 0.25, 0.50, 0.75","ordered",41,202609321,"1,1,1,1","KW",1000,60.2,64.2,20,60,4,0.885880796035668,2.26367363977009,5.73632636022991
"unbalanced n, equal SD",30,"15, 24, 36, 45",2,0,6,"0.00, 0.25, 0.50, 0.75","ordered",42,202609322,"1,1,1,1","F",1000,67.1,81.6,17,162,14.5,1.25750997265681,12.0352804535927,16.9647195464073
"unbalanced n, equal SD",30,"15, 24, 36, 45",2,0,6,"0.00, 0.25, 0.50, 0.75","ordered",42,202609322,"1,1,1,1","W",1000,68.2,81.6,13,147,13.4,1.19241849275405,11.0628597542021,15.7371402457979
"unbalanced n, equal SD",30,"15, 24, 36, 45",2,0,6,"0.00, 0.25, 0.50, 0.75","ordered",42,202609322,"1,1,1,1","KW",1000,82.2,81.6,7,1,-0.6,0.282346807525282,-1.15339974274955,-0.046600257250447
"unbalanced n, equal SD",30,"15, 24, 36, 45",3,0.5,1,"0.00, 0.25, 0.50, 0.75","ordered",43,202609323,"1,1,1,1","F",1000,63.6,65.7,13,34,2.1,0.682682983570015,0.76194135220277,3.43805864779723
"unbalanced n, equal SD",30,"15, 24, 36, 45",3,0.5,1,"0.00, 0.25, 0.50, 0.75","ordered",43,202609323,"1,1,1,1","W",1000,63.5,65.7,31,53,2.2,0.914328166467597,0.40791679372351,3.99208320627649
"unbalanced n, equal SD",30,"15, 24, 36, 45",3,0.5,1,"0.00, 0.25, 0.50, 0.75","ordered",43,202609323,"1,1,1,1","KW",1000,65.2,65.7,20,25,0.5,0.670969597075907,-0.815100410268778,1.81510041026878
"unbalanced n, equal SD",30,"15, 24, 36, 45",4,1,1.6,"0.00, 0.25, 0.50, 0.75","ordered",44,202609324,"1,1,1,1","F",1000,65.9,70.9,22,72,5,0.957034960654994,3.12421147711621,6.87578852288379
"unbalanced n, equal SD",30,"15, 24, 36, 45",4,1,1.6,"0.00, 0.25, 0.50, 0.75","ordered",44,202609324,"1,1,1,1","W",1000,64.9,70.9,23,83,6,1.01243519546934,4.01562701688009,7.98437298311991
"unbalanced n, equal SD",30,"15, 24, 36, 45",4,1,1.6,"0.00, 0.25, 0.50, 0.75","ordered",44,202609324,"1,1,1,1","KW",1000,70.7,70.9,0,2,0.2,0.141350557055779,-0.0770470918293275,0.477047091829328
"unbalanced n, equal SD",30,"15, 24, 36, 45",5,2,6.6,"0.00, 0.25, 0.50, 0.75","ordered",45,202609325,"1,1,1,1","F",1000,64.3,87.5,3,235,23.2,1.35779365280723,20.5387244404978,25.8612755595022
"unbalanced n, equal SD",30,"15, 24, 36, 45",5,2,6.6,"0.00, 0.25, 0.50, 0.75","ordered",45,202609325,"1,1,1,1","W",1000,68,87.5,7,202,19.5,1.30822836747316,16.9358723997526,22.0641276002474
"unbalanced n, equal SD",30,"15, 24, 36, 45",5,2,6.6,"0.00, 0.25, 0.50, 0.75","ordered",45,202609325,"1,1,1,1","KW",1000,87.5,87.5,0,0,0,0,0,0
"unbalanced n, equal SD",50,"25, 40, 60, 75",1,0,0,"0.00, 0.25, 0.50, 0.75","ordered",46,202609326,"1,1,1,1","F",1000,88.3,88.2,1,0,-0.1,0.1,-0.296,0.0960000000000001
"unbalanced n, equal SD",50,"25, 40, 60, 75",1,0,0,"0.00, 0.25, 0.50, 0.75","ordered",46,202609326,"1,1,1,1","W",1000,86.6,88.2,8,24,1.6,0.563700060100902,0.495147882202233,2.70485211779777
"unbalanced n, equal SD",50,"25, 40, 60, 75",1,0,0,"0.00, 0.25, 0.50, 0.75","ordered",46,202609326,"1,1,1,1","KW",1000,86.5,88.2,10,27,1.7,0.606199206100994,0.511849556042052,2.88815044395795
"unbalanced n, equal SD",50,"25, 40, 60, 75",2,0,6,"0.00, 0.25, 0.50, 0.75","ordered",47,202609327,"1,1,1,1","F",1000,88.7,97.6,3,92,8.9,0.933628224542115,7.07008867989745,10.7299113201025
"unbalanced n, equal SD",50,"25, 40, 60, 75",2,0,6,"0.00, 0.25, 0.50, 0.75","ordered",47,202609327,"1,1,1,1","W",1000,89.5,97.6,1,82,8.1,0.874731476028591,6.38552630698396,9.81447369301604
"unbalanced n, equal SD",50,"25, 40, 60, 75",2,0,6,"0.00, 0.25, 0.50, 0.75","ordered",47,202609327,"1,1,1,1","KW",1000,97.6,97.6,0,0,0,0,0,0
"unbalanced n, equal SD",50,"25, 40, 60, 75",3,0.5,1,"0.00, 0.25, 0.50, 0.75","ordered",48,202609328,"1,1,1,1","F",1000,86.4,86.4,16,16,0,0.565968479970678,-1.10929822074253,1.10929822074253
"unbalanced n, equal SD",50,"25, 40, 60, 75",3,0.5,1,"0.00, 0.25, 0.50, 0.75","ordered",48,202609328,"1,1,1,1","W",1000,85.4,86.4,20,30,1,0.706752785278918,-0.385235459146678,2.38523545914668
"unbalanced n, equal SD",50,"25, 40, 60, 75",3,0.5,1,"0.00, 0.25, 0.50, 0.75","ordered",48,202609328,"1,1,1,1","KW",1000,86.3,86.4,7,8,0.1,0.387479212526476,-0.659459256551894,0.859459256551894
"unbalanced n, equal SD",50,"25, 40, 60, 75",4,1,1.6,"0.00, 0.25, 0.50, 0.75","ordered",49,202609329,"1,1,1,1","F",1000,88.3,91.3,8,38,3,0.671901370330094,1.68307331415302,4.31692668584698
"unbalanced n, equal SD",50,"25, 40, 60, 75",4,1,1.6,"0.00, 0.25, 0.50, 0.75","ordered",49,202609329,"1,1,1,1","W",1000,87.7,91.3,8,44,3.6,0.712423713493282,2.20364952155317,4.99635047844683
"unbalanced n, equal SD",50,"25, 40, 60, 75",4,1,1.6,"0.00, 0.25, 0.50, 0.75","ordered",49,202609329,"1,1,1,1","KW",1000,91.4,91.3,1,0,-0.1,0.100000000000001,-0.296000000000001,0.0960000000000011
"unbalanced n, equal SD",50,"25, 40, 60, 75",5,2,6.6,"0.00, 0.25, 0.50, 0.75","ordered",50,202609330,"1,1,1,1","F",1000,86.6,98.8,1,123,12.2,1.04510872747874,10.1515868941417,14.2484131058583
"unbalanced n, equal SD",50,"25, 40, 60, 75",5,2,6.6,"0.00, 0.25, 0.50, 0.75","ordered",50,202609330,"1,1,1,1","W",1000,86.4,98.8,1,125,12.4,1.05230572902905,10.3374807711031,14.4625192288969
"unbalanced n, equal SD",50,"25, 40, 60, 75",5,2,6.6,"0.00, 0.25, 0.50, 0.75","ordered",50,202609330,"1,1,1,1","KW",1000,98.8,98.8,0,0,0,0,0,0
"unbalanced n, equal SD",100,"50, 80, 120, 150",1,0,0,"0.00, 0.25, 0.50, 0.75","ordered",51,202609331,"1,1,1,1","F",1000,99.7,99.8,0,1,0.1,0.100000000000001,-0.0960000000000026,0.296000000000003
"unbalanced n, equal SD",100,"50, 80, 120, 150",1,0,0,"0.00, 0.25, 0.50, 0.75","ordered",51,202609331,"1,1,1,1","W",1000,99.5,99.8,0,3,0.3,0.173031615434694,-0.0391419662520002,0.639141966252
"unbalanced n, equal SD",100,"50, 80, 120, 150",1,0,0,"0.00, 0.25, 0.50, 0.75","ordered",51,202609331,"1,1,1,1","KW",1000,99.6,99.8,0,2,0.2,0.141350557055782,-0.0770470918293334,0.477047091829333
"unbalanced n, equal SD",100,"50, 80, 120, 150",2,0,6,"0.00, 0.25, 0.50, 0.75","ordered",52,202609332,"1,1,1,1","F",1000,99.2,100,0,8,0.8,0.281850030050451,0.247573941101117,1.35242605889888
"unbalanced n, equal SD",100,"50, 80, 120, 150",2,0,6,"0.00, 0.25, 0.50, 0.75","ordered",52,202609332,"1,1,1,1","W",1000,99.2,100,0,8,0.8,0.281850030050451,0.247573941101117,1.35242605889888
"unbalanced n, equal SD",100,"50, 80, 120, 150",2,0,6,"0.00, 0.25, 0.50, 0.75","ordered",52,202609332,"1,1,1,1","KW",1000,100,100,0,0,0,0,0,0
"unbalanced n, equal SD",100,"50, 80, 120, 150",3,0.5,1,"0.00, 0.25, 0.50, 0.75","ordered",53,202609333,"1,1,1,1","F",1000,99.6,99.7,1,2,0.1,0.173262863938067,-0.239595213318612,0.439595213318612
"unbalanced n, equal SD",100,"50, 80, 120, 150",3,0.5,1,"0.00, 0.25, 0.50, 0.75","ordered",53,202609333,"1,1,1,1","W",1000,99.4,99.7,1,4,0.3,0.223517247567077,-0.138093805231471,0.738093805231471
"unbalanced n, equal SD",100,"50, 80, 120, 150",3,0.5,1,"0.00, 0.25, 0.50, 0.75","ordered",53,202609333,"1,1,1,1","KW",1000,99.7,99.7,0,0,0,0,0,0
"unbalanced n, equal SD",100,"50, 80, 120, 150",4,1,1.6,"0.00, 0.25, 0.50, 0.75","ordered",54,202609334,"1,1,1,1","F",1000,99.1,99.7,0,6,0.6,0.244335219932982,0.121102968931356,1.07889703106864
"unbalanced n, equal SD",100,"50, 80, 120, 150",4,1,1.6,"0.00, 0.25, 0.50, 0.75","ordered",54,202609334,"1,1,1,1","W",1000,99,99.7,0,7,0.7,0.263779414624376,0.182992347336222,1.21700765266378
"unbalanced n, equal SD",100,"50, 80, 120, 150",4,1,1.6,"0.00, 0.25, 0.50, 0.75","ordered",54,202609334,"1,1,1,1","KW",1000,99.7,99.7,0,0,0,0,0,0
"unbalanced n, equal SD",100,"50, 80, 120, 150",5,2,6.6,"0.00, 0.25, 0.50, 0.75","ordered",55,202609335,"1,1,1,1","F",1000,99.7,100,0,3,0.3,0.173031615434693,-0.0391419662519982,0.639141966251998
"unbalanced n, equal SD",100,"50, 80, 120, 150",5,2,6.6,"0.00, 0.25, 0.50, 0.75","ordered",55,202609335,"1,1,1,1","W",1000,99.7,100,0,3,0.3,0.173031615434693,-0.0391419662519982,0.639141966251998
"unbalanced n, equal SD",100,"50, 80, 120, 150",5,2,6.6,"0.00, 0.25, 0.50, 0.75","ordered",55,202609335,"1,1,1,1","KW",1000,100,100,0,0,0,0,0,0
"unbalanced n, equal SD",200,"100, 160, 240, 300",1,0,0,"0.00, 0.25, 0.50, 0.75","ordered",56,202609336,"1,1,1,1","F",1000,100,100,0,0,0,0,0,0
"unbalanced n, equal SD",200,"100, 160, 240, 300",1,0,0,"0.00, 0.25, 0.50, 0.75","ordered",56,202609336,"1,1,1,1","W",1000,100,100,0,0,0,0,0,0
"unbalanced n, equal SD",200,"100, 160, 240, 300",1,0,0,"0.00, 0.25, 0.50, 0.75","ordered",56,202609336,"1,1,1,1","KW",1000,100,100,0,0,0,0,0,0
"unbalanced n, equal SD",200,"100, 160, 240, 300",2,0,6,"0.00, 0.25, 0.50, 0.75","ordered",57,202609337,"1,1,1,1","F",1000,100,100,0,0,0,0,0,0
"unbalanced n, equal SD",200,"100, 160, 240, 300",2,0,6,"0.00, 0.25, 0.50, 0.75","ordered",57,202609337,"1,1,1,1","W",1000,100,100,0,0,0,0,0,0
"unbalanced n, equal SD",200,"100, 160, 240, 300",2,0,6,"0.00, 0.25, 0.50, 0.75","ordered",57,202609337,"1,1,1,1","KW",1000,100,100,0,0,0,0,0,0
"unbalanced n, equal SD",200,"100, 160, 240, 300",3,0.5,1,"0.00, 0.25, 0.50, 0.75","ordered",58,202609338,"1,1,1,1","F",1000,100,100,0,0,0,0,0,0
"unbalanced n, equal SD",200,"100, 160, 240, 300",3,0.5,1,"0.00, 0.25, 0.50, 0.75","ordered",58,202609338,"1,1,1,1","W",1000,100,100,0,0,0,0,0,0
"unbalanced n, equal SD",200,"100, 160, 240, 300",3,0.5,1,"0.00, 0.25, 0.50, 0.75","ordered",58,202609338,"1,1,1,1","KW",1000,100,100,0,0,0,0,0,0
"unbalanced n, equal SD",200,"100, 160, 240, 300",4,1,1.6,"0.00, 0.25, 0.50, 0.75","ordered",59,202609339,"1,1,1,1","F",1000,100,100,0,0,0,0,0,0
"unbalanced n, equal SD",200,"100, 160, 240, 300",4,1,1.6,"0.00, 0.25, 0.50, 0.75","ordered",59,202609339,"1,1,1,1","W",1000,100,100,0,0,0,0,0,0
"unbalanced n, equal SD",200,"100, 160, 240, 300",4,1,1.6,"0.00, 0.25, 0.50, 0.75","ordered",59,202609339,"1,1,1,1","KW",1000,100,100,0,0,0,0,0,0
"unbalanced n, equal SD",200,"100, 160, 240, 300",5,2,6.6,"0.00, 0.25, 0.50, 0.75","ordered",60,202609340,"1,1,1,1","F",1000,100,100,0,0,0,0,0,0
"unbalanced n, equal SD",200,"100, 160, 240, 300",5,2,6.6,"0.00, 0.25, 0.50, 0.75","ordered",60,202609340,"1,1,1,1","W",1000,100,100,0,0,0,0,0,0
"unbalanced n, equal SD",200,"100, 160, 240, 300",5,2,6.6,"0.00, 0.25, 0.50, 0.75","ordered",60,202609340,"1,1,1,1","KW",1000,100,100,0,0,0,0,0,0
"balanced n, unequal SD",10,"10, 10, 10, 10",1,0,0,"0.00, 0.25, 0.50, 0.75","ordered",61,202609341,"1.000000000000000,1.414213562373095,2.000000000000000,2.236067977499790","F",1000,11.3,12,19,26,0.7,0.670790548502254,-0.614749475064418,2.01474947506442
"balanced n, unequal SD",10,"10, 10, 10, 10",1,0,0,"0.00, 0.25, 0.50, 0.75","ordered",61,202609341,"1.000000000000000,1.414213562373095,2.000000000000000,2.236067977499790","W",1000,11.8,12,15,17,0.2,0.565933105835208,-0.909228887437008,1.30922888743701
"balanced n, unequal SD",10,"10, 10, 10, 10",1,0,0,"0.00, 0.25, 0.50, 0.75","ordered",61,202609341,"1.000000000000000,1.414213562373095,2.000000000000000,2.236067977499790","KW",1000,9.9,12,11,32,2.1,0.65269902406547,0.82070991283168,3.37929008716832
"balanced n, unequal SD",10,"10, 10, 10, 10",2,0,6,"0.00, 0.25, 0.50, 0.75","ordered",62,202609342,"1.000000000000000,1.414213562373095,2.000000000000000,2.236067977499790","F",1000,13,17.6,22,68,4.6,0.937933750176272,2.76164984965451,6.43835015034549
"balanced n, unequal SD",10,"10, 10, 10, 10",2,0,6,"0.00, 0.25, 0.50, 0.75","ordered",62,202609342,"1.000000000000000,1.414213562373095,2.000000000000000,2.236067977499790","W",1000,15,17.6,22,48,2.6,0.833026970712187,0.967267137404113,4.23273286259589
"balanced n, unequal SD",10,"10, 10, 10, 10",2,0,6,"0.00, 0.25, 0.50, 0.75","ordered",62,202609342,"1.000000000000000,1.414213562373095,2.000000000000000,2.236067977499790","KW",1000,16.8,17.6,15,23,0.8,0.61623026519292,-0.407811319778124,2.00781131977812
"balanced n, unequal SD",10,"10, 10, 10, 10",3,0.5,1,"0.00, 0.25, 0.50, 0.75","ordered",63,202609343,"1.000000000000000,1.414213562373095,2.000000000000000,2.236067977499790","F",1000,11.9,13.8,22,41,1.9,0.791844061048015,0.34798564034589,3.45201435965411
"balanced n, unequal SD",10,"10, 10, 10, 10",3,0.5,1,"0.00, 0.25, 0.50, 0.75","ordered",63,202609343,"1.000000000000000,1.414213562373095,2.000000000000000,2.236067977499790","W",1000,11.4,13.8,14,38,2.4,0.71746411391425,0.99377033672807,3.80622966327193
"balanced n, unequal SD",10,"10, 10, 10, 10",3,0.5,1,"0.00, 0.25, 0.50, 0.75","ordered",63,202609343,"1.000000000000000,1.414213562373095,2.000000000000000,2.236067977499790","KW",1000,10.8,13.8,12,42,3,0.729062090312986,1.57103830298655,4.42896169701345
"balanced n, unequal SD",10,"10, 10, 10, 10",4,1,1.6,"0.00, 0.25, 0.50, 0.75","ordered",64,202609344,"1.000000000000000,1.414213562373095,2.000000000000000,2.236067977499790","F",1000,8.8,8.8,27,27,0,0.735214622093808,-1.44102065930386,1.44102065930386
"balanced n, unequal SD",10,"10, 10, 10, 10",4,1,1.6,"0.00, 0.25, 0.50, 0.75","ordered",64,202609344,"1.000000000000000,1.414213562373095,2.000000000000000,2.236067977499790","W",1000,7.7,8.8,9,20,1.1,0.537660747199458,0.0461849354890622,2.15381506451094
"balanced n, unequal SD",10,"10, 10, 10, 10",4,1,1.6,"0.00, 0.25, 0.50, 0.75","ordered",64,202609344,"1.000000000000000,1.414213562373095,2.000000000000000,2.236067977499790","KW",1000,6.1,8.8,7,34,2.7,0.634911893976724,1.45557268780562,3.94442731219438
"balanced n, unequal SD",10,"10, 10, 10, 10",5,2,6.6,"0.00, 0.25, 0.50, 0.75","ordered",65,202609345,"1.000000000000000,1.414213562373095,2.000000000000000,2.236067977499790","F",1000,8.9,8.6,40,37,-0.3,0.87788420687508,-2.02065304547516,1.42065304547516
"balanced n, unequal SD",10,"10, 10, 10, 10",5,2,6.6,"0.00, 0.25, 0.50, 0.75","ordered",65,202609345,"1.000000000000000,1.414213562373095,2.000000000000000,2.236067977499790","W",1000,8,8.6,21,27,0.6,0.692907006834344,-0.758097733395315,1.95809773339532
"balanced n, unequal SD",10,"10, 10, 10, 10",5,2,6.6,"0.00, 0.25, 0.50, 0.75","ordered",65,202609345,"1.000000000000000,1.414213562373095,2.000000000000000,2.236067977499790","KW",1000,6.6,8.6,2,22,2,0.486041393541983,1.04735886865771,2.95264113134229
"balanced n, unequal SD",20,"20, 20, 20, 20",1,0,0,"0.00, 0.25, 0.50, 0.75","ordered",66,202609346,"1.000000000000000,1.414213562373095,2.000000000000000,2.236067977499790","F",1000,18.8,21,36,58,2.2,0.967520592078586,0.303659639525971,4.09634036047403
"balanced n, unequal SD",20,"20, 20, 20, 20",1,0,0,"0.00, 0.25, 0.50, 0.75","ordered",66,202609346,"1.000000000000000,1.414213562373095,2.000000000000000,2.236067977499790","W",1000,20.8,21,7,9,0.2,0.400150121979392,-0.584294239079609,0.984294239079609
"balanced n, unequal SD",20,"20, 20, 20, 20",1,0,0,"0.00, 0.25, 0.50, 0.75","ordered",66,202609346,"1.000000000000000,1.414213562373095,2.000000000000000,2.236067977499790","KW",1000,17.7,21,22,55,3.3,0.871705150764786,1.59145790450102,5.00854209549898
"balanced n, unequal SD",20,"20, 20, 20, 20",2,0,6,"0.00, 0.25, 0.50, 0.75","ordered",67,202609347,"1.000000000000000,1.414213562373095,2.000000000000000,2.236067977499790","F",1000,21.1,30.1,31,121,9,1.20018350281965,6.64764033447348,11.3523596655265
"balanced n, unequal SD",20,"20, 20, 20, 20",2,0,6,"0.00, 0.25, 0.50, 0.75","ordered",67,202609347,"1.000000000000000,1.414213562373095,2.000000000000000,2.236067977499790","W",1000,25.6,30.1,23,68,4.5,0.943737590986317,2.65027432166682,6.34972567833318
"balanced n, unequal SD",20,"20, 20, 20, 20",2,0,6,"0.00, 0.25, 0.50, 0.75","ordered",67,202609347,"1.000000000000000,1.414213562373095,2.000000000000000,2.236067977499790","KW",1000,31.4,30.1,24,11,-1.3,0.590473249740118,-2.45732756949063,-0.142672430509369
"balanced n, unequal SD",20,"20, 20, 20, 20",3,0.5,1,"0.00, 0.25, 0.50, 0.75","ordered",68,202609348,"1.000000000000000,1.414213562373095,2.000000000000000,2.236067977499790","F",1000,16.5,17.6,39,50,1.1,0.943228328497221,-0.748727523854553,2.94872752385455
"balanced n, unequal SD",20,"20, 20, 20, 20",3,0.5,1,"0.00, 0.25, 0.50, 0.75","ordered",68,202609348,"1.000000000000000,1.414213562373095,2.000000000000000,2.236067977499790","W",1000,18.1,17.6,14,9,-0.5,0.479562279563338,-1.43994206794414,0.439942067944143
"balanced n, unequal SD",20,"20, 20, 20, 20",3,0.5,1,"0.00, 0.25, 0.50, 0.75","ordered",68,202609348,"1.000000000000000,1.414213562373095,2.000000000000000,2.236067977499790","KW",1000,13.4,17.6,10,52,4.2,0.776506898206946,2.67804647951439,5.72195352048561
"balanced n, unequal SD",20,"20, 20, 20, 20",4,1,1.6,"0.00, 0.25, 0.50, 0.75","ordered",69,202609349,"1.000000000000000,1.414213562373095,2.000000000000000,2.236067977499790","F",1000,16.4,14.9,56,41,-1.5,0.984235093216413,-3.42910078270417,0.42910078270417
"balanced n, unequal SD",20,"20, 20, 20, 20",4,1,1.6,"0.00, 0.25, 0.50, 0.75","ordered",69,202609349,"1.000000000000000,1.414213562373095,2.000000000000000,2.236067977499790","W",1000,18.5,14.9,44,8,-3.6,0.712423713493286,-4.99635047844684,-2.20364952155316
"balanced n, unequal SD",20,"20, 20, 20, 20",4,1,1.6,"0.00, 0.25, 0.50, 0.75","ordered",69,202609349,"1.000000000000000,1.414213562373095,2.000000000000000,2.236067977499790","KW",1000,10.4,14.9,2,47,4.5,0.685726053333419,3.1559769354665,5.8440230645335
"balanced n, unequal SD",20,"20, 20, 20, 20",5,2,6.6,"0.00, 0.25, 0.50, 0.75","ordered",70,202609350,"1.000000000000000,1.414213562373095,2.000000000000000,2.236067977499790","F",1000,18,10.4,96,20,-7.6,1.05040151529942,-9.65878696998687,-5.54121303001313
"balanced n, unequal SD",20,"20, 20, 20, 20",5,2,6.6,"0.00, 0.25, 0.50, 0.75","ordered",70,202609350,"1.000000000000000,1.414213562373095,2.000000000000000,2.236067977499790","W",1000,18.6,10.4,103,21,-8.2,1.0834823182378,-10.3236253437461,-6.07637465625391
"balanced n, unequal SD",20,"20, 20, 20, 20",5,2,6.6,"0.00, 0.25, 0.50, 0.75","ordered",70,202609350,"1.000000000000000,1.414213562373095,2.000000000000000,2.236067977499790","KW",1000,8.5,10.4,0,19,1.9,0.431945108291063,1.05338758774952,2.74661241225048
"balanced n, unequal SD",30,"30, 30, 30, 30",1,0,0,"0.00, 0.25, 0.50, 0.75","ordered",71,202609351,"1.000000000000000,1.414213562373095,2.000000000000000,2.236067977499790","F",1000,26.9,30.5,29,65,3.6,0.963310940438221,1.71191055674109,5.48808944325891
"balanced n, unequal SD",30,"30, 30, 30, 30",1,0,0,"0.00, 0.25, 0.50, 0.75","ordered",71,202609351,"1.000000000000000,1.414213562373095,2.000000000000000,2.236067977499790","W",1000,30.6,30.5,4,3,-0.1,0.264688609615262,-0.618789674845914,0.418789674845914
"balanced n, unequal SD",30,"30, 30, 30, 30",1,0,0,"0.00, 0.25, 0.50, 0.75","ordered",71,202609351,"1.000000000000000,1.414213562373095,2.000000000000000,2.236067977499790","KW",1000,28.2,30.5,31,54,2.3,0.919540948275582,0.497699741379858,4.10230025862014
"balanced n, unequal SD",30,"30, 30, 30, 30",2,0,6,"0.00, 0.25, 0.50, 0.75","ordered",72,202609352,"1.000000000000000,1.414213562373095,2.000000000000000,2.236067977499790","F",1000,30.7,44.3,25,161,13.6,1.29488096623462,11.0620333061801,16.1379666938199
"balanced n, unequal SD",30,"30, 30, 30, 30",2,0,6,"0.00, 0.25, 0.50, 0.75","ordered",72,202609352,"1.000000000000000,1.414213562373095,2.000000000000000,2.236067977499790","W",1000,37.8,44.3,23,88,6.5,1.03383694015006,4.47367959730589,8.52632040269411
"balanced n, unequal SD",30,"30, 30, 30, 30",2,0,6,"0.00, 0.25, 0.50, 0.75","ordered",72,202609352,"1.000000000000000,1.414213562373095,2.000000000000000,2.236067977499790","KW",1000,45.3,44.3,22,12,-1,0.582528402173953,-2.14175566826095,0.141755668260948
"balanced n, unequal SD",30,"30, 30, 30, 30",3,0.5,1,"0.00, 0.25, 0.50, 0.75","ordered",73,202609353,"1.000000000000000,1.414213562373095,2.000000000000000,2.236067977499790","F",1000,25.8,27.7,50,69,1.9,1.08976033033762,-0.235930247461742,4.03593024746174
"balanced n, unequal SD",30,"30, 30, 30, 30",3,0.5,1,"0.00, 0.25, 0.50, 0.75","ordered",73,202609353,"1.000000000000000,1.414213562373095,2.000000000000000,2.236067977499790","W",1000,29.5,27.7,31,13,-1.8,0.661208890742701,-3.09596942585569,-0.504030574144306
"balanced n, unequal SD",30,"30, 30, 30, 30",3,0.5,1,"0.00, 0.25, 0.50, 0.75","ordered",73,202609353,"1.000000000000000,1.414213562373095,2.000000000000000,2.236067977499790","KW",1000,20.9,27.7,10,78,6.8,0.913561489224785,5.00941948111942,8.59058051888058
"balanced n, unequal SD",30,"30, 30, 30, 30",4,1,1.6,"0.00, 0.25, 0.50, 0.75","ordered",74,202609354,"1.000000000000000,1.414213562373095,2.000000000000000,2.236067977499790","F",1000,25.6,20,95,39,-5.6,1.14453044955123,-7.84327968112041,-3.35672031887959
"balanced n, unequal SD",30,"30, 30, 30, 30",4,1,1.6,"0.00, 0.25, 0.50, 0.75","ordered",74,202609354,"1.000000000000000,1.414213562373095,2.000000000000000,2.236067977499790","W",1000,29.3,20,105,12,-9.3,1.04143871379674,-11.3412198790416,-7.25878012095839
"balanced n, unequal SD",30,"30, 30, 30, 30",4,1,1.6,"0.00, 0.25, 0.50, 0.75","ordered",74,202609354,"1.000000000000000,1.414213562373095,2.000000000000000,2.236067977499790","KW",1000,14.6,20,2,56,5.4,0.742557332056849,3.94458762916858,6.85541237083142
"balanced n, unequal SD",30,"30, 30, 30, 30",5,2,6.6,"0.00, 0.25, 0.50, 0.75","ordered",75,202609355,"1.000000000000000,1.414213562373095,2.000000000000000,2.236067977499790","F",1000,25.1,10.8,151,8,-14.3,1.17766586810389,-16.6082251014836,-11.9917748985164
"balanced n, unequal SD",30,"30, 30, 30, 30",5,2,6.6,"0.00, 0.25, 0.50, 0.75","ordered",75,202609355,"1.000000000000000,1.414213562373095,2.000000000000000,2.236067977499790","W",1000,28.7,10.8,188,9,-17.9,1.28500631953358,-20.4186123862858,-15.3813876137142
"balanced n, unequal SD",30,"30, 30, 30, 30",5,2,6.6,"0.00, 0.25, 0.50, 0.75","ordered",75,202609355,"1.000000000000000,1.414213562373095,2.000000000000000,2.236067977499790","KW",1000,10.7,10.8,0,1,0.1,0.100000000000001,-0.0960000000000026,0.296000000000003
"balanced n, unequal SD",50,"50, 50, 50, 50",1,0,0,"0.00, 0.25, 0.50, 0.75","ordered",76,202609356,"1.000000000000000,1.414213562373095,2.000000000000000,2.236067977499790","F",1000,43.4,51.4,33,113,8,1.18211564468008,5.68305333642704,10.316946663573
"balanced n, unequal SD",50,"50, 50, 50, 50",1,0,0,"0.00, 0.25, 0.50, 0.75","ordered",76,202609356,"1.000000000000000,1.414213562373095,2.000000000000000,2.236067977499790","W",1000,51.8,51.4,4,0,-0.4,0.199699473909873,-0.791410968863351,-0.00858903113664894
"balanced n, unequal SD",50,"50, 50, 50, 50",1,0,0,"0.00, 0.25, 0.50, 0.75","ordered",76,202609356,"1.000000000000000,1.414213562373095,2.000000000000000,2.236067977499790","KW",1000,44,51.4,34,108,7.4,1.16901950651245,5.1087217672356,9.6912782327644
"balanced n, unequal SD",50,"50, 50, 50, 50",2,0,6,"0.00, 0.25, 0.50, 0.75","ordered",77,202609357,"1.000000000000000,1.414213562373095,2.000000000000000,2.236067977499790","F",1000,48.5,70.2,15,232,21.7,1.4146063449282,18.9273715639407,24.4726284360593
"balanced n, unequal SD",50,"50, 50, 50, 50",2,0,6,"0.00, 0.25, 0.50, 0.75","ordered",77,202609357,"1.000000000000000,1.414213562373095,2.000000000000000,2.236067977499790","W",1000,56.1,70.2,20,161,14.1,1.2699617328104,11.6108750036916,16.5891249963084
"balanced n, unequal SD",50,"50, 50, 50, 50",2,0,6,"0.00, 0.25, 0.50, 0.75","ordered",77,202609357,"1.000000000000000,1.414213562373095,2.000000000000000,2.236067977499790","KW",1000,70.8,70.2,8,2,-0.6,0.315815990316732,-1.21899934102079,0.0189993410207948
"balanced n, unequal SD",50,"50, 50, 50, 50",3,0.5,1,"0.00, 0.25, 0.50, 0.75","ordered",78,202609358,"1.000000000000000,1.414213562373095,2.000000000000000,2.236067977499790","F",1000,42.9,41.8,76,65,-1.1,1.18751850520325,-3.42753627019838,1.22753627019838
"balanced n, unequal SD",50,"50, 50, 50, 50",3,0.5,1,"0.00, 0.25, 0.50, 0.75","ordered",78,202609358,"1.000000000000000,1.414213562373095,2.000000000000000,2.236067977499790","W",1000,48.5,41.8,75,8,-6.7,0.886507696467382,-8.43755508507607,-4.96244491492393
"balanced n, unequal SD",50,"50, 50, 50, 50",3,0.5,1,"0.00, 0.25, 0.50, 0.75","ordered",78,202609358,"1.000000000000000,1.414213562373095,2.000000000000000,2.236067977499790","KW",1000,35.1,41.8,13,80,6.7,0.941273603154795,4.8551037378166,8.5448962621834
"balanced n, unequal SD",50,"50, 50, 50, 50",4,1,1.6,"0.00, 0.25, 0.50, 0.75","ordered",79,202609359,"1.000000000000000,1.414213562373095,2.000000000000000,2.236067977499790","F",1000,45.4,24.4,223,13,-21,1.38597291493048,-23.7165069132637,-18.2834930867363
"balanced n, unequal SD",50,"50, 50, 50, 50",4,1,1.6,"0.00, 0.25, 0.50, 0.75","ordered",79,202609359,"1.000000000000000,1.414213562373095,2.000000000000000,2.236067977499790","W",1000,51.8,24.4,278,4,-27.4,1.43920509702797,-30.2208419901748,-24.5791580098252
"balanced n, unequal SD",50,"50, 50, 50, 50",4,1,1.6,"0.00, 0.25, 0.50, 0.75","ordered",79,202609359,"1.000000000000000,1.414213562373095,2.000000000000000,2.236067977499790","KW",1000,21.7,24.4,0,27,2.7,0.512808904927529,1.69489454634204,3.70510545365796
"balanced n, unequal SD",50,"50, 50, 50, 50",5,2,6.6,"0.00, 0.25, 0.50, 0.75","ordered",80,202609360,"1.000000000000000,1.414213562373095,2.000000000000000,2.236067977499790","F",1000,44.3,15.3,298,8,-29,1.49037620123955,-31.9211373544295,-26.0788626455705
"balanced n, unequal SD",50,"50, 50, 50, 50",5,2,6.6,"0.00, 0.25, 0.50, 0.75","ordered",80,202609360,"1.000000000000000,1.414213562373095,2.000000000000000,2.236067977499790","W",1000,49.1,15.3,348,10,-33.8,1.56204993518134,-36.8616178729554,-30.7383821270446
"balanced n, unequal SD",50,"50, 50, 50, 50",5,2,6.6,"0.00, 0.25, 0.50, 0.75","ordered",80,202609360,"1.000000000000000,1.414213562373095,2.000000000000000,2.236067977499790","KW",1000,15.3,15.3,0,0,0,0,0,0
"balanced n, unequal SD",100,"100, 100, 100, 100",1,0,0,"0.00, 0.25, 0.50, 0.75","ordered",81,202609361,"1.000000000000000,1.414213562373095,2.000000000000000,2.236067977499790","F",1000,78.8,84.7,13,72,5.9,0.903330507624975,4.12947220505505,7.67052779494495
"balanced n, unequal SD",100,"100, 100, 100, 100",1,0,0,"0.00, 0.25, 0.50, 0.75","ordered",81,202609361,"1.000000000000000,1.414213562373095,2.000000000000000,2.236067977499790","W",1000,85.3,84.7,6,0,-0.6,0.244335219932982,-1.07889703106864,-0.121102968931355
"balanced n, unequal SD",100,"100, 100, 100, 100",1,0,0,"0.00, 0.25, 0.50, 0.75","ordered",81,202609361,"1.000000000000000,1.414213562373095,2.000000000000000,2.236067977499790","KW",1000,77.5,84.7,12,84,7.2,0.953451136172729,5.33123577310145,9.06876422689855
"balanced n, unequal SD",100,"100, 100, 100, 100",2,0,6,"0.00, 0.25, 0.50, 0.75","ordered",82,202609362,"1.000000000000000,1.414213562373095,2.000000000000000,2.236067977499790","F",1000,78.2,95.5,0,173,17.3,1.196721413756,14.9544260290382,19.6455739709617
"balanced n, unequal SD",100,"100, 100, 100, 100",2,0,6,"0.00, 0.25, 0.50, 0.75","ordered",82,202609362,"1.000000000000000,1.414213562373095,2.000000000000000,2.236067977499790","W",1000,85.3,95.5,2,104,10.2,0.978221302628861,8.28268624684743,12.1173137531526
"balanced n, unequal SD",100,"100, 100, 100, 100",2,0,6,"0.00, 0.25, 0.50, 0.75","ordered",82,202609362,"1.000000000000000,1.414213562373095,2.000000000000000,2.236067977499790","KW",1000,95.5,95.5,0,0,0,0,0,0
"balanced n, unequal SD",100,"100, 100, 100, 100",3,0.5,1,"0.00, 0.25, 0.50, 0.75","ordered",83,202609363,"1.000000000000000,1.414213562373095,2.000000000000000,2.236067977499790","F",1000,78.1,71.1,99,29,-7,1.11005956247053,-9.17571674244224,-4.82428325755777
"balanced n, unequal SD",100,"100, 100, 100, 100",3,0.5,1,"0.00, 0.25, 0.50, 0.75","ordered",83,202609363,"1.000000000000000,1.414213562373095,2.000000000000000,2.236067977499790","W",1000,84.3,71.1,135,3,-13.2,1.09862048359157,-15.3532961478395,-11.0467038521605
"balanced n, unequal SD",100,"100, 100, 100, 100",3,0.5,1,"0.00, 0.25, 0.50, 0.75","ordered",83,202609363,"1.000000000000000,1.414213562373095,2.000000000000000,2.236067977499790","KW",1000,66.5,71.1,1,47,4.6,0.677716238037206,3.27167617344708,5.92832382655292
"balanced n, unequal SD",100,"100, 100, 100, 100",4,1,1.6,"0.00, 0.25, 0.50, 0.75","ordered",84,202609364,"1.000000000000000,1.414213562373095,2.000000000000000,2.236067977499790","F",1000,76.6,41.9,350,3,-34.7,1.52585655886726,-37.6906788553798,-31.7093211446202
"balanced n, unequal SD",100,"100, 100, 100, 100",4,1,1.6,"0.00, 0.25, 0.50, 0.75","ordered",84,202609364,"1.000000000000000,1.414213562373095,2.000000000000000,2.236067977499790","W",1000,83.4,41.9,416,1,-41.5,1.56531153455158,-44.5680106077211,-38.4319893922789
"balanced n, unequal SD",100,"100, 100, 100, 100",4,1,1.6,"0.00, 0.25, 0.50, 0.75","ordered",84,202609364,"1.000000000000000,1.414213562373095,2.000000000000000,2.236067977499790","KW",1000,41.9,41.9,0,0,0,0,0,0
"balanced n, unequal SD",100,"100, 100, 100, 100",5,2,6.6,"0.00, 0.25, 0.50, 0.75","ordered",85,202609365,"1.000000000000000,1.414213562373095,2.000000000000000,2.236067977499790","F",1000,78.7,23.6,552,1,-55.1,1.58002736890425,-58.1968536430523,-52.0031463569477
"balanced n, unequal SD",100,"100, 100, 100, 100",5,2,6.6,"0.00, 0.25, 0.50, 0.75","ordered",85,202609365,"1.000000000000000,1.414213562373095,2.000000000000000,2.236067977499790","W",1000,84.1,23.6,605,0,-60.5,1.54665514648293,-63.5314440871066,-57.4685559128934
"balanced n, unequal SD",100,"100, 100, 100, 100",5,2,6.6,"0.00, 0.25, 0.50, 0.75","ordered",85,202609365,"1.000000000000000,1.414213562373095,2.000000000000000,2.236067977499790","KW",1000,23.6,23.6,0,0,0,0,0,0
"balanced n, unequal SD",200,"200, 200, 200, 200",1,0,0,"0.00, 0.25, 0.50, 0.75","ordered",86,202609366,"1.000000000000000,1.414213562373095,2.000000000000000,2.236067977499790","F",1000,98.1,99.5,0,14,1.4,0.371723254825657,0.671422420541713,2.12857757945829
"balanced n, unequal SD",200,"200, 200, 200, 200",1,0,0,"0.00, 0.25, 0.50, 0.75","ordered",86,202609366,"1.000000000000000,1.414213562373095,2.000000000000000,2.236067977499790","W",1000,99.5,99.5,0,0,0,0,0,0
"balanced n, unequal SD",200,"200, 200, 200, 200",1,0,0,"0.00, 0.25, 0.50, 0.75","ordered",86,202609366,"1.000000000000000,1.414213562373095,2.000000000000000,2.236067977499790","KW",1000,98.7,99.5,1,9,0.8,0.315371938287889,0.181871000955738,1.41812899904426
"balanced n, unequal SD",200,"200, 200, 200, 200",2,0,6,"0.00, 0.25, 0.50, 0.75","ordered",87,202609367,"1.000000000000000,1.414213562373095,2.000000000000000,2.236067977499790","F",1000,97.7,100,0,23,2.3,0.474273059465681,1.37042480344727,3.22957519655273
"balanced n, unequal SD",200,"200, 200, 200, 200",2,0,6,"0.00, 0.25, 0.50, 0.75","ordered",87,202609367,"1.000000000000000,1.414213562373095,2.000000000000000,2.236067977499790","W",1000,99.6,100,0,4,0.4,0.199699473909873,0.00858903113664905,0.791410968863351
"balanced n, unequal SD",200,"200, 200, 200, 200",2,0,6,"0.00, 0.25, 0.50, 0.75","ordered",87,202609367,"1.000000000000000,1.414213562373095,2.000000000000000,2.236067977499790","KW",1000,100,100,0,0,0,0,0,0
"balanced n, unequal SD",200,"200, 200, 200, 200",3,0.5,1,"0.00, 0.25, 0.50, 0.75","ordered",88,202609368,"1.000000000000000,1.414213562373095,2.000000000000000,2.236067977499790","F",1000,98.6,94.8,38,0,-3.8,0.604918115058494,-4.98563950551465,-2.61436049448535
"balanced n, unequal SD",200,"200, 200, 200, 200",3,0.5,1,"0.00, 0.25, 0.50, 0.75","ordered",88,202609368,"1.000000000000000,1.414213562373095,2.000000000000000,2.236067977499790","W",1000,99.4,94.8,46,0,-4.6,0.662781471738072,-5.89905168460662,-3.30094831539338
"balanced n, unequal SD",200,"200, 200, 200, 200",3,0.5,1,"0.00, 0.25, 0.50, 0.75","ordered",88,202609368,"1.000000000000000,1.414213562373095,2.000000000000000,2.236067977499790","KW",1000,94.4,94.8,0,4,0.4,0.199699473909873,0.00858903113664905,0.791410968863351
"balanced n, unequal SD",200,"200, 200, 200, 200",4,1,1.6,"0.00, 0.25, 0.50, 0.75","ordered",89,202609369,"1.000000000000000,1.414213562373095,2.000000000000000,2.236067977499790","F",1000,99,73.8,252,0,-25.2,1.37362543906512,-27.8923058605676,-22.5076941394324
"balanced n, unequal SD",200,"200, 200, 200, 200",4,1,1.6,"0.00, 0.25, 0.50, 0.75","ordered",89,202609369,"1.000000000000000,1.414213562373095,2.000000000000000,2.236067977499790","W",1000,99.3,73.8,255,0,-25.5,1.37900386208728,-28.2028475696911,-22.7971524303089
"balanced n, unequal SD",200,"200, 200, 200, 200",4,1,1.6,"0.00, 0.25, 0.50, 0.75","ordered",89,202609369,"1.000000000000000,1.414213562373095,2.000000000000000,2.236067977499790","KW",1000,73.8,73.8,0,0,0,0,0,0
"balanced n, unequal SD",200,"200, 200, 200, 200",5,2,6.6,"0.00, 0.25, 0.50, 0.75","ordered",90,202609370,"1.000000000000000,1.414213562373095,2.000000000000000,2.236067977499790","F",1000,98.4,44.6,538,0,-53.8,1.57735476290151,-56.891615335287,-50.708384664713
"balanced n, unequal SD",200,"200, 200, 200, 200",5,2,6.6,"0.00, 0.25, 0.50, 0.75","ordered",90,202609370,"1.000000000000000,1.414213562373095,2.000000000000000,2.236067977499790","W",1000,99.3,44.6,547,0,-54.7,1.57492551899776,-57.7868540172356,-51.6131459827644
"balanced n, unequal SD",200,"200, 200, 200, 200",5,2,6.6,"0.00, 0.25, 0.50, 0.75","ordered",90,202609370,"1.000000000000000,1.414213562373095,2.000000000000000,2.236067977499790","KW",1000,44.6,44.6,0,0,0,0,0,0
"unbalanced n, larger n with larger SD",10,"5, 8, 12, 15",1,0,0,"0.00, 0.25, 0.50, 0.75","ordered",91,202609371,"1.000000000000000,1.414213562373095,2.000000000000000,2.236067977499790","F",1000,4.4,8.4,2,42,4,0.651478644641887,2.7231018565019,5.2768981434981
"unbalanced n, larger n with larger SD",10,"5, 8, 12, 15",1,0,0,"0.00, 0.25, 0.50, 0.75","ordered",91,202609371,"1.000000000000000,1.414213562373095,2.000000000000000,2.236067977499790","W",1000,13.7,8.4,62,9,-5.3,0.826191619778721,-6.91933557476629,-3.68066442523371
"unbalanced n, larger n with larger SD",10,"5, 8, 12, 15",1,0,0,"0.00, 0.25, 0.50, 0.75","ordered",91,202609371,"1.000000000000000,1.414213562373095,2.000000000000000,2.236067977499790","KW",1000,4.7,8.4,8,45,3.7,0.718906688539492,2.2909428904626,5.1090571095374
"unbalanced n, larger n with larger SD",10,"5, 8, 12, 15",2,0,6,"0.00, 0.25, 0.50, 0.75","ordered",92,202609372,"1.000000000000000,1.414213562373095,2.000000000000000,2.236067977499790","F",1000,7.4,10.3,5,34,2.9,0.618038811056376,1.6886439303295,4.1113560696705
"unbalanced n, larger n with larger SD",10,"5, 8, 12, 15",2,0,6,"0.00, 0.25, 0.50, 0.75","ordered",92,202609372,"1.000000000000000,1.414213562373095,2.000000000000000,2.236067977499790","W",1000,12.8,10.3,50,25,-2.5,0.862840943914051,-4.19116825007154,-0.80883174992846
"unbalanced n, larger n with larger SD",10,"5, 8, 12, 15",2,0,6,"0.00, 0.25, 0.50, 0.75","ordered",92,202609372,"1.000000000000000,1.414213562373095,2.000000000000000,2.236067977499790","KW",1000,8.8,10.3,7,22,1.5,0.536691753279329,0.448084163572515,2.55191583642749
"unbalanced n, larger n with larger SD",10,"5, 8, 12, 15",3,0.5,1,"0.00, 0.25, 0.50, 0.75","ordered",93,202609373,"1.000000000000000,1.414213562373095,2.000000000000000,2.236067977499790","F",1000,4.4,7.8,2,36,3.4,0.607296310550968,2.2096992313201,4.5903007686799
"unbalanced n, larger n with larger SD",10,"5, 8, 12, 15",3,0.5,1,"0.00, 0.25, 0.50, 0.75","ordered",93,202609373,"1.000000000000000,1.414213562373095,2.000000000000000,2.236067977499790","W",1000,11.2,7.8,40,6,-3.4,0.669991708074734,-4.71318374782648,-2.08681625217352
"unbalanced n, larger n with larger SD",10,"5, 8, 12, 15",3,0.5,1,"0.00, 0.25, 0.50, 0.75","ordered",93,202609373,"1.000000000000000,1.414213562373095,2.000000000000000,2.236067977499790","KW",1000,4.9,7.8,7,36,2.9,0.649624516172241,1.62673594830241,4.17326405169759
"unbalanced n, larger n with larger SD",10,"5, 8, 12, 15",4,1,1.6,"0.00, 0.25, 0.50, 0.75","ordered",94,202609374,"1.000000000000000,1.414213562373095,2.000000000000000,2.236067977499790","F",1000,4.3,8.2,6,45,3.9,0.703765078193907,2.52062044673994,5.27937955326006
"unbalanced n, larger n with larger SD",10,"5, 8, 12, 15",4,1,1.6,"0.00, 0.25, 0.50, 0.75","ordered",94,202609374,"1.000000000000000,1.414213562373095,2.000000000000000,2.236067977499790","W",1000,12.9,8.2,56,9,-4.7,0.792804224596806,-6.25389628020974,-3.14610371979026
"unbalanced n, larger n with larger SD",10,"5, 8, 12, 15",4,1,1.6,"0.00, 0.25, 0.50, 0.75","ordered",94,202609374,"1.000000000000000,1.414213562373095,2.000000000000000,2.236067977499790","KW",1000,4.7,8.2,6,41,3.5,0.676910783049145,2.17325486522368,4.82674513477632
"unbalanced n, larger n with larger SD",10,"5, 8, 12, 15",5,2,6.6,"0.00, 0.25, 0.50, 0.75","ordered",95,202609375,"1.000000000000000,1.414213562373095,2.000000000000000,2.236067977499790","F",1000,3.9,7.6,11,48,3.7,0.759530701740803,2.21131982458803,5.18868017541197
"unbalanced n, larger n with larger SD",10,"5, 8, 12, 15",5,2,6.6,"0.00, 0.25, 0.50, 0.75","ordered",95,202609375,"1.000000000000000,1.414213562373095,2.000000000000000,2.236067977499790","W",1000,14.5,7.6,84,15,-6.9,0.971253485622235,-8.80365683181958,-4.99634316818042
"unbalanced n, larger n with larger SD",10,"5, 8, 12, 15",5,2,6.6,"0.00, 0.25, 0.50, 0.75","ordered",95,202609375,"1.000000000000000,1.414213562373095,2.000000000000000,2.236067977499790","KW",1000,4.8,7.6,3,31,2.8,0.576621619862185,1.66982162507012,3.93017837492988
"unbalanced n, larger n with larger SD",20,"10, 16, 24, 30",1,0,0,"0.00, 0.25, 0.50, 0.75","ordered",96,202609376,"1.000000000000000,1.414213562373095,2.000000000000000,2.236067977499790","F",1000,9.7,17.5,10,88,7.8,0.959208048381627,5.91995222517201,9.68004777482799
"unbalanced n, larger n with larger SD",20,"10, 16, 24, 30",1,0,0,"0.00, 0.25, 0.50, 0.75","ordered",96,202609376,"1.000000000000000,1.414213562373095,2.000000000000000,2.236067977499790","W",1000,18.7,17.5,19,7,-1.2,0.508742389445598,-2.19713508331337,-0.202864916686627
"unbalanced n, larger n with larger SD",20,"10, 16, 24, 30",1,0,0,"0.00, 0.25, 0.50, 0.75","ordered",96,202609376,"1.000000000000000,1.414213562373095,2.000000000000000,2.236067977499790","KW",1000,10.8,17.5,12,79,6.7,0.930578301904785,4.87606652826662,8.52393347173338
"unbalanced n, larger n with larger SD",20,"10, 16, 24, 30",2,0,6,"0.00, 0.25, 0.50, 0.75","ordered",97,202609377,"1.000000000000000,1.414213562373095,2.000000000000000,2.236067977499790","F",1000,8.9,20.9,5,125,12,1.07571239518616,9.89160370543513,14.1083962945649
"unbalanced n, larger n with larger SD",20,"10, 16, 24, 30",2,0,6,"0.00, 0.25, 0.50, 0.75","ordered",97,202609377,"1.000000000000000,1.414213562373095,2.000000000000000,2.236067977499790","W",1000,22.1,20.9,57,45,-1.2,1.00974233326111,-3.17909497319178,0.779094973191782
"unbalanced n, larger n with larger SD",20,"10, 16, 24, 30",2,0,6,"0.00, 0.25, 0.50, 0.75","ordered",97,202609377,"1.000000000000000,1.414213562373095,2.000000000000000,2.236067977499790","KW",1000,18.8,20.9,8,29,2.1,0.604942936115427,0.914311845213764,3.28568815478624
"unbalanced n, larger n with larger SD",20,"10, 16, 24, 30",3,0.5,1,"0.00, 0.25, 0.50, 0.75","ordered",98,202609378,"1.000000000000000,1.414213562373095,2.000000000000000,2.236067977499790","F",1000,8.1,17.2,7,98,9.1,0.983950282360921,7.17145744657259,11.0285425534274
"unbalanced n, larger n with larger SD",20,"10, 16, 24, 30",3,0.5,1,"0.00, 0.25, 0.50, 0.75","ordered",98,202609378,"1.000000000000000,1.414213562373095,2.000000000000000,2.236067977499790","W",1000,20.7,17.2,45,10,-3.5,0.733681326113922,-4.93801539918329,-2.06198460081671
"unbalanced n, larger n with larger SD",20,"10, 16, 24, 30",3,0.5,1,"0.00, 0.25, 0.50, 0.75","ordered",98,202609378,"1.000000000000000,1.414213562373095,2.000000000000000,2.236067977499790","KW",1000,9.8,17.2,8,82,7.4,0.919829378790489,5.59713441757064,9.20286558242936
"unbalanced n, larger n with larger SD",20,"10, 16, 24, 30",4,1,1.6,"0.00, 0.25, 0.50, 0.75","ordered",99,202609379,"1.000000000000000,1.414213562373095,2.000000000000000,2.236067977499790","F",1000,7.6,13.9,14,77,6.3,0.933370870116037,4.47059309457257,8.12940690542743
"unbalanced n, larger n with larger SD",20,"10, 16, 24, 30",4,1,1.6,"0.00, 0.25, 0.50, 0.75","ordered",99,202609379,"1.000000000000000,1.414213562373095,2.000000000000000,2.236067977499790","W",1000,21.3,13.9,80,6,-7.4,0.897800671667191,-9.15968931646769,-5.64031068353231
"unbalanced n, larger n with larger SD",20,"10, 16, 24, 30",4,1,1.6,"0.00, 0.25, 0.50, 0.75","ordered",99,202609379,"1.000000000000000,1.414213562373095,2.000000000000000,2.236067977499790","KW",1000,6.9,13.9,2,72,7,0.83168004165766,5.36990711835099,8.63009288164901
"unbalanced n, larger n with larger SD",20,"10, 16, 24, 30",5,2,6.6,"0.00, 0.25, 0.50, 0.75","ordered",100,202609380,"1.000000000000000,1.414213562373095,2.000000000000000,2.236067977499790","F",1000,7.9,5.6,41,18,-2.3,0.765045943257853,-3.79949004878539,-0.800509951214609
"unbalanced n, larger n with larger SD",20,"10, 16, 24, 30",5,2,6.6,"0.00, 0.25, 0.50, 0.75","ordered",100,202609380,"1.000000000000000,1.414213562373095,2.000000000000000,2.236067977499790","W",1000,23.9,5.6,187,4,-18.3,1.25566185204724,-20.7610972300126,-15.8389027699874
"unbalanced n, larger n with larger SD",20,"10, 16, 24, 30",5,2,6.6,"0.00, 0.25, 0.50, 0.75","ordered",100,202609380,"1.000000000000000,1.414213562373095,2.000000000000000,2.236067977499790","KW",1000,4.7,5.6,0,9,0.9,0.298796384314267,0.314359086744036,1.48564091325596
"unbalanced n, larger n with larger SD",30,"15, 24, 36, 45",1,0,0,"0.00, 0.25, 0.50, 0.75","ordered",101,202609381,"1.000000000000000,1.414213562373095,2.000000000000000,2.236067977499790","F",1000,14.9,28.8,10,149,13.9,1.18245007851841,11.5823978461039,16.2176021538961
"unbalanced n, larger n with larger SD",30,"15, 24, 36, 45",1,0,0,"0.00, 0.25, 0.50, 0.75","ordered",101,202609381,"1.000000000000000,1.414213562373095,2.000000000000000,2.236067977499790","W",1000,31,28.8,26,4,-2.2,0.543558143583055,-3.26537396142279,-1.13462603857721
"unbalanced n, larger n with larger SD",30,"15, 24, 36, 45",1,0,0,"0.00, 0.25, 0.50, 0.75","ordered",101,202609381,"1.000000000000000,1.414213562373095,2.000000000000000,2.236067977499790","KW",1000,18.2,28.8,19,125,10.6,1.15280916415899,8.34049403824838,12.8595059617516
"unbalanced n, larger n with larger SD",30,"15, 24, 36, 45",2,0,6,"0.00, 0.25, 0.50, 0.75","ordered",102,202609382,"1.000000000000000,1.414213562373095,2.000000000000000,2.236067977499790","F",1000,15.5,31.8,10,173,16.3,1.25134962175879,13.8473547413528,18.7526452586472
"unbalanced n, larger n with larger SD",30,"15, 24, 36, 45",2,0,6,"0.00, 0.25, 0.50, 0.75","ordered",102,202609382,"1.000000000000000,1.414213562373095,2.000000000000000,2.236067977499790","W",1000,33.1,31.8,65,52,-1.3,1.08142474517623,-3.41959250054541,0.819592500545412
"unbalanced n, larger n with larger SD",30,"15, 24, 36, 45",2,0,6,"0.00, 0.25, 0.50, 0.75","ordered",102,202609382,"1.000000000000000,1.414213562373095,2.000000000000000,2.236067977499790","KW",1000,31.2,31.8,7,13,0.6,0.447034495134144,-0.276187610462922,1.47618761046292
"unbalanced n, larger n with larger SD",30,"15, 24, 36, 45",3,0.5,1,"0.00, 0.25, 0.50, 0.75","ordered",103,202609383,"1.000000000000000,1.414213562373095,2.000000000000000,2.236067977499790","F",1000,12.2,24.7,6,131,12.5,1.10225449192324,10.3395811958304,14.6604188041696
"unbalanced n, larger n with larger SD",30,"15, 24, 36, 45",3,0.5,1,"0.00, 0.25, 0.50, 0.75","ordered",103,202609383,"1.000000000000000,1.414213562373095,2.000000000000000,2.236067977499790","W",1000,30.9,24.7,66,4,-6.2,0.813770374382251,-7.79498993378921,-4.60501006621079
"unbalanced n, larger n with larger SD",30,"15, 24, 36, 45",3,0.5,1,"0.00, 0.25, 0.50, 0.75","ordered",103,202609383,"1.000000000000000,1.414213562373095,2.000000000000000,2.236067977499790","KW",1000,13.7,24.7,10,120,11,1.0863609806046,8.87073247801498,13.129267521985
"unbalanced n, larger n with larger SD",30,"15, 24, 36, 45",4,1,1.6,"0.00, 0.25, 0.50, 0.75","ordered",104,202609384,"1.000000000000000,1.414213562373095,2.000000000000000,2.236067977499790","F",1000,13.1,17.2,33,74,4.1,1.02676396715324,2.08754262437966,6.11245737562035
"unbalanced n, larger n with larger SD",30,"15, 24, 36, 45",4,1,1.6,"0.00, 0.25, 0.50, 0.75","ordered",104,202609384,"1.000000000000000,1.414213562373095,2.000000000000000,2.236067977499790","W",1000,31,17.2,143,5,-13.8,1.13615617361823,-16.0268661002917,-11.5731338997083
"unbalanced n, larger n with larger SD",30,"15, 24, 36, 45",4,1,1.6,"0.00, 0.25, 0.50, 0.75","ordered",104,202609384,"1.000000000000000,1.414213562373095,2.000000000000000,2.236067977499790","KW",1000,10.4,17.2,1,69,6.8,0.808958845933718,5.21444066196991,8.38555933803009
"unbalanced n, larger n with larger SD",30,"15, 24, 36, 45",5,2,6.6,"0.00, 0.25, 0.50, 0.75","ordered",105,202609385,"1.000000000000000,1.414213562373095,2.000000000000000,2.236067977499790","F",1000,9.9,5.1,58,10,-4.8,0.810936259898163,-6.3894350694004,-3.2105649305996
"unbalanced n, larger n with larger SD",30,"15, 24, 36, 45",5,2,6.6,"0.00, 0.25, 0.50, 0.75","ordered",105,202609385,"1.000000000000000,1.414213562373095,2.000000000000000,2.236067977499790","W",1000,31.9,5.1,274,6,-26.8,1.44355250816998,-29.6293629160132,-23.9706370839868
"unbalanced n, larger n with larger SD",30,"15, 24, 36, 45",5,2,6.6,"0.00, 0.25, 0.50, 0.75","ordered",105,202609385,"1.000000000000000,1.414213562373095,2.000000000000000,2.236067977499790","KW",1000,5.1,5.1,0,0,0,0,0,0
"unbalanced n, larger n with larger SD",50,"25, 40, 60, 75",1,0,0,"0.00, 0.25, 0.50, 0.75","ordered",106,202609386,"1.000000000000000,1.414213562373095,2.000000000000000,2.236067977499790","F",1000,25.4,47.3,6,225,21.9,1.35359603361645,19.2469517741117,24.5530482258882
"unbalanced n, larger n with larger SD",50,"25, 40, 60, 75",1,0,0,"0.00, 0.25, 0.50, 0.75","ordered",106,202609386,"1.000000000000000,1.414213562373095,2.000000000000000,2.236067977499790","W",1000,48.3,47.3,10,0,-1,0.314800093867678,-1.61700818398065,-0.382991816019352
"unbalanced n, larger n with larger SD",50,"25, 40, 60, 75",1,0,0,"0.00, 0.25, 0.50, 0.75","ordered",106,202609386,"1.000000000000000,1.414213562373095,2.000000000000000,2.236067977499790","KW",1000,29,47.3,8,191,18.3,1.28715452326703,15.7771771343966,20.8228228656034
"unbalanced n, larger n with larger SD",50,"25, 40, 60, 75",2,0,6,"0.00, 0.25, 0.50, 0.75","ordered",107,202609387,"1.000000000000000,1.414213562373095,2.000000000000000,2.236067977499790","F",1000,27.9,56.1,5,287,28.2,1.45838502696883,25.3415653471411,31.0584346528589
"unbalanced n, larger n with larger SD",50,"25, 40, 60, 75",2,0,6,"0.00, 0.25, 0.50, 0.75","ordered",107,202609387,"1.000000000000000,1.414213562373095,2.000000000000000,2.236067977499790","W",1000,53,56.1,60,91,3.1,1.2255169896382,0.69798670030912,5.50201329969088
"unbalanced n, larger n with larger SD",50,"25, 40, 60, 75",2,0,6,"0.00, 0.25, 0.50, 0.75","ordered",107,202609387,"1.000000000000000,1.414213562373095,2.000000000000000,2.236067977499790","KW",1000,55,56.1,0,11,1.1,0.329998331660782,0.453203269944868,1.74679673005513
"unbalanced n, larger n with larger SD",50,"25, 40, 60, 75",3,0.5,1,"0.00, 0.25, 0.50, 0.75","ordered",108,202609388,"1.000000000000000,1.414213562373095,2.000000000000000,2.236067977499790","F",1000,28.3,41.8,30,165,13.5,1.33023288168633,10.8927435518948,16.1072564481052
"unbalanced n, larger n with larger SD",50,"25, 40, 60, 75",3,0.5,1,"0.00, 0.25, 0.50, 0.75","ordered",108,202609388,"1.000000000000000,1.414213562373095,2.000000000000000,2.236067977499790","W",1000,52.1,41.8,106,3,-10.3,0.99241870946436,-12.2451406705501,-8.35485932944985
"unbalanced n, larger n with larger SD",50,"25, 40, 60, 75",3,0.5,1,"0.00, 0.25, 0.50, 0.75","ordered",108,202609388,"1.000000000000000,1.414213562373095,2.000000000000000,2.236067977499790","KW",1000,29.2,41.8,4,130,12.6,1.08739248775336,10.4687107240034,14.7312892759966
"unbalanced n, larger n with larger SD",50,"25, 40, 60, 75",4,1,1.6,"0.00, 0.25, 0.50, 0.75","ordered",109,202609389,"1.000000000000000,1.414213562373095,2.000000000000000,2.236067977499790","F",1000,26.7,17.6,116,25,-9.1,1.1526137768214,-11.35912300257,-6.84087699743005
"unbalanced n, larger n with larger SD",50,"25, 40, 60, 75",4,1,1.6,"0.00, 0.25, 0.50, 0.75","ordered",109,202609389,"1.000000000000000,1.414213562373095,2.000000000000000,2.236067977499790","W",1000,50.7,17.6,331,0,-33.1,1.48882725882039,-36.018101427288,-30.181898572712
"unbalanced n, larger n with larger SD",50,"25, 40, 60, 75",4,1,1.6,"0.00, 0.25, 0.50, 0.75","ordered",109,202609389,"1.000000000000000,1.414213562373095,2.000000000000000,2.236067977499790","KW",1000,14.4,17.6,0,32,3.2,0.556839357508133,2.10859485928406,4.29140514071594
"unbalanced n, larger n with larger SD",50,"25, 40, 60, 75",5,2,6.6,"0.00, 0.25, 0.50, 0.75","ordered",110,202609390,"1.000000000000000,1.414213562373095,2.000000000000000,2.236067977499790","F",1000,24.2,10,152,10,-14.2,1.1915451228467,-16.5354284407795,-11.8645715592205
"unbalanced n, larger n with larger SD",50,"25, 40, 60, 75",5,2,6.6,"0.00, 0.25, 0.50, 0.75","ordered",110,202609390,"1.000000000000000,1.414213562373095,2.000000000000000,2.236067977499790","W",1000,53.3,10,438,5,-43.3,1.59927098006176,-46.434571120921,-40.165428879079
"unbalanced n, larger n with larger SD",50,"25, 40, 60, 75",5,2,6.6,"0.00, 0.25, 0.50, 0.75","ordered",110,202609390,"1.000000000000000,1.414213562373095,2.000000000000000,2.236067977499790","KW",1000,10,10,0,0,0,0,0,0
"unbalanced n, larger n with larger SD",100,"50, 80, 120, 150",1,0,0,"0.00, 0.25, 0.50, 0.75","ordered",111,202609391,"1.000000000000000,1.414213562373095,2.000000000000000,2.236067977499790","F",1000,57.3,81,3,240,23.7,1.36754531192944,21.0196111886183,26.3803888113817
"unbalanced n, larger n with larger SD",100,"50, 80, 120, 150",1,0,0,"0.00, 0.25, 0.50, 0.75","ordered",111,202609391,"1.000000000000000,1.414213562373095,2.000000000000000,2.236067977499790","W",1000,81.7,81,7,0,-0.7,0.263779414624379,-1.21700765266378,-0.182992347336218
"unbalanced n, larger n with larger SD",100,"50, 80, 120, 150",1,0,0,"0.00, 0.25, 0.50, 0.75","ordered",111,202609391,"1.000000000000000,1.414213562373095,2.000000000000000,2.236067977499790","KW",1000,66.3,81,10,157,14.7,1.2063852474916,12.3354849149165,17.0645150850835
"unbalanced n, larger n with larger SD",100,"50, 80, 120, 150",2,0,6,"0.00, 0.25, 0.50, 0.75","ordered",112,202609392,"1.000000000000000,1.414213562373095,2.000000000000000,2.236067977499790","F",1000,60.1,92,2,321,31.9,1.48815476500418,28.9832166605918,34.8167833394082
"unbalanced n, larger n with larger SD",100,"50, 80, 120, 150",2,0,6,"0.00, 0.25, 0.50, 0.75","ordered",112,202609392,"1.000000000000000,1.414213562373095,2.000000000000000,2.236067977499790","W",1000,82.3,92,14,111,9.7,1.07567051975365,7.59168578128285,11.8083142187172
"unbalanced n, larger n with larger SD",100,"50, 80, 120, 150",2,0,6,"0.00, 0.25, 0.50, 0.75","ordered",112,202609392,"1.000000000000000,1.414213562373095,2.000000000000000,2.236067977499790","KW",1000,92,92,0,0,0,0,0,0
"unbalanced n, larger n with larger SD",100,"50, 80, 120, 150",3,0.5,1,"0.00, 0.25, 0.50, 0.75","ordered",113,202609393,"1.000000000000000,1.414213562373095,2.000000000000000,2.236067977499790","F",1000,59.4,62.8,66,100,3.4,1.28455832490786,0.88226568318059,5.91773431681941
"unbalanced n, larger n with larger SD",100,"50, 80, 120, 150",3,0.5,1,"0.00, 0.25, 0.50, 0.75","ordered",113,202609393,"1.000000000000000,1.414213562373095,2.000000000000000,2.236067977499790","W",1000,85.6,62.8,228,0,-22.8,1.32737407008045,-25.4016531773577,-20.1983468226423
"unbalanced n, larger n with larger SD",100,"50, 80, 120, 150",3,0.5,1,"0.00, 0.25, 0.50, 0.75","ordered",113,202609393,"1.000000000000000,1.414213562373095,2.000000000000000,2.236067977499790","KW",1000,55.2,62.8,0,76,7.6,0.838416926679638,5.95670282370791,9.24329717629209
"unbalanced n, larger n with larger SD",100,"50, 80, 120, 150",4,1,1.6,"0.00, 0.25, 0.50, 0.75","ordered",114,202609394,"1.000000000000000,1.414213562373095,2.000000000000000,2.236067977499790","F",1000,59.1,31.5,278,2,-27.6,1.42838380006226,-30.399632248122,-24.800367751878
"unbalanced n, larger n with larger SD",100,"50, 80, 120, 150",4,1,1.6,"0.00, 0.25, 0.50, 0.75","ordered",114,202609394,"1.000000000000000,1.414213562373095,2.000000000000000,2.236067977499790","W",1000,82.8,31.5,513,0,-51.3,1.58139521018966,-54.3995346119717,-48.2004653880283
"unbalanced n, larger n with larger SD",100,"50, 80, 120, 150",4,1,1.6,"0.00, 0.25, 0.50, 0.75","ordered",114,202609394,"1.000000000000000,1.414213562373095,2.000000000000000,2.236067977499790","KW",1000,31.5,31.5,0,0,0,0,0,0
"unbalanced n, larger n with larger SD",100,"50, 80, 120, 150",5,2,6.6,"0.00, 0.25, 0.50, 0.75","ordered",115,202609395,"1.000000000000000,1.414213562373095,2.000000000000000,2.236067977499790","F",1000,59.6,20.4,394,2,-39.2,1.55749343041496,-42.2526871236133,-36.1473128763867
"unbalanced n, larger n with larger SD",100,"50, 80, 120, 150",5,2,6.6,"0.00, 0.25, 0.50, 0.75","ordered",115,202609395,"1.000000000000000,1.414213562373095,2.000000000000000,2.236067977499790","W",1000,81,20.4,607,1,-60.6,1.552433589578,-63.6427698355729,-57.5572301644271
"unbalanced n, larger n with larger SD",100,"50, 80, 120, 150",5,2,6.6,"0.00, 0.25, 0.50, 0.75","ordered",115,202609395,"1.000000000000000,1.414213562373095,2.000000000000000,2.236067977499790","KW",1000,20.4,20.4,0,0,0,0,0,0
"unbalanced n, larger n with larger SD",200,"100, 160, 240, 300",1,0,0,"0.00, 0.25, 0.50, 0.75","ordered",116,202609396,"1.000000000000000,1.414213562373095,2.000000000000000,2.236067977499790","F",1000,93.8,98.4,0,46,4.6,0.662781471738072,3.30094831539338,5.89905168460662
"unbalanced n, larger n with larger SD",200,"100, 160, 240, 300",1,0,0,"0.00, 0.25, 0.50, 0.75","ordered",116,202609396,"1.000000000000000,1.414213562373095,2.000000000000000,2.236067977499790","W",1000,98.5,98.4,1,0,-0.1,0.100000000000001,-0.296000000000001,0.0960000000000011
"unbalanced n, larger n with larger SD",200,"100, 160, 240, 300",1,0,0,"0.00, 0.25, 0.50, 0.75","ordered",116,202609396,"1.000000000000000,1.414213562373095,2.000000000000000,2.236067977499790","KW",1000,95.9,98.4,0,25,2.5,0.493957481969845,1.5318433353391,3.4681566646609
"unbalanced n, larger n with larger SD",200,"100, 160, 240, 300",2,0,6,"0.00, 0.25, 0.50, 0.75","ordered",117,202609397,"1.000000000000000,1.414213562373095,2.000000000000000,2.236067977499790","F",1000,93.3,99.8,0,65,6.5,0.779973306183201,4.97125231988093,8.02874768011907
"unbalanced n, larger n with larger SD",200,"100, 160, 240, 300",2,0,6,"0.00, 0.25, 0.50, 0.75","ordered",117,202609397,"1.000000000000000,1.414213562373095,2.000000000000000,2.236067977499790","W",1000,99,99.8,0,8,0.8,0.28185003005045,0.247573941101117,1.35242605889888
"unbalanced n, larger n with larger SD",200,"100, 160, 240, 300",2,0,6,"0.00, 0.25, 0.50, 0.75","ordered",117,202609397,"1.000000000000000,1.414213562373095,2.000000000000000,2.236067977499790","KW",1000,99.8,99.8,0,0,0,0,0,0
"unbalanced n, larger n with larger SD",200,"100, 160, 240, 300",3,0.5,1,"0.00, 0.25, 0.50, 0.75","ordered",118,202609398,"1.000000000000000,1.414213562373095,2.000000000000000,2.236067977499790","F",1000,92.3,88.4,54,15,-3.9,0.821867060701091,-5.51085943897414,-2.28914056102586
"unbalanced n, larger n with larger SD",200,"100, 160, 240, 300",3,0.5,1,"0.00, 0.25, 0.50, 0.75","ordered",118,202609398,"1.000000000000000,1.414213562373095,2.000000000000000,2.236067977499790","W",1000,98.9,88.4,105,0,-10.5,0.969892102602496,-12.4009885211009,-8.59901147889911
"unbalanced n, larger n with larger SD",200,"100, 160, 240, 300",3,0.5,1,"0.00, 0.25, 0.50, 0.75","ordered",118,202609398,"1.000000000000000,1.414213562373095,2.000000000000000,2.236067977499790","KW",1000,87.9,88.4,0,5,0.5,0.223158687484488,0.062608972530404,0.937391027469596
"unbalanced n, larger n with larger SD",200,"100, 160, 240, 300",4,1,1.6,"0.00, 0.25, 0.50, 0.75","ordered",119,202609399,"1.000000000000000,1.414213562373095,2.000000000000000,2.236067977499790","F",1000,92.6,60.8,318,0,-31.8,1.47340793093119,-34.6878795446251,-28.9121204553749
"unbalanced n, larger n with larger SD",200,"100, 160, 240, 300",4,1,1.6,"0.00, 0.25, 0.50, 0.75","ordered",119,202609399,"1.000000000000000,1.414213562373095,2.000000000000000,2.236067977499790","W",1000,97.8,60.8,370,0,-37,1.52752523165194,-39.9939494540378,-34.0060505459622
"unbalanced n, larger n with larger SD",200,"100, 160, 240, 300",4,1,1.6,"0.00, 0.25, 0.50, 0.75","ordered",119,202609399,"1.000000000000000,1.414213562373095,2.000000000000000,2.236067977499790","KW",1000,60.8,60.8,0,0,0,0,0,0
"unbalanced n, larger n with larger SD",200,"100, 160, 240, 300",5,2,6.6,"0.00, 0.25, 0.50, 0.75","ordered",120,202609400,"1.000000000000000,1.414213562373095,2.000000000000000,2.236067977499790","F",1000,95.4,40.7,548,1,-54.7,1.58126860792542,-57.7992864715338,-51.6007135284662
"unbalanced n, larger n with larger SD",200,"100, 160, 240, 300",5,2,6.6,"0.00, 0.25, 0.50, 0.75","ordered",120,202609400,"1.000000000000000,1.414213562373095,2.000000000000000,2.236067977499790","W",1000,98.5,40.7,578,0,-57.8,1.56256251126207,-60.8626225220737,-54.7373774779263
"unbalanced n, larger n with larger SD",200,"100, 160, 240, 300",5,2,6.6,"0.00, 0.25, 0.50, 0.75","ordered",120,202609400,"1.000000000000000,1.414213562373095,2.000000000000000,2.236067977499790","KW",1000,40.7,40.7,0,0,0,0,0,0
"unbalanced n, larger n with smaller SD",10,"5, 8, 12, 15",1,0,0,"0.00, 0.25, 0.50, 0.75","ordered",121,202609401,"2.236067977499790,2.000000000000000,1.414213562373095,1.000000000000000","F",1000,18.9,14.5,51,7,-4.4,0.749133633740473,-5.86830192213133,-2.93169807786867
"unbalanced n, larger n with smaller SD",10,"5, 8, 12, 15",1,0,0,"0.00, 0.25, 0.50, 0.75","ordered",121,202609401,"2.236067977499790,2.000000000000000,1.414213562373095,1.000000000000000","W",1000,9.8,14.5,8,55,4.7,0.780075969709696,3.171051099369,6.228948900631
"unbalanced n, larger n with smaller SD",10,"5, 8, 12, 15",1,0,0,"0.00, 0.25, 0.50, 0.75","ordered",121,202609401,"2.236067977499790,2.000000000000000,1.414213562373095,1.000000000000000","KW",1000,13.8,14.5,24,31,0.7,0.741660340088406,-0.753654266573275,2.15365426657328
"unbalanced n, larger n with smaller SD",10,"5, 8, 12, 15",2,0,6,"0.00, 0.25, 0.50, 0.75","ordered",122,202609402,"2.236067977499790,2.000000000000000,1.414213562373095,1.000000000000000","F",1000,20.9,17.4,78,43,-3.5,1.09496527294201,-5.64613193496634,-1.35386806503366
"unbalanced n, larger n with smaller SD",10,"5, 8, 12, 15",2,0,6,"0.00, 0.25, 0.50, 0.75","ordered",122,202609402,"2.236067977499790,2.000000000000000,1.414213562373095,1.000000000000000","W",1000,11.5,17.4,12,71,5.9,0.89218046716232,4.15132628436185,7.64867371563815
"unbalanced n, larger n with smaller SD",10,"5, 8, 12, 15",2,0,6,"0.00, 0.25, 0.50, 0.75","ordered",122,202609402,"2.236067977499790,2.000000000000000,1.414213562373095,1.000000000000000","KW",1000,19.4,17.4,41,21,-2,0.785249397718082,-3.53908881952744,-0.460911180472559
"unbalanced n, larger n with smaller SD",10,"5, 8, 12, 15",3,0.5,1,"0.00, 0.25, 0.50, 0.75","ordered",123,202609403,"2.236067977499790,2.000000000000000,1.414213562373095,1.000000000000000","F",1000,21.6,18.1,56,21,-3.5,0.870923939565627,-5.20701092154863,-1.79298907845137
"unbalanced n, larger n with smaller SD",10,"5, 8, 12, 15",3,0.5,1,"0.00, 0.25, 0.50, 0.75","ordered",123,202609403,"2.236067977499790,2.000000000000000,1.414213562373095,1.000000000000000","W",1000,12.5,18.1,8,64,5.6,0.830258591843121,3.97269315998748,7.22730684001252
"unbalanced n, larger n with smaller SD",10,"5, 8, 12, 15",3,0.5,1,"0.00, 0.25, 0.50, 0.75","ordered",123,202609403,"2.236067977499790,2.000000000000000,1.414213562373095,1.000000000000000","KW",1000,17.2,18.1,26,35,0.9,0.780896792028121,-0.630557712375118,2.43055771237512
"unbalanced n, larger n with smaller SD",10,"5, 8, 12, 15",4,1,1.6,"0.00, 0.25, 0.50, 0.75","ordered",124,202609404,"2.236067977499790,2.000000000000000,1.414213562373095,1.000000000000000","F",1000,22.8,23.9,40,51,1.1,0.953781788303636,-0.769412305075127,2.96941230507513
"unbalanced n, larger n with smaller SD",10,"5, 8, 12, 15",4,1,1.6,"0.00, 0.25, 0.50, 0.75","ordered",124,202609404,"2.236067977499790,2.000000000000000,1.414213562373095,1.000000000000000","W",1000,17.3,23.9,8,74,6.6,0.881599238439567,4.87206549265845,8.32793450734155
"unbalanced n, larger n with smaller SD",10,"5, 8, 12, 15",4,1,1.6,"0.00, 0.25, 0.50, 0.75","ordered",124,202609404,"2.236067977499790,2.000000000000000,1.414213562373095,1.000000000000000","KW",1000,22.2,23.9,19,36,1.7,0.740038956851369,0.249523644571317,3.15047635542868
"unbalanced n, larger n with smaller SD",10,"5, 8, 12, 15",5,2,6.6,"0.00, 0.25, 0.50, 0.75","ordered",125,202609405,"2.236067977499790,2.000000000000000,1.414213562373095,1.000000000000000","F",1000,26.2,36.9,23,130,10.7,1.19034739758061,8.36691910074201,13.033080899258
"unbalanced n, larger n with smaller SD",10,"5, 8, 12, 15",5,2,6.6,"0.00, 0.25, 0.50, 0.75","ordered",125,202609405,"2.236067977499790,2.000000000000000,1.414213562373095,1.000000000000000","W",1000,28.5,36.9,17,101,8.4,1.05382662262374,6.33449981965746,10.4655001803425
"unbalanced n, larger n with smaller SD",10,"5, 8, 12, 15",5,2,6.6,"0.00, 0.25, 0.50, 0.75","ordered",125,202609405,"2.236067977499790,2.000000000000000,1.414213562373095,1.000000000000000","KW",1000,37.8,36.9,19,10,-0.9,0.538032972483549,-1.95454462606776,0.154544626067756
"unbalanced n, larger n with smaller SD",20,"10, 16, 24, 30",1,0,0,"0.00, 0.25, 0.50, 0.75","ordered",126,202609406,"2.236067977499790,2.000000000000000,1.414213562373095,1.000000000000000","F",1000,29.4,19.9,115,20,-9.5,1.12294746582865,-11.7009770330242,-7.29902296697585
"unbalanced n, larger n with smaller SD",20,"10, 16, 24, 30",1,0,0,"0.00, 0.25, 0.50, 0.75","ordered",126,202609406,"2.236067977499790,2.000000000000000,1.414213562373095,1.000000000000000","W",1000,18.2,19.9,2,19,1.7,0.45532111450856,0.807570615563223,2.59242938443678
"unbalanced n, larger n with smaller SD",20,"10, 16, 24, 30",1,0,0,"0.00, 0.25, 0.50, 0.75","ordered",126,202609406,"2.236067977499790,2.000000000000000,1.414213562373095,1.000000000000000","KW",1000,22.1,19.9,47,25,-2.2,0.846094484012204,-3.85834518866392,-0.54165481133608
"unbalanced n, larger n with smaller SD",20,"10, 16, 24, 30",2,0,6,"0.00, 0.25, 0.50, 0.75","ordered",127,202609407,"2.236067977499790,2.000000000000000,1.414213562373095,1.000000000000000","F",1000,27.9,28.2,74,77,0.3,1.2293988048723,-2.10962165754971,2.70962165754971
"unbalanced n, larger n with smaller SD",20,"10, 16, 24, 30",2,0,6,"0.00, 0.25, 0.50, 0.75","ordered",127,202609407,"2.236067977499790,2.000000000000000,1.414213562373095,1.000000000000000","W",1000,18.9,28.2,11,104,9.3,1.03178223214716,7.27770682499156,11.3222931750084
"unbalanced n, larger n with smaller SD",20,"10, 16, 24, 30",2,0,6,"0.00, 0.25, 0.50, 0.75","ordered",127,202609407,"2.236067977499790,2.000000000000000,1.414213562373095,1.000000000000000","KW",1000,30.7,28.2,32,7,-2.5,0.619785554957624,-3.71477968771694,-1.28522031228306
"unbalanced n, larger n with smaller SD",20,"10, 16, 24, 30",3,0.5,1,"0.00, 0.25, 0.50, 0.75","ordered",128,202609408,"2.236067977499790,2.000000000000000,1.414213562373095,1.000000000000000","F",1000,27.7,24.8,76,47,-2.9,1.10580866917057,-5.06738499157432,-0.732615008425677
"unbalanced n, larger n with smaller SD",20,"10, 16, 24, 30",3,0.5,1,"0.00, 0.25, 0.50, 0.75","ordered",128,202609408,"2.236067977499790,2.000000000000000,1.414213562373095,1.000000000000000","W",1000,20.5,24.8,3,46,4.3,0.687009448247971,2.95346148143398,5.64653851856602
"unbalanced n, larger n with smaller SD",20,"10, 16, 24, 30",3,0.5,1,"0.00, 0.25, 0.50, 0.75","ordered",128,202609408,"2.236067977499790,2.000000000000000,1.414213562373095,1.000000000000000","KW",1000,28.7,24.8,59,20,-3.9,0.880662004156844,-5.62609752814742,-2.17390247185259
"unbalanced n, larger n with smaller SD",20,"10, 16, 24, 30",4,1,1.6,"0.00, 0.25, 0.50, 0.75","ordered",129,202609409,"2.236067977499790,2.000000000000000,1.414213562373095,1.000000000000000","F",1000,29.9,35.9,44,104,6,1.20226679461984,3.64355708254511,8.35644291745489
"unbalanced n, larger n with smaller SD",20,"10, 16, 24, 30",4,1,1.6,"0.00, 0.25, 0.50, 0.75","ordered",129,202609409,"2.236067977499790,2.000000000000000,1.414213562373095,1.000000000000000","W",1000,25.4,35.9,5,110,10.5,1.02019154612788,8.50042456958936,12.4995754304106
"unbalanced n, larger n with smaller SD",20,"10, 16, 24, 30",4,1,1.6,"0.00, 0.25, 0.50, 0.75","ordered",129,202609409,"2.236067977499790,2.000000000000000,1.414213562373095,1.000000000000000","KW",1000,38.8,35.9,35,6,-2.9,0.634028384216353,-4.14269563306405,-1.65730436693595
"unbalanced n, larger n with smaller SD",20,"10, 16, 24, 30",5,2,6.6,"0.00, 0.25, 0.50, 0.75","ordered",130,202609410,"2.236067977499790,2.000000000000000,1.414213562373095,1.000000000000000","F",1000,33.7,66.8,8,339,33.1,1.54167660900943,30.0783138463415,36.1216861536585
"unbalanced n, larger n with smaller SD",20,"10, 16, 24, 30",5,2,6.6,"0.00, 0.25, 0.50, 0.75","ordered",130,202609410,"2.236067977499790,2.000000000000000,1.414213562373095,1.000000000000000","W",1000,37.4,66.8,5,299,29.4,1.47574314086761,26.5075434438995,32.2924565561005
"unbalanced n, larger n with smaller SD",20,"10, 16, 24, 30",5,2,6.6,"0.00, 0.25, 0.50, 0.75","ordered",130,202609410,"2.236067977499790,2.000000000000000,1.414213562373095,1.000000000000000","KW",1000,67.2,66.8,5,1,-0.4,0.244744560511362,-0.87969933860227,0.07969933860227
"unbalanced n, larger n with smaller SD",30,"15, 24, 36, 45",1,0,0,"0.00, 0.25, 0.50, 0.75","ordered",131,202609411,"2.236067977499790,2.000000000000000,1.414213562373095,1.000000000000000","F",1000,36,24.5,132,17,-11.5,1.16580835007695,-13.7849843661508,-9.21501563384918
"unbalanced n, larger n with smaller SD",30,"15, 24, 36, 45",1,0,0,"0.00, 0.25, 0.50, 0.75","ordered",131,202609411,"2.236067977499790,2.000000000000000,1.414213562373095,1.000000000000000","W",1000,24.5,24.5,3,3,0,0.245071540697936,-0.480340219767954,0.480340219767954
"unbalanced n, larger n with smaller SD",30,"15, 24, 36, 45",1,0,0,"0.00, 0.25, 0.50, 0.75","ordered",131,202609411,"2.236067977499790,2.000000000000000,1.414213562373095,1.000000000000000","KW",1000,28.5,24.5,69,29,-4,0.982326302694253,-5.92535955328074,-2.07464044671926
"unbalanced n, larger n with smaller SD",30,"15, 24, 36, 45",2,0,6,"0.00, 0.25, 0.50, 0.75","ordered",132,202609412,"2.236067977499790,2.000000000000000,1.414213562373095,1.000000000000000","F",1000,38.1,40.4,71,94,2.3,1.28310418764665,-0.214884207787427,4.81488420778743
"unbalanced n, larger n with smaller SD",30,"15, 24, 36, 45",2,0,6,"0.00, 0.25, 0.50, 0.75","ordered",132,202609412,"2.236067977499790,2.000000000000000,1.414213562373095,1.000000000000000","W",1000,28.7,40.4,11,128,11.7,1.1199840911211,9.50483118140264,13.8951688185974
"unbalanced n, larger n with smaller SD",30,"15, 24, 36, 45",2,0,6,"0.00, 0.25, 0.50, 0.75","ordered",132,202609412,"2.236067977499790,2.000000000000000,1.414213562373095,1.000000000000000","KW",1000,42.5,40.4,25,4,-2.1,0.53467361621448,-3.14796028778038,-1.05203971221962
"unbalanced n, larger n with smaller SD",30,"15, 24, 36, 45",3,0.5,1,"0.00, 0.25, 0.50, 0.75","ordered",133,202609413,"2.236067977499790,2.000000000000000,1.414213562373095,1.000000000000000","F",1000,36.3,34.7,80,64,-1.6,1.19953277524162,-3.95108423947358,0.751084239473576
"unbalanced n, larger n with smaller SD",30,"15, 24, 36, 45",3,0.5,1,"0.00, 0.25, 0.50, 0.75","ordered",133,202609413,"2.236067977499790,2.000000000000000,1.414213562373095,1.000000000000000","W",1000,28.1,34.7,7,73,6.6,0.87017078622372,4.89446525900151,8.30553474099849
"unbalanced n, larger n with smaller SD",30,"15, 24, 36, 45",3,0.5,1,"0.00, 0.25, 0.50, 0.75","ordered",133,202609413,"2.236067977499790,2.000000000000000,1.414213562373095,1.000000000000000","KW",1000,42.3,34.7,91,15,-7.6,1.00162030892111,-9.56317580548538,-5.63682419451462
"unbalanced n, larger n with smaller SD",30,"15, 24, 36, 45",4,1,1.6,"0.00, 0.25, 0.50, 0.75","ordered",134,202609414,"2.236067977499790,2.000000000000000,1.414213562373095,1.000000000000000","F",1000,40.3,50.7,48,152,10.4,1.37612998431607,7.7027852307405,13.0972147692595
"unbalanced n, larger n with smaller SD",30,"15, 24, 36, 45",4,1,1.6,"0.00, 0.25, 0.50, 0.75","ordered",134,202609414,"2.236067977499790,2.000000000000000,1.414213562373095,1.000000000000000","W",1000,31.5,50.7,5,197,19.2,1.28569553666994,16.6800367481269,21.7199632518731
"unbalanced n, larger n with smaller SD",30,"15, 24, 36, 45",4,1,1.6,"0.00, 0.25, 0.50, 0.75","ordered",134,202609414,"2.236067977499790,2.000000000000000,1.414213562373095,1.000000000000000","KW",1000,54.2,50.7,38,3,-3.5,0.630989816200033,-4.73674003975206,-2.26325996024794
"unbalanced n, larger n with smaller SD",30,"15, 24, 36, 45",5,2,6.6,"0.00, 0.25, 0.50, 0.75","ordered",135,202609415,"2.236067977499790,2.000000000000000,1.414213562373095,1.000000000000000","F",1000,43.1,84.4,6,419,41.3,1.59588748251776,38.1720605342652,44.4279394657348
"unbalanced n, larger n with smaller SD",30,"15, 24, 36, 45",5,2,6.6,"0.00, 0.25, 0.50, 0.75","ordered",135,202609415,"2.236067977499790,2.000000000000000,1.414213562373095,1.000000000000000","W",1000,43.6,84.4,2,410,40.8,1.56774290552303,37.7272239051749,43.8727760948251
"unbalanced n, larger n with smaller SD",30,"15, 24, 36, 45",5,2,6.6,"0.00, 0.25, 0.50, 0.75","ordered",135,202609415,"2.236067977499790,2.000000000000000,1.414213562373095,1.000000000000000","KW",1000,84.4,84.4,0,0,0,0,0,0
"unbalanced n, larger n with smaller SD",50,"25, 40, 60, 75",1,0,0,"0.00, 0.25, 0.50, 0.75","ordered",136,202609416,"2.236067977499790,2.000000000000000,1.414213562373095,1.000000000000000","F",1000,50.9,39.6,144,31,-11.3,1.27433666428222,-13.7976998619931,-8.80230013800685
"unbalanced n, larger n with smaller SD",50,"25, 40, 60, 75",1,0,0,"0.00, 0.25, 0.50, 0.75","ordered",136,202609416,"2.236067977499790,2.000000000000000,1.414213562373095,1.000000000000000","W",1000,39.5,39.6,1,2,0.1,0.173262863938066,-0.23959521331861,0.43959521331861
"unbalanced n, larger n with smaller SD",50,"25, 40, 60, 75",1,0,0,"0.00, 0.25, 0.50, 0.75","ordered",136,202609416,"2.236067977499790,2.000000000000000,1.414213562373095,1.000000000000000","KW",1000,44.7,39.6,82,31,-5.1,1.05123503323238,-7.16042066513547,-3.03957933486453
"unbalanced n, larger n with smaller SD",50,"25, 40, 60, 75",2,0,6,"0.00, 0.25, 0.50, 0.75","ordered",137,202609417,"2.236067977499790,2.000000000000000,1.414213562373095,1.000000000000000","F",1000,56,66.5,48,153,10.5,1.37900386208728,7.79715243030893,13.2028475696911
"unbalanced n, larger n with smaller SD",50,"25, 40, 60, 75",2,0,6,"0.00, 0.25, 0.50, 0.75","ordered",137,202609417,"2.236067977499790,2.000000000000000,1.414213562373095,1.000000000000000","W",1000,46.7,66.5,10,208,19.8,1.33781528984751,17.1778820318989,22.4221179681011
"unbalanced n, larger n with smaller SD",50,"25, 40, 60, 75",2,0,6,"0.00, 0.25, 0.50, 0.75","ordered",137,202609417,"2.236067977499790,2.000000000000000,1.414213562373095,1.000000000000000","KW",1000,68,66.5,16,1,-1.5,0.409777888517572,-2.30316466149444,-0.696835338505558
"unbalanced n, larger n with smaller SD",50,"25, 40, 60, 75",3,0.5,1,"0.00, 0.25, 0.50, 0.75","ordered",138,202609418,"2.236067977499790,2.000000000000000,1.414213562373095,1.000000000000000","F",1000,56.1,57.3,73,85,1.2,1.25703625251628,-1.26379105493191,3.66379105493191
"unbalanced n, larger n with smaller SD",50,"25, 40, 60, 75",3,0.5,1,"0.00, 0.25, 0.50, 0.75","ordered",138,202609418,"2.236067977499790,2.000000000000000,1.414213562373095,1.000000000000000","W",1000,48.5,57.3,5,93,8.8,0.950506950770733,6.93700637648936,10.6629936235106
"unbalanced n, larger n with smaller SD",50,"25, 40, 60, 75",3,0.5,1,"0.00, 0.25, 0.50, 0.75","ordered",138,202609418,"2.236067977499790,2.000000000000000,1.414213562373095,1.000000000000000","KW",1000,64.1,57.3,77,9,-6.8,0.902537852156119,-8.56897419022599,-5.03102580977401
"unbalanced n, larger n with smaller SD",50,"25, 40, 60, 75",4,1,1.6,"0.00, 0.25, 0.50, 0.75","ordered",139,202609419,"2.236067977499790,2.000000000000000,1.414213562373095,1.000000000000000","F",1000,53.3,74.8,10,225,21.5,1.37464164044293,18.8057023847319,24.1942976152681
"unbalanced n, larger n with smaller SD",50,"25, 40, 60, 75",4,1,1.6,"0.00, 0.25, 0.50, 0.75","ordered",139,202609419,"2.236067977499790,2.000000000000000,1.414213562373095,1.000000000000000","W",1000,48.6,74.8,2,264,26.2,1.40553745433395,23.4451465895055,28.9548534104946
"unbalanced n, larger n with smaller SD",50,"25, 40, 60, 75",4,1,1.6,"0.00, 0.25, 0.50, 0.75","ordered",139,202609419,"2.236067977499790,2.000000000000000,1.414213562373095,1.000000000000000","KW",1000,76.1,74.8,14,1,-1.3,0.385303073512859,-2.0551940240852,-0.544805975914796
"unbalanced n, larger n with smaller SD",50,"25, 40, 60, 75",5,2,6.6,"0.00, 0.25, 0.50, 0.75","ordered",140,202609420,"2.236067977499790,2.000000000000000,1.414213562373095,1.000000000000000","F",1000,57.6,97.4,2,400,39.8,1.56153719084701,36.7393871059399,42.8606128940601
"unbalanced n, larger n with smaller SD",50,"25, 40, 60, 75",5,2,6.6,"0.00, 0.25, 0.50, 0.75","ordered",140,202609420,"2.236067977499790,2.000000000000000,1.414213562373095,1.000000000000000","W",1000,56,97.4,1,415,41.4,1.56476467511523,38.3330612367741,44.4669387632259
"unbalanced n, larger n with smaller SD",50,"25, 40, 60, 75",5,2,6.6,"0.00, 0.25, 0.50, 0.75","ordered",140,202609420,"2.236067977499790,2.000000000000000,1.414213562373095,1.000000000000000","KW",1000,97.4,97.4,0,0,0,0,0,0
"unbalanced n, larger n with smaller SD",100,"50, 80, 120, 150",1,0,0,"0.00, 0.25, 0.50, 0.75","ordered",141,202609421,"2.236067977499790,2.000000000000000,1.414213562373095,1.000000000000000","F",1000,81.4,75.3,78,17,-6.1,0.955878498400134,-7.97352185686426,-4.22647814313574
"unbalanced n, larger n with smaller SD",100,"50, 80, 120, 150",1,0,0,"0.00, 0.25, 0.50, 0.75","ordered",141,202609421,"2.236067977499790,2.000000000000000,1.414213562373095,1.000000000000000","W",1000,75.3,75.3,2,2,0,0.200100075062555,-0.392196147122607,0.392196147122607
"unbalanced n, larger n with smaller SD",100,"50, 80, 120, 150",1,0,0,"0.00, 0.25, 0.50, 0.75","ordered",141,202609421,"2.236067977499790,2.000000000000000,1.414213562373095,1.000000000000000","KW",1000,74.7,75.3,43,49,0.6,0.959458472556552,-1.28053860621084,2.48053860621084
"unbalanced n, larger n with smaller SD",100,"50, 80, 120, 150",2,0,6,"0.00, 0.25, 0.50, 0.75","ordered",142,202609422,"2.236067977499790,2.000000000000000,1.414213562373095,1.000000000000000","F",1000,80.7,93.9,5,137,13.2,1.11669467940302,11.0112784283701,15.3887215716299
"unbalanced n, larger n with smaller SD",100,"50, 80, 120, 150",2,0,6,"0.00, 0.25, 0.50, 0.75","ordered",142,202609422,"2.236067977499790,2.000000000000000,1.414213562373095,1.000000000000000","W",1000,76.9,93.9,1,171,17,1.19684269326942,14.6541883211919,19.3458116788081
"unbalanced n, larger n with smaller SD",100,"50, 80, 120, 150",2,0,6,"0.00, 0.25, 0.50, 0.75","ordered",142,202609422,"2.236067977499790,2.000000000000000,1.414213562373095,1.000000000000000","KW",1000,93.9,93.9,0,0,0,0,0,0
"unbalanced n, larger n with smaller SD",100,"50, 80, 120, 150",3,0.5,1,"0.00, 0.25, 0.50, 0.75","ordered",143,202609423,"2.236067977499790,2.000000000000000,1.414213562373095,1.000000000000000","F",1000,79.4,87.1,29,106,7.7,1.1366626597201,5.4721411869486,9.9278588130514
"unbalanced n, larger n with smaller SD",100,"50, 80, 120, 150",3,0.5,1,"0.00, 0.25, 0.50, 0.75","ordered",143,202609423,"2.236067977499790,2.000000000000000,1.414213562373095,1.000000000000000","W",1000,75,87.1,3,124,12.1,1.06052567847964,10.0213696701799,14.1786303298201
"unbalanced n, larger n with smaller SD",100,"50, 80, 120, 150",3,0.5,1,"0.00, 0.25, 0.50, 0.75","ordered",143,202609423,"2.236067977499790,2.000000000000000,1.414213562373095,1.000000000000000","KW",1000,90.5,87.1,35,1,-3.4,0.590583430845121,-4.55754352445644,-2.24245647554356
"unbalanced n, larger n with smaller SD",100,"50, 80, 120, 150",4,1,1.6,"0.00, 0.25, 0.50, 0.75","ordered",144,202609424,"2.236067977499790,2.000000000000000,1.414213562373095,1.000000000000000","F",1000,81.5,97.2,1,158,15.7,1.15967877227052,13.4270296063498,17.9729703936502
"unbalanced n, larger n with smaller SD",100,"50, 80, 120, 150",4,1,1.6,"0.00, 0.25, 0.50, 0.75","ordered",144,202609424,"2.236067977499790,2.000000000000000,1.414213562373095,1.000000000000000","W",1000,76.8,97.2,0,204,20.4,1.27493743590244,17.9011226256312,22.8988773743688
"unbalanced n, larger n with smaller SD",100,"50, 80, 120, 150",4,1,1.6,"0.00, 0.25, 0.50, 0.75","ordered",144,202609424,"2.236067977499790,2.000000000000000,1.414213562373095,1.000000000000000","KW",1000,97.2,97.2,0,0,0,0,0,0
"unbalanced n, larger n with smaller SD",100,"50, 80, 120, 150",5,2,6.6,"0.00, 0.25, 0.50, 0.75","ordered",145,202609425,"2.236067977499790,2.000000000000000,1.414213562373095,1.000000000000000","F",1000,78.3,99.9,0,216,21.6,1.30197355393078,19.0481318342957,24.1518681657043
"unbalanced n, larger n with smaller SD",100,"50, 80, 120, 150",5,2,6.6,"0.00, 0.25, 0.50, 0.75","ordered",145,202609425,"2.236067977499790,2.000000000000000,1.414213562373095,1.000000000000000","W",1000,78.5,99.9,0,214,21.4,1.29758380219688,18.8567357476941,23.9432642523059
"unbalanced n, larger n with smaller SD",100,"50, 80, 120, 150",5,2,6.6,"0.00, 0.25, 0.50, 0.75","ordered",145,202609425,"2.236067977499790,2.000000000000000,1.414213562373095,1.000000000000000","KW",1000,99.9,99.9,0,0,0,0,0,0
"unbalanced n, larger n with smaller SD",200,"100, 160, 240, 300",1,0,0,"0.00, 0.25, 0.50, 0.75","ordered",146,202609426,"2.236067977499790,2.000000000000000,1.414213562373095,1.000000000000000","F",1000,97.7,97,11,4,-0.7,0.386858707617732,-1.45824306693076,0.0582430669307555
"unbalanced n, larger n with smaller SD",200,"100, 160, 240, 300",1,0,0,"0.00, 0.25, 0.50, 0.75","ordered",146,202609426,"2.236067977499790,2.000000000000000,1.414213562373095,1.000000000000000","W",1000,97,97,0,0,0,0,0,0
"unbalanced n, larger n with smaller SD",200,"100, 160, 240, 300",1,0,0,"0.00, 0.25, 0.50, 0.75","ordered",146,202609426,"2.236067977499790,2.000000000000000,1.414213562373095,1.000000000000000","KW",1000,96.6,97,10,14,0.4,0.489979673129484,-0.560360159333788,1.36036015933379
"unbalanced n, larger n with smaller SD",200,"100, 160, 240, 300",2,0,6,"0.00, 0.25, 0.50, 0.75","ordered",147,202609427,"2.236067977499790,2.000000000000000,1.414213562373095,1.000000000000000","F",1000,98.4,100,0,16,1.6,0.396985639031942,0.821908147497394,2.37809185250261
"unbalanced n, larger n with smaller SD",200,"100, 160, 240, 300",2,0,6,"0.00, 0.25, 0.50, 0.75","ordered",147,202609427,"2.236067977499790,2.000000000000000,1.414213562373095,1.000000000000000","W",1000,97.6,100,0,24,2.4,0.484225644172705,1.4509177374215,3.3490822625785
"unbalanced n, larger n with smaller SD",200,"100, 160, 240, 300",2,0,6,"0.00, 0.25, 0.50, 0.75","ordered",147,202609427,"2.236067977499790,2.000000000000000,1.414213562373095,1.000000000000000","KW",1000,100,100,0,0,0,0,0,0
"unbalanced n, larger n with smaller SD",200,"100, 160, 240, 300",3,0.5,1,"0.00, 0.25, 0.50, 0.75","ordered",148,202609428,"2.236067977499790,2.000000000000000,1.414213562373095,1.000000000000000","F",1000,97.4,99.7,1,24,2.3,0.494929242372036,1.32993868495081,3.27006131504919
"unbalanced n, larger n with smaller SD",200,"100, 160, 240, 300",3,0.5,1,"0.00, 0.25, 0.50, 0.75","ordered",148,202609428,"2.236067977499790,2.000000000000000,1.414213562373095,1.000000000000000","W",1000,97.1,99.7,1,27,2.6,0.522985194354017,1.57494901906613,3.62505098093387
"unbalanced n, larger n with smaller SD",200,"100, 160, 240, 300",3,0.5,1,"0.00, 0.25, 0.50, 0.75","ordered",148,202609428,"2.236067977499790,2.000000000000000,1.414213562373095,1.000000000000000","KW",1000,99.7,99.7,0,0,0,0,0,0
"unbalanced n, larger n with smaller SD",200,"100, 160, 240, 300",4,1,1.6,"0.00, 0.25, 0.50, 0.75","ordered",149,202609429,"2.236067977499790,2.000000000000000,1.414213562373095,1.000000000000000","F",1000,98.6,100,0,14,1.4,0.371723254825656,0.671422420541715,2.12857757945829
"unbalanced n, larger n with smaller SD",200,"100, 160, 240, 300",4,1,1.6,"0.00, 0.25, 0.50, 0.75","ordered",149,202609429,"2.236067977499790,2.000000000000000,1.414213562373095,1.000000000000000","W",1000,97.9,100,0,21,2.1,0.453647215130651,1.21085145834392,2.98914854165608
"unbalanced n, larger n with smaller SD",200,"100, 160, 240, 300",4,1,1.6,"0.00, 0.25, 0.50, 0.75","ordered",149,202609429,"2.236067977499790,2.000000000000000,1.414213562373095,1.000000000000000","KW",1000,100,100,0,0,0,0,0,0
"unbalanced n, larger n with smaller SD",200,"100, 160, 240, 300",5,2,6.6,"0.00, 0.25, 0.50, 0.75","ordered",150,202609430,"2.236067977499790,2.000000000000000,1.414213562373095,1.000000000000000","F",1000,97.4,100,0,26,2.6,0.503481373531821,1.61317650787763,3.58682349212237
"unbalanced n, larger n with smaller SD",200,"100, 160, 240, 300",5,2,6.6,"0.00, 0.25, 0.50, 0.75","ordered",150,202609430,"2.236067977499790,2.000000000000000,1.414213562373095,1.000000000000000","W",1000,96.9,100,0,31,3.1,0.54835270646792,2.02522869532288,4.17477130467712
"unbalanced n, larger n with smaller SD",200,"100, 160, 240, 300",5,2,6.6,"0.00, 0.25, 0.50, 0.75","ordered",150,202609430,"2.236067977499790,2.000000000000000,1.414213562373095,1.000000000000000","KW",1000,100,100,0,0,0,0,0,0
"balanced n, equal SD",10,"10, 10, 10, 10",1,0,0,"0.00, 0.00, 0.00, 0.50","onepoint_0.5",151,202609431,"1,1,1,1","F",1000,16.3,16.7,3,7,0.4,0.316132788460705,-0.219620265382982,1.01962026538298
"balanced n, equal SD",10,"10, 10, 10, 10",1,0,0,"0.00, 0.00, 0.00, 0.50","onepoint_0.5",151,202609431,"1,1,1,1","W",1000,14.4,16.7,18,41,2.3,0.765045943257853,0.800509951214609,3.79949004878539
"balanced n, equal SD",10,"10, 10, 10, 10",1,0,0,"0.00, 0.00, 0.00, 0.50","onepoint_0.5",151,202609431,"1,1,1,1","KW",1000,14,16.7,12,39,2.7,0.709375227374915,1.30962455434517,4.09037544565483
"balanced n, equal SD",10,"10, 10, 10, 10",2,0,6,"0.00, 0.00, 0.00, 0.50","onepoint_0.5",152,202609432,"1,1,1,1","F",1000,17.7,22.4,9,56,4.7,0.792804224596806,3.14610371979026,6.25389628020974
"balanced n, equal SD",10,"10, 10, 10, 10",2,0,6,"0.00, 0.00, 0.00, 0.50","onepoint_0.5",152,202609432,"1,1,1,1","W",1000,17.9,22.4,18,63,4.5,0.889123467545739,2.75731800361035,6.24268199638965
"balanced n, equal SD",10,"10, 10, 10, 10",2,0,6,"0.00, 0.00, 0.00, 0.50","onepoint_0.5",152,202609432,"1,1,1,1","KW",1000,21.7,22.4,10,17,0.7,0.519403292037877,-0.318030452394239,1.71803045239424
"balanced n, equal SD",10,"10, 10, 10, 10",3,0.5,1,"0.00, 0.00, 0.00, 0.50","onepoint_0.5",153,202609433,"1,1,1,1","F",1000,16.3,17.4,5,16,1.1,0.457164083233798,0.203958396861755,1.99604160313824
"balanced n, equal SD",10,"10, 10, 10, 10",3,0.5,1,"0.00, 0.00, 0.00, 0.50","onepoint_0.5",153,202609433,"1,1,1,1","W",1000,15.9,17.4,29,44,1.5,0.853509506964323,-0.172878633650073,3.17287863365007
"balanced n, equal SD",10,"10, 10, 10, 10",3,0.5,1,"0.00, 0.00, 0.00, 0.50","onepoint_0.5",153,202609433,"1,1,1,1","KW",1000,15.8,17.4,13,29,1.6,0.646419258575934,0.33301825319117,2.86698174680883
"balanced n, equal SD",10,"10, 10, 10, 10",4,1,1.6,"0.00, 0.00, 0.00, 0.50","onepoint_0.5",154,202609434,"1,1,1,1","F",1000,16.6,17.6,16,26,1,0.647625987294696,-0.269346935097604,2.2693469350976
"balanced n, equal SD",10,"10, 10, 10, 10",4,1,1.6,"0.00, 0.00, 0.00, 0.50","onepoint_0.5",154,202609434,"1,1,1,1","W",1000,14.9,17.6,21,48,2.7,0.826676111541514,1.07971482137863,4.32028517862137
"balanced n, equal SD",10,"10, 10, 10, 10",4,1,1.6,"0.00, 0.00, 0.00, 0.50","onepoint_0.5",154,202609434,"1,1,1,1","KW",1000,16,17.6,12,28,1.6,0.630743876575778,0.363742001911476,2.83625799808852
"balanced n, equal SD",10,"10, 10, 10, 10",5,2,6.6,"0.00, 0.00, 0.00, 0.50","onepoint_0.5",155,202609435,"1,1,1,1","F",1000,18.9,27.3,18,102,8.4,1.06328292122585,6.31596547439733,10.4840345256027
"balanced n, equal SD",10,"10, 10, 10, 10",5,2,6.6,"0.00, 0.00, 0.00, 0.50","onepoint_0.5",155,202609435,"1,1,1,1","W",1000,20.8,27.3,19,84,6.5,0.994353427478759,4.55106728214163,8.44893271785837
"balanced n, equal SD",10,"10, 10, 10, 10",5,2,6.6,"0.00, 0.00, 0.00, 0.50","onepoint_0.5",155,202609435,"1,1,1,1","KW",1000,25.4,27.3,6,25,1.9,0.553802037461676,0.814548006575115,2.98545199342489
"balanced n, equal SD",20,"20, 20, 20, 20",1,0,0,"0.00, 0.00, 0.00, 0.50","onepoint_0.5",156,202609436,"1,1,1,1","F",1000,32.6,32.7,4,5,0.1,0.300133437124356,-0.488261536763737,0.688261536763737
"balanced n, equal SD",20,"20, 20, 20, 20",1,0,0,"0.00, 0.00, 0.00, 0.50","onepoint_0.5",156,202609436,"1,1,1,1","W",1000,32.5,32.7,32,34,0.2,0.812785716299574,-1.39306000394716,1.79306000394716
"balanced n, equal SD",20,"20, 20, 20, 20",1,0,0,"0.00, 0.00, 0.00, 0.50","onepoint_0.5",156,202609436,"1,1,1,1","KW",1000,30.4,32.7,20,43,2.3,0.790781471289849,0.750068316271896,3.8499316837281
"balanced n, equal SD",20,"20, 20, 20, 20",2,0,6,"0.00, 0.00, 0.00, 0.50","onepoint_0.5",157,202609437,"1,1,1,1","F",1000,32.8,48,12,164,15.2,1.23712994082695,12.7752253159792,17.6247746840208
"balanced n, equal SD",20,"20, 20, 20, 20",2,0,6,"0.00, 0.00, 0.00, 0.50","onepoint_0.5",157,202609437,"1,1,1,1","W",1000,34.4,48,13,149,13.6,1.1985309660065,11.2508793066273,15.9491206933727
"balanced n, equal SD",20,"20, 20, 20, 20",2,0,6,"0.00, 0.00, 0.00, 0.50","onepoint_0.5",157,202609437,"1,1,1,1","KW",1000,48,48,14,14,0,0.529415035940877,-1.03765347044412,1.03765347044412
"balanced n, equal SD",20,"20, 20, 20, 20",3,0.5,1,"0.00, 0.00, 0.00, 0.50","onepoint_0.5",158,202609438,"1,1,1,1","F",1000,33,36.5,3,38,3.5,0.63098981620003,2.26325996024794,4.73674003975206
"balanced n, equal SD",20,"20, 20, 20, 20",3,0.5,1,"0.00, 0.00, 0.00, 0.50","onepoint_0.5",158,202609438,"1,1,1,1","W",1000,33.1,36.5,26,60,3.4,0.921568928127076,1.59372490087093,5.20627509912907
"balanced n, equal SD",20,"20, 20, 20, 20",3,0.5,1,"0.00, 0.00, 0.00, 0.50","onepoint_0.5",158,202609438,"1,1,1,1","KW",1000,34.9,36.5,18,34,1.6,0.719692960892323,0.189401796651047,3.01059820334895
"balanced n, equal SD",20,"20, 20, 20, 20",4,1,1.6,"0.00, 0.00, 0.00, 0.50","onepoint_0.5",159,202609439,"1,1,1,1","F",1000,29.6,34.5,30,79,4.9,1.03298453863408,2.87535030427719,6.92464969572281
"balanced n, equal SD",20,"20, 20, 20, 20",4,1,1.6,"0.00, 0.00, 0.00, 0.50","onepoint_0.5",159,202609439,"1,1,1,1","W",1000,30.2,34.5,27,70,4.3,0.975941833544644,2.3871540062525,6.2128459937475
"balanced n, equal SD",20,"20, 20, 20, 20",4,1,1.6,"0.00, 0.00, 0.00, 0.50","onepoint_0.5",159,202609439,"1,1,1,1","KW",1000,33.5,34.5,4,14,1,0.423295616772933,0.170340591125052,1.82965940887495
"balanced n, equal SD",20,"20, 20, 20, 20",5,2,6.6,"0.00, 0.00, 0.00, 0.50","onepoint_0.5",160,202609440,"1,1,1,1","F",1000,33.3,59.1,6,264,25.8,1.42702361451953,23.0030337155417,28.5969662844583
"balanced n, equal SD",20,"20, 20, 20, 20",5,2,6.6,"0.00, 0.00, 0.00, 0.50","onepoint_0.5",160,202609440,"1,1,1,1","W",1000,38,59.1,19,230,21.1,1.4306770553961,18.2958729714236,23.9041270285764
"balanced n, equal SD",20,"20, 20, 20, 20",5,2,6.6,"0.00, 0.00, 0.00, 0.50","onepoint_0.5",160,202609440,"1,1,1,1","KW",1000,59.1,59.1,0,0,0,0,0,0
"balanced n, equal SD",30,"30, 30, 30, 30",1,0,0,"0.00, 0.00, 0.00, 0.50","onepoint_0.5",161,202609441,"1,1,1,1","F",1000,48.2,48.3,4,5,0.1,0.300133437124355,-0.488261536763737,0.688261536763736
"balanced n, equal SD",30,"30, 30, 30, 30",1,0,0,"0.00, 0.00, 0.00, 0.50","onepoint_0.5",161,202609441,"1,1,1,1","W",1000,46.6,48.3,20,37,1.7,0.753443878253506,0.223249998623128,3.17675000137687
"balanced n, equal SD",30,"30, 30, 30, 30",1,0,0,"0.00, 0.00, 0.00, 0.50","onepoint_0.5",161,202609441,"1,1,1,1","KW",1000,43.8,48.3,21,66,4.5,0.922280109619967,2.69233098514486,6.30766901485513
"balanced n, equal SD",30,"30, 30, 30, 30",2,0,6,"0.00, 0.00, 0.00, 0.50","onepoint_0.5",162,202609442,"1,1,1,1","F",1000,48.1,64.6,11,176,16.5,1.26465384566266,14.0212784625012,18.9787215374988
"balanced n, equal SD",30,"30, 30, 30, 30",2,0,6,"0.00, 0.00, 0.00, 0.50","onepoint_0.5",162,202609442,"1,1,1,1","W",1000,49.8,64.6,12,160,14.8,1.22574975523656,12.3975304797363,17.2024695202637
"balanced n, equal SD",30,"30, 30, 30, 30",2,0,6,"0.00, 0.00, 0.00, 0.50","onepoint_0.5",162,202609442,"1,1,1,1","KW",1000,64.9,64.6,7,4,-0.3,0.331692658978189,-0.95011761159725,0.35011761159725
"balanced n, equal SD",30,"30, 30, 30, 30",3,0.5,1,"0.00, 0.00, 0.00, 0.50","onepoint_0.5",163,202609443,"1,1,1,1","F",1000,44.5,49,9,54,4.5,0.781255630610349,2.96873896400372,6.03126103599628
"balanced n, equal SD",30,"30, 30, 30, 30",3,0.5,1,"0.00, 0.00, 0.00, 0.50","onepoint_0.5",163,202609443,"1,1,1,1","W",1000,48.1,49,32,41,0.9,0.854353509924273,-0.774532879451575,2.57453287945157
"balanced n, equal SD",30,"30, 30, 30, 30",3,0.5,1,"0.00, 0.00, 0.00, 0.50","onepoint_0.5",163,202609443,"1,1,1,1","KW",1000,48.2,49,25,33,0.8,0.761537878204325,-0.692614241280476,2.29261424128048
"balanced n, equal SD",30,"30, 30, 30, 30",4,1,1.6,"0.00, 0.00, 0.00, 0.50","onepoint_0.5",164,202609444,"1,1,1,1","F",1000,46,52,35,95,6,1.12484010653305,3.79531339119522,8.20468660880478
"balanced n, equal SD",30,"30, 30, 30, 30",4,1,1.6,"0.00, 0.00, 0.00, 0.50","onepoint_0.5",164,202609444,"1,1,1,1","W",1000,45.8,52,28,90,6.2,1.06897273244116,4.10481344441533,8.29518655558467
"balanced n, equal SD",30,"30, 30, 30, 30",4,1,1.6,"0.00, 0.00, 0.00, 0.50","onepoint_0.5",164,202609444,"1,1,1,1","KW",1000,52.2,52,3,1,-0.2,0.2,-0.592,0.192
"balanced n, equal SD",30,"30, 30, 30, 30",5,2,6.6,"0.00, 0.00, 0.00, 0.50","onepoint_0.5",165,202609445,"1,1,1,1","F",1000,48.1,78.7,2,308,30.6,1.47166769544141,27.7155313169348,33.4844686830652
"balanced n, equal SD",30,"30, 30, 30, 30",5,2,6.6,"0.00, 0.00, 0.00, 0.50","onepoint_0.5",165,202609445,"1,1,1,1","W",1000,56.2,78.7,6,231,22.5,1.36587540266878,19.8228842107692,25.1771157892308
"balanced n, equal SD",30,"30, 30, 30, 30",5,2,6.6,"0.00, 0.00, 0.00, 0.50","onepoint_0.5",165,202609445,"1,1,1,1","KW",1000,78.7,78.7,0,0,0,0,0,0
"balanced n, equal SD",50,"50, 50, 50, 50",1,0,0,"0.00, 0.00, 0.00, 0.50","onepoint_0.5",166,202609446,"1,1,1,1","F",1000,72.5,73,2,7,0.5,0.299732947538039,-0.0874765771745571,1.08747657717456
"balanced n, equal SD",50,"50, 50, 50, 50",1,0,0,"0.00, 0.00, 0.00, 0.50","onepoint_0.5",166,202609446,"1,1,1,1","W",1000,72.5,73,16,21,0.5,0.608374983147833,-0.692414966969753,1.69241496696975
"balanced n, equal SD",50,"50, 50, 50, 50",1,0,0,"0.00, 0.00, 0.00, 0.50","onepoint_0.5",166,202609446,"1,1,1,1","KW",1000,69.8,73,20,52,3.2,0.842894103948104,1.54792755626172,4.85207244373828
"balanced n, equal SD",50,"50, 50, 50, 50",2,0,6,"0.00, 0.00, 0.00, 0.50","onepoint_0.5",167,202609447,"1,1,1,1","F",1000,73.6,89.1,5,160,15.5,1.1879230451343,13.1716708315368,17.8283291684632
"balanced n, equal SD",50,"50, 50, 50, 50",2,0,6,"0.00, 0.00, 0.00, 0.50","onepoint_0.5",167,202609447,"1,1,1,1","W",1000,75,89.1,7,148,14.1,1.1629886252851,11.8205422944412,16.3794577055588
"balanced n, equal SD",50,"50, 50, 50, 50",2,0,6,"0.00, 0.00, 0.00, 0.50","onepoint_0.5",167,202609447,"1,1,1,1","KW",1000,89.1,89.1,0,0,0,0,0,0
"balanced n, equal SD",50,"50, 50, 50, 50",3,0.5,1,"0.00, 0.00, 0.00, 0.50","onepoint_0.5",168,202609448,"1,1,1,1","F",1000,71,74.7,8,45,3.7,0.718906688539491,2.2909428904626,5.1090571095374
"balanced n, equal SD",50,"50, 50, 50, 50",3,0.5,1,"0.00, 0.00, 0.00, 0.50","onepoint_0.5",168,202609448,"1,1,1,1","W",1000,71.6,74.7,11,42,3.1,0.72174158180813,1.68538649965607,4.51461350034393
"balanced n, equal SD",50,"50, 50, 50, 50",3,0.5,1,"0.00, 0.00, 0.00, 0.50","onepoint_0.5",168,202609448,"1,1,1,1","KW",1000,74.6,74.7,12,13,0.1,0.500240182552584,-0.880470757803065,1.08047075780307
"balanced n, equal SD",50,"50, 50, 50, 50",4,1,1.6,"0.00, 0.00, 0.00, 0.50","onepoint_0.5",169,202609449,"1,1,1,1","F",1000,74.7,81.3,19,85,6.6,0.998717896824447,4.64251292222409,8.55748707777592
"balanced n, equal SD",50,"50, 50, 50, 50",4,1,1.6,"0.00, 0.00, 0.00, 0.50","onepoint_0.5",169,202609449,"1,1,1,1","W",1000,76.5,81.3,14,62,4.8,0.858893298202808,3.1165691355225,6.4834308644775
"balanced n, equal SD",50,"50, 50, 50, 50",4,1,1.6,"0.00, 0.00, 0.00, 0.50","onepoint_0.5",169,202609449,"1,1,1,1","KW",1000,81.3,81.3,0,0,0,0,0,0
"balanced n, equal SD",50,"50, 50, 50, 50",5,2,6.6,"0.00, 0.00, 0.00, 0.50","onepoint_0.5",170,202609450,"1,1,1,1","F",1000,74.9,98.1,0,232,23.2,1.33549374522816,20.5824322593528,25.8175677406472
"balanced n, equal SD",50,"50, 50, 50, 50",5,2,6.6,"0.00, 0.00, 0.00, 0.50","onepoint_0.5",170,202609450,"1,1,1,1","W",1000,80.4,98.1,0,177,17.7,1.20754634203751,15.3332091696065,20.0667908303935
"balanced n, equal SD",50,"50, 50, 50, 50",5,2,6.6,"0.00, 0.00, 0.00, 0.50","onepoint_0.5",170,202609450,"1,1,1,1","KW",1000,98.1,98.1,0,0,0,0,0,0
"balanced n, equal SD",100,"100, 100, 100, 100",1,0,0,"0.00, 0.00, 0.00, 0.50","onepoint_0.5",171,202609451,"1,1,1,1","F",1000,96.5,96.3,2,0,-0.2,0.141350557055782,-0.477047091829332,0.0770470918293321
"balanced n, equal SD",100,"100, 100, 100, 100",1,0,0,"0.00, 0.00, 0.00, 0.50","onepoint_0.5",171,202609451,"1,1,1,1","W",1000,96.5,96.3,6,4,-0.2,0.31632271505546,-0.819992521508702,0.419992521508702
"balanced n, equal SD",100,"100, 100, 100, 100",1,0,0,"0.00, 0.00, 0.00, 0.50","onepoint_0.5",171,202609451,"1,1,1,1","KW",1000,95.8,96.3,5,10,0.5,0.38716908438033,-0.258851405385446,1.25885140538545
"balanced n, equal SD",100,"100, 100, 100, 100",2,0,6,"0.00, 0.00, 0.00, 0.50","onepoint_0.5",172,202609452,"1,1,1,1","F",1000,96.9,99.6,0,27,2.7,0.512808904927529,1.69489454634204,3.70510545365796
"balanced n, equal SD",100,"100, 100, 100, 100",2,0,6,"0.00, 0.00, 0.00, 0.50","onepoint_0.5",172,202609452,"1,1,1,1","W",1000,97.1,99.6,0,25,2.5,0.493957481969846,1.5318433353391,3.4681566646609
"balanced n, equal SD",100,"100, 100, 100, 100",2,0,6,"0.00, 0.00, 0.00, 0.50","onepoint_0.5",172,202609452,"1,1,1,1","KW",1000,99.6,99.6,0,0,0,0,0,0
"balanced n, equal SD",100,"100, 100, 100, 100",3,0.5,1,"0.00, 0.00, 0.00, 0.50","onepoint_0.5",173,202609453,"1,1,1,1","F",1000,96.3,97.1,6,14,0.8,0.446720896712431,-0.0755729575563648,1.67557295755636
"balanced n, equal SD",100,"100, 100, 100, 100",3,0.5,1,"0.00, 0.00, 0.00, 0.50","onepoint_0.5",173,202609453,"1,1,1,1","W",1000,96.3,97.1,6,14,0.8,0.446720896712431,-0.075572957556365,1.67557295755637
"balanced n, equal SD",100,"100, 100, 100, 100",3,0.5,1,"0.00, 0.00, 0.00, 0.50","onepoint_0.5",173,202609453,"1,1,1,1","KW",1000,97,97.1,0,1,0.1,0.100000000000001,-0.0960000000000022,0.296000000000002
"balanced n, equal SD",100,"100, 100, 100, 100",4,1,1.6,"0.00, 0.00, 0.00, 0.50","onepoint_0.5",174,202609454,"1,1,1,1","F",1000,96.8,98.6,0,18,1.8,0.420638724961143,0.975548099076159,2.62445190092384
"balanced n, equal SD",100,"100, 100, 100, 100",4,1,1.6,"0.00, 0.00, 0.00, 0.50","onepoint_0.5",174,202609454,"1,1,1,1","W",1000,97.5,98.6,0,11,1.1,0.329998331660782,0.453203269944868,1.74679673005513
"balanced n, equal SD",100,"100, 100, 100, 100",4,1,1.6,"0.00, 0.00, 0.00, 0.50","onepoint_0.5",174,202609454,"1,1,1,1","KW",1000,98.6,98.6,0,0,0,0,0,0
"balanced n, equal SD",100,"100, 100, 100, 100",5,2,6.6,"0.00, 0.00, 0.00, 0.50","onepoint_0.5",175,202609455,"1,1,1,1","F",1000,97.1,100,0,29,2.9,0.530916068575699,1.85940450559163,3.94059549440837
"balanced n, equal SD",100,"100, 100, 100, 100",5,2,6.6,"0.00, 0.00, 0.00, 0.50","onepoint_0.5",175,202609455,"1,1,1,1","W",1000,98.5,100,0,15,1.5,0.384574957450301,0.746233083397409,2.25376691660259
"balanced n, equal SD",100,"100, 100, 100, 100",5,2,6.6,"0.00, 0.00, 0.00, 0.50","onepoint_0.5",175,202609455,"1,1,1,1","KW",1000,100,100,0,0,0,0,0,0
"unbalanced n, equal SD",10,"5, 8, 12, 15",1,0,0,"0.00, 0.00, 0.00, 0.50","onepoint_0.5",176,202609456,"1,1,1,1","F",1000,19.8,20.4,5,11,0.6,0.399749671419249,-0.183509355981729,1.38350935598173
"unbalanced n, equal SD",10,"5, 8, 12, 15",1,0,0,"0.00, 0.00, 0.00, 0.50","onepoint_0.5",176,202609456,"1,1,1,1","W",1000,17.9,20.4,20,45,2.5,0.802741798086029,0.926626075751384,4.07337392424862
"unbalanced n, equal SD",10,"5, 8, 12, 15",1,0,0,"0.00, 0.00, 0.00, 0.50","onepoint_0.5",176,202609456,"1,1,1,1","KW",1000,18.4,20.4,14,34,2,0.690272755131241,0.647065399942768,3.35293460005723
"unbalanced n, equal SD",10,"5, 8, 12, 15",2,0,6,"0.00, 0.00, 0.00, 0.50","onepoint_0.5",177,202609457,"1,1,1,1","F",1000,22.6,28.3,12,69,5.7,0.882206488464166,3.97087528261024,7.42912471738977
"unbalanced n, equal SD",10,"5, 8, 12, 15",2,0,6,"0.00, 0.00, 0.00, 0.50","onepoint_0.5",177,202609457,"1,1,1,1","W",1000,20.6,28.3,26,103,7.7,1.10992880039304,5.52453955122965,9.87546044877035
"unbalanced n, equal SD",10,"5, 8, 12, 15",2,0,6,"0.00, 0.00, 0.00, 0.50","onepoint_0.5",177,202609457,"1,1,1,1","KW",1000,27.7,28.3,17,23,0.6,0.632487185672601,-0.639674883918299,1.8396748839183
"unbalanced n, equal SD",10,"5, 8, 12, 15",3,0.5,1,"0.00, 0.00, 0.00, 0.50","onepoint_0.5",178,202609458,"1,1,1,1","F",1000,21.3,22.9,2,18,1.6,0.444564548336503,0.728653485260453,2.47134651473955
"unbalanced n, equal SD",10,"5, 8, 12, 15",3,0.5,1,"0.00, 0.00, 0.00, 0.50","onepoint_0.5",178,202609458,"1,1,1,1","W",1000,19.6,22.9,26,59,3.3,0.916487834043607,1.50368384527453,5.09631615472547
"unbalanced n, equal SD",10,"5, 8, 12, 15",3,0.5,1,"0.00, 0.00, 0.00, 0.50","onepoint_0.5",178,202609458,"1,1,1,1","KW",1000,20.9,22.9,13,33,2,0.675615612946039,0.675793398625764,3.32420660137424
"unbalanced n, equal SD",10,"5, 8, 12, 15",4,1,1.6,"0.00, 0.00, 0.00, 0.50","onepoint_0.5",179,202609459,"1,1,1,1","F",1000,20,23.1,6,37,3.1,0.648699322344957,1.82854932820389,4.37145067179612
"unbalanced n, equal SD",10,"5, 8, 12, 15",4,1,1.6,"0.00, 0.00, 0.00, 0.50","onepoint_0.5",179,202609459,"1,1,1,1","W",1000,22.1,23.1,36,46,1,0.905439020486658,-0.77466048015385,2.77466048015385
"unbalanced n, equal SD",10,"5, 8, 12, 15",4,1,1.6,"0.00, 0.00, 0.00, 0.50","onepoint_0.5",179,202609459,"1,1,1,1","KW",1000,21.2,23.1,8,27,1.9,0.58884355879702,0.74586662475784,3.05413337524216
"unbalanced n, equal SD",10,"5, 8, 12, 15",5,2,6.6,"0.00, 0.00, 0.00, 0.50","onepoint_0.5",180,202609460,"1,1,1,1","F",1000,23.4,37.9,17,162,14.5,1.25750997265681,12.0352804535927,16.9647195464073
"unbalanced n, equal SD",10,"5, 8, 12, 15",5,2,6.6,"0.00, 0.00, 0.00, 0.50","onepoint_0.5",180,202609460,"1,1,1,1","W",1000,30,37.9,33,112,7.9,1.17854952334596,5.59004293424192,10.2099570657581
"unbalanced n, equal SD",10,"5, 8, 12, 15",5,2,6.6,"0.00, 0.00, 0.00, 0.50","onepoint_0.5",180,202609460,"1,1,1,1","KW",1000,37,37.9,8,17,0.9,0.49943912485852,-0.0789006847226997,1.8789006847227
"unbalanced n, equal SD",20,"10, 16, 24, 30",1,0,0,"0.00, 0.00, 0.00, 0.50","onepoint_0.5",181,202609461,"1,1,1,1","F",1000,40.3,40.2,6,5,-0.1,0.331813351298733,-0.750354168545517,0.550354168545517
"unbalanced n, equal SD",20,"10, 16, 24, 30",1,0,0,"0.00, 0.00, 0.00, 0.50","onepoint_0.5",181,202609461,"1,1,1,1","W",1000,35.5,40.2,14,61,4.7,0.853603326281378,3.0269374804885,6.3730625195115
"unbalanced n, equal SD",20,"10, 16, 24, 30",1,0,0,"0.00, 0.00, 0.00, 0.50","onepoint_0.5",181,202609461,"1,1,1,1","KW",1000,37.4,40.2,26,54,2.8,0.8904790581215,1.05466104608186,4.54533895391814
"unbalanced n, equal SD",20,"10, 16, 24, 30",2,0,6,"0.00, 0.00, 0.00, 0.50","onepoint_0.5",182,202609462,"1,1,1,1","F",1000,42.2,55,13,141,12.8,1.17368545085024,10.4995765163335,15.1004234836665
"unbalanced n, equal SD",20,"10, 16, 24, 30",2,0,6,"0.00, 0.00, 0.00, 0.50","onepoint_0.5",182,202609462,"1,1,1,1","W",1000,41.1,55,7,146,13.9,1.15677488221699,11.6327212308547,16.1672787691453
"unbalanced n, equal SD",20,"10, 16, 24, 30",2,0,6,"0.00, 0.00, 0.00, 0.50","onepoint_0.5",182,202609462,"1,1,1,1","KW",1000,55.7,55,16,9,-0.7,0.499759702016643,-1.67952901595262,0.279529015952621
"unbalanced n, equal SD",20,"10, 16, 24, 30",3,0.5,1,"0.00, 0.00, 0.00, 0.50","onepoint_0.5",183,202609463,"1,1,1,1","F",1000,40.1,42.9,10,38,2.8,0.68748282351826,1.45253366590421,4.14746633409579
"unbalanced n, equal SD",20,"10, 16, 24, 30",3,0.5,1,"0.00, 0.00, 0.00, 0.50","onepoint_0.5",183,202609463,"1,1,1,1","W",1000,39.3,42.9,21,57,3.6,0.876246430981498,1.88255699527626,5.31744300472374
"unbalanced n, equal SD",20,"10, 16, 24, 30",3,0.5,1,"0.00, 0.00, 0.00, 0.50","onepoint_0.5",183,202609463,"1,1,1,1","KW",1000,42.2,42.9,23,30,0.7,0.728038488021091,-0.726955436521339,2.12695543652134
"unbalanced n, equal SD",20,"10, 16, 24, 30",4,1,1.6,"0.00, 0.00, 0.00, 0.50","onepoint_0.5",184,202609464,"1,1,1,1","F",1000,39,45.3,24,87,6.3,1.03507554380411,4.27125193414395,8.32874806585605
"unbalanced n, equal SD",20,"10, 16, 24, 30",4,1,1.6,"0.00, 0.00, 0.00, 0.50","onepoint_0.5",184,202609464,"1,1,1,1","W",1000,39.7,45.3,32,88,5.6,1.0815774636196,3.48010817130559,7.71989182869441
"unbalanced n, equal SD",20,"10, 16, 24, 30",4,1,1.6,"0.00, 0.00, 0.00, 0.50","onepoint_0.5",184,202609464,"1,1,1,1","KW",1000,44.4,45.3,4,13,0.9,0.411532938365034,0.0933954408045333,1.70660455919547
"unbalanced n, equal SD",20,"10, 16, 24, 30",5,2,6.6,"0.00, 0.00, 0.00, 0.50","onepoint_0.5",185,202609465,"1,1,1,1","F",1000,44.3,70.5,4,266,26.2,1.41970968003166,23.4173690271379,28.9826309728621
"unbalanced n, equal SD",20,"10, 16, 24, 30",5,2,6.6,"0.00, 0.00, 0.00, 0.50","onepoint_0.5",185,202609465,"1,1,1,1","W",1000,50.2,70.5,13,216,20.3,1.37105426216098,17.6127336461645,22.9872663538355
"unbalanced n, equal SD",20,"10, 16, 24, 30",5,2,6.6,"0.00, 0.00, 0.00, 0.50","onepoint_0.5",185,202609465,"1,1,1,1","KW",1000,70.4,70.5,0,1,0.1,0.1,-0.0960000000000005,0.296000000000001
"unbalanced n, equal SD",30,"15, 24, 36, 45",1,0,0,"0.00, 0.00, 0.00, 0.50","onepoint_0.5",186,202609466,"1,1,1,1","F",1000,56.4,56.8,2,6,0.4,0.28270111411156,-0.154094183658658,0.954094183658658
"unbalanced n, equal SD",30,"15, 24, 36, 45",1,0,0,"0.00, 0.00, 0.00, 0.50","onepoint_0.5",186,202609466,"1,1,1,1","W",1000,54.9,56.8,10,29,1.9,0.621913801725593,0.681048948617838,3.11895105138216
"unbalanced n, equal SD",30,"15, 24, 36, 45",1,0,0,"0.00, 0.00, 0.00, 0.50","onepoint_0.5",186,202609466,"1,1,1,1","KW",1000,53.6,56.8,25,57,3.2,0.900316927848509,1.43537882141692,4.96462117858308
"unbalanced n, equal SD",30,"15, 24, 36, 45",2,0,6,"0.00, 0.00, 0.00, 0.50","onepoint_0.5",187,202609467,"1,1,1,1","F",1000,57.9,75.3,7,181,17.4,1.25651057250578,14.9372392778887,19.8627607221113
"unbalanced n, equal SD",30,"15, 24, 36, 45",2,0,6,"0.00, 0.00, 0.00, 0.50","onepoint_0.5",187,202609467,"1,1,1,1","W",1000,57.4,75.3,7,186,17.9,1.26933100537299,15.4121112294689,20.3878887705311
"unbalanced n, equal SD",30,"15, 24, 36, 45",2,0,6,"0.00, 0.00, 0.00, 0.50","onepoint_0.5",187,202609467,"1,1,1,1","KW",1000,75.4,75.3,8,7,-0.1,0.387479212526472,-0.859459256551886,0.659459256551886
"unbalanced n, equal SD",30,"15, 24, 36, 45",3,0.5,1,"0.00, 0.00, 0.00, 0.50","onepoint_0.5",188,202609468,"1,1,1,1","F",1000,55.5,58.3,12,40,2.8,0.716011642833187,1.39661718004695,4.20338281995305
"unbalanced n, equal SD",30,"15, 24, 36, 45",3,0.5,1,"0.00, 0.00, 0.00, 0.50","onepoint_0.5",188,202609468,"1,1,1,1","W",1000,55.9,58.3,18,42,2.4,0.771255362921287,0.888339488674278,3.91166051132572
"unbalanced n, equal SD",30,"15, 24, 36, 45",3,0.5,1,"0.00, 0.00, 0.00, 0.50","onepoint_0.5",188,202609468,"1,1,1,1","KW",1000,58.2,58.3,15,16,0.1,0.557046048635394,-0.991810255325372,1.19181025532537
"unbalanced n, equal SD",30,"15, 24, 36, 45",4,1,1.6,"0.00, 0.00, 0.00, 0.50","onepoint_0.5",189,202609469,"1,1,1,1","F",1000,59.9,67.5,18,94,7.6,1.03116599211925,5.57891465544626,9.62108534455374
"unbalanced n, equal SD",30,"15, 24, 36, 45",4,1,1.6,"0.00, 0.00, 0.00, 0.50","onepoint_0.5",189,202609469,"1,1,1,1","W",1000,61.3,67.5,21,83,6.2,1.00128046149047,4.23749029547868,8.16250970452132
"unbalanced n, equal SD",30,"15, 24, 36, 45",4,1,1.6,"0.00, 0.00, 0.00, 0.50","onepoint_0.5",189,202609469,"1,1,1,1","KW",1000,67.3,67.5,0,2,0.2,0.141350557055782,-0.077047091829333,0.477047091829333
"unbalanced n, equal SD",30,"15, 24, 36, 45",5,2,6.6,"0.00, 0.00, 0.00, 0.50","onepoint_0.5",190,202609470,"1,1,1,1","F",1000,60.3,87.2,3,272,26.9,1.42422555040219,24.1085179212117,29.6914820787883
"unbalanced n, equal SD",30,"15, 24, 36, 45",5,2,6.6,"0.00, 0.00, 0.00, 0.50","onepoint_0.5",190,202609470,"1,1,1,1","W",1000,65.4,87.2,3,221,21.8,1.32910741722652,19.194949462236,24.405050537764
"unbalanced n, equal SD",30,"15, 24, 36, 45",5,2,6.6,"0.00, 0.00, 0.00, 0.50","onepoint_0.5",190,202609470,"1,1,1,1","KW",1000,87.2,87.2,0,0,0,0,0,0
"unbalanced n, equal SD",50,"25, 40, 60, 75",1,0,0,"0.00, 0.00, 0.00, 0.50","onepoint_0.5",191,202609471,"1,1,1,1","F",1000,83.7,83.7,3,3,0,0.245071540697936,-0.480340219767954,0.480340219767954
"unbalanced n, equal SD",50,"25, 40, 60, 75",1,0,0,"0.00, 0.00, 0.00, 0.50","onepoint_0.5",191,202609471,"1,1,1,1","W",1000,82.5,83.7,7,19,1.2,0.508742389445596,0.202864916686631,2.19713508331337
"unbalanced n, equal SD",50,"25, 40, 60, 75",1,0,0,"0.00, 0.00, 0.00, 0.50","onepoint_0.5",191,202609471,"1,1,1,1","KW",1000,82.1,83.7,12,28,1.6,0.630743876575778,0.363742001911475,2.83625799808852
"unbalanced n, equal SD",50,"25, 40, 60, 75",2,0,6,"0.00, 0.00, 0.00, 0.50","onepoint_0.5",192,202609472,"1,1,1,1","F",1000,81.8,94.8,2,132,13,1.08266900397684,10.8779687522054,15.1220312477946
"unbalanced n, equal SD",50,"25, 40, 60, 75",2,0,6,"0.00, 0.00, 0.00, 0.50","onepoint_0.5",192,202609472,"1,1,1,1","W",1000,81.7,94.8,2,133,13.1,1.08607990938493,10.9712833776055,15.2287166223945
"unbalanced n, equal SD",50,"25, 40, 60, 75",2,0,6,"0.00, 0.00, 0.00, 0.50","onepoint_0.5",192,202609472,"1,1,1,1","KW",1000,95,94.8,2,0,-0.2,0.141350557055781,-0.477047091829331,0.0770470918293312
"unbalanced n, equal SD",50,"25, 40, 60, 75",3,0.5,1,"0.00, 0.00, 0.00, 0.50","onepoint_0.5",193,202609473,"1,1,1,1","F",1000,83.1,85.9,12,40,2.8,0.716011642833189,1.39661718004695,4.20338281995305
"unbalanced n, equal SD",50,"25, 40, 60, 75",3,0.5,1,"0.00, 0.00, 0.00, 0.50","onepoint_0.5",193,202609473,"1,1,1,1","W",1000,82.7,85.9,11,43,3.2,0.728210333825534,1.77270774570195,4.62729225429805
"unbalanced n, equal SD",50,"25, 40, 60, 75",3,0.5,1,"0.00, 0.00, 0.00, 0.50","onepoint_0.5",193,202609473,"1,1,1,1","KW",1000,86.8,85.9,17,8,-0.9,0.499439124858518,-1.87890068472269,0.0789006847226947
"unbalanced n, equal SD",50,"25, 40, 60, 75",4,1,1.6,"0.00, 0.00, 0.00, 0.50","onepoint_0.5",194,202609474,"1,1,1,1","F",1000,82.7,88.9,11,73,6.2,0.895746818226205,4.44433623627664,7.95566376372336
"unbalanced n, equal SD",50,"25, 40, 60, 75",4,1,1.6,"0.00, 0.00, 0.00, 0.50","onepoint_0.5",194,202609474,"1,1,1,1","W",1000,83.5,88.9,13,67,5.4,0.878414259681391,3.67830805102447,7.12169194897553
"unbalanced n, equal SD",50,"25, 40, 60, 75",4,1,1.6,"0.00, 0.00, 0.00, 0.50","onepoint_0.5",194,202609474,"1,1,1,1","KW",1000,88.9,88.9,0,0,0,0,0,0
"unbalanced n, equal SD",50,"25, 40, 60, 75",5,2,6.6,"0.00, 0.00, 0.00, 0.50","onepoint_0.5",195,202609475,"1,1,1,1","F",1000,82.4,99.1,0,167,16.7,1.18004343246446,14.3871148723697,19.0128851276303
"unbalanced n, equal SD",50,"25, 40, 60, 75",5,2,6.6,"0.00, 0.00, 0.00, 0.50","onepoint_0.5",195,202609475,"1,1,1,1","W",1000,86.4,99.1,0,127,12.7,1.05347986208557,10.6351794703123,14.7648205296877
"unbalanced n, equal SD",50,"25, 40, 60, 75",5,2,6.6,"0.00, 0.00, 0.00, 0.50","onepoint_0.5",195,202609475,"1,1,1,1","KW",1000,99.1,99.1,0,0,0,0,0,0
"unbalanced n, equal SD",100,"50, 80, 120, 150",1,0,0,"0.00, 0.00, 0.00, 0.50","onepoint_0.5",196,202609476,"1,1,1,1","F",1000,99.2,99.3,0,1,0.1,0.100000000000001,-0.0960000000000017,0.296000000000002
"unbalanced n, equal SD",100,"50, 80, 120, 150",1,0,0,"0.00, 0.00, 0.00, 0.50","onepoint_0.5",196,202609476,"1,1,1,1","W",1000,99.3,99.3,0,0,0,0,0,0
"unbalanced n, equal SD",100,"50, 80, 120, 150",1,0,0,"0.00, 0.00, 0.00, 0.50","onepoint_0.5",196,202609476,"1,1,1,1","KW",1000,98.7,99.3,0,6,0.6,0.244335219932985,0.12110296893135,1.07889703106865
"unbalanced n, equal SD",100,"50, 80, 120, 150",2,0,6,"0.00, 0.00, 0.00, 0.50","onepoint_0.5",197,202609477,"1,1,1,1","F",1000,98.8,100,0,12,1.2,0.344497719409985,0.524784469956429,1.87521553004357
"unbalanced n, equal SD",100,"50, 80, 120, 150",2,0,6,"0.00, 0.00, 0.00, 0.50","onepoint_0.5",197,202609477,"1,1,1,1","W",1000,98.9,100,0,11,1.1,0.329998331660782,0.453203269944868,1.74679673005513
"unbalanced n, equal SD",100,"50, 80, 120, 150",2,0,6,"0.00, 0.00, 0.00, 0.50","onepoint_0.5",197,202609477,"1,1,1,1","KW",1000,100,100,0,0,0,0,0,0
"unbalanced n, equal SD",100,"50, 80, 120, 150",3,0.5,1,"0.00, 0.00, 0.00, 0.50","onepoint_0.5",198,202609478,"1,1,1,1","F",1000,99.1,99.1,1,1,0,0.14149211999267,-0.277324555185632,0.277324555185632
"unbalanced n, equal SD",100,"50, 80, 120, 150",3,0.5,1,"0.00, 0.00, 0.00, 0.50","onepoint_0.5",198,202609478,"1,1,1,1","W",1000,99.1,99.1,1,1,0,0.14149211999267,-0.277324555185632,0.277324555185632
"unbalanced n, equal SD",100,"50, 80, 120, 150",3,0.5,1,"0.00, 0.00, 0.00, 0.50","onepoint_0.5",198,202609478,"1,1,1,1","KW",1000,99.1,99.1,0,0,0,0,0,0
"unbalanced n, equal SD",100,"50, 80, 120, 150",4,1,1.6,"0.00, 0.00, 0.00, 0.50","onepoint_0.5",199,202609479,"1,1,1,1","F",1000,99.3,99.7,0,4,0.4,0.199699473909873,0.00858903113664905,0.791410968863351
"unbalanced n, equal SD",100,"50, 80, 120, 150",4,1,1.6,"0.00, 0.00, 0.00, 0.50","onepoint_0.5",199,202609479,"1,1,1,1","W",1000,99.3,99.7,0,4,0.4,0.199699473909873,0.00858903113664905,0.791410968863351
"unbalanced n, equal SD",100,"50, 80, 120, 150",4,1,1.6,"0.00, 0.00, 0.00, 0.50","onepoint_0.5",199,202609479,"1,1,1,1","KW",1000,99.7,99.7,0,0,0,0,0,0
"unbalanced n, equal SD",100,"50, 80, 120, 150",5,2,6.6,"0.00, 0.00, 0.00, 0.50","onepoint_0.5",200,202609480,"1,1,1,1","F",1000,98.8,100,0,12,1.2,0.344497719409985,0.524784469956429,1.87521553004357
"unbalanced n, equal SD",100,"50, 80, 120, 150",5,2,6.6,"0.00, 0.00, 0.00, 0.50","onepoint_0.5",200,202609480,"1,1,1,1","W",1000,99.4,100,0,6,0.6,0.244335219932981,0.121102968931357,1.07889703106864
"unbalanced n, equal SD",100,"50, 80, 120, 150",5,2,6.6,"0.00, 0.00, 0.00, 0.50","onepoint_0.5",200,202609480,"1,1,1,1","KW",1000,100,100,0,0,0,0,0,0
"balanced n, unequal SD",10,"10, 10, 10, 10",1,0,0,"0.00, 0.00, 0.00, 0.50","onepoint_0.5",201,202609481,"1.000000000000000,1.414213562373095,2.000000000000000,2.236067977499790","F",1000,10.5,10.1,15,11,-0.4,0.51000009813734,-1.39960019234919,0.599600192349186
"balanced n, unequal SD",10,"10, 10, 10, 10",1,0,0,"0.00, 0.00, 0.00, 0.50","onepoint_0.5",201,202609481,"1.000000000000000,1.414213562373095,2.000000000000000,2.236067977499790","W",1000,7.4,10.1,5,32,2.7,0.602555452280594,1.51899131353004,3.88100868646996
"balanced n, unequal SD",10,"10, 10, 10, 10",1,0,0,"0.00, 0.00, 0.00, 0.50","onepoint_0.5",201,202609481,"1.000000000000000,1.414213562373095,2.000000000000000,2.236067977499790","KW",1000,7.8,10.1,7,30,2.3,0.604214428059341,1.11573972100369,3.48426027899631
"balanced n, unequal SD",10,"10, 10, 10, 10",2,0,6,"0.00, 0.00, 0.00, 0.50","onepoint_0.5",202,202609482,"1.000000000000000,1.414213562373095,2.000000000000000,2.236067977499790","F",1000,10.4,11.6,18,30,1.2,0.692126461738772,-0.156567865007993,2.55656786500799
"balanced n, unequal SD",10,"10, 10, 10, 10",2,0,6,"0.00, 0.00, 0.00, 0.50","onepoint_0.5",202,202609482,"1.000000000000000,1.414213562373095,2.000000000000000,2.236067977499790","W",1000,8.2,11.6,10,44,3.4,0.727302529191932,1.97448704278381,4.82551295721619
"balanced n, unequal SD",10,"10, 10, 10, 10",2,0,6,"0.00, 0.00, 0.00, 0.50","onepoint_0.5",202,202609482,"1.000000000000000,1.414213562373095,2.000000000000000,2.236067977499790","KW",1000,11.1,11.6,17,22,0.5,0.624611991671747,-0.724239503676624,1.72423950367662
"balanced n, unequal SD",10,"10, 10, 10, 10",3,0.5,1,"0.00, 0.00, 0.00, 0.50","onepoint_0.5",203,202609483,"1.000000000000000,1.414213562373095,2.000000000000000,2.236067977499790","F",1000,7.7,8.2,15,20,0.5,0.591692572287422,-0.659717441683346,1.65971744168335
"balanced n, unequal SD",10,"10, 10, 10, 10",3,0.5,1,"0.00, 0.00, 0.00, 0.50","onepoint_0.5",203,202609483,"1.000000000000000,1.414213562373095,2.000000000000000,2.236067977499790","W",1000,5.6,8.2,5,31,2.6,0.594637363099214,1.43451076832554,3.76548923167446
"balanced n, unequal SD",10,"10, 10, 10, 10",3,0.5,1,"0.00, 0.00, 0.00, 0.50","onepoint_0.5",203,202609483,"1.000000000000000,1.414213562373095,2.000000000000000,2.236067977499790","KW",1000,7.2,8.2,7,17,1,0.489120884075949,0.0413230672111407,1.95867693278886
"balanced n, unequal SD",10,"10, 10, 10, 10",4,1,1.6,"0.00, 0.00, 0.00, 0.50","onepoint_0.5",204,202609484,"1.000000000000000,1.414213562373095,2.000000000000000,2.236067977499790","F",1000,8.8,8.9,27,28,0.1,0.741984191570502,-1.35428901547818,1.55428901547818
"balanced n, unequal SD",10,"10, 10, 10, 10",4,1,1.6,"0.00, 0.00, 0.00, 0.50","onepoint_0.5",204,202609484,"1.000000000000000,1.414213562373095,2.000000000000000,2.236067977499790","W",1000,7.6,8.9,8,21,1.3,0.53721373642024,0.247061076616329,2.35293892338367
"balanced n, unequal SD",10,"10, 10, 10, 10",4,1,1.6,"0.00, 0.00, 0.00, 0.50","onepoint_0.5",204,202609484,"1.000000000000000,1.414213562373095,2.000000000000000,2.236067977499790","KW",1000,8,8.9,9,18,0.9,0.519094846304091,-0.117425898756019,1.91742589875602
"balanced n, unequal SD",10,"10, 10, 10, 10",5,2,6.6,"0.00, 0.00, 0.00, 0.50","onepoint_0.5",205,202609485,"1.000000000000000,1.414213562373095,2.000000000000000,2.236067977499790","F",1000,7.8,9.4,20,36,1.6,0.746992635839203,0.135894433755163,3.06410556624484
"balanced n, unequal SD",10,"10, 10, 10, 10",5,2,6.6,"0.00, 0.00, 0.00, 0.50","onepoint_0.5",205,202609485,"1.000000000000000,1.414213562373095,2.000000000000000,2.236067977499790","W",1000,7.2,9.4,9,31,2.2,0.628932075470441,0.967293132077935,3.43270686792206
"balanced n, unequal SD",10,"10, 10, 10, 10",5,2,6.6,"0.00, 0.00, 0.00, 0.50","onepoint_0.5",205,202609485,"1.000000000000000,1.414213562373095,2.000000000000000,2.236067977499790","KW",1000,8.4,9.4,2,12,1,0.373013591091716,0.268893361460237,1.73110663853976
"balanced n, unequal SD",20,"20, 20, 20, 20",1,0,0,"0.00, 0.00, 0.00, 0.50","onepoint_0.5",206,202609486,"1.000000000000000,1.414213562373095,2.000000000000000,2.236067977499790","F",1000,15,12.5,45,20,-2.5,0.802741798086029,-4.07337392424862,-0.926626075751384
"balanced n, unequal SD",20,"20, 20, 20, 20",1,0,0,"0.00, 0.00, 0.00, 0.50","onepoint_0.5",206,202609486,"1.000000000000000,1.414213562373095,2.000000000000000,2.236067977499790","W",1000,11.1,12.5,4,18,1.4,0.467181183544734,0.484324880252321,2.31567511974768
"balanced n, unequal SD",20,"20, 20, 20, 20",1,0,0,"0.00, 0.00, 0.00, 0.50","onepoint_0.5",206,202609486,"1.000000000000000,1.414213562373095,2.000000000000000,2.236067977499790","KW",1000,13.5,12.5,30,20,-1,0.706752785278918,-2.38523545914668,0.385235459146679
"balanced n, unequal SD",20,"20, 20, 20, 20",2,0,6,"0.00, 0.00, 0.00, 0.50","onepoint_0.5",207,202609487,"1.000000000000000,1.414213562373095,2.000000000000000,2.236067977499790","F",1000,16.7,16.9,48,50,0.2,0.990424626582429,-1.74123226810156,2.14123226810156
"balanced n, unequal SD",20,"20, 20, 20, 20",2,0,6,"0.00, 0.00, 0.00, 0.50","onepoint_0.5",207,202609487,"1.000000000000000,1.414213562373095,2.000000000000000,2.236067977499790","W",1000,11.7,16.9,11,63,5.2,0.844792089021718,3.54420750551743,6.85579249448257
"balanced n, unequal SD",20,"20, 20, 20, 20",2,0,6,"0.00, 0.00, 0.00, 0.50","onepoint_0.5",207,202609487,"1.000000000000000,1.414213562373095,2.000000000000000,2.236067977499790","KW",1000,18.6,16.9,22,5,-1.7,0.517085464287456,-2.71348751000341,-0.686512489996587
"balanced n, unequal SD",20,"20, 20, 20, 20",3,0.5,1,"0.00, 0.00, 0.00, 0.50","onepoint_0.5",208,202609488,"1.000000000000000,1.414213562373095,2.000000000000000,2.236067977499790","F",1000,13,10.6,40,16,-2.4,0.744845483838631,-3.85989714832372,-0.940102851676284
"balanced n, unequal SD",20,"20, 20, 20, 20",3,0.5,1,"0.00, 0.00, 0.00, 0.50","onepoint_0.5",208,202609488,"1.000000000000000,1.414213562373095,2.000000000000000,2.236067977499790","W",1000,9.4,10.6,6,18,1.2,0.488670439865964,0.242205937862711,2.15779406213729
"balanced n, unequal SD",20,"20, 20, 20, 20",3,0.5,1,"0.00, 0.00, 0.00, 0.50","onepoint_0.5",208,202609488,"1.000000000000000,1.414213562373095,2.000000000000000,2.236067977499790","KW",1000,10,10.6,12,18,0.6,0.547667727677967,-0.473428746248816,1.67342874624882
"balanced n, unequal SD",20,"20, 20, 20, 20",4,1,1.6,"0.00, 0.00, 0.00, 0.50","onepoint_0.5",209,202609489,"1.000000000000000,1.414213562373095,2.000000000000000,2.236067977499790","F",1000,14.3,11.3,63,33,-3,0.975680250877285,-4.91233329171948,-1.08766670828052
"balanced n, unequal SD",20,"20, 20, 20, 20",4,1,1.6,"0.00, 0.00, 0.00, 0.50","onepoint_0.5",209,202609489,"1.000000000000000,1.414213562373095,2.000000000000000,2.236067977499790","W",1000,9.1,11.3,15,37,2.2,0.718105615961662,0.792512992715143,3.60748700728486
"balanced n, unequal SD",20,"20, 20, 20, 20",4,1,1.6,"0.00, 0.00, 0.00, 0.50","onepoint_0.5",209,202609489,"1.000000000000000,1.414213562373095,2.000000000000000,2.236067977499790","KW",1000,11.3,11.3,14,14,0,0.529415035940877,-1.03765347044412,1.03765347044412
"balanced n, unequal SD",20,"20, 20, 20, 20",5,2,6.6,"0.00, 0.00, 0.00, 0.50","onepoint_0.5",210,202609490,"1.000000000000000,1.414213562373095,2.000000000000000,2.236067977499790","F",1000,13.3,13.5,54,56,0.2,1.04931456725858,-1.85665655182682,2.25665655182682
"balanced n, unequal SD",20,"20, 20, 20, 20",5,2,6.6,"0.00, 0.00, 0.00, 0.50","onepoint_0.5",210,202609490,"1.000000000000000,1.414213562373095,2.000000000000000,2.236067977499790","W",1000,8.7,13.5,20,68,4.8,0.926184548466348,2.98467828500596,6.61532171499404
"balanced n, unequal SD",20,"20, 20, 20, 20",5,2,6.6,"0.00, 0.00, 0.00, 0.50","onepoint_0.5",210,202609490,"1.000000000000000,1.414213562373095,2.000000000000000,2.236067977499790","KW",1000,13.4,13.5,1,2,0.1,0.173262863938063,-0.239595213318604,0.439595213318604
"balanced n, unequal SD",30,"30, 30, 30, 30",1,0,0,"0.00, 0.00, 0.00, 0.50","onepoint_0.5",211,202609491,"1.000000000000000,1.414213562373095,2.000000000000000,2.236067977499790","F",1000,19.3,12.8,83,18,-6.5,0.984235093216419,-8.42910078270418,-4.57089921729582
"balanced n, unequal SD",30,"30, 30, 30, 30",1,0,0,"0.00, 0.00, 0.00, 0.50","onepoint_0.5",211,202609491,"1.000000000000000,1.414213562373095,2.000000000000000,2.236067977499790","W",1000,12.8,12.8,3,3,0,0.245071540697936,-0.480340219767954,0.480340219767954
"balanced n, unequal SD",30,"30, 30, 30, 30",1,0,0,"0.00, 0.00, 0.00, 0.50","onepoint_0.5",211,202609491,"1.000000000000000,1.414213562373095,2.000000000000000,2.236067977499790","KW",1000,15.6,12.8,53,25,-2.8,0.87916604400587,-4.52316544625151,-1.0768345537485
"balanced n, unequal SD",30,"30, 30, 30, 30",2,0,6,"0.00, 0.00, 0.00, 0.50","onepoint_0.5",212,202609492,"1.000000000000000,1.414213562373095,2.000000000000000,2.236067977499790","F",1000,18,22.6,40,86,4.6,1.11358882900292,2.41736589515428,6.78263410484572
"balanced n, unequal SD",30,"30, 30, 30, 30",2,0,6,"0.00, 0.00, 0.00, 0.50","onepoint_0.5",212,202609492,"1.000000000000000,1.414213562373095,2.000000000000000,2.236067977499790","W",1000,14.2,22.6,11,95,8.4,0.995203713030875,6.44940072245948,10.3505992775405
"balanced n, unequal SD",30,"30, 30, 30, 30",2,0,6,"0.00, 0.00, 0.00, 0.50","onepoint_0.5",212,202609492,"1.000000000000000,1.414213562373095,2.000000000000000,2.236067977499790","KW",1000,23.8,22.6,21,9,-1.2,0.546679850423313,-2.27149250682969,-0.128507493170307
"balanced n, unequal SD",30,"30, 30, 30, 30",3,0.5,1,"0.00, 0.00, 0.00, 0.50","onepoint_0.5",213,202609493,"1.000000000000000,1.414213562373095,2.000000000000000,2.236067977499790","F",1000,18.2,12.9,76,23,-5.3,0.98126085872864,-7.22327128310813,-3.37672871689187
"balanced n, unequal SD",30,"30, 30, 30, 30",3,0.5,1,"0.00, 0.00, 0.00, 0.50","onepoint_0.5",213,202609493,"1.000000000000000,1.414213562373095,2.000000000000000,2.236067977499790","W",1000,12.4,12.9,10,15,0.5,0.500000000000005,-0.480000000000009,1.48000000000001
"balanced n, unequal SD",30,"30, 30, 30, 30",3,0.5,1,"0.00, 0.00, 0.00, 0.50","onepoint_0.5",213,202609493,"1.000000000000000,1.414213562373095,2.000000000000000,2.236067977499790","KW",1000,12.6,12.9,20,23,0.3,0.656003308177887,-0.985766484028658,1.58576648402866
"balanced n, unequal SD",30,"30, 30, 30, 30",4,1,1.6,"0.00, 0.00, 0.00, 0.50","onepoint_0.5",214,202609494,"1.000000000000000,1.414213562373095,2.000000000000000,2.236067977499790","F",1000,16.2,13.4,59,31,-2.8,0.945014842768646,-4.65222909182655,-0.947770908173455
"balanced n, unequal SD",30,"30, 30, 30, 30",4,1,1.6,"0.00, 0.00, 0.00, 0.50","onepoint_0.5",214,202609494,"1.000000000000000,1.414213562373095,2.000000000000000,2.236067977499790","W",1000,12.3,13.4,18,29,1.1,0.685025006302149,-0.242649012352213,2.44264901235221
"balanced n, unequal SD",30,"30, 30, 30, 30",4,1,1.6,"0.00, 0.00, 0.00, 0.50","onepoint_0.5",214,202609494,"1.000000000000000,1.414213562373095,2.000000000000000,2.236067977499790","KW",1000,12.3,13.4,6,17,1.1,0.478559316092602,0.162023740458499,2.0379762595415
"balanced n, unequal SD",30,"30, 30, 30, 30",5,2,6.6,"0.00, 0.00, 0.00, 0.50","onepoint_0.5",215,202609495,"1.000000000000000,1.414213562373095,2.000000000000000,2.236067977499790","F",1000,17.1,18.4,78,91,1.3,1.3,-1.248,3.848
"balanced n, unequal SD",30,"30, 30, 30, 30",5,2,6.6,"0.00, 0.00, 0.00, 0.50","onepoint_0.5",215,202609495,"1.000000000000000,1.414213562373095,2.000000000000000,2.236067977499790","W",1000,10.7,18.4,40,117,7.7,1.22972444971311,5.2897400785623,10.1102599214377
"balanced n, unequal SD",30,"30, 30, 30, 30",5,2,6.6,"0.00, 0.00, 0.00, 0.50","onepoint_0.5",215,202609495,"1.000000000000000,1.414213562373095,2.000000000000000,2.236067977499790","KW",1000,18.4,18.4,0,0,0,0,0,0
"balanced n, unequal SD",50,"50, 50, 50, 50",1,0,0,"0.00, 0.00, 0.00, 0.50","onepoint_0.5",216,202609496,"1.000000000000000,1.414213562373095,2.000000000000000,2.236067977499790","F",1000,27.2,19,102,20,-8.2,1.07420385119117,-10.3054395483347,-6.09456045166532
"balanced n, unequal SD",50,"50, 50, 50, 50",1,0,0,"0.00, 0.00, 0.00, 0.50","onepoint_0.5",216,202609496,"1.000000000000000,1.414213562373095,2.000000000000000,2.236067977499790","W",1000,19,19,3,3,0,0.245071540697936,-0.480340219767954,0.480340219767954
"balanced n, unequal SD",50,"50, 50, 50, 50",1,0,0,"0.00, 0.00, 0.00, 0.50","onepoint_0.5",216,202609496,"1.000000000000000,1.414213562373095,2.000000000000000,2.236067977499790","KW",1000,22.7,19,62,25,-3.7,0.925833228593113,-5.5146331280425,-1.8853668719575
"balanced n, unequal SD",50,"50, 50, 50, 50",2,0,6,"0.00, 0.00, 0.00, 0.50","onepoint_0.5",217,202609497,"1.000000000000000,1.414213562373095,2.000000000000000,2.236067977499790","F",1000,29,35.4,49,113,6.4,1.25722735438768,3.93583438540016,8.86416561459984
"balanced n, unequal SD",50,"50, 50, 50, 50",2,0,6,"0.00, 0.00, 0.00, 0.50","onepoint_0.5",217,202609497,"1.000000000000000,1.414213562373095,2.000000000000000,2.236067977499790","W",1000,20.9,35.4,13,158,14.5,1.22525558609265,12.0984990512584,16.9015009487416
"balanced n, unequal SD",50,"50, 50, 50, 50",2,0,6,"0.00, 0.00, 0.00, 0.50","onepoint_0.5",217,202609497,"1.000000000000000,1.414213562373095,2.000000000000000,2.236067977499790","KW",1000,35.8,35.4,6,2,-0.4,0.282701114111561,-0.95409418365866,0.15409418365866
"balanced n, unequal SD",50,"50, 50, 50, 50",3,0.5,1,"0.00, 0.00, 0.00, 0.50","onepoint_0.5",218,202609498,"1.000000000000000,1.414213562373095,2.000000000000000,2.236067977499790","F",1000,28.3,22,82,19,-6.3,0.985536037535549,-8.23165063356968,-4.36834936643032
"balanced n, unequal SD",50,"50, 50, 50, 50",3,0.5,1,"0.00, 0.00, 0.00, 0.50","onepoint_0.5",218,202609498,"1.000000000000000,1.414213562373095,2.000000000000000,2.236067977499790","W",1000,21.4,22,17,23,0.6,0.632487185672602,-0.6396748839183,1.8396748839183
"balanced n, unequal SD",50,"50, 50, 50, 50",3,0.5,1,"0.00, 0.00, 0.00, 0.50","onepoint_0.5",218,202609498,"1.000000000000000,1.414213562373095,2.000000000000000,2.236067977499790","KW",1000,22,22,25,25,0,0.707460599963348,-1.38662277592816,1.38662277592816
"balanced n, unequal SD",50,"50, 50, 50, 50",4,1,1.6,"0.00, 0.00, 0.00, 0.50","onepoint_0.5",219,202609499,"1.000000000000000,1.414213562373095,2.000000000000000,2.236067977499790","F",1000,26.6,18.6,115,35,-8,1.19893179015215,-10.3499063086982,-5.65009369130178
"balanced n, unequal SD",50,"50, 50, 50, 50",4,1,1.6,"0.00, 0.00, 0.00, 0.50","onepoint_0.5",219,202609499,"1.000000000000000,1.414213562373095,2.000000000000000,2.236067977499790","W",1000,18.1,18.6,46,51,0.5,0.985251602749627,-1.43109314138927,2.43109314138927
"balanced n, unequal SD",50,"50, 50, 50, 50",4,1,1.6,"0.00, 0.00, 0.00, 0.50","onepoint_0.5",219,202609499,"1.000000000000000,1.414213562373095,2.000000000000000,2.236067977499790","KW",1000,18.3,18.6,4,7,0.3,0.33169265897819,-0.350117611597252,0.950117611597252
"balanced n, unequal SD",50,"50, 50, 50, 50",5,2,6.6,"0.00, 0.00, 0.00, 0.50","onepoint_0.5",220,202609500,"1.000000000000000,1.414213562373095,2.000000000000000,2.236067977499790","F",1000,25.1,25,104,103,-0.1,1.43946589472,-2.9213531536512,2.7213531536512
"balanced n, unequal SD",50,"50, 50, 50, 50",5,2,6.6,"0.00, 0.00, 0.00, 0.50","onepoint_0.5",220,202609500,"1.000000000000000,1.414213562373095,2.000000000000000,2.236067977499790","W",1000,18.1,25,71,140,6.9,1.43682095420914,4.08383092975009,9.71616907024992
"balanced n, unequal SD",50,"50, 50, 50, 50",5,2,6.6,"0.00, 0.00, 0.00, 0.50","onepoint_0.5",220,202609500,"1.000000000000000,1.414213562373095,2.000000000000000,2.236067977499790","KW",1000,25,25,0,0,0,0,0,0
"balanced n, unequal SD",100,"100, 100, 100, 100",1,0,0,"0.00, 0.00, 0.00, 0.50","onepoint_0.5",221,202609501,"1.000000000000000,1.414213562373095,2.000000000000000,2.236067977499790","F",1000,49.4,40.5,100,11,-8.9,1.01578630716397,-10.8909411620414,-6.90905883795862
"balanced n, unequal SD",100,"100, 100, 100, 100",1,0,0,"0.00, 0.00, 0.00, 0.50","onepoint_0.5",221,202609501,"1.000000000000000,1.414213562373095,2.000000000000000,2.236067977499790","W",1000,40,40.5,2,7,0.5,0.299732947538039,-0.0874765771745573,1.08747657717456
"balanced n, unequal SD",100,"100, 100, 100, 100",1,0,0,"0.00, 0.00, 0.00, 0.50","onepoint_0.5",221,202609501,"1.000000000000000,1.414213562373095,2.000000000000000,2.236067977499790","KW",1000,43.8,40.5,81,48,-3.3,1.13154336655312,-5.51782499844411,-1.08217500155589
"balanced n, unequal SD",100,"100, 100, 100, 100",2,0,6,"0.00, 0.00, 0.00, 0.50","onepoint_0.5",222,202609502,"1.000000000000000,1.414213562373095,2.000000000000000,2.236067977499790","F",1000,51.1,65.7,30,176,14.6,1.35966491779729,11.9350567611173,17.2649432388827
"balanced n, unequal SD",100,"100, 100, 100, 100",2,0,6,"0.00, 0.00, 0.00, 0.50","onepoint_0.5",222,202609502,"1.000000000000000,1.414213562373095,2.000000000000000,2.236067977499790","W",1000,41.2,65.7,13,258,24.5,1.45322464260067,21.6516797005027,27.3483202994973
"balanced n, unequal SD",100,"100, 100, 100, 100",2,0,6,"0.00, 0.00, 0.00, 0.50","onepoint_0.5",222,202609502,"1.000000000000000,1.414213562373095,2.000000000000000,2.236067977499790","KW",1000,65.8,65.7,1,0,-0.1,0.1,-0.296,0.0960000000000004
"balanced n, unequal SD",100,"100, 100, 100, 100",3,0.5,1,"0.00, 0.00, 0.00, 0.50","onepoint_0.5",223,202609503,"1.000000000000000,1.414213562373095,2.000000000000000,2.236067977499790","F",1000,51.2,38.8,146,22,-12.4,1.23602903192756,-14.822616902578,-9.97738309742198
"balanced n, unequal SD",100,"100, 100, 100, 100",3,0.5,1,"0.00, 0.00, 0.00, 0.50","onepoint_0.5",223,202609503,"1.000000000000000,1.414213562373095,2.000000000000000,2.236067977499790","W",1000,40.8,38.8,59,39,-2,0.988421457161352,-3.93730605603625,-0.0626939439637506
"balanced n, unequal SD",100,"100, 100, 100, 100",3,0.5,1,"0.00, 0.00, 0.00, 0.50","onepoint_0.5",223,202609503,"1.000000000000000,1.414213562373095,2.000000000000000,2.236067977499790","KW",1000,37.9,38.8,11,20,0.9,0.556326792002241,-0.190400512324392,1.99040051232439
"balanced n, unequal SD",100,"100, 100, 100, 100",4,1,1.6,"0.00, 0.00, 0.00, 0.50","onepoint_0.5",224,202609504,"1.000000000000000,1.414213562373095,2.000000000000000,2.236067977499790","F",1000,48.7,28.8,210,11,-19.9,1.34751838792865,-22.5411360403402,-17.2588639596598
"balanced n, unequal SD",100,"100, 100, 100, 100",4,1,1.6,"0.00, 0.00, 0.00, 0.50","onepoint_0.5",224,202609504,"1.000000000000000,1.414213562373095,2.000000000000000,2.236067977499790","W",1000,37.2,28.8,130,46,-8.4,1.30043497766369,-10.9488525562208,-5.85114744377917
"balanced n, unequal SD",100,"100, 100, 100, 100",4,1,1.6,"0.00, 0.00, 0.00, 0.50","onepoint_0.5",224,202609504,"1.000000000000000,1.414213562373095,2.000000000000000,2.236067977499790","KW",1000,28.8,28.8,0,0,0,0,0,0
"balanced n, unequal SD",100,"100, 100, 100, 100",5,2,6.6,"0.00, 0.00, 0.00, 0.50","onepoint_0.5",225,202609505,"1.000000000000000,1.414213562373095,2.000000000000000,2.236067977499790","F",1000,49.9,52.2,140,163,2.3,1.74003957935954,-1.11047757554469,5.71047757554469
"balanced n, unequal SD",100,"100, 100, 100, 100",5,2,6.6,"0.00, 0.00, 0.00, 0.50","onepoint_0.5",225,202609505,"1.000000000000000,1.414213562373095,2.000000000000000,2.236067977499790","W",1000,40.6,52.2,118,234,11.6,1.84087719004523,7.99188070751135,15.2081192924887
"balanced n, unequal SD",100,"100, 100, 100, 100",5,2,6.6,"0.00, 0.00, 0.00, 0.50","onepoint_0.5",225,202609505,"1.000000000000000,1.414213562373095,2.000000000000000,2.236067977499790","KW",1000,52.2,52.2,0,0,0,0,0,0
"unbalanced n, larger n with larger SD",10,"5, 8, 12, 15",1,0,0,"0.00, 0.00, 0.00, 0.50","onepoint_0.5",226,202609506,"1.000000000000000,1.414213562373095,2.000000000000000,2.236067977499790","F",1000,5.8,7.2,3,17,1.4,0.445239529060749,0.527330523040932,2.27266947695907
"unbalanced n, larger n with larger SD",10,"5, 8, 12, 15",1,0,0,"0.00, 0.00, 0.00, 0.50","onepoint_0.5",226,202609506,"1.000000000000000,1.414213562373095,2.000000000000000,2.236067977499790","W",1000,7.9,7.2,18,11,-0.7,0.538330567402413,-1.75512791210873,0.35512791210873
"unbalanced n, larger n with larger SD",10,"5, 8, 12, 15",1,0,0,"0.00, 0.00, 0.00, 0.50","onepoint_0.5",226,202609506,"1.000000000000000,1.414213562373095,2.000000000000000,2.236067977499790","KW",1000,5.3,7.2,7,26,1.9,0.571591389645365,0.779680876295084,3.02031912370492
"unbalanced n, larger n with larger SD",10,"5, 8, 12, 15",2,0,6,"0.00, 0.00, 0.00, 0.50","onepoint_0.5",227,202609507,"1.000000000000000,1.414213562373095,2.000000000000000,2.236067977499790","F",1000,5.9,7.7,4,22,1.8,0.50696845761548,0.806341823073659,2.79365817692634
"unbalanced n, larger n with larger SD",10,"5, 8, 12, 15",2,0,6,"0.00, 0.00, 0.00, 0.50","onepoint_0.5",227,202609507,"1.000000000000000,1.414213562373095,2.000000000000000,2.236067977499790","W",1000,6,7.7,16,33,1.7,0.698281889782056,0.331367496027171,3.06863250397283
"unbalanced n, larger n with larger SD",10,"5, 8, 12, 15",2,0,6,"0.00, 0.00, 0.00, 0.50","onepoint_0.5",227,202609507,"1.000000000000000,1.414213562373095,2.000000000000000,2.236067977499790","KW",1000,7.8,7.7,8,7,-0.1,0.387479212526473,-0.859459256551887,0.659459256551887
"unbalanced n, larger n with larger SD",10,"5, 8, 12, 15",3,0.5,1,"0.00, 0.00, 0.00, 0.50","onepoint_0.5",228,202609508,"1.000000000000000,1.414213562373095,2.000000000000000,2.236067977499790","F",1000,4.7,6,1,14,1.3,0.385303073512861,0.544805975914793,2.05519402408521
"unbalanced n, larger n with larger SD",10,"5, 8, 12, 15",3,0.5,1,"0.00, 0.00, 0.00, 0.50","onepoint_0.5",228,202609508,"1.000000000000000,1.414213562373095,2.000000000000000,2.236067977499790","W",1000,6.8,6,22,14,-0.8,0.59976638762081,-1.97554211973679,0.375542119736788
"unbalanced n, larger n with larger SD",10,"5, 8, 12, 15",3,0.5,1,"0.00, 0.00, 0.00, 0.50","onepoint_0.5",228,202609508,"1.000000000000000,1.414213562373095,2.000000000000000,2.236067977499790","KW",1000,4.8,6,7,19,1.2,0.508742389445597,0.20286491668663,2.19713508331337
"unbalanced n, larger n with larger SD",10,"5, 8, 12, 15",4,1,1.6,"0.00, 0.00, 0.00, 0.50","onepoint_0.5",229,202609509,"1.000000000000000,1.414213562373095,2.000000000000000,2.236067977499790","F",1000,4.9,7.5,8,34,2.6,0.64315912001125,1.33940812477795,3.86059187522205
"unbalanced n, larger n with larger SD",10,"5, 8, 12, 15",4,1,1.6,"0.00, 0.00, 0.00, 0.50","onepoint_0.5",229,202609509,"1.000000000000000,1.414213562373095,2.000000000000000,2.236067977499790","W",1000,7.9,7.5,20,16,-0.4,0.600166810312098,-1.57632694821171,0.776326948211712
"unbalanced n, larger n with larger SD",10,"5, 8, 12, 15",4,1,1.6,"0.00, 0.00, 0.00, 0.50","onepoint_0.5",229,202609509,"1.000000000000000,1.414213562373095,2.000000000000000,2.236067977499790","KW",1000,5.4,7.5,6,27,2.1,0.57089045877113,0.981054700808585,3.21894529919142
"unbalanced n, larger n with larger SD",10,"5, 8, 12, 15",5,2,6.6,"0.00, 0.00, 0.00, 0.50","onepoint_0.5",230,202609510,"1.000000000000000,1.414213562373095,2.000000000000000,2.236067977499790","F",1000,4.2,7.9,7,44,3.7,0.704845236067321,2.31850333730805,5.08149666269195
"unbalanced n, larger n with larger SD",10,"5, 8, 12, 15",5,2,6.6,"0.00, 0.00, 0.00, 0.50","onepoint_0.5",230,202609510,"1.000000000000000,1.414213562373095,2.000000000000000,2.236067977499790","W",1000,7.9,7.9,28,28,0,0.748705923951828,-1.46746361094558,1.46746361094558
"unbalanced n, larger n with larger SD",10,"5, 8, 12, 15",5,2,6.6,"0.00, 0.00, 0.00, 0.50","onepoint_0.5",230,202609510,"1.000000000000000,1.414213562373095,2.000000000000000,2.236067977499790","KW",1000,5.7,7.9,1,23,2.2,0.485175633554898,1.2490557582324,3.1509442417676
"unbalanced n, larger n with larger SD",20,"10, 16, 24, 30",1,0,0,"0.00, 0.00, 0.00, 0.50","onepoint_0.5",231,202609511,"1.000000000000000,1.414213562373095,2.000000000000000,2.236067977499790","F",1000,8.2,12,13,51,3.8,0.791319269439447,2.24901423189868,5.35098576810132
"unbalanced n, larger n with larger SD",20,"10, 16, 24, 30",1,0,0,"0.00, 0.00, 0.00, 0.50","onepoint_0.5",231,202609511,"1.000000000000000,1.414213562373095,2.000000000000000,2.236067977499790","W",1000,12.1,12,11,10,-0.1,0.458475953786238,-0.998612869421027,0.798612869421027
"unbalanced n, larger n with larger SD",20,"10, 16, 24, 30",1,0,0,"0.00, 0.00, 0.00, 0.50","onepoint_0.5",231,202609511,"1.000000000000000,1.414213562373095,2.000000000000000,2.236067977499790","KW",1000,9.2,12,19,47,2.8,0.807968324139519,1.21638208468654,4.38361791531346
"unbalanced n, larger n with larger SD",20,"10, 16, 24, 30",2,0,6,"0.00, 0.00, 0.00, 0.50","onepoint_0.5",232,202609512,"1.000000000000000,1.414213562373095,2.000000000000000,2.236067977499790","F",1000,12.5,17.3,13,61,4.8,0.847158590629689,3.13956916236581,6.46043083763419
"unbalanced n, larger n with larger SD",20,"10, 16, 24, 30",2,0,6,"0.00, 0.00, 0.00, 0.50","onepoint_0.5",232,202609512,"1.000000000000000,1.414213562373095,2.000000000000000,2.236067977499790","W",1000,13.4,17.3,16,55,3.9,0.833957724039697,2.26544286088219,5.53455713911781
"unbalanced n, larger n with larger SD",20,"10, 16, 24, 30",2,0,6,"0.00, 0.00, 0.00, 0.50","onepoint_0.5",232,202609512,"1.000000000000000,1.414213562373095,2.000000000000000,2.236067977499790","KW",1000,17.3,17.3,11,11,0,0.469276272807629,-0.919781494702953,0.919781494702953
"unbalanced n, larger n with larger SD",20,"10, 16, 24, 30",3,0.5,1,"0.00, 0.00, 0.00, 0.50","onepoint_0.5",233,202609513,"1.000000000000000,1.414213562373095,2.000000000000000,2.236067977499790","F",1000,9.1,11.6,13,38,2.5,0.710108621447628,1.10818710196265,3.89181289803735
"unbalanced n, larger n with larger SD",20,"10, 16, 24, 30",3,0.5,1,"0.00, 0.00, 0.00, 0.50","onepoint_0.5",233,202609513,"1.000000000000000,1.414213562373095,2.000000000000000,2.236067977499790","W",1000,11.6,11.6,15,15,0,0.547996624351191,-1.07407338372833,1.07407338372833
"unbalanced n, larger n with larger SD",20,"10, 16, 24, 30",3,0.5,1,"0.00, 0.00, 0.00, 0.50","onepoint_0.5",233,202609513,"1.000000000000000,1.414213562373095,2.000000000000000,2.236067977499790","KW",1000,9.1,11.6,3,28,2.5,0.551410966570353,1.41923450552211,3.58076549447789
"unbalanced n, larger n with larger SD",20,"10, 16, 24, 30",4,1,1.6,"0.00, 0.00, 0.00, 0.50","onepoint_0.5",234,202609514,"1.000000000000000,1.414213562373095,2.000000000000000,2.236067977499790","F",1000,9.5,11.9,18,42,2.4,0.771255362921286,0.88833948867428,3.91166051132572
"unbalanced n, larger n with larger SD",20,"10, 16, 24, 30",4,1,1.6,"0.00, 0.00, 0.00, 0.50","onepoint_0.5",234,202609514,"1.000000000000000,1.414213562373095,2.000000000000000,2.236067977499790","W",1000,13.2,11.9,26,13,-1.3,0.623457054414092,-2.52197582665162,-0.0780241733483802
"unbalanced n, larger n with larger SD",20,"10, 16, 24, 30",4,1,1.6,"0.00, 0.00, 0.00, 0.50","onepoint_0.5",234,202609514,"1.000000000000000,1.414213562373095,2.000000000000000,2.236067977499790","KW",1000,8.7,11.9,3,35,3.2,0.608383209934442,2.00756890852849,4.39243109147151
"unbalanced n, larger n with larger SD",20,"10, 16, 24, 30",5,2,6.6,"0.00, 0.00, 0.00, 0.50","onepoint_0.5",235,202609515,"1.000000000000000,1.414213562373095,2.000000000000000,2.236067977499790","F",1000,8.3,12,17,54,3.7,0.83486945506887,2.06365586806501,5.33634413193499
"unbalanced n, larger n with larger SD",20,"10, 16, 24, 30",5,2,6.6,"0.00, 0.00, 0.00, 0.50","onepoint_0.5",235,202609515,"1.000000000000000,1.414213562373095,2.000000000000000,2.236067977499790","W",1000,14.2,12,65,43,-2.2,1.03741806242047,-4.23333940234412,-0.166660597655882
"unbalanced n, larger n with larger SD",20,"10, 16, 24, 30",5,2,6.6,"0.00, 0.00, 0.00, 0.50","onepoint_0.5",235,202609515,"1.000000000000000,1.414213562373095,2.000000000000000,2.236067977499790","KW",1000,11.7,12,0,3,0.3,0.173031615434693,-0.0391419662519982,0.639141966251998
"unbalanced n, larger n with larger SD",30,"15, 24, 36, 45",1,0,0,"0.00, 0.00, 0.00, 0.50","onepoint_0.5",236,202609516,"1.000000000000000,1.414213562373095,2.000000000000000,2.236067977499790","F",1000,15.4,17.1,28,45,1.7,0.85313412652281,0.0278571120152917,3.37214288798471
"unbalanced n, larger n with larger SD",30,"15, 24, 36, 45",1,0,0,"0.00, 0.00, 0.00, 0.50","onepoint_0.5",236,202609516,"1.000000000000000,1.414213562373095,2.000000000000000,2.236067977499790","W",1000,17.1,17.1,6,6,0,0.346583496606691,-0.679303653349114,0.679303653349114
"unbalanced n, larger n with larger SD",30,"15, 24, 36, 45",1,0,0,"0.00, 0.00, 0.00, 0.50","onepoint_0.5",236,202609516,"1.000000000000000,1.414213562373095,2.000000000000000,2.236067977499790","KW",1000,13.5,17.1,17,53,3.6,0.82929351120562,1.97458471803698,5.22541528196301
"unbalanced n, larger n with larger SD",30,"15, 24, 36, 45",2,0,6,"0.00, 0.00, 0.00, 0.50","onepoint_0.5",237,202609517,"1.000000000000000,1.414213562373095,2.000000000000000,2.236067977499790","F",1000,17.1,23.2,26,87,6.1,1.04588903994825,4.05005748170143,8.14994251829857
"unbalanced n, larger n with larger SD",30,"15, 24, 36, 45",2,0,6,"0.00, 0.00, 0.00, 0.50","onepoint_0.5",237,202609517,"1.000000000000000,1.414213562373095,2.000000000000000,2.236067977499790","W",1000,16.7,23.2,22,87,6.5,1.02410878269782,4.49274678591227,8.50725321408773
"unbalanced n, larger n with larger SD",30,"15, 24, 36, 45",2,0,6,"0.00, 0.00, 0.00, 0.50","onepoint_0.5",237,202609517,"1.000000000000000,1.414213562373095,2.000000000000000,2.236067977499790","KW",1000,23.5,23.2,11,8,-0.3,0.436004701924305,-1.15456921577164,0.554569215771638
"unbalanced n, larger n with larger SD",30,"15, 24, 36, 45",3,0.5,1,"0.00, 0.00, 0.00, 0.50","onepoint_0.5",238,202609518,"1.000000000000000,1.414213562373095,2.000000000000000,2.236067977499790","F",1000,12.1,13.3,27,39,1.2,0.811923160908233,-0.391369395380136,2.79136939538014
"unbalanced n, larger n with larger SD",30,"15, 24, 36, 45",3,0.5,1,"0.00, 0.00, 0.00, 0.50","onepoint_0.5",238,202609518,"1.000000000000000,1.414213562373095,2.000000000000000,2.236067977499790","W",1000,14.6,13.3,21,8,-1.3,0.53721373642024,-2.35293892338367,-0.247061076616329
"unbalanced n, larger n with larger SD",30,"15, 24, 36, 45",3,0.5,1,"0.00, 0.00, 0.00, 0.50","onepoint_0.5",238,202609518,"1.000000000000000,1.414213562373095,2.000000000000000,2.236067977499790","KW",1000,11.3,13.3,17,37,2,0.732486543587342,0.56432637456881,3.43567362543119
"unbalanced n, larger n with larger SD",30,"15, 24, 36, 45",4,1,1.6,"0.00, 0.00, 0.00, 0.50","onepoint_0.5",239,202609519,"1.000000000000000,1.414213562373095,2.000000000000000,2.236067977499790","F",1000,12.2,10.6,36,20,-1.6,0.746992635839203,-3.06410556624484,-0.135894433755163
"unbalanced n, larger n with larger SD",30,"15, 24, 36, 45",4,1,1.6,"0.00, 0.00, 0.00, 0.50","onepoint_0.5",239,202609519,"1.000000000000000,1.414213562373095,2.000000000000000,2.236067977499790","W",1000,14.4,10.6,54,16,-3.8,0.828399810626634,-5.4236636288282,-2.1763363711718
"unbalanced n, larger n with larger SD",30,"15, 24, 36, 45",4,1,1.6,"0.00, 0.00, 0.00, 0.50","onepoint_0.5",239,202609519,"1.000000000000000,1.414213562373095,2.000000000000000,2.236067977499790","KW",1000,8.9,10.6,2,19,1.7,0.455321114508559,0.807570615563225,2.59242938443677
"unbalanced n, larger n with larger SD",30,"15, 24, 36, 45",5,2,6.6,"0.00, 0.00, 0.00, 0.50","onepoint_0.5",240,202609520,"1.000000000000000,1.414213562373095,2.000000000000000,2.236067977499790","F",1000,12.4,15.1,33,60,2.7,0.961058600520102,0.816325142980601,4.5836748570194
"unbalanced n, larger n with larger SD",30,"15, 24, 36, 45",5,2,6.6,"0.00, 0.00, 0.00, 0.50","onepoint_0.5",240,202609520,"1.000000000000000,1.414213562373095,2.000000000000000,2.236067977499790","W",1000,18.7,15.1,89,53,-3.6,1.18678070781776,-5.92609018732282,-1.27390981267718
"unbalanced n, larger n with larger SD",30,"15, 24, 36, 45",5,2,6.6,"0.00, 0.00, 0.00, 0.50","onepoint_0.5",240,202609520,"1.000000000000000,1.414213562373095,2.000000000000000,2.236067977499790","KW",1000,15.1,15.1,0,0,0,0,0,0
"unbalanced n, larger n with larger SD",50,"25, 40, 60, 75",1,0,0,"0.00, 0.00, 0.00, 0.50","onepoint_0.5",241,202609521,"1.000000000000000,1.414213562373095,2.000000000000000,2.236067977499790","F",1000,23.7,26.7,32,62,3,0.965366216485714,1.107882215688,4.892117784312
"unbalanced n, larger n with larger SD",50,"25, 40, 60, 75",1,0,0,"0.00, 0.00, 0.00, 0.50","onepoint_0.5",241,202609521,"1.000000000000000,1.414213562373095,2.000000000000000,2.236067977499790","W",1000,26.5,26.7,2,4,0.2,0.24498983656474,-0.280180079666891,0.680180079666891
"unbalanced n, larger n with larger SD",50,"25, 40, 60, 75",1,0,0,"0.00, 0.00, 0.00, 0.50","onepoint_0.5",241,202609521,"1.000000000000000,1.414213562373095,2.000000000000000,2.236067977499790","KW",1000,23.9,26.7,27,55,2.8,0.901650138896997,1.03276572776189,4.56723427223811
"unbalanced n, larger n with larger SD",50,"25, 40, 60, 75",2,0,6,"0.00, 0.00, 0.00, 0.50","onepoint_0.5",242,202609522,"1.000000000000000,1.414213562373095,2.000000000000000,2.236067977499790","F",1000,27.3,39.6,26,149,12.3,1.26503371904085,9.82053391067993,14.7794660893201
"unbalanced n, larger n with larger SD",50,"25, 40, 60, 75",2,0,6,"0.00, 0.00, 0.00, 0.50","onepoint_0.5",242,202609522,"1.000000000000000,1.414213562373095,2.000000000000000,2.236067977499790","W",1000,29,39.6,36,142,10.6,1.29201753444343,8.06764563249087,13.1323543675091
"unbalanced n, larger n with larger SD",50,"25, 40, 60, 75",2,0,6,"0.00, 0.00, 0.00, 0.50","onepoint_0.5",242,202609522,"1.000000000000000,1.414213562373095,2.000000000000000,2.236067977499790","KW",1000,39.5,39.6,3,4,0.1,0.264688609615264,-0.418789674845917,0.618789674845917
"unbalanced n, larger n with larger SD",50,"25, 40, 60, 75",3,0.5,1,"0.00, 0.00, 0.00, 0.50","onepoint_0.5",243,202609523,"1.000000000000000,1.414213562373095,2.000000000000000,2.236067977499790","F",1000,25.5,26.4,47,56,0.9,1.01499764542594,-1.08939538503485,2.88939538503485
"unbalanced n, larger n with larger SD",50,"25, 40, 60, 75",3,0.5,1,"0.00, 0.00, 0.00, 0.50","onepoint_0.5",243,202609523,"1.000000000000000,1.414213562373095,2.000000000000000,2.236067977499790","W",1000,29.2,26.4,42,14,-2.8,0.743446509651313,-4.25715515891657,-1.34284484108343
"unbalanced n, larger n with larger SD",50,"25, 40, 60, 75",3,0.5,1,"0.00, 0.00, 0.00, 0.50","onepoint_0.5",243,202609523,"1.000000000000000,1.414213562373095,2.000000000000000,2.236067977499790","KW",1000,22.2,26.4,11,53,4.2,0.789292710585238,2.65298628725293,5.74701371274707
"unbalanced n, larger n with larger SD",50,"25, 40, 60, 75",4,1,1.6,"0.00, 0.00, 0.00, 0.50","onepoint_0.5",244,202609524,"1.000000000000000,1.414213562373095,2.000000000000000,2.236067977499790","F",1000,22.7,18.1,69,23,-4.6,0.948546118931361,-6.45915039310547,-2.74084960689453
"unbalanced n, larger n with larger SD",50,"25, 40, 60, 75",4,1,1.6,"0.00, 0.00, 0.00, 0.50","onepoint_0.5",244,202609524,"1.000000000000000,1.414213562373095,2.000000000000000,2.236067977499790","W",1000,27.2,18.1,111,20,-9.1,1.10834038923897,-11.2723471629084,-6.92765283709162
"unbalanced n, larger n with larger SD",50,"25, 40, 60, 75",4,1,1.6,"0.00, 0.00, 0.00, 0.50","onepoint_0.5",244,202609524,"1.000000000000000,1.414213562373095,2.000000000000000,2.236067977499790","KW",1000,17.2,18.1,1,10,0.9,0.330604445371351,0.252015287072152,1.54798471292785
"unbalanced n, larger n with larger SD",50,"25, 40, 60, 75",5,2,6.6,"0.00, 0.00, 0.00, 0.50","onepoint_0.5",245,202609525,"1.000000000000000,1.414213562373095,2.000000000000000,2.236067977499790","F",1000,24.2,26.5,76,99,2.3,1.32153564327886,-0.290209860826557,4.89020986082656
"unbalanced n, larger n with larger SD",50,"25, 40, 60, 75",5,2,6.6,"0.00, 0.00, 0.00, 0.50","onepoint_0.5",245,202609525,"1.000000000000000,1.414213562373095,2.000000000000000,2.236067977499790","W",1000,29.4,26.5,131,102,-2.9,1.52443888493896,-5.88790021448036,0.087900214480356
"unbalanced n, larger n with larger SD",50,"25, 40, 60, 75",5,2,6.6,"0.00, 0.00, 0.00, 0.50","onepoint_0.5",245,202609525,"1.000000000000000,1.414213562373095,2.000000000000000,2.236067977499790","KW",1000,26.5,26.5,0,0,0,0,0,0
"unbalanced n, larger n with larger SD",100,"50, 80, 120, 150",1,0,0,"0.00, 0.00, 0.00, 0.50","onepoint_0.5",246,202609526,"1.000000000000000,1.414213562373095,2.000000000000000,2.236067977499790","F",1000,50.9,52.1,45,57,1.2,1.00974233326111,-0.779094973191782,3.17909497319178
"unbalanced n, larger n with larger SD",100,"50, 80, 120, 150",1,0,0,"0.00, 0.00, 0.00, 0.50","onepoint_0.5",246,202609526,"1.000000000000000,1.414213562373095,2.000000000000000,2.236067977499790","W",1000,52.1,52.1,7,7,0,0.374352961975914,-0.733731805472791,0.733731805472791
"unbalanced n, larger n with larger SD",100,"50, 80, 120, 150",1,0,0,"0.00, 0.00, 0.00, 0.50","onepoint_0.5",246,202609526,"1.000000000000000,1.414213562373095,2.000000000000000,2.236067977499790","KW",1000,49.1,52.1,36,66,3,1.00598807747012,1.02826336815857,4.97173663184143
"unbalanced n, larger n with larger SD",100,"50, 80, 120, 150",2,0,6,"0.00, 0.00, 0.00, 0.50","onepoint_0.5",247,202609527,"1.000000000000000,1.414213562373095,2.000000000000000,2.236067977499790","F",1000,49.6,72.9,15,248,23.3,1.44540624019659,20.4670037692147,26.1329962307853
"unbalanced n, larger n with larger SD",100,"50, 80, 120, 150",2,0,6,"0.00, 0.00, 0.00, 0.50","onepoint_0.5",247,202609527,"1.000000000000000,1.414213562373095,2.000000000000000,2.236067977499790","W",1000,51.4,72.9,13,228,21.5,1.396316475481,18.7632197080572,24.2367802919428
"unbalanced n, larger n with larger SD",100,"50, 80, 120, 150",2,0,6,"0.00, 0.00, 0.00, 0.50","onepoint_0.5",247,202609527,"1.000000000000000,1.414213562373095,2.000000000000000,2.236067977499790","KW",1000,73,72.9,1,0,-0.1,0.100000000000001,-0.296000000000002,0.0960000000000022
"unbalanced n, larger n with larger SD",100,"50, 80, 120, 150",3,0.5,1,"0.00, 0.00, 0.00, 0.50","onepoint_0.5",248,202609528,"1.000000000000000,1.414213562373095,2.000000000000000,2.236067977499790","F",1000,47.1,39.4,103,26,-7.7,1.10992880039303,-9.87546044877035,-5.52453955122965
"unbalanced n, larger n with larger SD",100,"50, 80, 120, 150",3,0.5,1,"0.00, 0.00, 0.00, 0.50","onepoint_0.5",248,202609528,"1.000000000000000,1.414213562373095,2.000000000000000,2.236067977499790","W",1000,49.4,39.4,115,15,-10,1.09599324870239,-12.1481467674567,-7.85185323254331
"unbalanced n, larger n with larger SD",100,"50, 80, 120, 150",3,0.5,1,"0.00, 0.00, 0.00, 0.50","onepoint_0.5",248,202609528,"1.000000000000000,1.414213562373095,2.000000000000000,2.236067977499790","KW",1000,37.7,39.4,6,23,1.7,0.536094578780082,0.649254625591039,2.75074537440896
"unbalanced n, larger n with larger SD",100,"50, 80, 120, 150",4,1,1.6,"0.00, 0.00, 0.00, 0.50","onepoint_0.5",249,202609529,"1.000000000000000,1.414213562373095,2.000000000000000,2.236067977499790","F",1000,47.7,32.8,177,28,-14.9,1.35270832769662,-17.5513083222854,-12.2486916777146
"unbalanced n, larger n with larger SD",100,"50, 80, 120, 150",4,1,1.6,"0.00, 0.00, 0.00, 0.50","onepoint_0.5",249,202609529,"1.000000000000000,1.414213562373095,2.000000000000000,2.236067977499790","W",1000,52.3,32.8,221,26,-19.5,1.44632010351853,-22.3347874028963,-16.6652125971037
"unbalanced n, larger n with larger SD",100,"50, 80, 120, 150",4,1,1.6,"0.00, 0.00, 0.00, 0.50","onepoint_0.5",249,202609529,"1.000000000000000,1.414213562373095,2.000000000000000,2.236067977499790","KW",1000,32.8,32.8,0,0,0,0,0,0
"unbalanced n, larger n with larger SD",100,"50, 80, 120, 150",5,2,6.6,"0.00, 0.00, 0.00, 0.50","onepoint_0.5",250,202609530,"1.000000000000000,1.414213562373095,2.000000000000000,2.236067977499790","F",1000,49.7,51.6,112,131,1.9,1.55846681672046,-1.1545949607721,4.9545949607721
"unbalanced n, larger n with larger SD",100,"50, 80, 120, 150",5,2,6.6,"0.00, 0.00, 0.00, 0.50","onepoint_0.5",250,202609530,"1.000000000000000,1.414213562373095,2.000000000000000,2.236067977499790","W",1000,56.1,51.6,183,138,-4.5,1.78688078587884,-8.00228634032252,-0.997713659677478
"unbalanced n, larger n with larger SD",100,"50, 80, 120, 150",5,2,6.6,"0.00, 0.00, 0.00, 0.50","onepoint_0.5",250,202609530,"1.000000000000000,1.414213562373095,2.000000000000000,2.236067977499790","KW",1000,51.6,51.6,0,0,0,0,0,0
"unbalanced n, larger n with smaller SD",10,"5, 8, 12, 15",1,0,0,"0.00, 0.00, 0.00, 0.50","onepoint_0.5",251,202609531,"2.236067977499790,2.000000000000000,1.414213562373095,1.000000000000000","F",1000,20.9,17.8,51,20,-3.1,0.837311824287154,-4.74113117560282,-1.45886882439718
"unbalanced n, larger n with smaller SD",10,"5, 8, 12, 15",1,0,0,"0.00, 0.00, 0.00, 0.50","onepoint_0.5",251,202609531,"2.236067977499790,2.000000000000000,1.414213562373095,1.000000000000000","W",1000,12.5,17.8,6,59,5.3,0.789007308288412,3.75354567575471,6.84645432424529
"unbalanced n, larger n with smaller SD",10,"5, 8, 12, 15",1,0,0,"0.00, 0.00, 0.00, 0.50","onepoint_0.5",251,202609531,"2.236067977499790,2.000000000000000,1.414213562373095,1.000000000000000","KW",1000,16.2,17.8,24,40,1.6,0.798797895639491,0.0343561245465973,3.1656438754534
"unbalanced n, larger n with smaller SD",10,"5, 8, 12, 15",2,0,6,"0.00, 0.00, 0.00, 0.50","onepoint_0.5",252,202609532,"2.236067977499790,2.000000000000000,1.414213562373095,1.000000000000000","F",1000,16.7,18.1,45,59,1.4,1.0193522840898,-0.597930476816007,3.39793047681601
"unbalanced n, larger n with smaller SD",10,"5, 8, 12, 15",2,0,6,"0.00, 0.00, 0.00, 0.50","onepoint_0.5",252,202609532,"2.236067977499790,2.000000000000000,1.414213562373095,1.000000000000000","W",1000,10.6,18.1,6,81,7.5,0.902532306659746,5.7310366789469,9.2689633210531
"unbalanced n, larger n with smaller SD",10,"5, 8, 12, 15",2,0,6,"0.00, 0.00, 0.00, 0.50","onepoint_0.5",252,202609532,"2.236067977499790,2.000000000000000,1.414213562373095,1.000000000000000","KW",1000,18.5,18.1,27,23,-0.4,0.707347397210414,-1.78640089853241,0.986400898532411
"unbalanced n, larger n with smaller SD",10,"5, 8, 12, 15",3,0.5,1,"0.00, 0.00, 0.00, 0.50","onepoint_0.5",253,202609533,"2.236067977499790,2.000000000000000,1.414213562373095,1.000000000000000","F",1000,19.8,20,33,35,0.2,0.825009479121683,-1.4170185790785,1.8170185790785
"unbalanced n, larger n with smaller SD",10,"5, 8, 12, 15",3,0.5,1,"0.00, 0.00, 0.00, 0.50","onepoint_0.5",253,202609533,"2.236067977499790,2.000000000000000,1.414213562373095,1.000000000000000","W",1000,15.7,20,11,54,4.3,0.795073670889775,2.74165560505604,5.85834439494396
"unbalanced n, larger n with smaller SD",10,"5, 8, 12, 15",3,0.5,1,"0.00, 0.00, 0.00, 0.50","onepoint_0.5",253,202609533,"2.236067977499790,2.000000000000000,1.414213562373095,1.000000000000000","KW",1000,19.3,20,23,30,0.7,0.72803848802109,-0.726955436521336,2.12695543652134
"unbalanced n, larger n with smaller SD",10,"5, 8, 12, 15",4,1,1.6,"0.00, 0.00, 0.00, 0.50","onepoint_0.5",254,202609534,"2.236067977499790,2.000000000000000,1.414213562373095,1.000000000000000","F",1000,19.7,22.5,34,62,2.8,0.976275121629712,0.886500761605765,4.71349923839424
"unbalanced n, larger n with smaller SD",10,"5, 8, 12, 15",4,1,1.6,"0.00, 0.00, 0.00, 0.50","onepoint_0.5",254,202609534,"2.236067977499790,2.000000000000000,1.414213562373095,1.000000000000000","W",1000,18.2,22.5,11,54,4.3,0.795073670889775,2.74165560505604,5.85834439494396
"unbalanced n, larger n with smaller SD",10,"5, 8, 12, 15",4,1,1.6,"0.00, 0.00, 0.00, 0.50","onepoint_0.5",254,202609534,"2.236067977499790,2.000000000000000,1.414213562373095,1.000000000000000","KW",1000,21.9,22.5,25,31,0.6,0.74846522978707,-0.866991850382657,2.06699185038266
"unbalanced n, larger n with smaller SD",10,"5, 8, 12, 15",5,2,6.6,"0.00, 0.00, 0.00, 0.50","onepoint_0.5",255,202609535,"2.236067977499790,2.000000000000000,1.414213562373095,1.000000000000000","F",1000,21.8,39.6,16,194,17.8,1.33601831759335,15.181404097517,20.418595902483
"unbalanced n, larger n with smaller SD",10,"5, 8, 12, 15",5,2,6.6,"0.00, 0.00, 0.00, 0.50","onepoint_0.5",255,202609535,"2.236067977499790,2.000000000000000,1.414213562373095,1.000000000000000","W",1000,27.3,39.6,9,132,12.3,1.12248383951395,10.0999316745527,14.5000683254473
"unbalanced n, larger n with smaller SD",10,"5, 8, 12, 15",5,2,6.6,"0.00, 0.00, 0.00, 0.50","onepoint_0.5",255,202609535,"2.236067977499790,2.000000000000000,1.414213562373095,1.000000000000000","KW",1000,39.4,39.6,10,12,0.2,0.469233609388951,-0.719697874402343,1.11969787440234
"unbalanced n, larger n with smaller SD",20,"10, 16, 24, 30",1,0,0,"0.00, 0.00, 0.00, 0.50","onepoint_0.5",256,202609536,"2.236067977499790,2.000000000000000,1.414213562373095,1.000000000000000","F",1000,25.6,21.7,64,25,-3.9,0.93577009231202,-5.73410938093156,-2.06589061906844
"unbalanced n, larger n with smaller SD",20,"10, 16, 24, 30",1,0,0,"0.00, 0.00, 0.00, 0.50","onepoint_0.5",256,202609536,"2.236067977499790,2.000000000000000,1.414213562373095,1.000000000000000","W",1000,20.5,21.7,2,14,1.2,0.398395179085691,0.419145448992045,1.98085455100795
"unbalanced n, larger n with smaller SD",20,"10, 16, 24, 30",1,0,0,"0.00, 0.00, 0.00, 0.50","onepoint_0.5",256,202609536,"2.236067977499790,2.000000000000000,1.414213562373095,1.000000000000000","KW",1000,23,21.7,36,23,-1.3,0.767397484292786,-2.80409906921386,0.20409906921386
"unbalanced n, larger n with smaller SD",20,"10, 16, 24, 30",2,0,6,"0.00, 0.00, 0.00, 0.50","onepoint_0.5",257,202609537,"2.236067977499790,2.000000000000000,1.414213562373095,1.000000000000000","F",1000,26.7,33.5,56,124,6.8,1.32495868445607,4.20308097846611,9.3969190215339
"unbalanced n, larger n with smaller SD",20,"10, 16, 24, 30",2,0,6,"0.00, 0.00, 0.00, 0.50","onepoint_0.5",257,202609537,"2.236067977499790,2.000000000000000,1.414213562373095,1.000000000000000","W",1000,24.2,33.5,6,99,9.3,0.982076613342608,7.37512983784849,11.2248701621515
"unbalanced n, larger n with smaller SD",20,"10, 16, 24, 30",2,0,6,"0.00, 0.00, 0.00, 0.50","onepoint_0.5",257,202609537,"2.236067977499790,2.000000000000000,1.414213562373095,1.000000000000000","KW",1000,34.9,33.5,26,12,-1.4,0.61515723064792,-2.60570817206992,-0.194291827930078
"unbalanced n, larger n with smaller SD",20,"10, 16, 24, 30",3,0.5,1,"0.00, 0.00, 0.00, 0.50","onepoint_0.5",258,202609538,"2.236067977499790,2.000000000000000,1.414213562373095,1.000000000000000","F",1000,28,30.6,44,70,2.6,1.06507012650546,0.51246255204929,4.68753744795071
"unbalanced n, larger n with smaller SD",20,"10, 16, 24, 30",3,0.5,1,"0.00, 0.00, 0.00, 0.50","onepoint_0.5",258,202609538,"2.236067977499790,2.000000000000000,1.414213562373095,1.000000000000000","W",1000,26.5,30.6,6,47,4.1,0.716731263238667,2.69520672405221,5.50479327594779
"unbalanced n, larger n with smaller SD",20,"10, 16, 24, 30",3,0.5,1,"0.00, 0.00, 0.00, 0.50","onepoint_0.5",258,202609538,"2.236067977499790,2.000000000000000,1.414213562373095,1.000000000000000","KW",1000,32.1,30.6,42,27,-1.5,0.829721904277838,-3.12625493238456,0.126254932384562
"unbalanced n, larger n with smaller SD",20,"10, 16, 24, 30",4,1,1.6,"0.00, 0.00, 0.00, 0.50","onepoint_0.5",259,202609539,"2.236067977499790,2.000000000000000,1.414213562373095,1.000000000000000","F",1000,27.3,37.8,25,130,10.5,1.20049622706246,8.14702739495759,12.8529726050424
"unbalanced n, larger n with smaller SD",20,"10, 16, 24, 30",4,1,1.6,"0.00, 0.00, 0.00, 0.50","onepoint_0.5",259,202609539,"2.236067977499790,2.000000000000000,1.414213562373095,1.000000000000000","W",1000,30.9,37.8,12,81,6.9,0.939826193119388,5.057940661486,8.742059338514
"unbalanced n, larger n with smaller SD",20,"10, 16, 24, 30",4,1,1.6,"0.00, 0.00, 0.00, 0.50","onepoint_0.5",259,202609539,"2.236067977499790,2.000000000000000,1.414213562373095,1.000000000000000","KW",1000,40.5,37.8,39,12,-2.7,0.709375227374914,-4.09037544565483,-1.30962455434517
"unbalanced n, larger n with smaller SD",20,"10, 16, 24, 30",5,2,6.6,"0.00, 0.00, 0.00, 0.50","onepoint_0.5",260,202609540,"2.236067977499790,2.000000000000000,1.414213562373095,1.000000000000000","F",1000,32.5,68.6,7,368,36.1,1.56500454927111,33.0325910834286,39.1674089165714
"unbalanced n, larger n with smaller SD",20,"10, 16, 24, 30",5,2,6.6,"0.00, 0.00, 0.00, 0.50","onepoint_0.5",260,202609540,"2.236067977499790,2.000000000000000,1.414213562373095,1.000000000000000","W",1000,39.8,68.6,6,294,28.8,1.4740192443563,25.9109222810616,31.6890777189384
"unbalanced n, larger n with smaller SD",20,"10, 16, 24, 30",5,2,6.6,"0.00, 0.00, 0.00, 0.50","onepoint_0.5",260,202609540,"2.236067977499790,2.000000000000000,1.414213562373095,1.000000000000000","KW",1000,68.3,68.6,0,3,0.3,0.173031615434694,-0.0391419662520006,0.639141966252001
"unbalanced n, larger n with smaller SD",30,"15, 24, 36, 45",1,0,0,"0.00, 0.00, 0.00, 0.50","onepoint_0.5",261,202609541,"2.236067977499790,2.000000000000000,1.414213562373095,1.000000000000000","F",1000,34.8,35.4,64,70,0.6,1.15800733200656,-1.66969437073286,2.86969437073286
"unbalanced n, larger n with smaller SD",30,"15, 24, 36, 45",1,0,0,"0.00, 0.00, 0.00, 0.50","onepoint_0.5",261,202609541,"2.236067977499790,2.000000000000000,1.414213562373095,1.000000000000000","W",1000,34.5,35.4,4,13,0.9,0.411532938365033,0.0933954408045347,1.70660455919547
"unbalanced n, larger n with smaller SD",30,"15, 24, 36, 45",1,0,0,"0.00, 0.00, 0.00, 0.50","onepoint_0.5",261,202609541,"2.236067977499790,2.000000000000000,1.414213562373095,1.000000000000000","KW",1000,34.1,35.4,44,57,1.3,1.00464885373911,-0.669111753328665,3.26911175332867
"unbalanced n, larger n with smaller SD",30,"15, 24, 36, 45",2,0,6,"0.00, 0.00, 0.00, 0.50","onepoint_0.5",262,202609542,"2.236067977499790,2.000000000000000,1.414213562373095,1.000000000000000","F",1000,37,50.6,37,173,13.6,1.38454214704968,10.8862973917826,16.3137026082174
"unbalanced n, larger n with smaller SD",30,"15, 24, 36, 45",2,0,6,"0.00, 0.00, 0.00, 0.50","onepoint_0.5",262,202609542,"2.236067977499790,2.000000000000000,1.414213562373095,1.000000000000000","W",1000,37.6,50.6,13,143,13,1.17999677643306,10.6872063181912,15.3127936818088
"unbalanced n, larger n with smaller SD",30,"15, 24, 36, 45",2,0,6,"0.00, 0.00, 0.00, 0.50","onepoint_0.5",262,202609542,"2.236067977499790,2.000000000000000,1.414213562373095,1.000000000000000","KW",1000,52,50.6,21,7,-1.4,0.527558829248755,-2.43401530532756,-0.365984694672441
"unbalanced n, larger n with smaller SD",30,"15, 24, 36, 45",3,0.5,1,"0.00, 0.00, 0.00, 0.50","onepoint_0.5",263,202609543,"2.236067977499790,2.000000000000000,1.414213562373095,1.000000000000000","F",1000,31.2,37.6,45,109,6.4,1.22496552626617,3.99906756851831,8.80093243148169
"unbalanced n, larger n with smaller SD",30,"15, 24, 36, 45",3,0.5,1,"0.00, 0.00, 0.00, 0.50","onepoint_0.5",263,202609543,"2.236067977499790,2.000000000000000,1.414213562373095,1.000000000000000","W",1000,33.5,37.6,2,43,4.1,0.658501042993573,2.8093379557326,5.3906620442674
"unbalanced n, larger n with smaller SD",30,"15, 24, 36, 45",3,0.5,1,"0.00, 0.00, 0.00, 0.50","onepoint_0.5",263,202609543,"2.236067977499790,2.000000000000000,1.414213562373095,1.000000000000000","KW",1000,42.1,37.6,66,21,-4.5,0.922280109619967,-6.30766901485513,-2.69233098514487
"unbalanced n, larger n with smaller SD",30,"15, 24, 36, 45",4,1,1.6,"0.00, 0.00, 0.00, 0.50","onepoint_0.5",264,202609544,"2.236067977499790,2.000000000000000,1.414213562373095,1.000000000000000","F",1000,35.5,55.8,19,222,20.3,1.4141817103576,17.5282038476991,23.0717961523009
"unbalanced n, larger n with smaller SD",30,"15, 24, 36, 45",4,1,1.6,"0.00, 0.00, 0.00, 0.50","onepoint_0.5",264,202609544,"2.236067977499790,2.000000000000000,1.414213562373095,1.000000000000000","W",1000,42.9,55.8,11,140,12.9,1.15971329859365,10.6269619347565,15.1730380652435
"unbalanced n, larger n with smaller SD",30,"15, 24, 36, 45",4,1,1.6,"0.00, 0.00, 0.00, 0.50","onepoint_0.5",264,202609544,"2.236067977499790,2.000000000000000,1.414213562373095,1.000000000000000","KW",1000,57.7,55.8,28,9,-1.9,0.605604455694277,-3.08698473316078,-0.713015266839217
"unbalanced n, larger n with smaller SD",30,"15, 24, 36, 45",5,2,6.6,"0.00, 0.00, 0.00, 0.50","onepoint_0.5",265,202609545,"2.236067977499790,2.000000000000000,1.414213562373095,1.000000000000000","F",1000,38.8,86.1,2,475,47.3,1.59224534706345,44.1791991197556,50.4208008802444
"unbalanced n, larger n with smaller SD",30,"15, 24, 36, 45",5,2,6.6,"0.00, 0.00, 0.00, 0.50","onepoint_0.5",265,202609545,"2.236067977499790,2.000000000000000,1.414213562373095,1.000000000000000","W",1000,49.2,86.1,1,370,36.9,1.53321255562974,33.8949033909657,39.9050966090343
"unbalanced n, larger n with smaller SD",30,"15, 24, 36, 45",5,2,6.6,"0.00, 0.00, 0.00, 0.50","onepoint_0.5",265,202609545,"2.236067977499790,2.000000000000000,1.414213562373095,1.000000000000000","KW",1000,86.1,86.1,0,0,0,0,0,0
"unbalanced n, larger n with smaller SD",50,"25, 40, 60, 75",1,0,0,"0.00, 0.00, 0.00, 0.50","onepoint_0.5",266,202609546,"2.236067977499790,2.000000000000000,1.414213562373095,1.000000000000000","F",1000,51.7,57.7,41,101,6,1.17702395276622,3.69303305257822,8.30696694742178
"unbalanced n, larger n with smaller SD",50,"25, 40, 60, 75",1,0,0,"0.00, 0.00, 0.00, 0.50","onepoint_0.5",266,202609546,"2.236067977499790,2.000000000000000,1.414213562373095,1.000000000000000","W",1000,57.8,57.7,2,1,-0.1,0.173262863938066,-0.439595213318609,0.239595213318609
"unbalanced n, larger n with smaller SD",50,"25, 40, 60, 75",1,0,0,"0.00, 0.00, 0.00, 0.50","onepoint_0.5",266,202609546,"2.236067977499790,2.000000000000000,1.414213562373095,1.000000000000000","KW",1000,53.7,57.7,34,74,4,1.03201989567307,1.97724100448078,6.02275899551922
"unbalanced n, larger n with smaller SD",50,"25, 40, 60, 75",2,0,6,"0.00, 0.00, 0.00, 0.50","onepoint_0.5",267,202609547,"2.236067977499790,2.000000000000000,1.414213562373095,1.000000000000000","F",1000,53.7,75,27,240,21.3,1.48947256722926,18.3806337682307,24.2193662317693
"unbalanced n, larger n with smaller SD",50,"25, 40, 60, 75",2,0,6,"0.00, 0.00, 0.00, 0.50","onepoint_0.5",267,202609547,"2.236067977499790,2.000000000000000,1.414213562373095,1.000000000000000","W",1000,61,75,14,154,14,1.21880494152488,11.6111423146112,16.3888576853888
"unbalanced n, larger n with smaller SD",50,"25, 40, 60, 75",2,0,6,"0.00, 0.00, 0.00, 0.50","onepoint_0.5",267,202609547,"2.236067977499790,2.000000000000000,1.414213562373095,1.000000000000000","KW",1000,75.8,75,9,1,-0.8,0.315371938287889,-1.41812899904426,-0.181871000955738
"unbalanced n, larger n with smaller SD",50,"25, 40, 60, 75",3,0.5,1,"0.00, 0.00, 0.00, 0.50","onepoint_0.5",268,202609548,"2.236067977499790,2.000000000000000,1.414213562373095,1.000000000000000","F",1000,50.3,64.4,26,167,14.1,1.31640530343922,11.5198456052591,16.6801543947409
"unbalanced n, larger n with smaller SD",50,"25, 40, 60, 75",3,0.5,1,"0.00, 0.00, 0.00, 0.50","onepoint_0.5",268,202609548,"2.236067977499790,2.000000000000000,1.414213562373095,1.000000000000000","W",1000,57.5,64.4,2,71,6.9,0.82648234891804,5.28009459612064,8.51990540387936
"unbalanced n, larger n with smaller SD",50,"25, 40, 60, 75",3,0.5,1,"0.00, 0.00, 0.00, 0.50","onepoint_0.5",268,202609548,"2.236067977499790,2.000000000000000,1.414213562373095,1.000000000000000","KW",1000,67.4,64.4,42,12,-3,0.729062090312986,-4.42896169701345,-1.57103830298655
"unbalanced n, larger n with smaller SD",50,"25, 40, 60, 75",4,1,1.6,"0.00, 0.00, 0.00, 0.50","onepoint_0.5",269,202609549,"2.236067977499790,2.000000000000000,1.414213562373095,1.000000000000000","F",1000,53.3,82.4,9,300,29.1,1.49847770601881,26.1629836962031,32.0370163037969
"unbalanced n, larger n with smaller SD",50,"25, 40, 60, 75",4,1,1.6,"0.00, 0.00, 0.00, 0.50","onepoint_0.5",269,202609549,"2.236067977499790,2.000000000000000,1.414213562373095,1.000000000000000","W",1000,62.7,82.4,3,200,19.7,1.28201152629512,17.1872574084616,22.2127425915384
"unbalanced n, larger n with smaller SD",50,"25, 40, 60, 75",4,1,1.6,"0.00, 0.00, 0.00, 0.50","onepoint_0.5",269,202609549,"2.236067977499790,2.000000000000000,1.414213562373095,1.000000000000000","KW",1000,83.6,82.4,12,0,-1.2,0.344497719409982,-1.87521553004356,-0.524784469956436
"unbalanced n, larger n with smaller SD",50,"25, 40, 60, 75",5,2,6.6,"0.00, 0.00, 0.00, 0.50","onepoint_0.5",270,202609550,"2.236067977499790,2.000000000000000,1.414213562373095,1.000000000000000","F",1000,55,98.3,1,434,43.3,1.57403544673797,40.2148905243936,46.3851094756064
"unbalanced n, larger n with smaller SD",50,"25, 40, 60, 75",5,2,6.6,"0.00, 0.00, 0.00, 0.50","onepoint_0.5",270,202609550,"2.236067977499790,2.000000000000000,1.414213562373095,1.000000000000000","W",1000,65.8,98.3,0,325,32.5,1.48187244590955,29.5955300060173,35.4044699939827
"unbalanced n, larger n with smaller SD",50,"25, 40, 60, 75",5,2,6.6,"0.00, 0.00, 0.00, 0.50","onepoint_0.5",270,202609550,"2.236067977499790,2.000000000000000,1.414213562373095,1.000000000000000","KW",1000,98.3,98.3,0,0,0,0,0,0
"unbalanced n, larger n with smaller SD",100,"50, 80, 120, 150",1,0,0,"0.00, 0.00, 0.00, 0.50","onepoint_0.5",271,202609551,"2.236067977499790,2.000000000000000,1.414213562373095,1.000000000000000","F",1000,82.6,88.3,6,63,5.7,0.811275642533505,4.10989974063433,7.29010025936567
"unbalanced n, larger n with smaller SD",100,"50, 80, 120, 150",1,0,0,"0.00, 0.00, 0.00, 0.50","onepoint_0.5",271,202609551,"2.236067977499790,2.000000000000000,1.414213562373095,1.000000000000000","W",1000,88.3,88.3,0,0,0,0,0,0
"unbalanced n, larger n with smaller SD",100,"50, 80, 120, 150",1,0,0,"0.00, 0.00, 0.00, 0.50","onepoint_0.5",271,202609551,"2.236067977499790,2.000000000000000,1.414213562373095,1.000000000000000","KW",1000,85.3,88.3,12,42,3,0.729062090312987,1.57103830298655,4.42896169701345
"unbalanced n, larger n with smaller SD",100,"50, 80, 120, 150",2,0,6,"0.00, 0.00, 0.00, 0.50","onepoint_0.5",272,202609552,"2.236067977499790,2.000000000000000,1.414213562373095,1.000000000000000","F",1000,83.6,98.2,1,147,14.6,1.12610306282689,12.3928379968593,16.8071620031407
"unbalanced n, larger n with smaller SD",100,"50, 80, 120, 150",2,0,6,"0.00, 0.00, 0.00, 0.50","onepoint_0.5",272,202609552,"2.236067977499790,2.000000000000000,1.414213562373095,1.000000000000000","W",1000,88.4,98.2,0,98,9.8,0.940661918462123,7.95630263981424,11.6436973601858
"unbalanced n, larger n with smaller SD",100,"50, 80, 120, 150",2,0,6,"0.00, 0.00, 0.00, 0.50","onepoint_0.5",272,202609552,"2.236067977499790,2.000000000000000,1.414213562373095,1.000000000000000","KW",1000,98.2,98.2,0,0,0,0,0,0
"unbalanced n, larger n with smaller SD",100,"50, 80, 120, 150",3,0.5,1,"0.00, 0.00, 0.00, 0.50","onepoint_0.5",273,202609553,"2.236067977499790,2.000000000000000,1.414213562373095,1.000000000000000","F",1000,84.1,93.9,5,103,9.8,0.99244392534034,7.85480990633294,11.7451900936671
"unbalanced n, larger n with smaller SD",100,"50, 80, 120, 150",3,0.5,1,"0.00, 0.00, 0.00, 0.50","onepoint_0.5",273,202609553,"2.236067977499790,2.000000000000000,1.414213562373095,1.000000000000000","W",1000,89.3,93.9,1,47,4.6,0.677716238037205,3.27167617344708,5.92832382655292
"unbalanced n, larger n with smaller SD",100,"50, 80, 120, 150",3,0.5,1,"0.00, 0.00, 0.00, 0.50","onepoint_0.5",273,202609553,"2.236067977499790,2.000000000000000,1.414213562373095,1.000000000000000","KW",1000,95,93.9,11,0,-1.1,0.329998331660782,-1.74679673005513,-0.453203269944868
"unbalanced n, larger n with smaller SD",100,"50, 80, 120, 150",4,1,1.6,"0.00, 0.00, 0.00, 0.50","onepoint_0.5",274,202609554,"2.236067977499790,2.000000000000000,1.414213562373095,1.000000000000000","F",1000,82.5,99.3,0,168,16.8,1.18286058314543,14.481593257035,19.118406742965
"unbalanced n, larger n with smaller SD",100,"50, 80, 120, 150",4,1,1.6,"0.00, 0.00, 0.00, 0.50","onepoint_0.5",274,202609554,"2.236067977499790,2.000000000000000,1.414213562373095,1.000000000000000","W",1000,90.4,99.3,0,89,8.9,0.900889339265153,7.1342568950403,10.6657431049597
"unbalanced n, larger n with smaller SD",100,"50, 80, 120, 150",4,1,1.6,"0.00, 0.00, 0.00, 0.50","onepoint_0.5",274,202609554,"2.236067977499790,2.000000000000000,1.414213562373095,1.000000000000000","KW",1000,99.3,99.3,0,0,0,0,0,0
"unbalanced n, larger n with smaller SD",100,"50, 80, 120, 150",5,2,6.6,"0.00, 0.00, 0.00, 0.50","onepoint_0.5",275,202609555,"2.236067977499790,2.000000000000000,1.414213562373095,1.000000000000000","F",1000,81.7,100,0,183,18.3,1.22335873994778,15.9022168697023,20.6977831302977
"unbalanced n, larger n with smaller SD",100,"50, 80, 120, 150",5,2,6.6,"0.00, 0.00, 0.00, 0.50","onepoint_0.5",275,202609555,"2.236067977499790,2.000000000000000,1.414213562373095,1.000000000000000","W",1000,90.8,100,0,92,9.2,0.914437639315111,7.40770222694238,10.9922977730576
"unbalanced n, larger n with smaller SD",100,"50, 80, 120, 150",5,2,6.6,"0.00, 0.00, 0.00, 0.50","onepoint_0.5",275,202609555,"2.236067977499790,2.000000000000000,1.414213562373095,1.000000000000000","KW",1000,100,100,0,0,0,0,0,0
"balanced n, equal SD",10,"10, 10, 10, 10",1,0,0,"0.00, 0.00, 0.00, 1.00","onepoint_1",276,202609556,"1,1,1,1","F",1000,55.3,55,9,6,-0.3,0.387375864064945,-1.05925669356729,0.459256693567292
"balanced n, equal SD",10,"10, 10, 10, 10",1,0,0,"0.00, 0.00, 0.00, 1.00","onepoint_1",276,202609556,"1,1,1,1","W",1000,50.9,55,32,73,4.1,1.01696815300393,2.10674242011229,6.09325757988771
"balanced n, equal SD",10,"10, 10, 10, 10",1,0,0,"0.00, 0.00, 0.00, 1.00","onepoint_1",276,202609556,"1,1,1,1","KW",1000,49.9,55,16,67,5.1,0.897103558567674,3.34167702520736,6.85832297479264
"balanced n, equal SD",10,"10, 10, 10, 10",2,0,6,"0.00, 0.00, 0.00, 1.00","onepoint_1",277,202609557,"1,1,1,1","F",1000,61.4,71.2,9,107,9.8,1.03200049662053,7.77727902662377,11.8227209733762
"balanced n, equal SD",10,"10, 10, 10, 10",2,0,6,"0.00, 0.00, 0.00, 1.00","onepoint_1",277,202609557,"1,1,1,1","W",1000,61.6,71.2,28,124,9.6,1.19552050140065,7.25677981725472,11.9432201827453
"balanced n, equal SD",10,"10, 10, 10, 10",2,0,6,"0.00, 0.00, 0.00, 1.00","onepoint_1",277,202609557,"1,1,1,1","KW",1000,70.5,71.2,26,33,0.7,0.768179731638429,-0.805632274011321,2.20563227401132
"balanced n, equal SD",10,"10, 10, 10, 10",3,0.5,1,"0.00, 0.00, 0.00, 1.00","onepoint_1",278,202609558,"1,1,1,1","F",1000,58.7,60.3,9,25,1.6,0.581186525805425,0.460874409421368,2.73912559057863
"balanced n, equal SD",10,"10, 10, 10, 10",3,0.5,1,"0.00, 0.00, 0.00, 1.00","onepoint_1",278,202609558,"1,1,1,1","W",1000,55.8,60.3,36,81,4.5,1.07280049445408,2.39731103087,6.60268896913
"balanced n, equal SD",10,"10, 10, 10, 10",3,0.5,1,"0.00, 0.00, 0.00, 1.00","onepoint_1",278,202609558,"1,1,1,1","KW",1000,56.2,60.3,19,60,4.1,0.879752217368029,2.37568565395866,5.82431434604134
"balanced n, equal SD",10,"10, 10, 10, 10",4,1,1.6,"0.00, 0.00, 0.00, 1.00","onepoint_1",279,202609559,"1,1,1,1","F",1000,60.1,64.1,20,60,4,0.885880796035672,2.26367363977008,5.73632636022992
"balanced n, equal SD",10,"10, 10, 10, 10",4,1,1.6,"0.00, 0.00, 0.00, 1.00","onepoint_1",279,202609559,"1,1,1,1","W",1000,61.9,64.1,34,56,2.2,0.946602374841759,0.344659345310152,4.05534065468985
"balanced n, equal SD",10,"10, 10, 10, 10",4,1,1.6,"0.00, 0.00, 0.00, 1.00","onepoint_1",279,202609559,"1,1,1,1","KW",1000,61,64.1,10,41,3.1,0.70773645581592,1.7128365466008,4.4871634533992
"balanced n, equal SD",10,"10, 10, 10, 10",5,2,6.6,"0.00, 0.00, 0.00, 1.00","onepoint_1",280,202609560,"1,1,1,1","F",1000,58.1,78.1,9,209,20,1.33483399034553,17.3837253789228,22.6162746210772
"balanced n, equal SD",10,"10, 10, 10, 10",5,2,6.6,"0.00, 0.00, 0.00, 1.00","onepoint_1",280,202609560,"1,1,1,1","W",1000,69.2,78.1,36,125,8.9,1.23787007489571,6.4737746532044,11.3262253467956
"balanced n, equal SD",10,"10, 10, 10, 10",5,2,6.6,"0.00, 0.00, 0.00, 1.00","onepoint_1",280,202609560,"1,1,1,1","KW",1000,77,78.1,4,15,1.1,0.434717125242357,0.24795443452498,1.95204556547502
"balanced n, equal SD",20,"20, 20, 20, 20",1,0,0,"0.00, 0.00, 0.00, 1.00","onepoint_1",281,202609561,"1,1,1,1","F",1000,91.9,91.9,3,3,0,0.245071540697936,-0.480340219767954,0.480340219767954
"balanced n, equal SD",20,"20, 20, 20, 20",1,0,0,"0.00, 0.00, 0.00, 1.00","onepoint_1",281,202609561,"1,1,1,1","W",1000,89,91.9,5,34,2.9,0.618038811056375,1.6886439303295,4.1113560696705
"balanced n, equal SD",20,"20, 20, 20, 20",1,0,0,"0.00, 0.00, 0.00, 1.00","onepoint_1",281,202609561,"1,1,1,1","KW",1000,89.9,91.9,4,24,2,0.525619897146478,0.969785001592902,3.0302149984071
"balanced n, equal SD",20,"20, 20, 20, 20",2,0,6,"0.00, 0.00, 0.00, 1.00","onepoint_1",282,202609562,"1,1,1,1","F",1000,89.3,95.1,2,60,5.8,0.766124628860694,4.29839572743304,7.30160427256696
"balanced n, equal SD",20,"20, 20, 20, 20",2,0,6,"0.00, 0.00, 0.00, 1.00","onepoint_1",282,202609562,"1,1,1,1","W",1000,88.6,95.1,3,68,6.5,0.817568601658855,4.89756554074864,8.10243445925136
"balanced n, equal SD",20,"20, 20, 20, 20",2,0,6,"0.00, 0.00, 0.00, 1.00","onepoint_1",282,202609562,"1,1,1,1","KW",1000,95.8,95.1,8,1,-0.7,0.299331922119239,-1.28669056735371,-0.113309432646291
"balanced n, equal SD",20,"20, 20, 20, 20",3,0.5,1,"0.00, 0.00, 0.00, 1.00","onepoint_1",283,202609563,"1,1,1,1","F",1000,90.9,92.1,2,14,1.2,0.398395179085694,0.41914544899204,1.98085455100796
"balanced n, equal SD",20,"20, 20, 20, 20",3,0.5,1,"0.00, 0.00, 0.00, 1.00","onepoint_1",283,202609563,"1,1,1,1","W",1000,91,92.1,16,27,1.1,0.655148242170594,-0.184090554654365,2.38409055465436
"balanced n, equal SD",20,"20, 20, 20, 20",3,0.5,1,"0.00, 0.00, 0.00, 1.00","onepoint_1",283,202609563,"1,1,1,1","KW",1000,91.7,92.1,17,21,0.4,0.616619996610733,-0.808575193357037,1.60857519335704
"balanced n, equal SD",20,"20, 20, 20, 20",4,1,1.6,"0.00, 0.00, 0.00, 1.00","onepoint_1",284,202609564,"1,1,1,1","F",1000,90.9,95.5,3,49,4.6,0.706639469134964,3.21498664049547,5.98501335950453
"balanced n, equal SD",20,"20, 20, 20, 20",4,1,1.6,"0.00, 0.00, 0.00, 1.00","onepoint_1",284,202609564,"1,1,1,1","W",1000,93.3,95.5,6,28,2.2,0.579219729891426,1.0647293294128,3.3352706705872
"balanced n, equal SD",20,"20, 20, 20, 20",4,1,1.6,"0.00, 0.00, 0.00, 1.00","onepoint_1",284,202609564,"1,1,1,1","KW",1000,95.5,95.5,2,2,0,0.200100075062555,-0.392196147122607,0.392196147122607
"balanced n, equal SD",20,"20, 20, 20, 20",5,2,6.6,"0.00, 0.00, 0.00, 1.00","onepoint_1",285,202609565,"1,1,1,1","F",1000,90.6,99.6,0,90,9,0.905439020486643,7.22533951984618,10.7746604801538
"balanced n, equal SD",20,"20, 20, 20, 20",5,2,6.6,"0.00, 0.00, 0.00, 1.00","onepoint_1",285,202609565,"1,1,1,1","W",1000,95.8,99.6,0,38,3.8,0.604918115058494,2.61436049448535,4.98563950551465
"balanced n, equal SD",20,"20, 20, 20, 20",5,2,6.6,"0.00, 0.00, 0.00, 1.00","onepoint_1",285,202609565,"1,1,1,1","KW",1000,99.6,99.6,0,0,0,0,0,0
"balanced n, equal SD",30,"30, 30, 30, 30",1,0,0,"0.00, 0.00, 0.00, 1.00","onepoint_1",286,202609566,"1,1,1,1","F",1000,98,98,0,0,0,0,0,0
"balanced n, equal SD",30,"30, 30, 30, 30",1,0,0,"0.00, 0.00, 0.00, 1.00","onepoint_1",286,202609566,"1,1,1,1","W",1000,97.5,98,1,6,0.5,0.264234403172296,-0.0178994302177006,1.0178994302177
"balanced n, equal SD",30,"30, 30, 30, 30",1,0,0,"0.00, 0.00, 0.00, 1.00","onepoint_1",286,202609566,"1,1,1,1","KW",1000,97.4,98,2,8,0.6,0.315815990316733,-0.0189993410207964,1.2189993410208
"balanced n, equal SD",30,"30, 30, 30, 30",2,0,6,"0.00, 0.00, 0.00, 1.00","onepoint_1",287,202609567,"1,1,1,1","F",1000,97,99.5,0,25,2.5,0.493957481969847,1.5318433353391,3.4681566646609
"balanced n, equal SD",30,"30, 30, 30, 30",2,0,6,"0.00, 0.00, 0.00, 1.00","onepoint_1",287,202609567,"1,1,1,1","W",1000,96.4,99.5,0,31,3.1,0.548352706467919,2.02522869532288,4.17477130467712
"balanced n, equal SD",30,"30, 30, 30, 30",2,0,6,"0.00, 0.00, 0.00, 1.00","onepoint_1",287,202609567,"1,1,1,1","KW",1000,99.7,99.5,2,0,-0.2,0.141350557055782,-0.477047091829333,0.077047091829333
"balanced n, equal SD",30,"30, 30, 30, 30",3,0.5,1,"0.00, 0.00, 0.00, 1.00","onepoint_1",288,202609568,"1,1,1,1","F",1000,98.7,98.8,1,2,0.1,0.173262863938065,-0.239595213318608,0.439595213318608
"balanced n, equal SD",30,"30, 30, 30, 30",3,0.5,1,"0.00, 0.00, 0.00, 1.00","onepoint_1",288,202609568,"1,1,1,1","W",1000,98.9,98.8,2,1,-0.1,0.173262863938066,-0.439595213318609,0.239595213318609
"balanced n, equal SD",30,"30, 30, 30, 30",3,0.5,1,"0.00, 0.00, 0.00, 1.00","onepoint_1",288,202609568,"1,1,1,1","KW",1000,98.7,98.8,0,1,0.1,0.100000000000001,-0.0960000000000027,0.296000000000003
"balanced n, equal SD",30,"30, 30, 30, 30",4,1,1.6,"0.00, 0.00, 0.00, 1.00","onepoint_1",289,202609569,"1,1,1,1","F",1000,97.9,99.5,0,16,1.6,0.396985639031941,0.821908147497396,2.3780918525026
"balanced n, equal SD",30,"30, 30, 30, 30",4,1,1.6,"0.00, 0.00, 0.00, 1.00","onepoint_1",289,202609569,"1,1,1,1","W",1000,99.1,99.5,0,4,0.4,0.199699473909873,0.00858903113664894,0.791410968863351
"balanced n, equal SD",30,"30, 30, 30, 30",4,1,1.6,"0.00, 0.00, 0.00, 1.00","onepoint_1",289,202609569,"1,1,1,1","KW",1000,99.5,99.5,0,0,0,0,0,0
"balanced n, equal SD",30,"30, 30, 30, 30",5,2,6.6,"0.00, 0.00, 0.00, 1.00","onepoint_1",290,202609570,"1,1,1,1","F",1000,98.3,100,0,17,1.7,0.408995448968908,0.898368920020941,2.50163107997906
"balanced n, equal SD",30,"30, 30, 30, 30",5,2,6.6,"0.00, 0.00, 0.00, 1.00","onepoint_1",290,202609570,"1,1,1,1","W",1000,99.8,100,0,2,0.2,0.141350557055782,-0.0770470918293318,0.477047091829332
"balanced n, equal SD",30,"30, 30, 30, 30",5,2,6.6,"0.00, 0.00, 0.00, 1.00","onepoint_1",290,202609570,"1,1,1,1","KW",1000,100,100,0,0,0,0,0,0
"balanced n, equal SD",50,"50, 50, 50, 50",1,0,0,"0.00, 0.00, 0.00, 1.00","onepoint_1",291,202609571,"1,1,1,1","F",1000,99.9,99.9,0,0,0,0,0,0
"balanced n, equal SD",50,"50, 50, 50, 50",1,0,0,"0.00, 0.00, 0.00, 1.00","onepoint_1",291,202609571,"1,1,1,1","W",1000,100,99.9,1,0,-0.1,0.100000000000001,-0.296000000000002,0.0960000000000023
"balanced n, equal SD",50,"50, 50, 50, 50",1,0,0,"0.00, 0.00, 0.00, 1.00","onepoint_1",291,202609571,"1,1,1,1","KW",1000,99.8,99.9,0,1,0.1,0.100000000000001,-0.0960000000000011,0.296000000000001
"balanced n, equal SD",50,"50, 50, 50, 50",2,0,6,"0.00, 0.00, 0.00, 1.00","onepoint_1",292,202609572,"1,1,1,1","F",1000,99.9,100,0,1,0.1,0.1,-0.0960000000000003,0.296
"balanced n, equal SD",50,"50, 50, 50, 50",2,0,6,"0.00, 0.00, 0.00, 1.00","onepoint_1",292,202609572,"1,1,1,1","W",1000,99.9,100,0,1,0.1,0.1,-0.0960000000000003,0.296
"balanced n, equal SD",50,"50, 50, 50, 50",2,0,6,"0.00, 0.00, 0.00, 1.00","onepoint_1",292,202609572,"1,1,1,1","KW",1000,100,100,0,0,0,0,0,0
"balanced n, equal SD",50,"50, 50, 50, 50",3,0.5,1,"0.00, 0.00, 0.00, 1.00","onepoint_1",293,202609573,"1,1,1,1","F",1000,100,100,0,0,0,0,0,0
"balanced n, equal SD",50,"50, 50, 50, 50",3,0.5,1,"0.00, 0.00, 0.00, 1.00","onepoint_1",293,202609573,"1,1,1,1","W",1000,100,100,0,0,0,0,0,0
"balanced n, equal SD",50,"50, 50, 50, 50",3,0.5,1,"0.00, 0.00, 0.00, 1.00","onepoint_1",293,202609573,"1,1,1,1","KW",1000,100,100,0,0,0,0,0,0
"balanced n, equal SD",50,"50, 50, 50, 50",4,1,1.6,"0.00, 0.00, 0.00, 1.00","onepoint_1",294,202609574,"1,1,1,1","F",1000,100,100,0,0,0,0,0,0
"balanced n, equal SD",50,"50, 50, 50, 50",4,1,1.6,"0.00, 0.00, 0.00, 1.00","onepoint_1",294,202609574,"1,1,1,1","W",1000,100,100,0,0,0,0,0,0
"balanced n, equal SD",50,"50, 50, 50, 50",4,1,1.6,"0.00, 0.00, 0.00, 1.00","onepoint_1",294,202609574,"1,1,1,1","KW",1000,100,100,0,0,0,0,0,0
"balanced n, equal SD",50,"50, 50, 50, 50",5,2,6.6,"0.00, 0.00, 0.00, 1.00","onepoint_1",295,202609575,"1,1,1,1","F",1000,100,100,0,0,0,0,0,0
"balanced n, equal SD",50,"50, 50, 50, 50",5,2,6.6,"0.00, 0.00, 0.00, 1.00","onepoint_1",295,202609575,"1,1,1,1","W",1000,100,100,0,0,0,0,0,0
"balanced n, equal SD",50,"50, 50, 50, 50",5,2,6.6,"0.00, 0.00, 0.00, 1.00","onepoint_1",295,202609575,"1,1,1,1","KW",1000,100,100,0,0,0,0,0,0
"balanced n, equal SD",100,"100, 100, 100, 100",1,0,0,"0.00, 0.00, 0.00, 1.00","onepoint_1",296,202609576,"1,1,1,1","F",1000,100,100,0,0,0,0,0,0
"balanced n, equal SD",100,"100, 100, 100, 100",1,0,0,"0.00, 0.00, 0.00, 1.00","onepoint_1",296,202609576,"1,1,1,1","W",1000,100,100,0,0,0,0,0,0
"balanced n, equal SD",100,"100, 100, 100, 100",1,0,0,"0.00, 0.00, 0.00, 1.00","onepoint_1",296,202609576,"1,1,1,1","KW",1000,100,100,0,0,0,0,0,0
"balanced n, equal SD",100,"100, 100, 100, 100",2,0,6,"0.00, 0.00, 0.00, 1.00","onepoint_1",297,202609577,"1,1,1,1","F",1000,100,100,0,0,0,0,0,0
"balanced n, equal SD",100,"100, 100, 100, 100",2,0,6,"0.00, 0.00, 0.00, 1.00","onepoint_1",297,202609577,"1,1,1,1","W",1000,100,100,0,0,0,0,0,0
"balanced n, equal SD",100,"100, 100, 100, 100",2,0,6,"0.00, 0.00, 0.00, 1.00","onepoint_1",297,202609577,"1,1,1,1","KW",1000,100,100,0,0,0,0,0,0
"balanced n, equal SD",100,"100, 100, 100, 100",3,0.5,1,"0.00, 0.00, 0.00, 1.00","onepoint_1",298,202609578,"1,1,1,1","F",1000,100,100,0,0,0,0,0,0
"balanced n, equal SD",100,"100, 100, 100, 100",3,0.5,1,"0.00, 0.00, 0.00, 1.00","onepoint_1",298,202609578,"1,1,1,1","W",1000,100,100,0,0,0,0,0,0
"balanced n, equal SD",100,"100, 100, 100, 100",3,0.5,1,"0.00, 0.00, 0.00, 1.00","onepoint_1",298,202609578,"1,1,1,1","KW",1000,100,100,0,0,0,0,0,0
"balanced n, equal SD",100,"100, 100, 100, 100",4,1,1.6,"0.00, 0.00, 0.00, 1.00","onepoint_1",299,202609579,"1,1,1,1","F",1000,100,100,0,0,0,0,0,0
"balanced n, equal SD",100,"100, 100, 100, 100",4,1,1.6,"0.00, 0.00, 0.00, 1.00","onepoint_1",299,202609579,"1,1,1,1","W",1000,100,100,0,0,0,0,0,0
"balanced n, equal SD",100,"100, 100, 100, 100",4,1,1.6,"0.00, 0.00, 0.00, 1.00","onepoint_1",299,202609579,"1,1,1,1","KW",1000,100,100,0,0,0,0,0,0
"balanced n, equal SD",100,"100, 100, 100, 100",5,2,6.6,"0.00, 0.00, 0.00, 1.00","onepoint_1",300,202609580,"1,1,1,1","F",1000,100,100,0,0,0,0,0,0
"balanced n, equal SD",100,"100, 100, 100, 100",5,2,6.6,"0.00, 0.00, 0.00, 1.00","onepoint_1",300,202609580,"1,1,1,1","W",1000,100,100,0,0,0,0,0,0
"balanced n, equal SD",100,"100, 100, 100, 100",5,2,6.6,"0.00, 0.00, 0.00, 1.00","onepoint_1",300,202609580,"1,1,1,1","KW",1000,100,100,0,0,0,0,0,0
"unbalanced n, equal SD",10,"5, 8, 12, 15",1,0,0,"0.00, 0.00, 0.00, 1.00","onepoint_1",301,202609581,"1,1,1,1","F",1000,66.8,66.8,9,9,0,0.424476359978009,-0.831973665556897,0.831973665556897
"unbalanced n, equal SD",10,"5, 8, 12, 15",1,0,0,"0.00, 0.00, 0.00, 1.00","onepoint_1",301,202609581,"1,1,1,1","W",1000,56,66.8,9,117,10.8,1.06981517305771,8.70316226080689,12.8968377391931
"unbalanced n, equal SD",10,"5, 8, 12, 15",1,0,0,"0.00, 0.00, 0.00, 1.00","onepoint_1",301,202609581,"1,1,1,1","KW",1000,60.7,66.8,12,73,6.1,0.901999780268041,4.33208043067464,7.86791956932536
"unbalanced n, equal SD",10,"5, 8, 12, 15",2,0,6,"0.00, 0.00, 0.00, 1.00","onepoint_1",302,202609582,"1,1,1,1","F",1000,73.9,82.1,5,87,8.2,0.923912124400163,6.38913223617568,10.0108677638243
"unbalanced n, equal SD",10,"5, 8, 12, 15",2,0,6,"0.00, 0.00, 0.00, 1.00","onepoint_1",302,202609582,"1,1,1,1","W",1000,68.3,82.1,6,144,13.8,1.14493269272514,11.5559319222587,16.0440680777413
"unbalanced n, equal SD",10,"5, 8, 12, 15",2,0,6,"0.00, 0.00, 0.00, 1.00","onepoint_1",302,202609582,"1,1,1,1","KW",1000,82.7,82.1,20,14,-0.6,0.583078022206279,-1.74283292352431,0.542832923524306
"unbalanced n, equal SD",10,"5, 8, 12, 15",3,0.5,1,"0.00, 0.00, 0.00, 1.00","onepoint_1",303,202609583,"1,1,1,1","F",1000,68.5,70.9,2,26,2.4,0.52394132735881,1.37307499837673,3.42692500162327
"unbalanced n, equal SD",10,"5, 8, 12, 15",3,0.5,1,"0.00, 0.00, 0.00, 1.00","onepoint_1",303,202609583,"1,1,1,1","W",1000,63.7,70.9,15,87,7.2,0.984443563201633,5.2704906161248,9.1295093838752
"unbalanced n, equal SD",10,"5, 8, 12, 15",3,0.5,1,"0.00, 0.00, 0.00, 1.00","onepoint_1",303,202609583,"1,1,1,1","KW",1000,67.9,70.9,14,44,3,0.756023525805632,1.51819388942096,4.48180611057904
"unbalanced n, equal SD",10,"5, 8, 12, 15",4,1,1.6,"0.00, 0.00, 0.00, 1.00","onepoint_1",304,202609584,"1,1,1,1","F",1000,70,74.9,6,55,4.9,0.765882873928234,3.39886956710066,6.40113043289934
"unbalanced n, equal SD",10,"5, 8, 12, 15",4,1,1.6,"0.00, 0.00, 0.00, 1.00","onepoint_1",304,202609584,"1,1,1,1","W",1000,68,74.9,20,89,6.9,1.02148589487738,4.89788764604033,8.90211235395967
"unbalanced n, equal SD",10,"5, 8, 12, 15",4,1,1.6,"0.00, 0.00, 0.00, 1.00","onepoint_1",304,202609584,"1,1,1,1","KW",1000,73.7,74.9,13,25,1.2,0.61558016451063,-0.00653712244083482,2.40653712244083
"unbalanced n, equal SD",10,"5, 8, 12, 15",5,2,6.6,"0.00, 0.00, 0.00, 1.00","onepoint_1",305,202609585,"1,1,1,1","F",1000,72.7,88.1,4,158,15.4,1.17653058788295,13.0940000477494,17.7059999522506
"unbalanced n, equal SD",10,"5, 8, 12, 15",5,2,6.6,"0.00, 0.00, 0.00, 1.00","onepoint_1",305,202609585,"1,1,1,1","W",1000,77.9,88.1,7,109,10.2,1.02811332887819,8.18489787539874,12.2151021246013
"unbalanced n, equal SD",10,"5, 8, 12, 15",5,2,6.6,"0.00, 0.00, 0.00, 1.00","onepoint_1",305,202609585,"1,1,1,1","KW",1000,88,88.1,5,6,0.1,0.331813351298737,-0.550354168545525,0.750354168545525
"unbalanced n, equal SD",20,"10, 16, 24, 30",1,0,0,"0.00, 0.00, 0.00, 1.00","onepoint_1",306,202609586,"1,1,1,1","F",1000,94.4,94,5,1,-0.4,0.244744560511362,-0.879699338602269,0.0796993386022689
"unbalanced n, equal SD",20,"10, 16, 24, 30",1,0,0,"0.00, 0.00, 0.00, 1.00","onepoint_1",306,202609586,"1,1,1,1","W",1000,92.9,94,3,14,1.1,0.411046176188222,0.294349494671084,1.90565050532892
"unbalanced n, equal SD",20,"10, 16, 24, 30",1,0,0,"0.00, 0.00, 0.00, 1.00","onepoint_1",306,202609586,"1,1,1,1","KW",1000,93.1,94,4,13,0.9,0.411532938365033,0.0933954408045343,1.70660455919547
"unbalanced n, equal SD",20,"10, 16, 24, 30",2,0,6,"0.00, 0.00, 0.00, 1.00","onepoint_1",307,202609587,"1,1,1,1","F",1000,94.9,98.2,0,33,3.3,0.565180882045237,2.19224547119134,4.40775452880867
"unbalanced n, equal SD",20,"10, 16, 24, 30",2,0,6,"0.00, 0.00, 0.00, 1.00","onepoint_1",307,202609587,"1,1,1,1","W",1000,95.9,98.2,2,25,2.3,0.514757200022473,1.29107588795595,3.30892411204405
"unbalanced n, equal SD",20,"10, 16, 24, 30",2,0,6,"0.00, 0.00, 0.00, 1.00","onepoint_1",307,202609587,"1,1,1,1","KW",1000,98.9,98.2,7,0,-0.7,0.263779414624378,-1.21700765266378,-0.18299234733622
"unbalanced n, equal SD",20,"10, 16, 24, 30",3,0.5,1,"0.00, 0.00, 0.00, 1.00","onepoint_1",308,202609588,"1,1,1,1","F",1000,96.2,97.4,0,12,1.2,0.344497719409983,0.524784469956433,1.87521553004357
"unbalanced n, equal SD",20,"10, 16, 24, 30",3,0.5,1,"0.00, 0.00, 0.00, 1.00","onepoint_1",308,202609588,"1,1,1,1","W",1000,96.1,97.4,2,15,1.3,0.410461299611152,0.495495852762143,2.10450414723786
"unbalanced n, equal SD",20,"10, 16, 24, 30",3,0.5,1,"0.00, 0.00, 0.00, 1.00","onepoint_1",308,202609588,"1,1,1,1","KW",1000,97.4,97.4,5,5,0,0.316385998584166,-0.620116557224966,0.620116557224966
"unbalanced n, equal SD",20,"10, 16, 24, 30",4,1,1.6,"0.00, 0.00, 0.00, 1.00","onepoint_1",309,202609589,"1,1,1,1","F",1000,94.8,97.3,2,27,2.5,0.532948434685787,1.45542106801586,3.54457893198414
"unbalanced n, equal SD",20,"10, 16, 24, 30",4,1,1.6,"0.00, 0.00, 0.00, 1.00","onepoint_1",309,202609589,"1,1,1,1","W",1000,96.1,97.3,0,12,1.2,0.344497719409983,0.524784469956433,1.87521553004357
"unbalanced n, equal SD",20,"10, 16, 24, 30",4,1,1.6,"0.00, 0.00, 0.00, 1.00","onepoint_1",309,202609589,"1,1,1,1","KW",1000,97.3,97.3,1,1,0,0.14149211999267,-0.277324555185632,0.277324555185632
"unbalanced n, equal SD",20,"10, 16, 24, 30",5,2,6.6,"0.00, 0.00, 0.00, 1.00","onepoint_1",310,202609590,"1,1,1,1","F",1000,95.7,99.8,0,41,4.1,0.627362402111878,2.87036969186072,5.32963030813928
"unbalanced n, equal SD",20,"10, 16, 24, 30",5,2,6.6,"0.00, 0.00, 0.00, 1.00","onepoint_1",310,202609590,"1,1,1,1","W",1000,96.9,99.8,0,29,2.9,0.530916068575698,1.85940450559163,3.94059549440837
"unbalanced n, equal SD",20,"10, 16, 24, 30",5,2,6.6,"0.00, 0.00, 0.00, 1.00","onepoint_1",310,202609590,"1,1,1,1","KW",1000,99.8,99.8,0,0,0,0,0,0
"unbalanced n, equal SD",30,"15, 24, 36, 45",1,0,0,"0.00, 0.00, 0.00, 1.00","onepoint_1",311,202609591,"1,1,1,1","F",1000,99.7,99.6,1,0,-0.1,0.1,-0.296,0.0960000000000004
"unbalanced n, equal SD",30,"15, 24, 36, 45",1,0,0,"0.00, 0.00, 0.00, 1.00","onepoint_1",311,202609591,"1,1,1,1","W",1000,99.6,99.6,1,1,0,0.14149211999267,-0.277324555185632,0.277324555185632
"unbalanced n, equal SD",30,"15, 24, 36, 45",1,0,0,"0.00, 0.00, 0.00, 1.00","onepoint_1",311,202609591,"1,1,1,1","KW",1000,99.5,99.6,0,1,0.1,0.1,-0.0960000000000008,0.296000000000001
"unbalanced n, equal SD",30,"15, 24, 36, 45",2,0,6,"0.00, 0.00, 0.00, 1.00","onepoint_1",312,202609592,"1,1,1,1","F",1000,99.3,99.9,0,6,0.6,0.244335219932984,0.121102968931351,1.07889703106865
"unbalanced n, equal SD",30,"15, 24, 36, 45",2,0,6,"0.00, 0.00, 0.00, 1.00","onepoint_1",312,202609592,"1,1,1,1","W",1000,99.2,99.9,0,7,0.7,0.263779414624377,0.182992347336221,1.21700765266378
"unbalanced n, equal SD",30,"15, 24, 36, 45",2,0,6,"0.00, 0.00, 0.00, 1.00","onepoint_1",312,202609592,"1,1,1,1","KW",1000,99.9,99.9,0,0,0,0,0,0
"unbalanced n, equal SD",30,"15, 24, 36, 45",3,0.5,1,"0.00, 0.00, 0.00, 1.00","onepoint_1",313,202609593,"1,1,1,1","F",1000,99.6,99.6,0,0,0,0,0,0
"unbalanced n, equal SD",30,"15, 24, 36, 45",3,0.5,1,"0.00, 0.00, 0.00, 1.00","onepoint_1",313,202609593,"1,1,1,1","W",1000,99.6,99.6,0,0,0,0,0,0
"unbalanced n, equal SD",30,"15, 24, 36, 45",3,0.5,1,"0.00, 0.00, 0.00, 1.00","onepoint_1",313,202609593,"1,1,1,1","KW",1000,99.7,99.6,2,1,-0.1,0.173262863938065,-0.439595213318607,0.239595213318607
"unbalanced n, equal SD",30,"15, 24, 36, 45",4,1,1.6,"0.00, 0.00, 0.00, 1.00","onepoint_1",314,202609594,"1,1,1,1","F",1000,99.7,99.9,0,2,0.2,0.141350557055782,-0.0770470918293318,0.477047091829332
"unbalanced n, equal SD",30,"15, 24, 36, 45",4,1,1.6,"0.00, 0.00, 0.00, 1.00","onepoint_1",314,202609594,"1,1,1,1","W",1000,99.8,99.9,0,1,0.1,0.100000000000001,-0.0960000000000017,0.296000000000002
"unbalanced n, equal SD",30,"15, 24, 36, 45",4,1,1.6,"0.00, 0.00, 0.00, 1.00","onepoint_1",314,202609594,"1,1,1,1","KW",1000,99.9,99.9,0,0,0,0,0,0
"unbalanced n, equal SD",30,"15, 24, 36, 45",5,2,6.6,"0.00, 0.00, 0.00, 1.00","onepoint_1",315,202609595,"1,1,1,1","F",1000,99.4,100,0,6,0.6,0.244335219932984,0.121102968931351,1.07889703106865
"unbalanced n, equal SD",30,"15, 24, 36, 45",5,2,6.6,"0.00, 0.00, 0.00, 1.00","onepoint_1",315,202609595,"1,1,1,1","W",1000,100,100,0,0,0,0,0,0
"unbalanced n, equal SD",30,"15, 24, 36, 45",5,2,6.6,"0.00, 0.00, 0.00, 1.00","onepoint_1",315,202609595,"1,1,1,1","KW",1000,100,100,0,0,0,0,0,0
"unbalanced n, equal SD",50,"25, 40, 60, 75",1,0,0,"0.00, 0.00, 0.00, 1.00","onepoint_1",316,202609596,"1,1,1,1","F",1000,100,100,0,0,0,0,0,0
"unbalanced n, equal SD",50,"25, 40, 60, 75",1,0,0,"0.00, 0.00, 0.00, 1.00","onepoint_1",316,202609596,"1,1,1,1","W",1000,100,100,0,0,0,0,0,0
"unbalanced n, equal SD",50,"25, 40, 60, 75",1,0,0,"0.00, 0.00, 0.00, 1.00","onepoint_1",316,202609596,"1,1,1,1","KW",1000,100,100,0,0,0,0,0,0
"unbalanced n, equal SD",50,"25, 40, 60, 75",2,0,6,"0.00, 0.00, 0.00, 1.00","onepoint_1",317,202609597,"1,1,1,1","F",1000,100,100,0,0,0,0,0,0
"unbalanced n, equal SD",50,"25, 40, 60, 75",2,0,6,"0.00, 0.00, 0.00, 1.00","onepoint_1",317,202609597,"1,1,1,1","W",1000,100,100,0,0,0,0,0,0
"unbalanced n, equal SD",50,"25, 40, 60, 75",2,0,6,"0.00, 0.00, 0.00, 1.00","onepoint_1",317,202609597,"1,1,1,1","KW",1000,100,100,0,0,0,0,0,0
"unbalanced n, equal SD",50,"25, 40, 60, 75",3,0.5,1,"0.00, 0.00, 0.00, 1.00","onepoint_1",318,202609598,"1,1,1,1","F",1000,100,100,0,0,0,0,0,0
"unbalanced n, equal SD",50,"25, 40, 60, 75",3,0.5,1,"0.00, 0.00, 0.00, 1.00","onepoint_1",318,202609598,"1,1,1,1","W",1000,100,100,0,0,0,0,0,0
"unbalanced n, equal SD",50,"25, 40, 60, 75",3,0.5,1,"0.00, 0.00, 0.00, 1.00","onepoint_1",318,202609598,"1,1,1,1","KW",1000,100,100,0,0,0,0,0,0
"unbalanced n, equal SD",50,"25, 40, 60, 75",4,1,1.6,"0.00, 0.00, 0.00, 1.00","onepoint_1",319,202609599,"1,1,1,1","F",1000,100,100,0,0,0,0,0,0
"unbalanced n, equal SD",50,"25, 40, 60, 75",4,1,1.6,"0.00, 0.00, 0.00, 1.00","onepoint_1",319,202609599,"1,1,1,1","W",1000,100,100,0,0,0,0,0,0
"unbalanced n, equal SD",50,"25, 40, 60, 75",4,1,1.6,"0.00, 0.00, 0.00, 1.00","onepoint_1",319,202609599,"1,1,1,1","KW",1000,100,100,0,0,0,0,0,0
"unbalanced n, equal SD",50,"25, 40, 60, 75",5,2,6.6,"0.00, 0.00, 0.00, 1.00","onepoint_1",320,202609600,"1,1,1,1","F",1000,100,100,0,0,0,0,0,0
"unbalanced n, equal SD",50,"25, 40, 60, 75",5,2,6.6,"0.00, 0.00, 0.00, 1.00","onepoint_1",320,202609600,"1,1,1,1","W",1000,100,100,0,0,0,0,0,0
"unbalanced n, equal SD",50,"25, 40, 60, 75",5,2,6.6,"0.00, 0.00, 0.00, 1.00","onepoint_1",320,202609600,"1,1,1,1","KW",1000,100,100,0,0,0,0,0,0
"unbalanced n, equal SD",100,"50, 80, 120, 150",1,0,0,"0.00, 0.00, 0.00, 1.00","onepoint_1",321,202609601,"1,1,1,1","F",1000,100,100,0,0,0,0,0,0
"unbalanced n, equal SD",100,"50, 80, 120, 150",1,0,0,"0.00, 0.00, 0.00, 1.00","onepoint_1",321,202609601,"1,1,1,1","W",1000,100,100,0,0,0,0,0,0
"unbalanced n, equal SD",100,"50, 80, 120, 150",1,0,0,"0.00, 0.00, 0.00, 1.00","onepoint_1",321,202609601,"1,1,1,1","KW",1000,100,100,0,0,0,0,0,0
"unbalanced n, equal SD",100,"50, 80, 120, 150",2,0,6,"0.00, 0.00, 0.00, 1.00","onepoint_1",322,202609602,"1,1,1,1","F",1000,100,100,0,0,0,0,0,0
"unbalanced n, equal SD",100,"50, 80, 120, 150",2,0,6,"0.00, 0.00, 0.00, 1.00","onepoint_1",322,202609602,"1,1,1,1","W",1000,100,100,0,0,0,0,0,0
"unbalanced n, equal SD",100,"50, 80, 120, 150",2,0,6,"0.00, 0.00, 0.00, 1.00","onepoint_1",322,202609602,"1,1,1,1","KW",1000,100,100,0,0,0,0,0,0
"unbalanced n, equal SD",100,"50, 80, 120, 150",3,0.5,1,"0.00, 0.00, 0.00, 1.00","onepoint_1",323,202609603,"1,1,1,1","F",1000,100,100,0,0,0,0,0,0
"unbalanced n, equal SD",100,"50, 80, 120, 150",3,0.5,1,"0.00, 0.00, 0.00, 1.00","onepoint_1",323,202609603,"1,1,1,1","W",1000,100,100,0,0,0,0,0,0
"unbalanced n, equal SD",100,"50, 80, 120, 150",3,0.5,1,"0.00, 0.00, 0.00, 1.00","onepoint_1",323,202609603,"1,1,1,1","KW",1000,100,100,0,0,0,0,0,0
"unbalanced n, equal SD",100,"50, 80, 120, 150",4,1,1.6,"0.00, 0.00, 0.00, 1.00","onepoint_1",324,202609604,"1,1,1,1","F",1000,100,100,0,0,0,0,0,0
"unbalanced n, equal SD",100,"50, 80, 120, 150",4,1,1.6,"0.00, 0.00, 0.00, 1.00","onepoint_1",324,202609604,"1,1,1,1","W",1000,100,100,0,0,0,0,0,0
"unbalanced n, equal SD",100,"50, 80, 120, 150",4,1,1.6,"0.00, 0.00, 0.00, 1.00","onepoint_1",324,202609604,"1,1,1,1","KW",1000,100,100,0,0,0,0,0,0
"unbalanced n, equal SD",100,"50, 80, 120, 150",5,2,6.6,"0.00, 0.00, 0.00, 1.00","onepoint_1",325,202609605,"1,1,1,1","F",1000,100,100,0,0,0,0,0,0
"unbalanced n, equal SD",100,"50, 80, 120, 150",5,2,6.6,"0.00, 0.00, 0.00, 1.00","onepoint_1",325,202609605,"1,1,1,1","W",1000,100,100,0,0,0,0,0,0
"unbalanced n, equal SD",100,"50, 80, 120, 150",5,2,6.6,"0.00, 0.00, 0.00, 1.00","onepoint_1",325,202609605,"1,1,1,1","KW",1000,100,100,0,0,0,0,0,0
"balanced n, unequal SD",10,"10, 10, 10, 10",1,0,0,"0.00, 0.00, 0.00, 1.00","onepoint_1",326,202609606,"1.000000000000000,1.414213562373095,2.000000000000000,2.236067977499790","F",1000,22.7,21.4,32,19,-1.3,0.713315371220063,-2.69809812759132,0.0980981275913233
"balanced n, unequal SD",10,"10, 10, 10, 10",1,0,0,"0.00, 0.00, 0.00, 1.00","onepoint_1",326,202609606,"1.000000000000000,1.414213562373095,2.000000000000000,2.236067977499790","W",1000,16.3,21.4,11,62,5.1,0.839460954836308,3.45465652852084,6.74534347147916
"balanced n, unequal SD",10,"10, 10, 10, 10",1,0,0,"0.00, 0.00, 0.00, 1.00","onepoint_1",326,202609606,"1.000000000000000,1.414213562373095,2.000000000000000,2.236067977499790","KW",1000,18.8,21.4,20,46,2.6,0.808637059436361,1.01507136350473,4.18492863649527
"balanced n, unequal SD",10,"10, 10, 10, 10",2,0,6,"0.00, 0.00, 0.00, 1.00","onepoint_1",327,202609607,"1.000000000000000,1.414213562373095,2.000000000000000,2.236067977499790","F",1000,25.8,29,48,80,3.2,1.1274001202018,0.990295764404471,5.40970423559553
"balanced n, unequal SD",10,"10, 10, 10, 10",2,0,6,"0.00, 0.00, 0.00, 1.00","onepoint_1",327,202609607,"1.000000000000000,1.414213562373095,2.000000000000000,2.236067977499790","W",1000,18.3,29,9,116,10.7,1.06613631710332,8.61037281847748,12.7896271815225
"balanced n, unequal SD",10,"10, 10, 10, 10",2,0,6,"0.00, 0.00, 0.00, 1.00","onepoint_1",327,202609607,"1.000000000000000,1.414213562373095,2.000000000000000,2.236067977499790","KW",1000,28.1,29,18,27,0.9,0.670551742701225,-0.414281415694401,2.2142814156944
"balanced n, unequal SD",10,"10, 10, 10, 10",3,0.5,1,"0.00, 0.00, 0.00, 1.00","onepoint_1",328,202609608,"1.000000000000000,1.414213562373095,2.000000000000000,2.236067977499790","F",1000,21.8,19.7,35,14,-2.1,0.697191563399959,-3.46649546426392,-0.733504535736081
"balanced n, unequal SD",10,"10, 10, 10, 10",3,0.5,1,"0.00, 0.00, 0.00, 1.00","onepoint_1",328,202609608,"1.000000000000000,1.414213562373095,2.000000000000000,2.236067977499790","W",1000,15,19.7,6,53,4.7,0.753975117943877,3.22220876883,6.17779123117
"balanced n, unequal SD",10,"10, 10, 10, 10",3,0.5,1,"0.00, 0.00, 0.00, 1.00","onepoint_1",328,202609608,"1.000000000000000,1.414213562373095,2.000000000000000,2.236067977499790","KW",1000,17.1,19.7,7,33,2.6,0.627402290108686,1.37029151138697,3.82970848861303
"balanced n, unequal SD",10,"10, 10, 10, 10",4,1,1.6,"0.00, 0.00, 0.00, 1.00","onepoint_1",329,202609609,"1.000000000000000,1.414213562373095,2.000000000000000,2.236067977499790","F",1000,23.2,20.1,63,32,-3.1,0.970222310262622,-5.00163572811474,-1.19836427188526
"balanced n, unequal SD",10,"10, 10, 10, 10",4,1,1.6,"0.00, 0.00, 0.00, 1.00","onepoint_1",329,202609609,"1.000000000000000,1.414213562373095,2.000000000000000,2.236067977499790","W",1000,17,20.1,13,44,3.1,0.748966588674645,1.6320254861977,4.5679745138023
"balanced n, unequal SD",10,"10, 10, 10, 10",4,1,1.6,"0.00, 0.00, 0.00, 1.00","onepoint_1",329,202609609,"1.000000000000000,1.414213562373095,2.000000000000000,2.236067977499790","KW",1000,19.2,20.1,25,34,0.9,0.76797121025452,-0.605223572098859,2.40522357209886
"balanced n, unequal SD",10,"10, 10, 10, 10",5,2,6.6,"0.00, 0.00, 0.00, 1.00","onepoint_1",330,202609610,"1.000000000000000,1.414213562373095,2.000000000000000,2.236067977499790","F",1000,19,20.4,59,73,1.4,1.14863369241868,-0.851322037140611,3.65132203714061
"balanced n, unequal SD",10,"10, 10, 10, 10",5,2,6.6,"0.00, 0.00, 0.00, 1.00","onepoint_1",330,202609610,"1.000000000000000,1.414213562373095,2.000000000000000,2.236067977499790","W",1000,15,20.4,21,75,5.4,0.965283259863012,3.5080448106685,7.2919551893315
"balanced n, unequal SD",10,"10, 10, 10, 10",5,2,6.6,"0.00, 0.00, 0.00, 1.00","onepoint_1",330,202609610,"1.000000000000000,1.414213562373095,2.000000000000000,2.236067977499790","KW",1000,19,20.4,9,23,1.4,0.564232539258732,0.294104223052886,2.50589577694711
"balanced n, unequal SD",20,"20, 20, 20, 20",1,0,0,"0.00, 0.00, 0.00, 1.00","onepoint_1",331,202609611,"1.000000000000000,1.414213562373095,2.000000000000000,2.236067977499790","F",1000,39.4,31.8,97,21,-7.6,1.05988837306735,-9.677381211212,-5.522618788788
"balanced n, unequal SD",20,"20, 20, 20, 20",1,0,0,"0.00, 0.00, 0.00, 1.00","onepoint_1",331,202609611,"1.000000000000000,1.414213562373095,2.000000000000000,2.236067977499790","W",1000,29.3,31.8,3,28,2.5,0.551410966570352,1.41923450552211,3.58076549447789
"balanced n, unequal SD",20,"20, 20, 20, 20",1,0,0,"0.00, 0.00, 0.00, 1.00","onepoint_1",331,202609611,"1.000000000000000,1.414213562373095,2.000000000000000,2.236067977499790","KW",1000,32.9,31.8,47,36,-1.1,0.910834573135872,-2.88523576334631,0.685235763346308
"balanced n, unequal SD",20,"20, 20, 20, 20",2,0,6,"0.00, 0.00, 0.00, 1.00","onepoint_1",332,202609612,"1.000000000000000,1.414213562373095,2.000000000000000,2.236067977499790","F",1000,44.3,48.6,71,114,4.3,1.35401009720878,1.64614020947078,6.95385979052922
"balanced n, unequal SD",20,"20, 20, 20, 20",2,0,6,"0.00, 0.00, 0.00, 1.00","onepoint_1",332,202609612,"1.000000000000000,1.414213562373095,2.000000000000000,2.236067977499790","W",1000,34.4,48.6,10,152,14.2,1.1915451228467,11.8645715592205,16.5354284407795
"balanced n, unequal SD",20,"20, 20, 20, 20",2,0,6,"0.00, 0.00, 0.00, 1.00","onepoint_1",332,202609612,"1.000000000000000,1.414213562373095,2.000000000000000,2.236067977499790","KW",1000,51.6,48.6,37,7,-3,0.656834401833093,-4.28739542759286,-1.71260457240714
"balanced n, unequal SD",20,"20, 20, 20, 20",3,0.5,1,"0.00, 0.00, 0.00, 1.00","onepoint_1",333,202609613,"1.000000000000000,1.414213562373095,2.000000000000000,2.236067977499790","F",1000,37.2,30.8,94,30,-6.4,1.09555476368836,-8.54728733682918,-4.25271266317082
"balanced n, unequal SD",20,"20, 20, 20, 20",3,0.5,1,"0.00, 0.00, 0.00, 1.00","onepoint_1",333,202609613,"1.000000000000000,1.414213562373095,2.000000000000000,2.236067977499790","W",1000,27.8,30.8,4,34,3,0.609402470762451,1.8055711573056,4.1944288426944
"balanced n, unequal SD",20,"20, 20, 20, 20",3,0.5,1,"0.00, 0.00, 0.00, 1.00","onepoint_1",333,202609613,"1.000000000000000,1.414213562373095,2.000000000000000,2.236067977499790","KW",1000,31.3,30.8,38,33,-0.5,0.842888166046044,-2.15206080545025,1.15206080545025
"balanced n, unequal SD",20,"20, 20, 20, 20",4,1,1.6,"0.00, 0.00, 0.00, 1.00","onepoint_1",334,202609614,"1.000000000000000,1.414213562373095,2.000000000000000,2.236067977499790","F",1000,39.7,31.7,113,33,-8,1.18211564468008,-10.316946663573,-5.68305333642704
"balanced n, unequal SD",20,"20, 20, 20, 20",4,1,1.6,"0.00, 0.00, 0.00, 1.00","onepoint_1",334,202609614,"1.000000000000000,1.414213562373095,2.000000000000000,2.236067977499790","W",1000,28.1,31.7,16,52,3.6,0.817133837084063,1.99841767931524,5.20158232068476
"balanced n, unequal SD",20,"20, 20, 20, 20",4,1,1.6,"0.00, 0.00, 0.00, 1.00","onepoint_1",334,202609614,"1.000000000000000,1.414213562373095,2.000000000000000,2.236067977499790","KW",1000,29.8,31.7,19,38,1.9,0.752965442073507,0.424187733535926,3.37581226646407
"balanced n, unequal SD",20,"20, 20, 20, 20",5,2,6.6,"0.00, 0.00, 0.00, 1.00","onepoint_1",335,202609615,"1.000000000000000,1.414213562373095,2.000000000000000,2.236067977499790","F",1000,39.6,41.4,84,102,1.8,1.36331163664756,-0.87209080782922,4.47209080782922
"balanced n, unequal SD",20,"20, 20, 20, 20",5,2,6.6,"0.00, 0.00, 0.00, 1.00","onepoint_1",335,202609615,"1.000000000000000,1.414213562373095,2.000000000000000,2.236067977499790","W",1000,30.7,41.4,54,161,10.7,1.42742689744433,7.90224328100912,13.4977567189909
"balanced n, unequal SD",20,"20, 20, 20, 20",5,2,6.6,"0.00, 0.00, 0.00, 1.00","onepoint_1",335,202609615,"1.000000000000000,1.414213562373095,2.000000000000000,2.236067977499790","KW",1000,41.5,41.4,3,2,-0.1,0.22369631208413,-0.538444771684896,0.338444771684896
"balanced n, unequal SD",30,"30, 30, 30, 30",1,0,0,"0.00, 0.00, 0.00, 1.00","onepoint_1",336,202609616,"1.000000000000000,1.414213562373095,2.000000000000000,2.236067977499790","F",1000,57,45.3,134,17,-11.7,1.17238410279417,-13.9978728414766,-9.40212715852344
"balanced n, unequal SD",30,"30, 30, 30, 30",1,0,0,"0.00, 0.00, 0.00, 1.00","onepoint_1",336,202609616,"1.000000000000000,1.414213562373095,2.000000000000000,2.236067977499790","W",1000,44.9,45.3,4,8,0.4,0.346352363872341,-0.278850633189789,1.07885063318979
"balanced n, unequal SD",30,"30, 30, 30, 30",1,0,0,"0.00, 0.00, 0.00, 1.00","onepoint_1",336,202609616,"1.000000000000000,1.414213562373095,2.000000000000000,2.236067977499790","KW",1000,49.1,45.3,66,28,-3.8,0.962541680389222,-5.68658169356288,-1.91341830643712
"balanced n, unequal SD",30,"30, 30, 30, 30",2,0,6,"0.00, 0.00, 0.00, 1.00","onepoint_1",337,202609617,"1.000000000000000,1.414213562373095,2.000000000000000,2.236067977499790","F",1000,59.5,68.5,47,137,9,1.32693660766473,6.39920424897713,11.6007957510229
"balanced n, unequal SD",30,"30, 30, 30, 30",2,0,6,"0.00, 0.00, 0.00, 1.00","onepoint_1",337,202609617,"1.000000000000000,1.414213562373095,2.000000000000000,2.236067977499790","W",1000,50,68.5,7,192,18.5,1.28428945312161,15.9827926718816,21.0172073281184
"balanced n, unequal SD",30,"30, 30, 30, 30",2,0,6,"0.00, 0.00, 0.00, 1.00","onepoint_1",337,202609617,"1.000000000000000,1.414213562373095,2.000000000000000,2.236067977499790","KW",1000,71.4,68.5,34,5,-2.9,0.618038811056374,-4.11135606967049,-1.68864393032951
"balanced n, unequal SD",30,"30, 30, 30, 30",3,0.5,1,"0.00, 0.00, 0.00, 1.00","onepoint_1",338,202609618,"1.000000000000000,1.414213562373095,2.000000000000000,2.236067977499790","F",1000,58.5,49,123,28,-9.5,1.19212884000479,-11.8365725264094,-7.16342747359062
"balanced n, unequal SD",30,"30, 30, 30, 30",3,0.5,1,"0.00, 0.00, 0.00, 1.00","onepoint_1",338,202609618,"1.000000000000000,1.414213562373095,2.000000000000000,2.236067977499790","W",1000,46.7,49,15,38,2.3,0.724731146864296,0.87952695214598,3.72047304785402
"balanced n, unequal SD",30,"30, 30, 30, 30",3,0.5,1,"0.00, 0.00, 0.00, 1.00","onepoint_1",338,202609618,"1.000000000000000,1.414213562373095,2.000000000000000,2.236067977499790","KW",1000,47.5,49,40,55,1.5,0.974011652239696,-0.409062838389804,3.4090628383898
"balanced n, unequal SD",30,"30, 30, 30, 30",4,1,1.6,"0.00, 0.00, 0.00, 1.00","onepoint_1",339,202609619,"1.000000000000000,1.414213562373095,2.000000000000000,2.236067977499790","F",1000,55.1,44.4,136,29,-10.7,1.2397770150503,-13.1299629494986,-8.27003705050141
"balanced n, unequal SD",30,"30, 30, 30, 30",4,1,1.6,"0.00, 0.00, 0.00, 1.00","onepoint_1",339,202609619,"1.000000000000000,1.414213562373095,2.000000000000000,2.236067977499790","W",1000,43.2,44.4,44,56,1.2,0.999779755525975,-0.759568320830912,3.15956832083091
"balanced n, unequal SD",30,"30, 30, 30, 30",4,1,1.6,"0.00, 0.00, 0.00, 1.00","onepoint_1",339,202609619,"1.000000000000000,1.414213562373095,2.000000000000000,2.236067977499790","KW",1000,41.8,44.4,8,34,2.6,0.64315912001125,1.33940812477795,3.86059187522205
"balanced n, unequal SD",30,"30, 30, 30, 30",5,2,6.6,"0.00, 0.00, 0.00, 1.00","onepoint_1",340,202609620,"1.000000000000000,1.414213562373095,2.000000000000000,2.236067977499790","F",1000,56.3,59.1,76,104,2.8,1.33938566288951,0.174804100736567,5.42519589926343
"balanced n, unequal SD",30,"30, 30, 30, 30",5,2,6.6,"0.00, 0.00, 0.00, 1.00","onepoint_1",340,202609620,"1.000000000000000,1.414213562373095,2.000000000000000,2.236067977499790","W",1000,47.8,59.1,50,163,11.3,1.41573808111328,8.52515336101798,14.074846638982
"balanced n, unequal SD",30,"30, 30, 30, 30",5,2,6.6,"0.00, 0.00, 0.00, 1.00","onepoint_1",340,202609620,"1.000000000000000,1.414213562373095,2.000000000000000,2.236067977499790","KW",1000,59.1,59.1,0,0,0,0,0,0
"balanced n, unequal SD",50,"50, 50, 50, 50",1,0,0,"0.00, 0.00, 0.00, 1.00","onepoint_1",341,202609621,"1.000000000000000,1.414213562373095,2.000000000000000,2.236067977499790","F",1000,79.8,69.5,112,9,-10.3,1.0511969439715,-12.3603460101841,-8.23965398981585
"balanced n, unequal SD",50,"50, 50, 50, 50",1,0,0,"0.00, 0.00, 0.00, 1.00","onepoint_1",341,202609621,"1.000000000000000,1.414213562373095,2.000000000000000,2.236067977499790","W",1000,69.5,69.5,2,2,0,0.200100075062555,-0.392196147122607,0.392196147122607
"balanced n, unequal SD",50,"50, 50, 50, 50",1,0,0,"0.00, 0.00, 0.00, 1.00","onepoint_1",341,202609621,"1.000000000000000,1.414213562373095,2.000000000000000,2.236067977499790","KW",1000,71.3,69.5,54,36,-1.8,0.947447970950209,-3.65699802306241,0.0569980230624101
"balanced n, unequal SD",50,"50, 50, 50, 50",2,0,6,"0.00, 0.00, 0.00, 1.00","onepoint_1",342,202609622,"1.000000000000000,1.414213562373095,2.000000000000000,2.236067977499790","F",1000,79.1,89.4,14,117,10.3,1.09777735225096,8.14835638958812,12.4516436104119
"balanced n, unequal SD",50,"50, 50, 50, 50",2,0,6,"0.00, 0.00, 0.00, 1.00","onepoint_1",342,202609622,"1.000000000000000,1.414213562373095,2.000000000000000,2.236067977499790","W",1000,70.6,89.4,2,190,18.8,1.25224922764126,16.3455915138231,21.2544084861769
"balanced n, unequal SD",50,"50, 50, 50, 50",2,0,6,"0.00, 0.00, 0.00, 1.00","onepoint_1",342,202609622,"1.000000000000000,1.414213562373095,2.000000000000000,2.236067977499790","KW",1000,90.5,89.4,11,0,-1.1,0.329998331660782,-1.74679673005513,-0.453203269944868
"balanced n, unequal SD",50,"50, 50, 50, 50",3,0.5,1,"0.00, 0.00, 0.00, 1.00","onepoint_1",343,202609623,"1.000000000000000,1.414213562373095,2.000000000000000,2.236067977499790","F",1000,80.1,71.6,104,19,-8.5,1.07652631593887,-10.6099915792402,-6.3900084207598
"balanced n, unequal SD",50,"50, 50, 50, 50",3,0.5,1,"0.00, 0.00, 0.00, 1.00","onepoint_1",343,202609623,"1.000000000000000,1.414213562373095,2.000000000000000,2.236067977499790","W",1000,71.1,71.6,28,33,0.5,0.781255630610345,-1.03126103599628,2.03126103599628
"balanced n, unequal SD",50,"50, 50, 50, 50",3,0.5,1,"0.00, 0.00, 0.00, 1.00","onepoint_1",343,202609623,"1.000000000000000,1.414213562373095,2.000000000000000,2.236067977499790","KW",1000,70.8,71.6,20,28,0.8,0.692704727744687,-0.557701266379586,2.15770126637959
"balanced n, unequal SD",50,"50, 50, 50, 50",4,1,1.6,"0.00, 0.00, 0.00, 1.00","onepoint_1",344,202609624,"1.000000000000000,1.414213562373095,2.000000000000000,2.236067977499790","F",1000,81,69.4,128,12,-11.6,1.1254806558563,-13.8059420854784,-9.39405791452165
"balanced n, unequal SD",50,"50, 50, 50, 50",4,1,1.6,"0.00, 0.00, 0.00, 1.00","onepoint_1",344,202609624,"1.000000000000000,1.414213562373095,2.000000000000000,2.236067977499790","W",1000,73.2,69.4,82,44,-3.8,1.11660503617297,-5.98854587089902,-1.61145412910098
"balanced n, unequal SD",50,"50, 50, 50, 50",4,1,1.6,"0.00, 0.00, 0.00, 1.00","onepoint_1",344,202609624,"1.000000000000000,1.414213562373095,2.000000000000000,2.236067977499790","KW",1000,68.8,69.4,0,6,0.6,0.244335219932982,0.121102968931356,1.07889703106864
"balanced n, unequal SD",50,"50, 50, 50, 50",5,2,6.6,"0.00, 0.00, 0.00, 1.00","onepoint_1",345,202609625,"1.000000000000000,1.414213562373095,2.000000000000000,2.236067977499790","F",1000,81.6,82.5,72,81,0.9,1.23722298746858,-1.52495705543843,3.32495705543843
"balanced n, unequal SD",50,"50, 50, 50, 50",5,2,6.6,"0.00, 0.00, 0.00, 1.00","onepoint_1",345,202609625,"1.000000000000000,1.414213562373095,2.000000000000000,2.236067977499790","W",1000,76.3,82.5,54,116,6.2,1.28966011926523,3.67226616624015,8.72773383375985
"balanced n, unequal SD",50,"50, 50, 50, 50",5,2,6.6,"0.00, 0.00, 0.00, 1.00","onepoint_1",345,202609625,"1.000000000000000,1.414213562373095,2.000000000000000,2.236067977499790","KW",1000,82.5,82.5,0,0,0,0,0,0
"balanced n, unequal SD",100,"100, 100, 100, 100",1,0,0,"0.00, 0.00, 0.00, 1.00","onepoint_1",346,202609626,"1.000000000000000,1.414213562373095,2.000000000000000,2.236067977499790","F",1000,97.1,95.2,21,2,-1.9,0.47604266260139,-2.83304361869873,-0.966956381301275
"balanced n, unequal SD",100,"100, 100, 100, 100",1,0,0,"0.00, 0.00, 0.00, 1.00","onepoint_1",346,202609626,"1.000000000000000,1.414213562373095,2.000000000000000,2.236067977499790","W",1000,95.1,95.2,0,1,0.1,0.100000000000001,-0.0960000000000014,0.296000000000001
"balanced n, unequal SD",100,"100, 100, 100, 100",1,0,0,"0.00, 0.00, 0.00, 1.00","onepoint_1",346,202609626,"1.000000000000000,1.414213562373095,2.000000000000000,2.236067977499790","KW",1000,95.4,95.2,10,8,-0.2,0.424429193317499,-1.0318812189023,0.631881218902298
"balanced n, unequal SD",100,"100, 100, 100, 100",2,0,6,"0.00, 0.00, 0.00, 1.00","onepoint_1",347,202609627,"1.000000000000000,1.414213562373095,2.000000000000000,2.236067977499790","F",1000,97.9,99.7,0,18,1.8,0.420638724961149,0.975548099076148,2.62445190092385
"balanced n, unequal SD",100,"100, 100, 100, 100",2,0,6,"0.00, 0.00, 0.00, 1.00","onepoint_1",347,202609627,"1.000000000000000,1.414213562373095,2.000000000000000,2.236067977499790","W",1000,95.1,99.7,0,46,4.6,0.662781471738072,3.30094831539338,5.89905168460662
"balanced n, unequal SD",100,"100, 100, 100, 100",2,0,6,"0.00, 0.00, 0.00, 1.00","onepoint_1",347,202609627,"1.000000000000000,1.414213562373095,2.000000000000000,2.236067977499790","KW",1000,99.7,99.7,0,0,0,0,0,0
"balanced n, unequal SD",100,"100, 100, 100, 100",3,0.5,1,"0.00, 0.00, 0.00, 1.00","onepoint_1",348,202609628,"1.000000000000000,1.414213562373095,2.000000000000000,2.236067977499790","F",1000,98.3,95.8,26,1,-2.5,0.513822940334518,-3.50709296305566,-1.49290703694434
"balanced n, unequal SD",100,"100, 100, 100, 100",3,0.5,1,"0.00, 0.00, 0.00, 1.00","onepoint_1",348,202609628,"1.000000000000000,1.414213562373095,2.000000000000000,2.236067977499790","W",1000,96.1,95.8,10,7,-0.3,0.412407662489534,-1.10831901847949,0.508319018479487
"balanced n, unequal SD",100,"100, 100, 100, 100",3,0.5,1,"0.00, 0.00, 0.00, 1.00","onepoint_1",348,202609628,"1.000000000000000,1.414213562373095,2.000000000000000,2.236067977499790","KW",1000,95.5,95.8,3,6,0.3,0.300000000000003,-0.288000000000005,0.888000000000005
"balanced n, unequal SD",100,"100, 100, 100, 100",4,1,1.6,"0.00, 0.00, 0.00, 1.00","onepoint_1",349,202609629,"1.000000000000000,1.414213562373095,2.000000000000000,2.236067977499790","F",1000,98.1,93.2,51,2,-4.9,0.711685672538439,-6.29490391817534,-3.50509608182466
"balanced n, unequal SD",100,"100, 100, 100, 100",4,1,1.6,"0.00, 0.00, 0.00, 1.00","onepoint_1",349,202609629,"1.000000000000000,1.414213562373095,2.000000000000000,2.236067977499790","W",1000,96.9,93.2,42,5,-3.7,0.675845223972735,-5.02465663898656,-2.37534336101344
"balanced n, unequal SD",100,"100, 100, 100, 100",4,1,1.6,"0.00, 0.00, 0.00, 1.00","onepoint_1",349,202609629,"1.000000000000000,1.414213562373095,2.000000000000000,2.236067977499790","KW",1000,93.2,93.2,0,0,0,0,0,0
"balanced n, unequal SD",100,"100, 100, 100, 100",5,2,6.6,"0.00, 0.00, 0.00, 1.00","onepoint_1",350,202609630,"1.000000000000000,1.414213562373095,2.000000000000000,2.236067977499790","F",1000,99,99,8,8,0,0.40020015012511,-0.784392294245215,0.784392294245215
"balanced n, unequal SD",100,"100, 100, 100, 100",5,2,6.6,"0.00, 0.00, 0.00, 1.00","onepoint_1",350,202609630,"1.000000000000000,1.414213562373095,2.000000000000000,2.236067977499790","W",1000,98.4,99,8,14,0.6,0.46889216229306,-0.319028638094398,1.5190286380944
"balanced n, unequal SD",100,"100, 100, 100, 100",5,2,6.6,"0.00, 0.00, 0.00, 1.00","onepoint_1",350,202609630,"1.000000000000000,1.414213562373095,2.000000000000000,2.236067977499790","KW",1000,99,99,0,0,0,0,0,0
"unbalanced n, larger n with larger SD",10,"5, 8, 12, 15",1,0,0,"0.00, 0.00, 0.00, 1.00","onepoint_1",351,202609631,"1.000000000000000,1.414213562373095,2.000000000000000,2.236067977499790","F",1000,18,19.2,15,27,1.2,0.647285855692037,-0.068680277156393,2.46868027715639
"unbalanced n, larger n with larger SD",10,"5, 8, 12, 15",1,0,0,"0.00, 0.00, 0.00, 1.00","onepoint_1",351,202609631,"1.000000000000000,1.414213562373095,2.000000000000000,2.236067977499790","W",1000,18.9,19.2,35,38,0.3,0.854775198891871,-1.37535938982807,1.97535938982807
"unbalanced n, larger n with larger SD",10,"5, 8, 12, 15",1,0,0,"0.00, 0.00, 0.00, 1.00","onepoint_1",351,202609631,"1.000000000000000,1.414213562373095,2.000000000000000,2.236067977499790","KW",1000,15.8,19.2,13,47,3.4,0.767482266263553,1.89573475812344,4.90426524187656
"unbalanced n, larger n with larger SD",10,"5, 8, 12, 15",2,0,6,"0.00, 0.00, 0.00, 1.00","onepoint_1",352,202609632,"1.000000000000000,1.414213562373095,2.000000000000000,2.236067977499790","F",1000,21.1,28.9,7,85,7.8,0.927372643558149,5.98234961862603,9.61765038137397
"unbalanced n, larger n with larger SD",10,"5, 8, 12, 15",2,0,6,"0.00, 0.00, 0.00, 1.00","onepoint_1",352,202609632,"1.000000000000000,1.414213562373095,2.000000000000000,2.236067977499790","W",1000,21,28.9,23,102,7.9,1.09031132195295,5.76298980897221,10.0370101910278
"unbalanced n, larger n with larger SD",10,"5, 8, 12, 15",2,0,6,"0.00, 0.00, 0.00, 1.00","onepoint_1",352,202609632,"1.000000000000000,1.414213562373095,2.000000000000000,2.236067977499790","KW",1000,28.9,28.9,24,24,0,0.693166993213382,-1.35860730669823,1.35860730669823
"unbalanced n, larger n with larger SD",10,"5, 8, 12, 15",3,0.5,1,"0.00, 0.00, 0.00, 1.00","onepoint_1",353,202609633,"1.000000000000000,1.414213562373095,2.000000000000000,2.236067977499790","F",1000,18.8,20.3,16,31,1.5,0.68426472817048,0.158841132785859,2.84115886721414
"unbalanced n, larger n with larger SD",10,"5, 8, 12, 15",3,0.5,1,"0.00, 0.00, 0.00, 1.00","onepoint_1",353,202609633,"1.000000000000000,1.414213562373095,2.000000000000000,2.236067977499790","W",1000,18.9,20.3,33,47,1.4,0.89377784646905,-0.351804579079338,3.15180457907934
"unbalanced n, larger n with larger SD",10,"5, 8, 12, 15",3,0.5,1,"0.00, 0.00, 0.00, 1.00","onepoint_1",353,202609633,"1.000000000000000,1.414213562373095,2.000000000000000,2.236067977499790","KW",1000,18.5,20.3,17,35,1.8,0.719219908843792,0.390328978666168,3.20967102133383
"unbalanced n, larger n with larger SD",10,"5, 8, 12, 15",4,1,1.6,"0.00, 0.00, 0.00, 1.00","onepoint_1",354,202609634,"1.000000000000000,1.414213562373095,2.000000000000000,2.236067977499790","F",1000,16.6,19.1,22,47,2.5,0.827305526655316,0.878481167755581,4.12151883224442
"unbalanced n, larger n with larger SD",10,"5, 8, 12, 15",4,1,1.6,"0.00, 0.00, 0.00, 1.00","onepoint_1",354,202609634,"1.000000000000000,1.414213562373095,2.000000000000000,2.236067977499790","W",1000,18.6,19.1,42,47,0.5,0.943737590986304,-1.34972567833316,2.34972567833316
"unbalanced n, larger n with larger SD",10,"5, 8, 12, 15",4,1,1.6,"0.00, 0.00, 0.00, 1.00","onepoint_1",354,202609634,"1.000000000000000,1.414213562373095,2.000000000000000,2.236067977499790","KW",1000,15.2,19.1,4,43,3.9,0.67471864154271,2.57755146257629,5.22244853742371
"unbalanced n, larger n with larger SD",10,"5, 8, 12, 15",5,2,6.6,"0.00, 0.00, 0.00, 1.00","onepoint_1",355,202609635,"1.000000000000000,1.414213562373095,2.000000000000000,2.236067977499790","F",1000,17.8,25.6,21,99,7.8,1.06784844444346,5.70701704889083,9.89298295110917
"unbalanced n, larger n with larger SD",10,"5, 8, 12, 15",5,2,6.6,"0.00, 0.00, 0.00, 1.00","onepoint_1",355,202609635,"1.000000000000000,1.414213562373095,2.000000000000000,2.236067977499790","W",1000,22,25.6,45,81,3.6,1.11726822575793,1.41015427751446,5.78984572248554
"unbalanced n, larger n with larger SD",10,"5, 8, 12, 15",5,2,6.6,"0.00, 0.00, 0.00, 1.00","onepoint_1",355,202609635,"1.000000000000000,1.414213562373095,2.000000000000000,2.236067977499790","KW",1000,23.1,25.6,5,30,2.5,0.586595341009533,1.35027313162132,3.64972686837868
"unbalanced n, larger n with larger SD",20,"10, 16, 24, 30",1,0,0,"0.00, 0.00, 0.00, 1.00","onepoint_1",356,202609636,"1.000000000000000,1.414213562373095,2.000000000000000,2.236067977499790","F",1000,38,38.9,23,32,0.9,0.74144436051517,-0.553230946609733,2.35323094660973
"unbalanced n, larger n with larger SD",20,"10, 16, 24, 30",1,0,0,"0.00, 0.00, 0.00, 1.00","onepoint_1",356,202609636,"1.000000000000000,1.414213562373095,2.000000000000000,2.236067977499790","W",1000,37.5,38.9,13,27,1.4,0.631219802001203,0.162809188077643,2.63719081192236
"unbalanced n, larger n with larger SD",20,"10, 16, 24, 30",1,0,0,"0.00, 0.00, 0.00, 1.00","onepoint_1",356,202609636,"1.000000000000000,1.414213562373095,2.000000000000000,2.236067977499790","KW",1000,35.9,38.9,34,64,3,0.98588638897795,1.06766267760322,4.93233732239678
"unbalanced n, larger n with larger SD",20,"10, 16, 24, 30",2,0,6,"0.00, 0.00, 0.00, 1.00","onepoint_1",357,202609637,"1.000000000000000,1.414213562373095,2.000000000000000,2.236067977499790","F",1000,39.7,56.4,14,181,16.7,1.29336104115702,14.1650123593322,19.2349876406678
"unbalanced n, larger n with larger SD",20,"10, 16, 24, 30",2,0,6,"0.00, 0.00, 0.00, 1.00","onepoint_1",357,202609637,"1.000000000000000,1.414213562373095,2.000000000000000,2.236067977499790","W",1000,40.4,56.4,13,173,16,1.26712493685729,13.5164351237597,18.4835648762403
"unbalanced n, larger n with larger SD",20,"10, 16, 24, 30",2,0,6,"0.00, 0.00, 0.00, 1.00","onepoint_1",357,202609637,"1.000000000000000,1.414213562373095,2.000000000000000,2.236067977499790","KW",1000,57.2,56.4,17,9,-0.8,0.509528821186412,-1.79867648952537,0.198676489525368
"unbalanced n, larger n with larger SD",20,"10, 16, 24, 30",3,0.5,1,"0.00, 0.00, 0.00, 1.00","onepoint_1",358,202609638,"1.000000000000000,1.414213562373095,2.000000000000000,2.236067977499790","F",1000,39.2,41.4,36,58,2.2,0.967520592078586,0.30365963952597,4.09634036047403
"unbalanced n, larger n with larger SD",20,"10, 16, 24, 30",3,0.5,1,"0.00, 0.00, 0.00, 1.00","onepoint_1",358,202609638,"1.000000000000000,1.414213562373095,2.000000000000000,2.236067977499790","W",1000,40.3,41.4,21,32,1.1,0.727543345319933,-0.325984956827069,2.52598495682707
"unbalanced n, larger n with larger SD",20,"10, 16, 24, 30",3,0.5,1,"0.00, 0.00, 0.00, 1.00","onepoint_1",358,202609638,"1.000000000000000,1.414213562373095,2.000000000000000,2.236067977499790","KW",1000,36.8,41.4,16,62,4.6,0.871550113074174,2.89176177837462,6.30823822162538
"unbalanced n, larger n with larger SD",20,"10, 16, 24, 30",4,1,1.6,"0.00, 0.00, 0.00, 1.00","onepoint_1",359,202609639,"1.000000000000000,1.414213562373095,2.000000000000000,2.236067977499790","F",1000,37.2,36.9,67,64,-0.3,1.14508568291689,-2.54436793851711,1.94436793851711
"unbalanced n, larger n with larger SD",20,"10, 16, 24, 30",4,1,1.6,"0.00, 0.00, 0.00, 1.00","onepoint_1",359,202609639,"1.000000000000000,1.414213562373095,2.000000000000000,2.236067977499790","W",1000,39.8,36.9,58,29,-2.9,0.928683181958437,-4.72021903663854,-1.07978096336146
"unbalanced n, larger n with larger SD",20,"10, 16, 24, 30",4,1,1.6,"0.00, 0.00, 0.00, 1.00","onepoint_1",359,202609639,"1.000000000000000,1.414213562373095,2.000000000000000,2.236067977499790","KW",1000,31.1,36.9,5,63,5.8,0.804367457700145,4.22343978290772,7.37656021709229
"unbalanced n, larger n with larger SD",20,"10, 16, 24, 30",5,2,6.6,"0.00, 0.00, 0.00, 1.00","onepoint_1",360,202609640,"1.000000000000000,1.414213562373095,2.000000000000000,2.236067977499790","F",1000,38,50.3,26,149,12.3,1.26503371904085,9.82053391067993,14.7794660893201
"unbalanced n, larger n with larger SD",20,"10, 16, 24, 30",5,2,6.6,"0.00, 0.00, 0.00, 1.00","onepoint_1",360,202609640,"1.000000000000000,1.414213562373095,2.000000000000000,2.236067977499790","W",1000,45.9,50.3,93,137,4.4,1.5109344535495,1.43856847104298,7.36143152895702
"unbalanced n, larger n with larger SD",20,"10, 16, 24, 30",5,2,6.6,"0.00, 0.00, 0.00, 1.00","onepoint_1",360,202609640,"1.000000000000000,1.414213562373095,2.000000000000000,2.236067977499790","KW",1000,49.9,50.3,0,4,0.4,0.199699473909873,0.00858903113664894,0.791410968863351
"unbalanced n, larger n with larger SD",30,"15, 24, 36, 45",1,0,0,"0.00, 0.00, 0.00, 1.00","onepoint_1",361,202609641,"1.000000000000000,1.414213562373095,2.000000000000000,2.236067977499790","F",1000,56.3,58,37,54,1.7,0.952899794321529,-0.167683596870196,3.5676835968702
"unbalanced n, larger n with larger SD",30,"15, 24, 36, 45",1,0,0,"0.00, 0.00, 0.00, 1.00","onepoint_1",361,202609641,"1.000000000000000,1.414213562373095,2.000000000000000,2.236067977499790","W",1000,57.5,58,7,12,0.5,0.435820995295022,-0.354209150778244,1.35420915077824
"unbalanced n, larger n with larger SD",30,"15, 24, 36, 45",1,0,0,"0.00, 0.00, 0.00, 1.00","onepoint_1",361,202609641,"1.000000000000000,1.414213562373095,2.000000000000000,2.236067977499790","KW",1000,55.1,58,33,62,2.9,0.970841146909482,0.997151352057416,4.80284864794258
"unbalanced n, larger n with larger SD",30,"15, 24, 36, 45",2,0,6,"0.00, 0.00, 0.00, 1.00","onepoint_1",362,202609642,"1.000000000000000,1.414213562373095,2.000000000000000,2.236067977499790","F",1000,61.8,78.5,12,179,16.7,1.27778822296292,14.1955350829927,19.2044649170073
"unbalanced n, larger n with larger SD",30,"15, 24, 36, 45",2,0,6,"0.00, 0.00, 0.00, 1.00","onepoint_1",362,202609642,"1.000000000000000,1.414213562373095,2.000000000000000,2.236067977499790","W",1000,62.8,78.5,10,167,15.7,1.23492308871242,13.2795507461237,18.1204492538763
"unbalanced n, larger n with larger SD",30,"15, 24, 36, 45",2,0,6,"0.00, 0.00, 0.00, 1.00","onepoint_1",362,202609642,"1.000000000000000,1.414213562373095,2.000000000000000,2.236067977499790","KW",1000,79.6,78.5,16,5,-1.1,0.457164083233798,-1.99604160313824,-0.203958396861755
"unbalanced n, larger n with larger SD",30,"15, 24, 36, 45",3,0.5,1,"0.00, 0.00, 0.00, 1.00","onepoint_1",363,202609643,"1.000000000000000,1.414213562373095,2.000000000000000,2.236067977499790","F",1000,56.1,57,51,60,0.9,1.05370788186303,-1.16526744845155,2.96526744845155
"unbalanced n, larger n with larger SD",30,"15, 24, 36, 45",3,0.5,1,"0.00, 0.00, 0.00, 1.00","onepoint_1",363,202609643,"1.000000000000000,1.414213562373095,2.000000000000000,2.236067977499790","W",1000,58.7,57,34,17,-1.7,0.712472889040436,-3.09644686251925,-0.303553137480746
"unbalanced n, larger n with larger SD",30,"15, 24, 36, 45",3,0.5,1,"0.00, 0.00, 0.00, 1.00","onepoint_1",363,202609643,"1.000000000000000,1.414213562373095,2.000000000000000,2.236067977499790","KW",1000,52.1,57,19,68,4.9,0.920237380699591,3.0963347338288,6.7036652661712
"unbalanced n, larger n with larger SD",30,"15, 24, 36, 45",4,1,1.6,"0.00, 0.00, 0.00, 1.00","onepoint_1",364,202609644,"1.000000000000000,1.414213562373095,2.000000000000000,2.236067977499790","F",1000,56.3,55,64,51,-1.3,1.0721284715273,-3.4013718041935,0.8013718041935
"unbalanced n, larger n with larger SD",30,"15, 24, 36, 45",4,1,1.6,"0.00, 0.00, 0.00, 1.00","onepoint_1",364,202609644,"1.000000000000000,1.414213562373095,2.000000000000000,2.236067977499790","W",1000,60.7,55,87,30,-5.7,1.06707480930281,-7.79146662623351,-3.60853337376649
"unbalanced n, larger n with larger SD",30,"15, 24, 36, 45",4,1,1.6,"0.00, 0.00, 0.00, 1.00","onepoint_1",364,202609644,"1.000000000000000,1.414213562373095,2.000000000000000,2.236067977499790","KW",1000,50.9,55,3,44,4.1,0.673530729546647,2.77987977008857,5.42012022991143
"unbalanced n, larger n with larger SD",30,"15, 24, 36, 45",5,2,6.6,"0.00, 0.00, 0.00, 1.00","onepoint_1",365,202609645,"1.000000000000000,1.414213562373095,2.000000000000000,2.236067977499790","F",1000,57.4,67.7,51,154,10.3,1.39493937354131,7.56591882785902,13.034081172141
"unbalanced n, larger n with larger SD",30,"15, 24, 36, 45",5,2,6.6,"0.00, 0.00, 0.00, 1.00","onepoint_1",365,202609645,"1.000000000000000,1.414213562373095,2.000000000000000,2.236067977499790","W",1000,64.4,67.7,103,136,3.3,1.54320818151392,0.275311964232709,6.32468803576729
"unbalanced n, larger n with larger SD",30,"15, 24, 36, 45",5,2,6.6,"0.00, 0.00, 0.00, 1.00","onepoint_1",365,202609645,"1.000000000000000,1.414213562373095,2.000000000000000,2.236067977499790","KW",1000,67.7,67.7,0,0,0,0,0,0
"unbalanced n, larger n with larger SD",50,"25, 40, 60, 75",1,0,0,"0.00, 0.00, 0.00, 1.00","onepoint_1",366,202609646,"1.000000000000000,1.414213562373095,2.000000000000000,2.236067977499790","F",1000,82.6,84.7,20,41,2.1,0.778586023632715,0.57397139367988,3.62602860632012
"unbalanced n, larger n with larger SD",50,"25, 40, 60, 75",1,0,0,"0.00, 0.00, 0.00, 1.00","onepoint_1",366,202609646,"1.000000000000000,1.414213562373095,2.000000000000000,2.236067977499790","W",1000,84.6,84.7,1,2,0.1,0.173262863938067,-0.239595213318611,0.439595213318611
"unbalanced n, larger n with larger SD",50,"25, 40, 60, 75",1,0,0,"0.00, 0.00, 0.00, 1.00","onepoint_1",366,202609646,"1.000000000000000,1.414213562373095,2.000000000000000,2.236067977499790","KW",1000,79.2,84.7,16,71,5.5,0.916837275960454,3.70299893911751,7.29700106088249
"unbalanced n, larger n with larger SD",50,"25, 40, 60, 75",2,0,6,"0.00, 0.00, 0.00, 1.00","onepoint_1",367,202609647,"1.000000000000000,1.414213562373095,2.000000000000000,2.236067977499790","F",1000,82.8,95.7,1,130,12.9,1.06992277045344,10.8029513699113,14.9970486300887
"unbalanced n, larger n with larger SD",50,"25, 40, 60, 75",2,0,6,"0.00, 0.00, 0.00, 1.00","onepoint_1",367,202609647,"1.000000000000000,1.414213562373095,2.000000000000000,2.236067977499790","W",1000,86,95.7,1,98,9.7,0.946998842030346,7.84388226962052,11.5561177303795
"unbalanced n, larger n with larger SD",50,"25, 40, 60, 75",2,0,6,"0.00, 0.00, 0.00, 1.00","onepoint_1",367,202609647,"1.000000000000000,1.414213562373095,2.000000000000000,2.236067977499790","KW",1000,95.9,95.7,4,2,-0.2,0.244989836564742,-0.680180079666894,0.280180079666894
"unbalanced n, larger n with larger SD",50,"25, 40, 60, 75",3,0.5,1,"0.00, 0.00, 0.00, 1.00","onepoint_1",368,202609648,"1.000000000000000,1.414213562373095,2.000000000000000,2.236067977499790","F",1000,83.6,82.6,40,30,-1,0.836480543527293,-2.63950186531349,0.639501865313495
"unbalanced n, larger n with larger SD",50,"25, 40, 60, 75",3,0.5,1,"0.00, 0.00, 0.00, 1.00","onepoint_1",368,202609648,"1.000000000000000,1.414213562373095,2.000000000000000,2.236067977499790","W",1000,85.2,82.6,35,9,-2.6,0.658539044912041,-3.8907365280276,-1.3092634719724
"unbalanced n, larger n with larger SD",50,"25, 40, 60, 75",3,0.5,1,"0.00, 0.00, 0.00, 1.00","onepoint_1",368,202609648,"1.000000000000000,1.414213562373095,2.000000000000000,2.236067977499790","KW",1000,79.6,82.6,5,35,3,0.625612812681613,1.77379888714404,4.22620111285596
"unbalanced n, larger n with larger SD",50,"25, 40, 60, 75",4,1,1.6,"0.00, 0.00, 0.00, 1.00","onepoint_1",369,202609649,"1.000000000000000,1.414213562373095,2.000000000000000,2.236067977499790","F",1000,81.8,75.6,80,18,-6.2,0.970825680800889,-8.10281833436974,-4.29718166563026
"unbalanced n, larger n with larger SD",50,"25, 40, 60, 75",4,1,1.6,"0.00, 0.00, 0.00, 1.00","onepoint_1",369,202609649,"1.000000000000000,1.414213562373095,2.000000000000000,2.236067977499790","W",1000,84.8,75.6,111,19,-9.2,1.10298530206734,-11.361851192052,-7.03814880794801
"unbalanced n, larger n with larger SD",50,"25, 40, 60, 75",4,1,1.6,"0.00, 0.00, 0.00, 1.00","onepoint_1",369,202609649,"1.000000000000000,1.414213562373095,2.000000000000000,2.236067977499790","KW",1000,74.5,75.6,0,11,1.1,0.329998331660782,0.453203269944868,1.74679673005513
"unbalanced n, larger n with larger SD",50,"25, 40, 60, 75",5,2,6.6,"0.00, 0.00, 0.00, 1.00","onepoint_1",370,202609650,"1.000000000000000,1.414213562373095,2.000000000000000,2.236067977499790","F",1000,83,90.9,14,93,7.9,1.00429009683389,5.93159141020558,9.86840858979442
"unbalanced n, larger n with larger SD",50,"25, 40, 60, 75",5,2,6.6,"0.00, 0.00, 0.00, 1.00","onepoint_1",370,202609650,"1.000000000000000,1.414213562373095,2.000000000000000,2.236067977499790","W",1000,89.2,90.9,40,57,1.7,0.983909588365756,-0.228462793196882,3.62846279319688
"unbalanced n, larger n with larger SD",50,"25, 40, 60, 75",5,2,6.6,"0.00, 0.00, 0.00, 1.00","onepoint_1",370,202609650,"1.000000000000000,1.414213562373095,2.000000000000000,2.236067977499790","KW",1000,90.9,90.9,0,0,0,0,0,0
"unbalanced n, larger n with larger SD",100,"50, 80, 120, 150",1,0,0,"0.00, 0.00, 0.00, 1.00","onepoint_1",371,202609651,"1.000000000000000,1.414213562373095,2.000000000000000,2.236067977499790","F",1000,99.5,99.3,2,0,-0.2,0.141350557055782,-0.477047091829333,0.0770470918293328
"unbalanced n, larger n with larger SD",100,"50, 80, 120, 150",1,0,0,"0.00, 0.00, 0.00, 1.00","onepoint_1",371,202609651,"1.000000000000000,1.414213562373095,2.000000000000000,2.236067977499790","W",1000,99.3,99.3,0,0,0,0,0,0
"unbalanced n, larger n with larger SD",100,"50, 80, 120, 150",1,0,0,"0.00, 0.00, 0.00, 1.00","onepoint_1",371,202609651,"1.000000000000000,1.414213562373095,2.000000000000000,2.236067977499790","KW",1000,99.1,99.3,0,2,0.2,0.141350557055782,-0.0770470918293329,0.477047091829333
"unbalanced n, larger n with larger SD",100,"50, 80, 120, 150",2,0,6,"0.00, 0.00, 0.00, 1.00","onepoint_1",372,202609652,"1.000000000000000,1.414213562373095,2.000000000000000,2.236067977499790","F",1000,98.8,99.9,0,11,1.1,0.329998331660782,0.453203269944868,1.74679673005513
"unbalanced n, larger n with larger SD",100,"50, 80, 120, 150",2,0,6,"0.00, 0.00, 0.00, 1.00","onepoint_1",372,202609652,"1.000000000000000,1.414213562373095,2.000000000000000,2.236067977499790","W",1000,98.5,99.9,0,14,1.4,0.37172325482566,0.671422420541707,2.12857757945829
"unbalanced n, larger n with larger SD",100,"50, 80, 120, 150",2,0,6,"0.00, 0.00, 0.00, 1.00","onepoint_1",372,202609652,"1.000000000000000,1.414213562373095,2.000000000000000,2.236067977499790","KW",1000,99.9,99.9,0,0,0,0,0,0
"unbalanced n, larger n with larger SD",100,"50, 80, 120, 150",3,0.5,1,"0.00, 0.00, 0.00, 1.00","onepoint_1",373,202609653,"1.000000000000000,1.414213562373095,2.000000000000000,2.236067977499790","F",1000,99.4,98.7,9,2,-0.7,0.331088537433145,-1.34893353336896,-0.0510664666310353
"unbalanced n, larger n with larger SD",100,"50, 80, 120, 150",3,0.5,1,"0.00, 0.00, 0.00, 1.00","onepoint_1",373,202609653,"1.000000000000000,1.414213562373095,2.000000000000000,2.236067977499790","W",1000,99.4,98.7,9,2,-0.7,0.331088537433145,-1.34893353336896,-0.0510664666310354
"unbalanced n, larger n with larger SD",100,"50, 80, 120, 150",3,0.5,1,"0.00, 0.00, 0.00, 1.00","onepoint_1",373,202609653,"1.000000000000000,1.414213562373095,2.000000000000000,2.236067977499790","KW",1000,98.6,98.7,0,1,0.1,0.1,-0.0960000000000007,0.296000000000001
"unbalanced n, larger n with larger SD",100,"50, 80, 120, 150",4,1,1.6,"0.00, 0.00, 0.00, 1.00","onepoint_1",374,202609654,"1.000000000000000,1.414213562373095,2.000000000000000,2.236067977499790","F",1000,99,97.4,16,0,-1.6,0.396985639031942,-2.37809185250261,-0.821908147497394
"unbalanced n, larger n with larger SD",100,"50, 80, 120, 150",4,1,1.6,"0.00, 0.00, 0.00, 1.00","onepoint_1",374,202609654,"1.000000000000000,1.414213562373095,2.000000000000000,2.236067977499790","W",1000,99.4,97.4,21,1,-2,0.464990554975276,-2.91138148775154,-1.08861851224846
"unbalanced n, larger n with larger SD",100,"50, 80, 120, 150",4,1,1.6,"0.00, 0.00, 0.00, 1.00","onepoint_1",374,202609654,"1.000000000000000,1.414213562373095,2.000000000000000,2.236067977499790","KW",1000,97.4,97.4,0,0,0,0,0,0
"unbalanced n, larger n with larger SD",100,"50, 80, 120, 150",5,2,6.6,"0.00, 0.00, 0.00, 1.00","onepoint_1",375,202609655,"1.000000000000000,1.414213562373095,2.000000000000000,2.236067977499790","F",1000,99.3,99.9,0,6,0.6,0.244335219932983,0.121102968931354,1.07889703106865
"unbalanced n, larger n with larger SD",100,"50, 80, 120, 150",5,2,6.6,"0.00, 0.00, 0.00, 1.00","onepoint_1",375,202609655,"1.000000000000000,1.414213562373095,2.000000000000000,2.236067977499790","W",1000,99.8,99.9,0,1,0.1,0.100000000000001,-0.0960000000000024,0.296000000000002
"unbalanced n, larger n with larger SD",100,"50, 80, 120, 150",5,2,6.6,"0.00, 0.00, 0.00, 1.00","onepoint_1",375,202609655,"1.000000000000000,1.414213562373095,2.000000000000000,2.236067977499790","KW",1000,99.9,99.9,0,0,0,0,0,0
"unbalanced n, larger n with smaller SD",10,"5, 8, 12, 15",1,0,0,"0.00, 0.00, 0.00, 1.00","onepoint_1",376,202609656,"2.236067977499790,2.000000000000000,1.414213562373095,1.000000000000000","F",1000,40.8,39.8,42,32,-1,0.860081240197551,-2.6857592307872,0.6857592307872
"unbalanced n, larger n with smaller SD",10,"5, 8, 12, 15",1,0,0,"0.00, 0.00, 0.00, 1.00","onepoint_1",376,202609656,"2.236067977499790,2.000000000000000,1.414213562373095,1.000000000000000","W",1000,35.5,39.8,8,51,4.3,0.756361079169257,2.81753228482826,5.78246771517174
"unbalanced n, larger n with smaller SD",10,"5, 8, 12, 15",1,0,0,"0.00, 0.00, 0.00, 1.00","onepoint_1",376,202609656,"2.236067977499790,2.000000000000000,1.414213562373095,1.000000000000000","KW",1000,39.5,39.8,35,38,0.3,0.854775198891872,-1.37535938982807,1.97535938982807
"unbalanced n, larger n with smaller SD",10,"5, 8, 12, 15",2,0,6,"0.00, 0.00, 0.00, 1.00","onepoint_1",377,202609657,"2.236067977499790,2.000000000000000,1.414213562373095,1.000000000000000","F",1000,44.1,52.5,43,127,8.4,1.27713392840027,5.89681750033548,10.9031824996645
"unbalanced n, larger n with smaller SD",10,"5, 8, 12, 15",2,0,6,"0.00, 0.00, 0.00, 1.00","onepoint_1",377,202609657,"2.236067977499790,2.000000000000000,1.414213562373095,1.000000000000000","W",1000,41.8,52.5,9,116,10.7,1.06613631710332,8.61037281847748,12.7896271815225
"unbalanced n, larger n with smaller SD",10,"5, 8, 12, 15",2,0,6,"0.00, 0.00, 0.00, 1.00","onepoint_1",377,202609657,"2.236067977499790,2.000000000000000,1.414213562373095,1.000000000000000","KW",1000,56.4,52.5,58,19,-3.9,0.869221229345861,-5.60367360951789,-2.19632639048211
"unbalanced n, larger n with smaller SD",10,"5, 8, 12, 15",3,0.5,1,"0.00, 0.00, 0.00, 1.00","onepoint_1",378,202609658,"2.236067977499790,2.000000000000000,1.414213562373095,1.000000000000000","F",1000,46.3,49.4,48,79,3.1,1.12323267921285,0.898463948742822,5.30153605125718
"unbalanced n, larger n with smaller SD",10,"5, 8, 12, 15",3,0.5,1,"0.00, 0.00, 0.00, 1.00","onepoint_1",378,202609658,"2.236067977499790,2.000000000000000,1.414213562373095,1.000000000000000","W",1000,43.3,49.4,8,69,6.1,0.856459878525267,4.42133863809048,7.77866136190952
"unbalanced n, larger n with smaller SD",10,"5, 8, 12, 15",3,0.5,1,"0.00, 0.00, 0.00, 1.00","onepoint_1",378,202609658,"2.236067977499790,2.000000000000000,1.414213562373095,1.000000000000000","KW",1000,51,49.4,46,30,-1.6,0.870745771277808,-3.3066617117045,0.106661711704504
"unbalanced n, larger n with smaller SD",10,"5, 8, 12, 15",4,1,1.6,"0.00, 0.00, 0.00, 1.00","onepoint_1",379,202609659,"2.236067977499790,2.000000000000000,1.414213562373095,1.000000000000000","F",1000,42.2,51.7,28,123,9.5,1.19212884000479,7.16342747359061,11.8365725264094
"unbalanced n, larger n with smaller SD",10,"5, 8, 12, 15",4,1,1.6,"0.00, 0.00, 0.00, 1.00","onepoint_1",379,202609659,"2.236067977499790,2.000000000000000,1.414213562373095,1.000000000000000","W",1000,44,51.7,3,80,7.7,0.87834018550985,5.9784532364007,9.42154676359931
"unbalanced n, larger n with smaller SD",10,"5, 8, 12, 15",4,1,1.6,"0.00, 0.00, 0.00, 1.00","onepoint_1",379,202609659,"2.236067977499790,2.000000000000000,1.414213562373095,1.000000000000000","KW",1000,52.6,51.7,44,35,-0.9,0.888808179519055,-2.64206403185735,0.842064031857348
"unbalanced n, larger n with smaller SD",10,"5, 8, 12, 15",5,2,6.6,"0.00, 0.00, 0.00, 1.00","onepoint_1",380,202609660,"2.236067977499790,2.000000000000000,1.414213562373095,1.000000000000000","F",1000,49.7,71.2,14,229,21.5,1.40346703549449,18.7492046104308,24.2507953895692
"unbalanced n, larger n with smaller SD",10,"5, 8, 12, 15",5,2,6.6,"0.00, 0.00, 0.00, 1.00","onepoint_1",380,202609660,"2.236067977499790,2.000000000000000,1.414213562373095,1.000000000000000","W",1000,60.7,71.2,10,115,10.5,1.06812494161072,8.406475114443,12.593524885557
"unbalanced n, larger n with smaller SD",10,"5, 8, 12, 15",5,2,6.6,"0.00, 0.00, 0.00, 1.00","onepoint_1",380,202609660,"2.236067977499790,2.000000000000000,1.414213562373095,1.000000000000000","KW",1000,72.3,71.2,21,10,-1.1,0.555966814746258,-2.18969495690266,-0.0103050430973346
"unbalanced n, larger n with smaller SD",20,"10, 16, 24, 30",1,0,0,"0.00, 0.00, 0.00, 1.00","onepoint_1",381,202609661,"2.236067977499790,2.000000000000000,1.414213562373095,1.000000000000000","F",1000,71.1,75.5,29,73,4.4,1.00082048422364,2.43839185092166,6.36160814907834
"unbalanced n, larger n with smaller SD",20,"10, 16, 24, 30",1,0,0,"0.00, 0.00, 0.00, 1.00","onepoint_1",381,202609661,"2.236067977499790,2.000000000000000,1.414213562373095,1.000000000000000","W",1000,75.1,75.5,6,10,0.4,0.4,-0.384000000000001,1.184
"unbalanced n, larger n with smaller SD",20,"10, 16, 24, 30",1,0,0,"0.00, 0.00, 0.00, 1.00","onepoint_1",381,202609661,"2.236067977499790,2.000000000000000,1.414213562373095,1.000000000000000","KW",1000,75.1,75.5,32,36,0.4,0.824936676673141,-1.21687588627936,2.01687588627936
"unbalanced n, larger n with smaller SD",20,"10, 16, 24, 30",2,0,6,"0.00, 0.00, 0.00, 1.00","onepoint_1",382,202609662,"2.236067977499790,2.000000000000000,1.414213562373095,1.000000000000000","F",1000,71.5,87.9,6,170,16.4,1.2216924868937,14.0054827256884,18.7945172743116
"unbalanced n, larger n with smaller SD",20,"10, 16, 24, 30",2,0,6,"0.00, 0.00, 0.00, 1.00","onepoint_1",382,202609662,"2.236067977499790,2.000000000000000,1.414213562373095,1.000000000000000","W",1000,79.3,87.9,4,90,8.6,0.931078357017769,6.77508642024517,10.4249135797548
"unbalanced n, larger n with smaller SD",20,"10, 16, 24, 30",2,0,6,"0.00, 0.00, 0.00, 1.00","onepoint_1",382,202609662,"2.236067977499790,2.000000000000000,1.414213562373095,1.000000000000000","KW",1000,89.3,87.9,16,2,-1.4,0.422158996372483,-2.22743163289007,-0.572568367109934
"unbalanced n, larger n with smaller SD",20,"10, 16, 24, 30",3,0.5,1,"0.00, 0.00, 0.00, 1.00","onepoint_1",383,202609663,"2.236067977499790,2.000000000000000,1.414213562373095,1.000000000000000","F",1000,70.7,78.8,14,95,8.1,1.01262797483352,6.11524916932631,10.0847508306737
"unbalanced n, larger n with smaller SD",20,"10, 16, 24, 30",3,0.5,1,"0.00, 0.00, 0.00, 1.00","onepoint_1",383,202609663,"2.236067977499790,2.000000000000000,1.414213562373095,1.000000000000000","W",1000,76.3,78.8,5,30,2.5,0.586595341009532,1.35027313162132,3.64972686837868
"unbalanced n, larger n with smaller SD",20,"10, 16, 24, 30",3,0.5,1,"0.00, 0.00, 0.00, 1.00","onepoint_1",383,202609663,"2.236067977499790,2.000000000000000,1.414213562373095,1.000000000000000","KW",1000,80.7,78.8,38,19,-1.9,0.75296544207351,-3.37581226646408,-0.424187733535921
"unbalanced n, larger n with smaller SD",20,"10, 16, 24, 30",4,1,1.6,"0.00, 0.00, 0.00, 1.00","onepoint_1",384,202609664,"2.236067977499790,2.000000000000000,1.414213562373095,1.000000000000000","F",1000,69.7,85.9,11,173,16.2,1.25663803027727,13.7369894606565,18.6630105393435
"unbalanced n, larger n with smaller SD",20,"10, 16, 24, 30",4,1,1.6,"0.00, 0.00, 0.00, 1.00","onepoint_1",384,202609664,"2.236067977499790,2.000000000000000,1.414213562373095,1.000000000000000","W",1000,80.3,85.9,7,63,5.6,0.818113261907728,3.99649800666085,7.20350199333915
"unbalanced n, larger n with smaller SD",20,"10, 16, 24, 30",4,1,1.6,"0.00, 0.00, 0.00, 1.00","onepoint_1",384,202609664,"2.236067977499790,2.000000000000000,1.414213562373095,1.000000000000000","KW",1000,88.2,85.9,30,7,-2.3,0.604214428059341,-3.48426027899631,-1.11573972100369
"unbalanced n, larger n with smaller SD",20,"10, 16, 24, 30",5,2,6.6,"0.00, 0.00, 0.00, 1.00","onepoint_1",385,202609665,"2.236067977499790,2.000000000000000,1.414213562373095,1.000000000000000","F",1000,67.2,95.5,1,284,28.3,1.43218754399036,25.4929124137789,31.1070875862211
"unbalanced n, larger n with smaller SD",20,"10, 16, 24, 30",5,2,6.6,"0.00, 0.00, 0.00, 1.00","onepoint_1",385,202609665,"2.236067977499790,2.000000000000000,1.414213562373095,1.000000000000000","W",1000,81.2,95.5,0,143,14.3,1.1075814808567,12.1291402975209,16.4708597024791
"unbalanced n, larger n with smaller SD",20,"10, 16, 24, 30",5,2,6.6,"0.00, 0.00, 0.00, 1.00","onepoint_1",385,202609665,"2.236067977499790,2.000000000000000,1.414213562373095,1.000000000000000","KW",1000,95.7,95.5,2,0,-0.2,0.14135055705578,-0.47704709182933,0.0770470918293295
"unbalanced n, larger n with smaller SD",30,"15, 24, 36, 45",1,0,0,"0.00, 0.00, 0.00, 1.00","onepoint_1",386,202609666,"2.236067977499790,2.000000000000000,1.414213562373095,1.000000000000000","F",1000,85.7,91.7,5,65,6,0.81526968830238,4.40207141092734,7.59792858907266
"unbalanced n, larger n with smaller SD",30,"15, 24, 36, 45",1,0,0,"0.00, 0.00, 0.00, 1.00","onepoint_1",386,202609666,"2.236067977499790,2.000000000000000,1.414213562373095,1.000000000000000","W",1000,92,91.7,3,0,-0.3,0.173031615434692,-0.639141966251997,0.0391419662519971
"unbalanced n, larger n with smaller SD",30,"15, 24, 36, 45",1,0,0,"0.00, 0.00, 0.00, 1.00","onepoint_1",386,202609666,"2.236067977499790,2.000000000000000,1.414213562373095,1.000000000000000","KW",1000,89.1,91.7,10,36,2.6,0.673567883508176,1.27980694832397,3.92019305167603
"unbalanced n, larger n with smaller SD",30,"15, 24, 36, 45",2,0,6,"0.00, 0.00, 0.00, 1.00","onepoint_1",387,202609667,"2.236067977499790,2.000000000000000,1.414213562373095,1.000000000000000","F",1000,90.4,98.7,1,84,8.3,0.88424651081692,6.56687683879884,10.0331231612012
"unbalanced n, larger n with smaller SD",30,"15, 24, 36, 45",2,0,6,"0.00, 0.00, 0.00, 1.00","onepoint_1",387,202609667,"2.236067977499790,2.000000000000000,1.414213562373095,1.000000000000000","W",1000,93.9,98.7,0,48,4.8,0.676326413366667,3.47440022980133,6.12559977019867
"unbalanced n, larger n with smaller SD",30,"15, 24, 36, 45",2,0,6,"0.00, 0.00, 0.00, 1.00","onepoint_1",387,202609667,"2.236067977499790,2.000000000000000,1.414213562373095,1.000000000000000","KW",1000,98.9,98.7,3,1,-0.2,0.200000000000001,-0.592000000000003,0.192000000000003
"unbalanced n, larger n with smaller SD",30,"15, 24, 36, 45",3,0.5,1,"0.00, 0.00, 0.00, 1.00","onepoint_1",388,202609668,"2.236067977499790,2.000000000000000,1.414213562373095,1.000000000000000","F",1000,85.7,94.6,2,91,8.9,0.922844321454948,7.0912251299483,10.7087748700517
"unbalanced n, larger n with smaller SD",30,"15, 24, 36, 45",3,0.5,1,"0.00, 0.00, 0.00, 1.00","onepoint_1",388,202609668,"2.236067977499790,2.000000000000000,1.414213562373095,1.000000000000000","W",1000,92.3,94.6,1,24,2.3,0.494929242372035,1.32993868495081,3.27006131504919
"unbalanced n, larger n with smaller SD",30,"15, 24, 36, 45",3,0.5,1,"0.00, 0.00, 0.00, 1.00","onepoint_1",388,202609668,"2.236067977499790,2.000000000000000,1.414213562373095,1.000000000000000","KW",1000,95.6,94.6,17,7,-1,0.489120884075949,-1.95867693278886,-0.0413230672111409
"unbalanced n, larger n with smaller SD",30,"15, 24, 36, 45",4,1,1.6,"0.00, 0.00, 0.00, 1.00","onepoint_1",389,202609669,"2.236067977499790,2.000000000000000,1.414213562373095,1.000000000000000","F",1000,88.3,96.4,3,84,8.1,0.897326693682518,6.34123968038227,9.85876031961773
"unbalanced n, larger n with smaller SD",30,"15, 24, 36, 45",4,1,1.6,"0.00, 0.00, 0.00, 1.00","onepoint_1",389,202609669,"2.236067977499790,2.000000000000000,1.414213562373095,1.000000000000000","W",1000,93.9,96.4,1,26,2.5,0.513822940334519,1.49290703694434,3.50709296305566
"unbalanced n, larger n with smaller SD",30,"15, 24, 36, 45",4,1,1.6,"0.00, 0.00, 0.00, 1.00","onepoint_1",389,202609669,"2.236067977499790,2.000000000000000,1.414213562373095,1.000000000000000","KW",1000,97.3,96.4,10,1,-0.9,0.330604445371351,-1.54798471292785,-0.252015287072153
"unbalanced n, larger n with smaller SD",30,"15, 24, 36, 45",5,2,6.6,"0.00, 0.00, 0.00, 1.00","onepoint_1",390,202609670,"2.236067977499790,2.000000000000000,1.414213562373095,1.000000000000000","F",1000,86.9,99.6,0,127,12.7,1.05347986208558,10.6351794703123,14.7648205296877
"unbalanced n, larger n with smaller SD",30,"15, 24, 36, 45",5,2,6.6,"0.00, 0.00, 0.00, 1.00","onepoint_1",390,202609670,"2.236067977499790,2.000000000000000,1.414213562373095,1.000000000000000","W",1000,93.8,99.6,0,58,5.8,0.739531545579295,4.35051817066458,7.24948182933542
"unbalanced n, larger n with smaller SD",30,"15, 24, 36, 45",5,2,6.6,"0.00, 0.00, 0.00, 1.00","onepoint_1",390,202609670,"2.236067977499790,2.000000000000000,1.414213562373095,1.000000000000000","KW",1000,99.6,99.6,0,0,0,0,0,0
"unbalanced n, larger n with smaller SD",50,"25, 40, 60, 75",1,0,0,"0.00, 0.00, 0.00, 1.00","onepoint_1",391,202609671,"2.236067977499790,2.000000000000000,1.414213562373095,1.000000000000000","F",1000,99.4,99.7,1,4,0.3,0.223517247567076,-0.13809380523147,0.73809380523147
"unbalanced n, larger n with smaller SD",50,"25, 40, 60, 75",1,0,0,"0.00, 0.00, 0.00, 1.00","onepoint_1",391,202609671,"2.236067977499790,2.000000000000000,1.414213562373095,1.000000000000000","W",1000,99.7,99.7,0,0,0,0,0,0
"unbalanced n, larger n with smaller SD",50,"25, 40, 60, 75",1,0,0,"0.00, 0.00, 0.00, 1.00","onepoint_1",391,202609671,"2.236067977499790,2.000000000000000,1.414213562373095,1.000000000000000","KW",1000,99.5,99.7,1,3,0.2,0.200000000000002,-0.192000000000004,0.592000000000004
"unbalanced n, larger n with smaller SD",50,"25, 40, 60, 75",2,0,6,"0.00, 0.00, 0.00, 1.00","onepoint_1",392,202609672,"2.236067977499790,2.000000000000000,1.414213562373095,1.000000000000000","F",1000,98.4,100,0,16,1.6,0.396985639031942,0.821908147497394,2.37809185250261
"unbalanced n, larger n with smaller SD",50,"25, 40, 60, 75",2,0,6,"0.00, 0.00, 0.00, 1.00","onepoint_1",392,202609672,"2.236067977499790,2.000000000000000,1.414213562373095,1.000000000000000","W",1000,99.3,100,0,7,0.7,0.263779414624377,0.18299234733622,1.21700765266378
"unbalanced n, larger n with smaller SD",50,"25, 40, 60, 75",2,0,6,"0.00, 0.00, 0.00, 1.00","onepoint_1",392,202609672,"2.236067977499790,2.000000000000000,1.414213562373095,1.000000000000000","KW",1000,100,100,0,0,0,0,0,0
"unbalanced n, larger n with smaller SD",50,"25, 40, 60, 75",3,0.5,1,"0.00, 0.00, 0.00, 1.00","onepoint_1",393,202609673,"2.236067977499790,2.000000000000000,1.414213562373095,1.000000000000000","F",1000,98.7,99.8,0,11,1.1,0.329998331660782,0.453203269944868,1.74679673005513
"unbalanced n, larger n with smaller SD",50,"25, 40, 60, 75",3,0.5,1,"0.00, 0.00, 0.00, 1.00","onepoint_1",393,202609673,"2.236067977499790,2.000000000000000,1.414213562373095,1.000000000000000","W",1000,99.6,99.8,0,2,0.2,0.141350557055782,-0.0770470918293326,0.477047091829333
"unbalanced n, larger n with smaller SD",50,"25, 40, 60, 75",3,0.5,1,"0.00, 0.00, 0.00, 1.00","onepoint_1",393,202609673,"2.236067977499790,2.000000000000000,1.414213562373095,1.000000000000000","KW",1000,99.9,99.8,1,0,-0.1,0.100000000000001,-0.296000000000001,0.0960000000000012
"unbalanced n, larger n with smaller SD",50,"25, 40, 60, 75",4,1,1.6,"0.00, 0.00, 0.00, 1.00","onepoint_1",394,202609674,"2.236067977499790,2.000000000000000,1.414213562373095,1.000000000000000","F",1000,97.5,99.9,0,24,2.4,0.484225644172706,1.4509177374215,3.3490822625785
"unbalanced n, larger n with smaller SD",50,"25, 40, 60, 75",4,1,1.6,"0.00, 0.00, 0.00, 1.00","onepoint_1",394,202609674,"2.236067977499790,2.000000000000000,1.414213562373095,1.000000000000000","W",1000,99.3,99.9,0,6,0.6,0.244335219932983,0.121102968931354,1.07889703106865
"unbalanced n, larger n with smaller SD",50,"25, 40, 60, 75",4,1,1.6,"0.00, 0.00, 0.00, 1.00","onepoint_1",394,202609674,"2.236067977499790,2.000000000000000,1.414213562373095,1.000000000000000","KW",1000,100,99.9,1,0,-0.1,0.100000000000001,-0.296000000000001,0.0960000000000012
"unbalanced n, larger n with smaller SD",50,"25, 40, 60, 75",5,2,6.6,"0.00, 0.00, 0.00, 1.00","onepoint_1",395,202609675,"2.236067977499790,2.000000000000000,1.414213562373095,1.000000000000000","F",1000,97.2,100,0,28,2.8,0.521950603441005,1.77697681725563,3.82302318274437
"unbalanced n, larger n with smaller SD",50,"25, 40, 60, 75",5,2,6.6,"0.00, 0.00, 0.00, 1.00","onepoint_1",395,202609675,"2.236067977499790,2.000000000000000,1.414213562373095,1.000000000000000","W",1000,99.3,100,0,7,0.7,0.263779414624379,0.182992347336217,1.21700765266378
"unbalanced n, larger n with smaller SD",50,"25, 40, 60, 75",5,2,6.6,"0.00, 0.00, 0.00, 1.00","onepoint_1",395,202609675,"2.236067977499790,2.000000000000000,1.414213562373095,1.000000000000000","KW",1000,100,100,0,0,0,0,0,0
"unbalanced n, larger n with smaller SD",100,"50, 80, 120, 150",1,0,0,"0.00, 0.00, 0.00, 1.00","onepoint_1",396,202609676,"2.236067977499790,2.000000000000000,1.414213562373095,1.000000000000000","F",1000,100,100,0,0,0,0,0,0
"unbalanced n, larger n with smaller SD",100,"50, 80, 120, 150",1,0,0,"0.00, 0.00, 0.00, 1.00","onepoint_1",396,202609676,"2.236067977499790,2.000000000000000,1.414213562373095,1.000000000000000","W",1000,100,100,0,0,0,0,0,0
"unbalanced n, larger n with smaller SD",100,"50, 80, 120, 150",1,0,0,"0.00, 0.00, 0.00, 1.00","onepoint_1",396,202609676,"2.236067977499790,2.000000000000000,1.414213562373095,1.000000000000000","KW",1000,100,100,0,0,0,0,0,0
"unbalanced n, larger n with smaller SD",100,"50, 80, 120, 150",2,0,6,"0.00, 0.00, 0.00, 1.00","onepoint_1",397,202609677,"2.236067977499790,2.000000000000000,1.414213562373095,1.000000000000000","F",1000,100,100,0,0,0,0,0,0
"unbalanced n, larger n with smaller SD",100,"50, 80, 120, 150",2,0,6,"0.00, 0.00, 0.00, 1.00","onepoint_1",397,202609677,"2.236067977499790,2.000000000000000,1.414213562373095,1.000000000000000","W",1000,100,100,0,0,0,0,0,0
"unbalanced n, larger n with smaller SD",100,"50, 80, 120, 150",2,0,6,"0.00, 0.00, 0.00, 1.00","onepoint_1",397,202609677,"2.236067977499790,2.000000000000000,1.414213562373095,1.000000000000000","KW",1000,100,100,0,0,0,0,0,0
"unbalanced n, larger n with smaller SD",100,"50, 80, 120, 150",3,0.5,1,"0.00, 0.00, 0.00, 1.00","onepoint_1",398,202609678,"2.236067977499790,2.000000000000000,1.414213562373095,1.000000000000000","F",1000,100,100,0,0,0,0,0,0
"unbalanced n, larger n with smaller SD",100,"50, 80, 120, 150",3,0.5,1,"0.00, 0.00, 0.00, 1.00","onepoint_1",398,202609678,"2.236067977499790,2.000000000000000,1.414213562373095,1.000000000000000","W",1000,100,100,0,0,0,0,0,0
"unbalanced n, larger n with smaller SD",100,"50, 80, 120, 150",3,0.5,1,"0.00, 0.00, 0.00, 1.00","onepoint_1",398,202609678,"2.236067977499790,2.000000000000000,1.414213562373095,1.000000000000000","KW",1000,100,100,0,0,0,0,0,0
"unbalanced n, larger n with smaller SD",100,"50, 80, 120, 150",4,1,1.6,"0.00, 0.00, 0.00, 1.00","onepoint_1",399,202609679,"2.236067977499790,2.000000000000000,1.414213562373095,1.000000000000000","F",1000,100,100,0,0,0,0,0,0
"unbalanced n, larger n with smaller SD",100,"50, 80, 120, 150",4,1,1.6,"0.00, 0.00, 0.00, 1.00","onepoint_1",399,202609679,"2.236067977499790,2.000000000000000,1.414213562373095,1.000000000000000","W",1000,100,100,0,0,0,0,0,0
"unbalanced n, larger n with smaller SD",100,"50, 80, 120, 150",4,1,1.6,"0.00, 0.00, 0.00, 1.00","onepoint_1",399,202609679,"2.236067977499790,2.000000000000000,1.414213562373095,1.000000000000000","KW",1000,100,100,0,0,0,0,0,0
"unbalanced n, larger n with smaller SD",100,"50, 80, 120, 150",5,2,6.6,"0.00, 0.00, 0.00, 1.00","onepoint_1",400,202609680,"2.236067977499790,2.000000000000000,1.414213562373095,1.000000000000000","F",1000,100,100,0,0,0,0,0,0
"unbalanced n, larger n with smaller SD",100,"50, 80, 120, 150",5,2,6.6,"0.00, 0.00, 0.00, 1.00","onepoint_1",400,202609680,"2.236067977499790,2.000000000000000,1.414213562373095,1.000000000000000","W",1000,100,100,0,0,0,0,0,0
"unbalanced n, larger n with smaller SD",100,"50, 80, 120, 150",5,2,6.6,"0.00, 0.00, 0.00, 1.00","onepoint_1",400,202609680,"2.236067977499790,2.000000000000000,1.414213562373095,1.000000000000000","KW",1000,100,100,0,0,0,0,0,0
