"design","n_per_group","n_vector","panel","skew","excess_kurtosis","group_mean_offsets","shift","cell","seed","sd_vector","fixed","destination","B","routed","lost","gained"
"balanced n, equal SD",10,"10, 10, 10, 10",1,0,0,"0.00, 0.25, 0.50, 0.75","ordered",1,202609281,"1,1,1,1","F","F",1000,903,0,0
"balanced n, equal SD",10,"10, 10, 10, 10",1,0,0,"0.00, 0.25, 0.50, 0.75","ordered",1,202609281,"1,1,1,1","F","W",1000,64,6,4
"balanced n, equal SD",10,"10, 10, 10, 10",1,0,0,"0.00, 0.25, 0.50, 0.75","ordered",1,202609281,"1,1,1,1","F","KW",1000,33,1,2
"balanced n, equal SD",10,"10, 10, 10, 10",1,0,0,"0.00, 0.25, 0.50, 0.75","ordered",1,202609281,"1,1,1,1","W","F",1000,903,28,40
"balanced n, equal SD",10,"10, 10, 10, 10",1,0,0,"0.00, 0.25, 0.50, 0.75","ordered",1,202609281,"1,1,1,1","W","W",1000,64,0,0
"balanced n, equal SD",10,"10, 10, 10, 10",1,0,0,"0.00, 0.25, 0.50, 0.75","ordered",1,202609281,"1,1,1,1","W","KW",1000,33,1,3
"balanced n, equal SD",10,"10, 10, 10, 10",1,0,0,"0.00, 0.25, 0.50, 0.75","ordered",1,202609281,"1,1,1,1","KW","F",1000,903,9,30
"balanced n, equal SD",10,"10, 10, 10, 10",1,0,0,"0.00, 0.25, 0.50, 0.75","ordered",1,202609281,"1,1,1,1","KW","W",1000,64,4,4
"balanced n, equal SD",10,"10, 10, 10, 10",1,0,0,"0.00, 0.25, 0.50, 0.75","ordered",1,202609281,"1,1,1,1","KW","KW",1000,33,0,0
"balanced n, equal SD",10,"10, 10, 10, 10",2,0,6,"0.00, 0.25, 0.50, 0.75","ordered",2,202609282,"1,1,1,1","F","F",1000,516,0,0
"balanced n, equal SD",10,"10, 10, 10, 10",2,0,6,"0.00, 0.25, 0.50, 0.75","ordered",2,202609282,"1,1,1,1","F","W",1000,77,5,13
"balanced n, equal SD",10,"10, 10, 10, 10",2,0,6,"0.00, 0.25, 0.50, 0.75","ordered",2,202609282,"1,1,1,1","F","KW",1000,407,7,87
"balanced n, equal SD",10,"10, 10, 10, 10",2,0,6,"0.00, 0.25, 0.50, 0.75","ordered",2,202609282,"1,1,1,1","W","F",1000,516,21,30
"balanced n, equal SD",10,"10, 10, 10, 10",2,0,6,"0.00, 0.25, 0.50, 0.75","ordered",2,202609282,"1,1,1,1","W","W",1000,77,0,0
"balanced n, equal SD",10,"10, 10, 10, 10",2,0,6,"0.00, 0.25, 0.50, 0.75","ordered",2,202609282,"1,1,1,1","W","KW",1000,407,9,52
"balanced n, equal SD",10,"10, 10, 10, 10",2,0,6,"0.00, 0.25, 0.50, 0.75","ordered",2,202609282,"1,1,1,1","KW","F",1000,516,21,13
"balanced n, equal SD",10,"10, 10, 10, 10",2,0,6,"0.00, 0.25, 0.50, 0.75","ordered",2,202609282,"1,1,1,1","KW","W",1000,77,2,9
"balanced n, equal SD",10,"10, 10, 10, 10",2,0,6,"0.00, 0.25, 0.50, 0.75","ordered",2,202609282,"1,1,1,1","KW","KW",1000,407,0,0
"balanced n, equal SD",10,"10, 10, 10, 10",3,0.5,1,"0.00, 0.25, 0.50, 0.75","ordered",3,202609283,"1,1,1,1","F","F",1000,744,0,0
"balanced n, equal SD",10,"10, 10, 10, 10",3,0.5,1,"0.00, 0.25, 0.50, 0.75","ordered",3,202609283,"1,1,1,1","F","W",1000,80,5,7
"balanced n, equal SD",10,"10, 10, 10, 10",3,0.5,1,"0.00, 0.25, 0.50, 0.75","ordered",3,202609283,"1,1,1,1","F","KW",1000,176,2,12
"balanced n, equal SD",10,"10, 10, 10, 10",3,0.5,1,"0.00, 0.25, 0.50, 0.75","ordered",3,202609283,"1,1,1,1","W","F",1000,744,25,33
"balanced n, equal SD",10,"10, 10, 10, 10",3,0.5,1,"0.00, 0.25, 0.50, 0.75","ordered",3,202609283,"1,1,1,1","W","W",1000,80,0,0
"balanced n, equal SD",10,"10, 10, 10, 10",3,0.5,1,"0.00, 0.25, 0.50, 0.75","ordered",3,202609283,"1,1,1,1","W","KW",1000,176,6,11
"balanced n, equal SD",10,"10, 10, 10, 10",3,0.5,1,"0.00, 0.25, 0.50, 0.75","ordered",3,202609283,"1,1,1,1","KW","F",1000,744,18,27
"balanced n, equal SD",10,"10, 10, 10, 10",3,0.5,1,"0.00, 0.25, 0.50, 0.75","ordered",3,202609283,"1,1,1,1","KW","W",1000,80,1,8
"balanced n, equal SD",10,"10, 10, 10, 10",3,0.5,1,"0.00, 0.25, 0.50, 0.75","ordered",3,202609283,"1,1,1,1","KW","KW",1000,176,0,0
"balanced n, equal SD",10,"10, 10, 10, 10",4,1,1.6,"0.00, 0.25, 0.50, 0.75","ordered",4,202609284,"1,1,1,1","F","F",1000,514,0,0
"balanced n, equal SD",10,"10, 10, 10, 10",4,1,1.6,"0.00, 0.25, 0.50, 0.75","ordered",4,202609284,"1,1,1,1","F","W",1000,81,6,6
"balanced n, equal SD",10,"10, 10, 10, 10",4,1,1.6,"0.00, 0.25, 0.50, 0.75","ordered",4,202609284,"1,1,1,1","F","KW",1000,405,7,34
"balanced n, equal SD",10,"10, 10, 10, 10",4,1,1.6,"0.00, 0.25, 0.50, 0.75","ordered",4,202609284,"1,1,1,1","W","F",1000,514,14,34
"balanced n, equal SD",10,"10, 10, 10, 10",4,1,1.6,"0.00, 0.25, 0.50, 0.75","ordered",4,202609284,"1,1,1,1","W","W",1000,81,0,0
"balanced n, equal SD",10,"10, 10, 10, 10",4,1,1.6,"0.00, 0.25, 0.50, 0.75","ordered",4,202609284,"1,1,1,1","W","KW",1000,405,8,37
"balanced n, equal SD",10,"10, 10, 10, 10",4,1,1.6,"0.00, 0.25, 0.50, 0.75","ordered",4,202609284,"1,1,1,1","KW","F",1000,514,10,30
"balanced n, equal SD",10,"10, 10, 10, 10",4,1,1.6,"0.00, 0.25, 0.50, 0.75","ordered",4,202609284,"1,1,1,1","KW","W",1000,81,1,4
"balanced n, equal SD",10,"10, 10, 10, 10",4,1,1.6,"0.00, 0.25, 0.50, 0.75","ordered",4,202609284,"1,1,1,1","KW","KW",1000,405,0,0
"balanced n, equal SD",10,"10, 10, 10, 10",5,2,6.6,"0.00, 0.25, 0.50, 0.75","ordered",5,202609285,"1,1,1,1","F","F",1000,82,0,0
"balanced n, equal SD",10,"10, 10, 10, 10",5,2,6.6,"0.00, 0.25, 0.50, 0.75","ordered",5,202609285,"1,1,1,1","F","W",1000,95,8,11
"balanced n, equal SD",10,"10, 10, 10, 10",5,2,6.6,"0.00, 0.25, 0.50, 0.75","ordered",5,202609285,"1,1,1,1","F","KW",1000,823,11,141
"balanced n, equal SD",10,"10, 10, 10, 10",5,2,6.6,"0.00, 0.25, 0.50, 0.75","ordered",5,202609285,"1,1,1,1","W","F",1000,82,2,6
"balanced n, equal SD",10,"10, 10, 10, 10",5,2,6.6,"0.00, 0.25, 0.50, 0.75","ordered",5,202609285,"1,1,1,1","W","W",1000,95,0,0
"balanced n, equal SD",10,"10, 10, 10, 10",5,2,6.6,"0.00, 0.25, 0.50, 0.75","ordered",5,202609285,"1,1,1,1","W","KW",1000,823,16,129
"balanced n, equal SD",10,"10, 10, 10, 10",5,2,6.6,"0.00, 0.25, 0.50, 0.75","ordered",5,202609285,"1,1,1,1","KW","F",1000,82,2,5
"balanced n, equal SD",10,"10, 10, 10, 10",5,2,6.6,"0.00, 0.25, 0.50, 0.75","ordered",5,202609285,"1,1,1,1","KW","W",1000,95,6,8
"balanced n, equal SD",10,"10, 10, 10, 10",5,2,6.6,"0.00, 0.25, 0.50, 0.75","ordered",5,202609285,"1,1,1,1","KW","KW",1000,823,0,0
"balanced n, equal SD",20,"20, 20, 20, 20",1,0,0,"0.00, 0.25, 0.50, 0.75","ordered",6,202609286,"1,1,1,1","F","F",1000,917,0,0
"balanced n, equal SD",20,"20, 20, 20, 20",1,0,0,"0.00, 0.25, 0.50, 0.75","ordered",6,202609286,"1,1,1,1","F","W",1000,39,1,2
"balanced n, equal SD",20,"20, 20, 20, 20",1,0,0,"0.00, 0.25, 0.50, 0.75","ordered",6,202609286,"1,1,1,1","F","KW",1000,44,2,6
"balanced n, equal SD",20,"20, 20, 20, 20",1,0,0,"0.00, 0.25, 0.50, 0.75","ordered",6,202609286,"1,1,1,1","W","F",1000,917,20,44
"balanced n, equal SD",20,"20, 20, 20, 20",1,0,0,"0.00, 0.25, 0.50, 0.75","ordered",6,202609286,"1,1,1,1","W","W",1000,39,0,0
"balanced n, equal SD",20,"20, 20, 20, 20",1,0,0,"0.00, 0.25, 0.50, 0.75","ordered",6,202609286,"1,1,1,1","W","KW",1000,44,1,4
"balanced n, equal SD",20,"20, 20, 20, 20",1,0,0,"0.00, 0.25, 0.50, 0.75","ordered",6,202609286,"1,1,1,1","KW","F",1000,917,19,56
"balanced n, equal SD",20,"20, 20, 20, 20",1,0,0,"0.00, 0.25, 0.50, 0.75","ordered",6,202609286,"1,1,1,1","KW","W",1000,39,1,4
"balanced n, equal SD",20,"20, 20, 20, 20",1,0,0,"0.00, 0.25, 0.50, 0.75","ordered",6,202609286,"1,1,1,1","KW","KW",1000,44,0,0
"balanced n, equal SD",20,"20, 20, 20, 20",2,0,6,"0.00, 0.25, 0.50, 0.75","ordered",7,202609287,"1,1,1,1","F","F",1000,234,0,0
"balanced n, equal SD",20,"20, 20, 20, 20",2,0,6,"0.00, 0.25, 0.50, 0.75","ordered",7,202609287,"1,1,1,1","F","W",1000,31,2,4
"balanced n, equal SD",20,"20, 20, 20, 20",2,0,6,"0.00, 0.25, 0.50, 0.75","ordered",7,202609287,"1,1,1,1","F","KW",1000,735,10,137
"balanced n, equal SD",20,"20, 20, 20, 20",2,0,6,"0.00, 0.25, 0.50, 0.75","ordered",7,202609287,"1,1,1,1","W","F",1000,234,9,4
"balanced n, equal SD",20,"20, 20, 20, 20",2,0,6,"0.00, 0.25, 0.50, 0.75","ordered",7,202609287,"1,1,1,1","W","W",1000,31,0,0
"balanced n, equal SD",20,"20, 20, 20, 20",2,0,6,"0.00, 0.25, 0.50, 0.75","ordered",7,202609287,"1,1,1,1","W","KW",1000,735,4,119
"balanced n, equal SD",20,"20, 20, 20, 20",2,0,6,"0.00, 0.25, 0.50, 0.75","ordered",7,202609287,"1,1,1,1","KW","F",1000,234,19,7
"balanced n, equal SD",20,"20, 20, 20, 20",2,0,6,"0.00, 0.25, 0.50, 0.75","ordered",7,202609287,"1,1,1,1","KW","W",1000,31,4,2
"balanced n, equal SD",20,"20, 20, 20, 20",2,0,6,"0.00, 0.25, 0.50, 0.75","ordered",7,202609287,"1,1,1,1","KW","KW",1000,735,0,0
"balanced n, equal SD",20,"20, 20, 20, 20",3,0.5,1,"0.00, 0.25, 0.50, 0.75","ordered",8,202609288,"1,1,1,1","F","F",1000,644,0,0
"balanced n, equal SD",20,"20, 20, 20, 20",3,0.5,1,"0.00, 0.25, 0.50, 0.75","ordered",8,202609288,"1,1,1,1","F","W",1000,51,3,3
"balanced n, equal SD",20,"20, 20, 20, 20",3,0.5,1,"0.00, 0.25, 0.50, 0.75","ordered",8,202609288,"1,1,1,1","F","KW",1000,305,5,26
"balanced n, equal SD",20,"20, 20, 20, 20",3,0.5,1,"0.00, 0.25, 0.50, 0.75","ordered",8,202609288,"1,1,1,1","W","F",1000,644,16,27
"balanced n, equal SD",20,"20, 20, 20, 20",3,0.5,1,"0.00, 0.25, 0.50, 0.75","ordered",8,202609288,"1,1,1,1","W","W",1000,51,0,0
"balanced n, equal SD",20,"20, 20, 20, 20",3,0.5,1,"0.00, 0.25, 0.50, 0.75","ordered",8,202609288,"1,1,1,1","W","KW",1000,305,7,32
"balanced n, equal SD",20,"20, 20, 20, 20",3,0.5,1,"0.00, 0.25, 0.50, 0.75","ordered",8,202609288,"1,1,1,1","KW","F",1000,644,20,38
"balanced n, equal SD",20,"20, 20, 20, 20",3,0.5,1,"0.00, 0.25, 0.50, 0.75","ordered",8,202609288,"1,1,1,1","KW","W",1000,51,5,6
"balanced n, equal SD",20,"20, 20, 20, 20",3,0.5,1,"0.00, 0.25, 0.50, 0.75","ordered",8,202609288,"1,1,1,1","KW","KW",1000,305,0,0
"balanced n, equal SD",20,"20, 20, 20, 20",4,1,1.6,"0.00, 0.25, 0.50, 0.75","ordered",9,202609289,"1,1,1,1","F","F",1000,168,0,0
"balanced n, equal SD",20,"20, 20, 20, 20",4,1,1.6,"0.00, 0.25, 0.50, 0.75","ordered",9,202609289,"1,1,1,1","F","W",1000,57,1,2
"balanced n, equal SD",20,"20, 20, 20, 20",4,1,1.6,"0.00, 0.25, 0.50, 0.75","ordered",9,202609289,"1,1,1,1","F","KW",1000,775,17,70
"balanced n, equal SD",20,"20, 20, 20, 20",4,1,1.6,"0.00, 0.25, 0.50, 0.75","ordered",9,202609289,"1,1,1,1","W","F",1000,168,2,7
"balanced n, equal SD",20,"20, 20, 20, 20",4,1,1.6,"0.00, 0.25, 0.50, 0.75","ordered",9,202609289,"1,1,1,1","W","W",1000,57,0,0
"balanced n, equal SD",20,"20, 20, 20, 20",4,1,1.6,"0.00, 0.25, 0.50, 0.75","ordered",9,202609289,"1,1,1,1","W","KW",1000,775,18,83
"balanced n, equal SD",20,"20, 20, 20, 20",4,1,1.6,"0.00, 0.25, 0.50, 0.75","ordered",9,202609289,"1,1,1,1","KW","F",1000,168,3,7
"balanced n, equal SD",20,"20, 20, 20, 20",4,1,1.6,"0.00, 0.25, 0.50, 0.75","ordered",9,202609289,"1,1,1,1","KW","W",1000,57,1,2
"balanced n, equal SD",20,"20, 20, 20, 20",4,1,1.6,"0.00, 0.25, 0.50, 0.75","ordered",9,202609289,"1,1,1,1","KW","KW",1000,775,0,0
"balanced n, equal SD",20,"20, 20, 20, 20",5,2,6.6,"0.00, 0.25, 0.50, 0.75","ordered",10,202609290,"1,1,1,1","F","F",1000,0,0,0
"balanced n, equal SD",20,"20, 20, 20, 20",5,2,6.6,"0.00, 0.25, 0.50, 0.75","ordered",10,202609290,"1,1,1,1","F","W",1000,17,0,0
"balanced n, equal SD",20,"20, 20, 20, 20",5,2,6.6,"0.00, 0.25, 0.50, 0.75","ordered",10,202609290,"1,1,1,1","F","KW",1000,983,2,260
"balanced n, equal SD",20,"20, 20, 20, 20",5,2,6.6,"0.00, 0.25, 0.50, 0.75","ordered",10,202609290,"1,1,1,1","W","F",1000,0,0,0
"balanced n, equal SD",20,"20, 20, 20, 20",5,2,6.6,"0.00, 0.25, 0.50, 0.75","ordered",10,202609290,"1,1,1,1","W","W",1000,17,0,0
"balanced n, equal SD",20,"20, 20, 20, 20",5,2,6.6,"0.00, 0.25, 0.50, 0.75","ordered",10,202609290,"1,1,1,1","W","KW",1000,983,4,257
"balanced n, equal SD",20,"20, 20, 20, 20",5,2,6.6,"0.00, 0.25, 0.50, 0.75","ordered",10,202609290,"1,1,1,1","KW","F",1000,0,0,0
"balanced n, equal SD",20,"20, 20, 20, 20",5,2,6.6,"0.00, 0.25, 0.50, 0.75","ordered",10,202609290,"1,1,1,1","KW","W",1000,17,0,0
"balanced n, equal SD",20,"20, 20, 20, 20",5,2,6.6,"0.00, 0.25, 0.50, 0.75","ordered",10,202609290,"1,1,1,1","KW","KW",1000,983,0,0
"balanced n, equal SD",30,"30, 30, 30, 30",1,0,0,"0.00, 0.25, 0.50, 0.75","ordered",11,202609291,"1,1,1,1","F","F",1000,917,0,0
"balanced n, equal SD",30,"30, 30, 30, 30",1,0,0,"0.00, 0.25, 0.50, 0.75","ordered",11,202609291,"1,1,1,1","F","W",1000,38,0,3
"balanced n, equal SD",30,"30, 30, 30, 30",1,0,0,"0.00, 0.25, 0.50, 0.75","ordered",11,202609291,"1,1,1,1","F","KW",1000,45,5,3
"balanced n, equal SD",30,"30, 30, 30, 30",1,0,0,"0.00, 0.25, 0.50, 0.75","ordered",11,202609291,"1,1,1,1","W","F",1000,917,13,32
"balanced n, equal SD",30,"30, 30, 30, 30",1,0,0,"0.00, 0.25, 0.50, 0.75","ordered",11,202609291,"1,1,1,1","W","W",1000,38,0,0
"balanced n, equal SD",30,"30, 30, 30, 30",1,0,0,"0.00, 0.25, 0.50, 0.75","ordered",11,202609291,"1,1,1,1","W","KW",1000,45,5,5
"balanced n, equal SD",30,"30, 30, 30, 30",1,0,0,"0.00, 0.25, 0.50, 0.75","ordered",11,202609291,"1,1,1,1","KW","F",1000,917,20,56
"balanced n, equal SD",30,"30, 30, 30, 30",1,0,0,"0.00, 0.25, 0.50, 0.75","ordered",11,202609291,"1,1,1,1","KW","W",1000,38,1,4
"balanced n, equal SD",30,"30, 30, 30, 30",1,0,0,"0.00, 0.25, 0.50, 0.75","ordered",11,202609291,"1,1,1,1","KW","KW",1000,45,0,0
"balanced n, equal SD",30,"30, 30, 30, 30",2,0,6,"0.00, 0.25, 0.50, 0.75","ordered",12,202609292,"1,1,1,1","F","F",1000,103,0,0
"balanced n, equal SD",30,"30, 30, 30, 30",2,0,6,"0.00, 0.25, 0.50, 0.75","ordered",12,202609292,"1,1,1,1","F","W",1000,25,1,1
"balanced n, equal SD",30,"30, 30, 30, 30",2,0,6,"0.00, 0.25, 0.50, 0.75","ordered",12,202609292,"1,1,1,1","F","KW",1000,872,3,147
"balanced n, equal SD",30,"30, 30, 30, 30",2,0,6,"0.00, 0.25, 0.50, 0.75","ordered",12,202609292,"1,1,1,1","W","F",1000,103,2,2
"balanced n, equal SD",30,"30, 30, 30, 30",2,0,6,"0.00, 0.25, 0.50, 0.75","ordered",12,202609292,"1,1,1,1","W","W",1000,25,0,0
"balanced n, equal SD",30,"30, 30, 30, 30",2,0,6,"0.00, 0.25, 0.50, 0.75","ordered",12,202609292,"1,1,1,1","W","KW",1000,872,4,136
"balanced n, equal SD",30,"30, 30, 30, 30",2,0,6,"0.00, 0.25, 0.50, 0.75","ordered",12,202609292,"1,1,1,1","KW","F",1000,103,5,0
"balanced n, equal SD",30,"30, 30, 30, 30",2,0,6,"0.00, 0.25, 0.50, 0.75","ordered",12,202609292,"1,1,1,1","KW","W",1000,25,3,0
"balanced n, equal SD",30,"30, 30, 30, 30",2,0,6,"0.00, 0.25, 0.50, 0.75","ordered",12,202609292,"1,1,1,1","KW","KW",1000,872,0,0
"balanced n, equal SD",30,"30, 30, 30, 30",3,0.5,1,"0.00, 0.25, 0.50, 0.75","ordered",13,202609293,"1,1,1,1","F","F",1000,499,0,0
"balanced n, equal SD",30,"30, 30, 30, 30",3,0.5,1,"0.00, 0.25, 0.50, 0.75","ordered",13,202609293,"1,1,1,1","F","W",1000,40,1,1
"balanced n, equal SD",30,"30, 30, 30, 30",3,0.5,1,"0.00, 0.25, 0.50, 0.75","ordered",13,202609293,"1,1,1,1","F","KW",1000,461,10,32
"balanced n, equal SD",30,"30, 30, 30, 30",3,0.5,1,"0.00, 0.25, 0.50, 0.75","ordered",13,202609293,"1,1,1,1","W","F",1000,499,5,17
"balanced n, equal SD",30,"30, 30, 30, 30",3,0.5,1,"0.00, 0.25, 0.50, 0.75","ordered",13,202609293,"1,1,1,1","W","W",1000,40,0,0
"balanced n, equal SD",30,"30, 30, 30, 30",3,0.5,1,"0.00, 0.25, 0.50, 0.75","ordered",13,202609293,"1,1,1,1","W","KW",1000,461,8,31
"balanced n, equal SD",30,"30, 30, 30, 30",3,0.5,1,"0.00, 0.25, 0.50, 0.75","ordered",13,202609293,"1,1,1,1","KW","F",1000,499,12,20
"balanced n, equal SD",30,"30, 30, 30, 30",3,0.5,1,"0.00, 0.25, 0.50, 0.75","ordered",13,202609293,"1,1,1,1","KW","W",1000,40,1,1
"balanced n, equal SD",30,"30, 30, 30, 30",3,0.5,1,"0.00, 0.25, 0.50, 0.75","ordered",13,202609293,"1,1,1,1","KW","KW",1000,461,0,0
"balanced n, equal SD",30,"30, 30, 30, 30",4,1,1.6,"0.00, 0.25, 0.50, 0.75","ordered",14,202609294,"1,1,1,1","F","F",1000,31,0,0
"balanced n, equal SD",30,"30, 30, 30, 30",4,1,1.6,"0.00, 0.25, 0.50, 0.75","ordered",14,202609294,"1,1,1,1","F","W",1000,40,0,0
"balanced n, equal SD",30,"30, 30, 30, 30",4,1,1.6,"0.00, 0.25, 0.50, 0.75","ordered",14,202609294,"1,1,1,1","F","KW",1000,929,13,82
"balanced n, equal SD",30,"30, 30, 30, 30",4,1,1.6,"0.00, 0.25, 0.50, 0.75","ordered",14,202609294,"1,1,1,1","W","F",1000,31,0,0
"balanced n, equal SD",30,"30, 30, 30, 30",4,1,1.6,"0.00, 0.25, 0.50, 0.75","ordered",14,202609294,"1,1,1,1","W","W",1000,40,0,0
"balanced n, equal SD",30,"30, 30, 30, 30",4,1,1.6,"0.00, 0.25, 0.50, 0.75","ordered",14,202609294,"1,1,1,1","W","KW",1000,929,16,83
"balanced n, equal SD",30,"30, 30, 30, 30",4,1,1.6,"0.00, 0.25, 0.50, 0.75","ordered",14,202609294,"1,1,1,1","KW","F",1000,31,2,0
"balanced n, equal SD",30,"30, 30, 30, 30",4,1,1.6,"0.00, 0.25, 0.50, 0.75","ordered",14,202609294,"1,1,1,1","KW","W",1000,40,0,0
"balanced n, equal SD",30,"30, 30, 30, 30",4,1,1.6,"0.00, 0.25, 0.50, 0.75","ordered",14,202609294,"1,1,1,1","KW","KW",1000,929,0,0
"balanced n, equal SD",30,"30, 30, 30, 30",5,2,6.6,"0.00, 0.25, 0.50, 0.75","ordered",15,202609295,"1,1,1,1","F","F",1000,0,0,0
"balanced n, equal SD",30,"30, 30, 30, 30",5,2,6.6,"0.00, 0.25, 0.50, 0.75","ordered",15,202609295,"1,1,1,1","F","W",1000,0,0,0
"balanced n, equal SD",30,"30, 30, 30, 30",5,2,6.6,"0.00, 0.25, 0.50, 0.75","ordered",15,202609295,"1,1,1,1","F","KW",1000,1000,1,219
"balanced n, equal SD",30,"30, 30, 30, 30",5,2,6.6,"0.00, 0.25, 0.50, 0.75","ordered",15,202609295,"1,1,1,1","W","F",1000,0,0,0
"balanced n, equal SD",30,"30, 30, 30, 30",5,2,6.6,"0.00, 0.25, 0.50, 0.75","ordered",15,202609295,"1,1,1,1","W","W",1000,0,0,0
"balanced n, equal SD",30,"30, 30, 30, 30",5,2,6.6,"0.00, 0.25, 0.50, 0.75","ordered",15,202609295,"1,1,1,1","W","KW",1000,1000,4,212
"balanced n, equal SD",30,"30, 30, 30, 30",5,2,6.6,"0.00, 0.25, 0.50, 0.75","ordered",15,202609295,"1,1,1,1","KW","F",1000,0,0,0
"balanced n, equal SD",30,"30, 30, 30, 30",5,2,6.6,"0.00, 0.25, 0.50, 0.75","ordered",15,202609295,"1,1,1,1","KW","W",1000,0,0,0
"balanced n, equal SD",30,"30, 30, 30, 30",5,2,6.6,"0.00, 0.25, 0.50, 0.75","ordered",15,202609295,"1,1,1,1","KW","KW",1000,1000,0,0
"balanced n, equal SD",50,"50, 50, 50, 50",1,0,0,"0.00, 0.25, 0.50, 0.75","ordered",16,202609296,"1,1,1,1","F","F",1000,913,0,0
"balanced n, equal SD",50,"50, 50, 50, 50",1,0,0,"0.00, 0.25, 0.50, 0.75","ordered",16,202609296,"1,1,1,1","F","W",1000,44,0,0
"balanced n, equal SD",50,"50, 50, 50, 50",1,0,0,"0.00, 0.25, 0.50, 0.75","ordered",16,202609296,"1,1,1,1","F","KW",1000,43,0,0
"balanced n, equal SD",50,"50, 50, 50, 50",1,0,0,"0.00, 0.25, 0.50, 0.75","ordered",16,202609296,"1,1,1,1","W","F",1000,913,6,5
"balanced n, equal SD",50,"50, 50, 50, 50",1,0,0,"0.00, 0.25, 0.50, 0.75","ordered",16,202609296,"1,1,1,1","W","W",1000,44,0,0
"balanced n, equal SD",50,"50, 50, 50, 50",1,0,0,"0.00, 0.25, 0.50, 0.75","ordered",16,202609296,"1,1,1,1","W","KW",1000,43,0,0
"balanced n, equal SD",50,"50, 50, 50, 50",1,0,0,"0.00, 0.25, 0.50, 0.75","ordered",16,202609296,"1,1,1,1","KW","F",1000,913,5,21
"balanced n, equal SD",50,"50, 50, 50, 50",1,0,0,"0.00, 0.25, 0.50, 0.75","ordered",16,202609296,"1,1,1,1","KW","W",1000,44,0,0
"balanced n, equal SD",50,"50, 50, 50, 50",1,0,0,"0.00, 0.25, 0.50, 0.75","ordered",16,202609296,"1,1,1,1","KW","KW",1000,43,0,0
"balanced n, equal SD",50,"50, 50, 50, 50",2,0,6,"0.00, 0.25, 0.50, 0.75","ordered",17,202609297,"1,1,1,1","F","F",1000,18,0,0
"balanced n, equal SD",50,"50, 50, 50, 50",2,0,6,"0.00, 0.25, 0.50, 0.75","ordered",17,202609297,"1,1,1,1","F","W",1000,9,0,0
"balanced n, equal SD",50,"50, 50, 50, 50",2,0,6,"0.00, 0.25, 0.50, 0.75","ordered",17,202609297,"1,1,1,1","F","KW",1000,973,0,62
"balanced n, equal SD",50,"50, 50, 50, 50",2,0,6,"0.00, 0.25, 0.50, 0.75","ordered",17,202609297,"1,1,1,1","W","F",1000,18,0,0
"balanced n, equal SD",50,"50, 50, 50, 50",2,0,6,"0.00, 0.25, 0.50, 0.75","ordered",17,202609297,"1,1,1,1","W","W",1000,9,0,0
"balanced n, equal SD",50,"50, 50, 50, 50",2,0,6,"0.00, 0.25, 0.50, 0.75","ordered",17,202609297,"1,1,1,1","W","KW",1000,973,0,61
"balanced n, equal SD",50,"50, 50, 50, 50",2,0,6,"0.00, 0.25, 0.50, 0.75","ordered",17,202609297,"1,1,1,1","KW","F",1000,18,0,0
"balanced n, equal SD",50,"50, 50, 50, 50",2,0,6,"0.00, 0.25, 0.50, 0.75","ordered",17,202609297,"1,1,1,1","KW","W",1000,9,0,0
"balanced n, equal SD",50,"50, 50, 50, 50",2,0,6,"0.00, 0.25, 0.50, 0.75","ordered",17,202609297,"1,1,1,1","KW","KW",1000,973,0,0
"balanced n, equal SD",50,"50, 50, 50, 50",3,0.5,1,"0.00, 0.25, 0.50, 0.75","ordered",18,202609298,"1,1,1,1","F","F",1000,343,0,0
"balanced n, equal SD",50,"50, 50, 50, 50",3,0.5,1,"0.00, 0.25, 0.50, 0.75","ordered",18,202609298,"1,1,1,1","F","W",1000,34,0,0
"balanced n, equal SD",50,"50, 50, 50, 50",3,0.5,1,"0.00, 0.25, 0.50, 0.75","ordered",18,202609298,"1,1,1,1","F","KW",1000,623,6,23
"balanced n, equal SD",50,"50, 50, 50, 50",3,0.5,1,"0.00, 0.25, 0.50, 0.75","ordered",18,202609298,"1,1,1,1","W","F",1000,343,1,1
"balanced n, equal SD",50,"50, 50, 50, 50",3,0.5,1,"0.00, 0.25, 0.50, 0.75","ordered",18,202609298,"1,1,1,1","W","W",1000,34,0,0
"balanced n, equal SD",50,"50, 50, 50, 50",3,0.5,1,"0.00, 0.25, 0.50, 0.75","ordered",18,202609298,"1,1,1,1","W","KW",1000,623,6,22
"balanced n, equal SD",50,"50, 50, 50, 50",3,0.5,1,"0.00, 0.25, 0.50, 0.75","ordered",18,202609298,"1,1,1,1","KW","F",1000,343,2,3
"balanced n, equal SD",50,"50, 50, 50, 50",3,0.5,1,"0.00, 0.25, 0.50, 0.75","ordered",18,202609298,"1,1,1,1","KW","W",1000,34,0,0
"balanced n, equal SD",50,"50, 50, 50, 50",3,0.5,1,"0.00, 0.25, 0.50, 0.75","ordered",18,202609298,"1,1,1,1","KW","KW",1000,623,0,0
"balanced n, equal SD",50,"50, 50, 50, 50",4,1,1.6,"0.00, 0.25, 0.50, 0.75","ordered",19,202609299,"1,1,1,1","F","F",1000,2,0,0
"balanced n, equal SD",50,"50, 50, 50, 50",4,1,1.6,"0.00, 0.25, 0.50, 0.75","ordered",19,202609299,"1,1,1,1","F","W",1000,10,0,1
"balanced n, equal SD",50,"50, 50, 50, 50",4,1,1.6,"0.00, 0.25, 0.50, 0.75","ordered",19,202609299,"1,1,1,1","F","KW",1000,988,7,39
"balanced n, equal SD",50,"50, 50, 50, 50",4,1,1.6,"0.00, 0.25, 0.50, 0.75","ordered",19,202609299,"1,1,1,1","W","F",1000,2,0,0
"balanced n, equal SD",50,"50, 50, 50, 50",4,1,1.6,"0.00, 0.25, 0.50, 0.75","ordered",19,202609299,"1,1,1,1","W","W",1000,10,0,0
"balanced n, equal SD",50,"50, 50, 50, 50",4,1,1.6,"0.00, 0.25, 0.50, 0.75","ordered",19,202609299,"1,1,1,1","W","KW",1000,988,7,35
"balanced n, equal SD",50,"50, 50, 50, 50",4,1,1.6,"0.00, 0.25, 0.50, 0.75","ordered",19,202609299,"1,1,1,1","KW","F",1000,2,0,0
"balanced n, equal SD",50,"50, 50, 50, 50",4,1,1.6,"0.00, 0.25, 0.50, 0.75","ordered",19,202609299,"1,1,1,1","KW","W",1000,10,0,0
"balanced n, equal SD",50,"50, 50, 50, 50",4,1,1.6,"0.00, 0.25, 0.50, 0.75","ordered",19,202609299,"1,1,1,1","KW","KW",1000,988,0,0
"balanced n, equal SD",50,"50, 50, 50, 50",5,2,6.6,"0.00, 0.25, 0.50, 0.75","ordered",20,202609300,"1,1,1,1","F","F",1000,0,0,0
"balanced n, equal SD",50,"50, 50, 50, 50",5,2,6.6,"0.00, 0.25, 0.50, 0.75","ordered",20,202609300,"1,1,1,1","F","W",1000,0,0,0
"balanced n, equal SD",50,"50, 50, 50, 50",5,2,6.6,"0.00, 0.25, 0.50, 0.75","ordered",20,202609300,"1,1,1,1","F","KW",1000,1000,0,84
"balanced n, equal SD",50,"50, 50, 50, 50",5,2,6.6,"0.00, 0.25, 0.50, 0.75","ordered",20,202609300,"1,1,1,1","W","F",1000,0,0,0
"balanced n, equal SD",50,"50, 50, 50, 50",5,2,6.6,"0.00, 0.25, 0.50, 0.75","ordered",20,202609300,"1,1,1,1","W","W",1000,0,0,0
"balanced n, equal SD",50,"50, 50, 50, 50",5,2,6.6,"0.00, 0.25, 0.50, 0.75","ordered",20,202609300,"1,1,1,1","W","KW",1000,1000,0,75
"balanced n, equal SD",50,"50, 50, 50, 50",5,2,6.6,"0.00, 0.25, 0.50, 0.75","ordered",20,202609300,"1,1,1,1","KW","F",1000,0,0,0
"balanced n, equal SD",50,"50, 50, 50, 50",5,2,6.6,"0.00, 0.25, 0.50, 0.75","ordered",20,202609300,"1,1,1,1","KW","W",1000,0,0,0
"balanced n, equal SD",50,"50, 50, 50, 50",5,2,6.6,"0.00, 0.25, 0.50, 0.75","ordered",20,202609300,"1,1,1,1","KW","KW",1000,1000,0,0
"balanced n, equal SD",100,"100, 100, 100, 100",1,0,0,"0.00, 0.25, 0.50, 0.75","ordered",21,202609301,"1,1,1,1","F","F",1000,904,0,0
"balanced n, equal SD",100,"100, 100, 100, 100",1,0,0,"0.00, 0.25, 0.50, 0.75","ordered",21,202609301,"1,1,1,1","F","W",1000,40,0,0
"balanced n, equal SD",100,"100, 100, 100, 100",1,0,0,"0.00, 0.25, 0.50, 0.75","ordered",21,202609301,"1,1,1,1","F","KW",1000,56,0,0
"balanced n, equal SD",100,"100, 100, 100, 100",1,0,0,"0.00, 0.25, 0.50, 0.75","ordered",21,202609301,"1,1,1,1","W","F",1000,904,0,0
"balanced n, equal SD",100,"100, 100, 100, 100",1,0,0,"0.00, 0.25, 0.50, 0.75","ordered",21,202609301,"1,1,1,1","W","W",1000,40,0,0
"balanced n, equal SD",100,"100, 100, 100, 100",1,0,0,"0.00, 0.25, 0.50, 0.75","ordered",21,202609301,"1,1,1,1","W","KW",1000,56,0,0
"balanced n, equal SD",100,"100, 100, 100, 100",1,0,0,"0.00, 0.25, 0.50, 0.75","ordered",21,202609301,"1,1,1,1","KW","F",1000,904,0,1
"balanced n, equal SD",100,"100, 100, 100, 100",1,0,0,"0.00, 0.25, 0.50, 0.75","ordered",21,202609301,"1,1,1,1","KW","W",1000,40,0,0
"balanced n, equal SD",100,"100, 100, 100, 100",1,0,0,"0.00, 0.25, 0.50, 0.75","ordered",21,202609301,"1,1,1,1","KW","KW",1000,56,0,0
"balanced n, equal SD",100,"100, 100, 100, 100",2,0,6,"0.00, 0.25, 0.50, 0.75","ordered",22,202609302,"1,1,1,1","F","F",1000,0,0,0
"balanced n, equal SD",100,"100, 100, 100, 100",2,0,6,"0.00, 0.25, 0.50, 0.75","ordered",22,202609302,"1,1,1,1","F","W",1000,1,0,0
"balanced n, equal SD",100,"100, 100, 100, 100",2,0,6,"0.00, 0.25, 0.50, 0.75","ordered",22,202609302,"1,1,1,1","F","KW",1000,999,0,4
"balanced n, equal SD",100,"100, 100, 100, 100",2,0,6,"0.00, 0.25, 0.50, 0.75","ordered",22,202609302,"1,1,1,1","W","F",1000,0,0,0
"balanced n, equal SD",100,"100, 100, 100, 100",2,0,6,"0.00, 0.25, 0.50, 0.75","ordered",22,202609302,"1,1,1,1","W","W",1000,1,0,0
"balanced n, equal SD",100,"100, 100, 100, 100",2,0,6,"0.00, 0.25, 0.50, 0.75","ordered",22,202609302,"1,1,1,1","W","KW",1000,999,0,4
"balanced n, equal SD",100,"100, 100, 100, 100",2,0,6,"0.00, 0.25, 0.50, 0.75","ordered",22,202609302,"1,1,1,1","KW","F",1000,0,0,0
"balanced n, equal SD",100,"100, 100, 100, 100",2,0,6,"0.00, 0.25, 0.50, 0.75","ordered",22,202609302,"1,1,1,1","KW","W",1000,1,0,0
"balanced n, equal SD",100,"100, 100, 100, 100",2,0,6,"0.00, 0.25, 0.50, 0.75","ordered",22,202609302,"1,1,1,1","KW","KW",1000,999,0,0
"balanced n, equal SD",100,"100, 100, 100, 100",3,0.5,1,"0.00, 0.25, 0.50, 0.75","ordered",23,202609303,"1,1,1,1","F","F",1000,96,0,0
"balanced n, equal SD",100,"100, 100, 100, 100",3,0.5,1,"0.00, 0.25, 0.50, 0.75","ordered",23,202609303,"1,1,1,1","F","W",1000,14,0,0
"balanced n, equal SD",100,"100, 100, 100, 100",3,0.5,1,"0.00, 0.25, 0.50, 0.75","ordered",23,202609303,"1,1,1,1","F","KW",1000,890,0,1
"balanced n, equal SD",100,"100, 100, 100, 100",3,0.5,1,"0.00, 0.25, 0.50, 0.75","ordered",23,202609303,"1,1,1,1","W","F",1000,96,0,0
"balanced n, equal SD",100,"100, 100, 100, 100",3,0.5,1,"0.00, 0.25, 0.50, 0.75","ordered",23,202609303,"1,1,1,1","W","W",1000,14,0,0
"balanced n, equal SD",100,"100, 100, 100, 100",3,0.5,1,"0.00, 0.25, 0.50, 0.75","ordered",23,202609303,"1,1,1,1","W","KW",1000,890,0,1
"balanced n, equal SD",100,"100, 100, 100, 100",3,0.5,1,"0.00, 0.25, 0.50, 0.75","ordered",23,202609303,"1,1,1,1","KW","F",1000,96,0,0
"balanced n, equal SD",100,"100, 100, 100, 100",3,0.5,1,"0.00, 0.25, 0.50, 0.75","ordered",23,202609303,"1,1,1,1","KW","W",1000,14,0,0
"balanced n, equal SD",100,"100, 100, 100, 100",3,0.5,1,"0.00, 0.25, 0.50, 0.75","ordered",23,202609303,"1,1,1,1","KW","KW",1000,890,0,0
"balanced n, equal SD",100,"100, 100, 100, 100",4,1,1.6,"0.00, 0.25, 0.50, 0.75","ordered",24,202609304,"1,1,1,1","F","F",1000,0,0,0
"balanced n, equal SD",100,"100, 100, 100, 100",4,1,1.6,"0.00, 0.25, 0.50, 0.75","ordered",24,202609304,"1,1,1,1","F","W",1000,0,0,0
"balanced n, equal SD",100,"100, 100, 100, 100",4,1,1.6,"0.00, 0.25, 0.50, 0.75","ordered",24,202609304,"1,1,1,1","F","KW",1000,1000,0,2
"balanced n, equal SD",100,"100, 100, 100, 100",4,1,1.6,"0.00, 0.25, 0.50, 0.75","ordered",24,202609304,"1,1,1,1","W","F",1000,0,0,0
"balanced n, equal SD",100,"100, 100, 100, 100",4,1,1.6,"0.00, 0.25, 0.50, 0.75","ordered",24,202609304,"1,1,1,1","W","W",1000,0,0,0
"balanced n, equal SD",100,"100, 100, 100, 100",4,1,1.6,"0.00, 0.25, 0.50, 0.75","ordered",24,202609304,"1,1,1,1","W","KW",1000,1000,0,1
"balanced n, equal SD",100,"100, 100, 100, 100",4,1,1.6,"0.00, 0.25, 0.50, 0.75","ordered",24,202609304,"1,1,1,1","KW","F",1000,0,0,0
"balanced n, equal SD",100,"100, 100, 100, 100",4,1,1.6,"0.00, 0.25, 0.50, 0.75","ordered",24,202609304,"1,1,1,1","KW","W",1000,0,0,0
"balanced n, equal SD",100,"100, 100, 100, 100",4,1,1.6,"0.00, 0.25, 0.50, 0.75","ordered",24,202609304,"1,1,1,1","KW","KW",1000,1000,0,0
"balanced n, equal SD",100,"100, 100, 100, 100",5,2,6.6,"0.00, 0.25, 0.50, 0.75","ordered",25,202609305,"1,1,1,1","F","F",1000,0,0,0
"balanced n, equal SD",100,"100, 100, 100, 100",5,2,6.6,"0.00, 0.25, 0.50, 0.75","ordered",25,202609305,"1,1,1,1","F","W",1000,0,0,0
"balanced n, equal SD",100,"100, 100, 100, 100",5,2,6.6,"0.00, 0.25, 0.50, 0.75","ordered",25,202609305,"1,1,1,1","F","KW",1000,1000,0,2
"balanced n, equal SD",100,"100, 100, 100, 100",5,2,6.6,"0.00, 0.25, 0.50, 0.75","ordered",25,202609305,"1,1,1,1","W","F",1000,0,0,0
"balanced n, equal SD",100,"100, 100, 100, 100",5,2,6.6,"0.00, 0.25, 0.50, 0.75","ordered",25,202609305,"1,1,1,1","W","W",1000,0,0,0
"balanced n, equal SD",100,"100, 100, 100, 100",5,2,6.6,"0.00, 0.25, 0.50, 0.75","ordered",25,202609305,"1,1,1,1","W","KW",1000,1000,0,2
"balanced n, equal SD",100,"100, 100, 100, 100",5,2,6.6,"0.00, 0.25, 0.50, 0.75","ordered",25,202609305,"1,1,1,1","KW","F",1000,0,0,0
"balanced n, equal SD",100,"100, 100, 100, 100",5,2,6.6,"0.00, 0.25, 0.50, 0.75","ordered",25,202609305,"1,1,1,1","KW","W",1000,0,0,0
"balanced n, equal SD",100,"100, 100, 100, 100",5,2,6.6,"0.00, 0.25, 0.50, 0.75","ordered",25,202609305,"1,1,1,1","KW","KW",1000,1000,0,0
"balanced n, equal SD",200,"200, 200, 200, 200",1,0,0,"0.00, 0.25, 0.50, 0.75","ordered",26,202609306,"1,1,1,1","F","F",1000,887,0,0
"balanced n, equal SD",200,"200, 200, 200, 200",1,0,0,"0.00, 0.25, 0.50, 0.75","ordered",26,202609306,"1,1,1,1","F","W",1000,55,0,0
"balanced n, equal SD",200,"200, 200, 200, 200",1,0,0,"0.00, 0.25, 0.50, 0.75","ordered",26,202609306,"1,1,1,1","F","KW",1000,58,0,0
"balanced n, equal SD",200,"200, 200, 200, 200",1,0,0,"0.00, 0.25, 0.50, 0.75","ordered",26,202609306,"1,1,1,1","W","F",1000,887,0,0
"balanced n, equal SD",200,"200, 200, 200, 200",1,0,0,"0.00, 0.25, 0.50, 0.75","ordered",26,202609306,"1,1,1,1","W","W",1000,55,0,0
"balanced n, equal SD",200,"200, 200, 200, 200",1,0,0,"0.00, 0.25, 0.50, 0.75","ordered",26,202609306,"1,1,1,1","W","KW",1000,58,0,0
"balanced n, equal SD",200,"200, 200, 200, 200",1,0,0,"0.00, 0.25, 0.50, 0.75","ordered",26,202609306,"1,1,1,1","KW","F",1000,887,0,0
"balanced n, equal SD",200,"200, 200, 200, 200",1,0,0,"0.00, 0.25, 0.50, 0.75","ordered",26,202609306,"1,1,1,1","KW","W",1000,55,0,0
"balanced n, equal SD",200,"200, 200, 200, 200",1,0,0,"0.00, 0.25, 0.50, 0.75","ordered",26,202609306,"1,1,1,1","KW","KW",1000,58,0,0
"balanced n, equal SD",200,"200, 200, 200, 200",2,0,6,"0.00, 0.25, 0.50, 0.75","ordered",27,202609307,"1,1,1,1","F","F",1000,0,0,0
"balanced n, equal SD",200,"200, 200, 200, 200",2,0,6,"0.00, 0.25, 0.50, 0.75","ordered",27,202609307,"1,1,1,1","F","W",1000,0,0,0
"balanced n, equal SD",200,"200, 200, 200, 200",2,0,6,"0.00, 0.25, 0.50, 0.75","ordered",27,202609307,"1,1,1,1","F","KW",1000,1000,0,0
"balanced n, equal SD",200,"200, 200, 200, 200",2,0,6,"0.00, 0.25, 0.50, 0.75","ordered",27,202609307,"1,1,1,1","W","F",1000,0,0,0
"balanced n, equal SD",200,"200, 200, 200, 200",2,0,6,"0.00, 0.25, 0.50, 0.75","ordered",27,202609307,"1,1,1,1","W","W",1000,0,0,0
"balanced n, equal SD",200,"200, 200, 200, 200",2,0,6,"0.00, 0.25, 0.50, 0.75","ordered",27,202609307,"1,1,1,1","W","KW",1000,1000,0,0
"balanced n, equal SD",200,"200, 200, 200, 200",2,0,6,"0.00, 0.25, 0.50, 0.75","ordered",27,202609307,"1,1,1,1","KW","F",1000,0,0,0
"balanced n, equal SD",200,"200, 200, 200, 200",2,0,6,"0.00, 0.25, 0.50, 0.75","ordered",27,202609307,"1,1,1,1","KW","W",1000,0,0,0
"balanced n, equal SD",200,"200, 200, 200, 200",2,0,6,"0.00, 0.25, 0.50, 0.75","ordered",27,202609307,"1,1,1,1","KW","KW",1000,1000,0,0
"balanced n, equal SD",200,"200, 200, 200, 200",3,0.5,1,"0.00, 0.25, 0.50, 0.75","ordered",28,202609308,"1,1,1,1","F","F",1000,2,0,0
"balanced n, equal SD",200,"200, 200, 200, 200",3,0.5,1,"0.00, 0.25, 0.50, 0.75","ordered",28,202609308,"1,1,1,1","F","W",1000,0,0,0
"balanced n, equal SD",200,"200, 200, 200, 200",3,0.5,1,"0.00, 0.25, 0.50, 0.75","ordered",28,202609308,"1,1,1,1","F","KW",1000,998,0,0
"balanced n, equal SD",200,"200, 200, 200, 200",3,0.5,1,"0.00, 0.25, 0.50, 0.75","ordered",28,202609308,"1,1,1,1","W","F",1000,2,0,0
"balanced n, equal SD",200,"200, 200, 200, 200",3,0.5,1,"0.00, 0.25, 0.50, 0.75","ordered",28,202609308,"1,1,1,1","W","W",1000,0,0,0
"balanced n, equal SD",200,"200, 200, 200, 200",3,0.5,1,"0.00, 0.25, 0.50, 0.75","ordered",28,202609308,"1,1,1,1","W","KW",1000,998,0,0
"balanced n, equal SD",200,"200, 200, 200, 200",3,0.5,1,"0.00, 0.25, 0.50, 0.75","ordered",28,202609308,"1,1,1,1","KW","F",1000,2,0,0
"balanced n, equal SD",200,"200, 200, 200, 200",3,0.5,1,"0.00, 0.25, 0.50, 0.75","ordered",28,202609308,"1,1,1,1","KW","W",1000,0,0,0
"balanced n, equal SD",200,"200, 200, 200, 200",3,0.5,1,"0.00, 0.25, 0.50, 0.75","ordered",28,202609308,"1,1,1,1","KW","KW",1000,998,0,0
"balanced n, equal SD",200,"200, 200, 200, 200",4,1,1.6,"0.00, 0.25, 0.50, 0.75","ordered",29,202609309,"1,1,1,1","F","F",1000,0,0,0
"balanced n, equal SD",200,"200, 200, 200, 200",4,1,1.6,"0.00, 0.25, 0.50, 0.75","ordered",29,202609309,"1,1,1,1","F","W",1000,0,0,0
"balanced n, equal SD",200,"200, 200, 200, 200",4,1,1.6,"0.00, 0.25, 0.50, 0.75","ordered",29,202609309,"1,1,1,1","F","KW",1000,1000,0,0
"balanced n, equal SD",200,"200, 200, 200, 200",4,1,1.6,"0.00, 0.25, 0.50, 0.75","ordered",29,202609309,"1,1,1,1","W","F",1000,0,0,0
"balanced n, equal SD",200,"200, 200, 200, 200",4,1,1.6,"0.00, 0.25, 0.50, 0.75","ordered",29,202609309,"1,1,1,1","W","W",1000,0,0,0
"balanced n, equal SD",200,"200, 200, 200, 200",4,1,1.6,"0.00, 0.25, 0.50, 0.75","ordered",29,202609309,"1,1,1,1","W","KW",1000,1000,0,0
"balanced n, equal SD",200,"200, 200, 200, 200",4,1,1.6,"0.00, 0.25, 0.50, 0.75","ordered",29,202609309,"1,1,1,1","KW","F",1000,0,0,0
"balanced n, equal SD",200,"200, 200, 200, 200",4,1,1.6,"0.00, 0.25, 0.50, 0.75","ordered",29,202609309,"1,1,1,1","KW","W",1000,0,0,0
"balanced n, equal SD",200,"200, 200, 200, 200",4,1,1.6,"0.00, 0.25, 0.50, 0.75","ordered",29,202609309,"1,1,1,1","KW","KW",1000,1000,0,0
"balanced n, equal SD",200,"200, 200, 200, 200",5,2,6.6,"0.00, 0.25, 0.50, 0.75","ordered",30,202609310,"1,1,1,1","F","F",1000,0,0,0
"balanced n, equal SD",200,"200, 200, 200, 200",5,2,6.6,"0.00, 0.25, 0.50, 0.75","ordered",30,202609310,"1,1,1,1","F","W",1000,0,0,0
"balanced n, equal SD",200,"200, 200, 200, 200",5,2,6.6,"0.00, 0.25, 0.50, 0.75","ordered",30,202609310,"1,1,1,1","F","KW",1000,1000,0,0
"balanced n, equal SD",200,"200, 200, 200, 200",5,2,6.6,"0.00, 0.25, 0.50, 0.75","ordered",30,202609310,"1,1,1,1","W","F",1000,0,0,0
"balanced n, equal SD",200,"200, 200, 200, 200",5,2,6.6,"0.00, 0.25, 0.50, 0.75","ordered",30,202609310,"1,1,1,1","W","W",1000,0,0,0
"balanced n, equal SD",200,"200, 200, 200, 200",5,2,6.6,"0.00, 0.25, 0.50, 0.75","ordered",30,202609310,"1,1,1,1","W","KW",1000,1000,0,0
"balanced n, equal SD",200,"200, 200, 200, 200",5,2,6.6,"0.00, 0.25, 0.50, 0.75","ordered",30,202609310,"1,1,1,1","KW","F",1000,0,0,0
"balanced n, equal SD",200,"200, 200, 200, 200",5,2,6.6,"0.00, 0.25, 0.50, 0.75","ordered",30,202609310,"1,1,1,1","KW","W",1000,0,0,0
"balanced n, equal SD",200,"200, 200, 200, 200",5,2,6.6,"0.00, 0.25, 0.50, 0.75","ordered",30,202609310,"1,1,1,1","KW","KW",1000,1000,0,0
"unbalanced n, equal SD",10,"5, 8, 12, 15",1,0,0,"0.00, 0.25, 0.50, 0.75","ordered",31,202609311,"1,1,1,1","F","F",1000,890,0,0
"unbalanced n, equal SD",10,"5, 8, 12, 15",1,0,0,"0.00, 0.25, 0.50, 0.75","ordered",31,202609311,"1,1,1,1","F","W",1000,51,3,7
"unbalanced n, equal SD",10,"5, 8, 12, 15",1,0,0,"0.00, 0.25, 0.50, 0.75","ordered",31,202609311,"1,1,1,1","F","KW",1000,59,2,5
"unbalanced n, equal SD",10,"5, 8, 12, 15",1,0,0,"0.00, 0.25, 0.50, 0.75","ordered",31,202609311,"1,1,1,1","W","F",1000,890,32,59
"unbalanced n, equal SD",10,"5, 8, 12, 15",1,0,0,"0.00, 0.25, 0.50, 0.75","ordered",31,202609311,"1,1,1,1","W","W",1000,51,0,0
"unbalanced n, equal SD",10,"5, 8, 12, 15",1,0,0,"0.00, 0.25, 0.50, 0.75","ordered",31,202609311,"1,1,1,1","W","KW",1000,59,2,6
"unbalanced n, equal SD",10,"5, 8, 12, 15",1,0,0,"0.00, 0.25, 0.50, 0.75","ordered",31,202609311,"1,1,1,1","KW","F",1000,890,12,36
"unbalanced n, equal SD",10,"5, 8, 12, 15",1,0,0,"0.00, 0.25, 0.50, 0.75","ordered",31,202609311,"1,1,1,1","KW","W",1000,51,1,10
"unbalanced n, equal SD",10,"5, 8, 12, 15",1,0,0,"0.00, 0.25, 0.50, 0.75","ordered",31,202609311,"1,1,1,1","KW","KW",1000,59,0,0
"unbalanced n, equal SD",10,"5, 8, 12, 15",2,0,6,"0.00, 0.25, 0.50, 0.75","ordered",32,202609312,"1,1,1,1","F","F",1000,532,0,0
"unbalanced n, equal SD",10,"5, 8, 12, 15",2,0,6,"0.00, 0.25, 0.50, 0.75","ordered",32,202609312,"1,1,1,1","F","W",1000,64,9,8
"unbalanced n, equal SD",10,"5, 8, 12, 15",2,0,6,"0.00, 0.25, 0.50, 0.75","ordered",32,202609312,"1,1,1,1","F","KW",1000,404,5,58
"unbalanced n, equal SD",10,"5, 8, 12, 15",2,0,6,"0.00, 0.25, 0.50, 0.75","ordered",32,202609312,"1,1,1,1","W","F",1000,532,35,45
"unbalanced n, equal SD",10,"5, 8, 12, 15",2,0,6,"0.00, 0.25, 0.50, 0.75","ordered",32,202609312,"1,1,1,1","W","W",1000,64,0,0
"unbalanced n, equal SD",10,"5, 8, 12, 15",2,0,6,"0.00, 0.25, 0.50, 0.75","ordered",32,202609312,"1,1,1,1","W","KW",1000,404,13,46
"unbalanced n, equal SD",10,"5, 8, 12, 15",2,0,6,"0.00, 0.25, 0.50, 0.75","ordered",32,202609312,"1,1,1,1","KW","F",1000,532,25,24
"unbalanced n, equal SD",10,"5, 8, 12, 15",2,0,6,"0.00, 0.25, 0.50, 0.75","ordered",32,202609312,"1,1,1,1","KW","W",1000,64,3,5
"unbalanced n, equal SD",10,"5, 8, 12, 15",2,0,6,"0.00, 0.25, 0.50, 0.75","ordered",32,202609312,"1,1,1,1","KW","KW",1000,404,0,0
"unbalanced n, equal SD",10,"5, 8, 12, 15",3,0.5,1,"0.00, 0.25, 0.50, 0.75","ordered",33,202609313,"1,1,1,1","F","F",1000,747,0,0
"unbalanced n, equal SD",10,"5, 8, 12, 15",3,0.5,1,"0.00, 0.25, 0.50, 0.75","ordered",33,202609313,"1,1,1,1","F","W",1000,88,3,13
"unbalanced n, equal SD",10,"5, 8, 12, 15",3,0.5,1,"0.00, 0.25, 0.50, 0.75","ordered",33,202609313,"1,1,1,1","F","KW",1000,165,2,9
"unbalanced n, equal SD",10,"5, 8, 12, 15",3,0.5,1,"0.00, 0.25, 0.50, 0.75","ordered",33,202609313,"1,1,1,1","W","F",1000,747,50,45
"unbalanced n, equal SD",10,"5, 8, 12, 15",3,0.5,1,"0.00, 0.25, 0.50, 0.75","ordered",33,202609313,"1,1,1,1","W","W",1000,88,0,0
"unbalanced n, equal SD",10,"5, 8, 12, 15",3,0.5,1,"0.00, 0.25, 0.50, 0.75","ordered",33,202609313,"1,1,1,1","W","KW",1000,165,6,7
"unbalanced n, equal SD",10,"5, 8, 12, 15",3,0.5,1,"0.00, 0.25, 0.50, 0.75","ordered",33,202609313,"1,1,1,1","KW","F",1000,747,16,31
"unbalanced n, equal SD",10,"5, 8, 12, 15",3,0.5,1,"0.00, 0.25, 0.50, 0.75","ordered",33,202609313,"1,1,1,1","KW","W",1000,88,0,9
"unbalanced n, equal SD",10,"5, 8, 12, 15",3,0.5,1,"0.00, 0.25, 0.50, 0.75","ordered",33,202609313,"1,1,1,1","KW","KW",1000,165,0,0
"unbalanced n, equal SD",10,"5, 8, 12, 15",4,1,1.6,"0.00, 0.25, 0.50, 0.75","ordered",34,202609314,"1,1,1,1","F","F",1000,493,0,0
"unbalanced n, equal SD",10,"5, 8, 12, 15",4,1,1.6,"0.00, 0.25, 0.50, 0.75","ordered",34,202609314,"1,1,1,1","F","W",1000,98,7,14
"unbalanced n, equal SD",10,"5, 8, 12, 15",4,1,1.6,"0.00, 0.25, 0.50, 0.75","ordered",34,202609314,"1,1,1,1","F","KW",1000,409,7,36
"unbalanced n, equal SD",10,"5, 8, 12, 15",4,1,1.6,"0.00, 0.25, 0.50, 0.75","ordered",34,202609314,"1,1,1,1","W","F",1000,493,36,23
"unbalanced n, equal SD",10,"5, 8, 12, 15",4,1,1.6,"0.00, 0.25, 0.50, 0.75","ordered",34,202609314,"1,1,1,1","W","W",1000,98,0,0
"unbalanced n, equal SD",10,"5, 8, 12, 15",4,1,1.6,"0.00, 0.25, 0.50, 0.75","ordered",34,202609314,"1,1,1,1","W","KW",1000,409,19,26
"unbalanced n, equal SD",10,"5, 8, 12, 15",4,1,1.6,"0.00, 0.25, 0.50, 0.75","ordered",34,202609314,"1,1,1,1","KW","F",1000,493,10,22
"unbalanced n, equal SD",10,"5, 8, 12, 15",4,1,1.6,"0.00, 0.25, 0.50, 0.75","ordered",34,202609314,"1,1,1,1","KW","W",1000,98,2,8
"unbalanced n, equal SD",10,"5, 8, 12, 15",4,1,1.6,"0.00, 0.25, 0.50, 0.75","ordered",34,202609314,"1,1,1,1","KW","KW",1000,409,0,0
"unbalanced n, equal SD",10,"5, 8, 12, 15",5,2,6.6,"0.00, 0.25, 0.50, 0.75","ordered",35,202609315,"1,1,1,1","F","F",1000,92,0,0
"unbalanced n, equal SD",10,"5, 8, 12, 15",5,2,6.6,"0.00, 0.25, 0.50, 0.75","ordered",35,202609315,"1,1,1,1","F","W",1000,115,3,9
"unbalanced n, equal SD",10,"5, 8, 12, 15",5,2,6.6,"0.00, 0.25, 0.50, 0.75","ordered",35,202609315,"1,1,1,1","F","KW",1000,793,5,163
"unbalanced n, equal SD",10,"5, 8, 12, 15",5,2,6.6,"0.00, 0.25, 0.50, 0.75","ordered",35,202609315,"1,1,1,1","W","F",1000,92,4,5
"unbalanced n, equal SD",10,"5, 8, 12, 15",5,2,6.6,"0.00, 0.25, 0.50, 0.75","ordered",35,202609315,"1,1,1,1","W","W",1000,115,0,0
"unbalanced n, equal SD",10,"5, 8, 12, 15",5,2,6.6,"0.00, 0.25, 0.50, 0.75","ordered",35,202609315,"1,1,1,1","W","KW",1000,793,45,84
"unbalanced n, equal SD",10,"5, 8, 12, 15",5,2,6.6,"0.00, 0.25, 0.50, 0.75","ordered",35,202609315,"1,1,1,1","KW","F",1000,92,4,3
"unbalanced n, equal SD",10,"5, 8, 12, 15",5,2,6.6,"0.00, 0.25, 0.50, 0.75","ordered",35,202609315,"1,1,1,1","KW","W",1000,115,1,4
"unbalanced n, equal SD",10,"5, 8, 12, 15",5,2,6.6,"0.00, 0.25, 0.50, 0.75","ordered",35,202609315,"1,1,1,1","KW","KW",1000,793,0,0
"unbalanced n, equal SD",20,"10, 16, 24, 30",1,0,0,"0.00, 0.25, 0.50, 0.75","ordered",36,202609316,"1,1,1,1","F","F",1000,882,0,0
"unbalanced n, equal SD",20,"10, 16, 24, 30",1,0,0,"0.00, 0.25, 0.50, 0.75","ordered",36,202609316,"1,1,1,1","F","W",1000,62,4,8
"unbalanced n, equal SD",20,"10, 16, 24, 30",1,0,0,"0.00, 0.25, 0.50, 0.75","ordered",36,202609316,"1,1,1,1","F","KW",1000,56,2,7
"unbalanced n, equal SD",20,"10, 16, 24, 30",1,0,0,"0.00, 0.25, 0.50, 0.75","ordered",36,202609316,"1,1,1,1","W","F",1000,882,35,46
"unbalanced n, equal SD",20,"10, 16, 24, 30",1,0,0,"0.00, 0.25, 0.50, 0.75","ordered",36,202609316,"1,1,1,1","W","W",1000,62,0,0
"unbalanced n, equal SD",20,"10, 16, 24, 30",1,0,0,"0.00, 0.25, 0.50, 0.75","ordered",36,202609316,"1,1,1,1","W","KW",1000,56,3,10
"unbalanced n, equal SD",20,"10, 16, 24, 30",1,0,0,"0.00, 0.25, 0.50, 0.75","ordered",36,202609316,"1,1,1,1","KW","F",1000,882,18,54
"unbalanced n, equal SD",20,"10, 16, 24, 30",1,0,0,"0.00, 0.25, 0.50, 0.75","ordered",36,202609316,"1,1,1,1","KW","W",1000,62,2,6
"unbalanced n, equal SD",20,"10, 16, 24, 30",1,0,0,"0.00, 0.25, 0.50, 0.75","ordered",36,202609316,"1,1,1,1","KW","KW",1000,56,0,0
"unbalanced n, equal SD",20,"10, 16, 24, 30",2,0,6,"0.00, 0.25, 0.50, 0.75","ordered",37,202609317,"1,1,1,1","F","F",1000,227,0,0
"unbalanced n, equal SD",20,"10, 16, 24, 30",2,0,6,"0.00, 0.25, 0.50, 0.75","ordered",37,202609317,"1,1,1,1","F","W",1000,52,4,5
"unbalanced n, equal SD",20,"10, 16, 24, 30",2,0,6,"0.00, 0.25, 0.50, 0.75","ordered",37,202609317,"1,1,1,1","F","KW",1000,721,8,139
"unbalanced n, equal SD",20,"10, 16, 24, 30",2,0,6,"0.00, 0.25, 0.50, 0.75","ordered",37,202609317,"1,1,1,1","W","F",1000,227,12,10
"unbalanced n, equal SD",20,"10, 16, 24, 30",2,0,6,"0.00, 0.25, 0.50, 0.75","ordered",37,202609317,"1,1,1,1","W","W",1000,52,0,0
"unbalanced n, equal SD",20,"10, 16, 24, 30",2,0,6,"0.00, 0.25, 0.50, 0.75","ordered",37,202609317,"1,1,1,1","W","KW",1000,721,12,130
"unbalanced n, equal SD",20,"10, 16, 24, 30",2,0,6,"0.00, 0.25, 0.50, 0.75","ordered",37,202609317,"1,1,1,1","KW","F",1000,227,16,6
"unbalanced n, equal SD",20,"10, 16, 24, 30",2,0,6,"0.00, 0.25, 0.50, 0.75","ordered",37,202609317,"1,1,1,1","KW","W",1000,52,5,2
"unbalanced n, equal SD",20,"10, 16, 24, 30",2,0,6,"0.00, 0.25, 0.50, 0.75","ordered",37,202609317,"1,1,1,1","KW","KW",1000,721,0,0
"unbalanced n, equal SD",20,"10, 16, 24, 30",3,0.5,1,"0.00, 0.25, 0.50, 0.75","ordered",38,202609318,"1,1,1,1","F","F",1000,635,0,0
"unbalanced n, equal SD",20,"10, 16, 24, 30",3,0.5,1,"0.00, 0.25, 0.50, 0.75","ordered",38,202609318,"1,1,1,1","F","W",1000,67,3,2
"unbalanced n, equal SD",20,"10, 16, 24, 30",3,0.5,1,"0.00, 0.25, 0.50, 0.75","ordered",38,202609318,"1,1,1,1","F","KW",1000,298,6,30
"unbalanced n, equal SD",20,"10, 16, 24, 30",3,0.5,1,"0.00, 0.25, 0.50, 0.75","ordered",38,202609318,"1,1,1,1","W","F",1000,635,22,32
"unbalanced n, equal SD",20,"10, 16, 24, 30",3,0.5,1,"0.00, 0.25, 0.50, 0.75","ordered",38,202609318,"1,1,1,1","W","W",1000,67,0,0
"unbalanced n, equal SD",20,"10, 16, 24, 30",3,0.5,1,"0.00, 0.25, 0.50, 0.75","ordered",38,202609318,"1,1,1,1","W","KW",1000,298,13,24
"unbalanced n, equal SD",20,"10, 16, 24, 30",3,0.5,1,"0.00, 0.25, 0.50, 0.75","ordered",38,202609318,"1,1,1,1","KW","F",1000,635,15,21
"unbalanced n, equal SD",20,"10, 16, 24, 30",3,0.5,1,"0.00, 0.25, 0.50, 0.75","ordered",38,202609318,"1,1,1,1","KW","W",1000,67,0,1
"unbalanced n, equal SD",20,"10, 16, 24, 30",3,0.5,1,"0.00, 0.25, 0.50, 0.75","ordered",38,202609318,"1,1,1,1","KW","KW",1000,298,0,0
"unbalanced n, equal SD",20,"10, 16, 24, 30",4,1,1.6,"0.00, 0.25, 0.50, 0.75","ordered",39,202609319,"1,1,1,1","F","F",1000,159,0,0
"unbalanced n, equal SD",20,"10, 16, 24, 30",4,1,1.6,"0.00, 0.25, 0.50, 0.75","ordered",39,202609319,"1,1,1,1","F","W",1000,59,3,1
"unbalanced n, equal SD",20,"10, 16, 24, 30",4,1,1.6,"0.00, 0.25, 0.50, 0.75","ordered",39,202609319,"1,1,1,1","F","KW",1000,782,20,67
"unbalanced n, equal SD",20,"10, 16, 24, 30",4,1,1.6,"0.00, 0.25, 0.50, 0.75","ordered",39,202609319,"1,1,1,1","W","F",1000,159,3,12
"unbalanced n, equal SD",20,"10, 16, 24, 30",4,1,1.6,"0.00, 0.25, 0.50, 0.75","ordered",39,202609319,"1,1,1,1","W","W",1000,59,0,0
"unbalanced n, equal SD",20,"10, 16, 24, 30",4,1,1.6,"0.00, 0.25, 0.50, 0.75","ordered",39,202609319,"1,1,1,1","W","KW",1000,782,38,65
"unbalanced n, equal SD",20,"10, 16, 24, 30",4,1,1.6,"0.00, 0.25, 0.50, 0.75","ordered",39,202609319,"1,1,1,1","KW","F",1000,159,2,9
"unbalanced n, equal SD",20,"10, 16, 24, 30",4,1,1.6,"0.00, 0.25, 0.50, 0.75","ordered",39,202609319,"1,1,1,1","KW","W",1000,59,1,0
"unbalanced n, equal SD",20,"10, 16, 24, 30",4,1,1.6,"0.00, 0.25, 0.50, 0.75","ordered",39,202609319,"1,1,1,1","KW","KW",1000,782,0,0
"unbalanced n, equal SD",20,"10, 16, 24, 30",5,2,6.6,"0.00, 0.25, 0.50, 0.75","ordered",40,202609320,"1,1,1,1","F","F",1000,1,0,0
"unbalanced n, equal SD",20,"10, 16, 24, 30",5,2,6.6,"0.00, 0.25, 0.50, 0.75","ordered",40,202609320,"1,1,1,1","F","W",1000,14,0,0
"unbalanced n, equal SD",20,"10, 16, 24, 30",5,2,6.6,"0.00, 0.25, 0.50, 0.75","ordered",40,202609320,"1,1,1,1","F","KW",1000,985,7,252
"unbalanced n, equal SD",20,"10, 16, 24, 30",5,2,6.6,"0.00, 0.25, 0.50, 0.75","ordered",40,202609320,"1,1,1,1","W","F",1000,1,0,0
"unbalanced n, equal SD",20,"10, 16, 24, 30",5,2,6.6,"0.00, 0.25, 0.50, 0.75","ordered",40,202609320,"1,1,1,1","W","W",1000,14,0,0
"unbalanced n, equal SD",20,"10, 16, 24, 30",5,2,6.6,"0.00, 0.25, 0.50, 0.75","ordered",40,202609320,"1,1,1,1","W","KW",1000,985,15,193
"unbalanced n, equal SD",20,"10, 16, 24, 30",5,2,6.6,"0.00, 0.25, 0.50, 0.75","ordered",40,202609320,"1,1,1,1","KW","F",1000,1,0,0
"unbalanced n, equal SD",20,"10, 16, 24, 30",5,2,6.6,"0.00, 0.25, 0.50, 0.75","ordered",40,202609320,"1,1,1,1","KW","W",1000,14,1,0
"unbalanced n, equal SD",20,"10, 16, 24, 30",5,2,6.6,"0.00, 0.25, 0.50, 0.75","ordered",40,202609320,"1,1,1,1","KW","KW",1000,985,0,0
"unbalanced n, equal SD",30,"15, 24, 36, 45",1,0,0,"0.00, 0.25, 0.50, 0.75","ordered",41,202609321,"1,1,1,1","F","F",1000,900,0,0
"unbalanced n, equal SD",30,"15, 24, 36, 45",1,0,0,"0.00, 0.25, 0.50, 0.75","ordered",41,202609321,"1,1,1,1","F","W",1000,49,3,4
"unbalanced n, equal SD",30,"15, 24, 36, 45",1,0,0,"0.00, 0.25, 0.50, 0.75","ordered",41,202609321,"1,1,1,1","F","KW",1000,51,2,3
"unbalanced n, equal SD",30,"15, 24, 36, 45",1,0,0,"0.00, 0.25, 0.50, 0.75","ordered",41,202609321,"1,1,1,1","W","F",1000,900,20,50
"unbalanced n, equal SD",30,"15, 24, 36, 45",1,0,0,"0.00, 0.25, 0.50, 0.75","ordered",41,202609321,"1,1,1,1","W","W",1000,49,0,0
"unbalanced n, equal SD",30,"15, 24, 36, 45",1,0,0,"0.00, 0.25, 0.50, 0.75","ordered",41,202609321,"1,1,1,1","W","KW",1000,51,3,2
"unbalanced n, equal SD",30,"15, 24, 36, 45",1,0,0,"0.00, 0.25, 0.50, 0.75","ordered",41,202609321,"1,1,1,1","KW","F",1000,900,18,53
"unbalanced n, equal SD",30,"15, 24, 36, 45",1,0,0,"0.00, 0.25, 0.50, 0.75","ordered",41,202609321,"1,1,1,1","KW","W",1000,49,2,7
"unbalanced n, equal SD",30,"15, 24, 36, 45",1,0,0,"0.00, 0.25, 0.50, 0.75","ordered",41,202609321,"1,1,1,1","KW","KW",1000,51,0,0
"unbalanced n, equal SD",30,"15, 24, 36, 45",2,0,6,"0.00, 0.25, 0.50, 0.75","ordered",42,202609322,"1,1,1,1","F","F",1000,80,0,0
"unbalanced n, equal SD",30,"15, 24, 36, 45",2,0,6,"0.00, 0.25, 0.50, 0.75","ordered",42,202609322,"1,1,1,1","F","W",1000,23,4,1
"unbalanced n, equal SD",30,"15, 24, 36, 45",2,0,6,"0.00, 0.25, 0.50, 0.75","ordered",42,202609322,"1,1,1,1","F","KW",1000,897,13,161
"unbalanced n, equal SD",30,"15, 24, 36, 45",2,0,6,"0.00, 0.25, 0.50, 0.75","ordered",42,202609322,"1,1,1,1","W","F",1000,80,0,1
"unbalanced n, equal SD",30,"15, 24, 36, 45",2,0,6,"0.00, 0.25, 0.50, 0.75","ordered",42,202609322,"1,1,1,1","W","W",1000,23,0,0
"unbalanced n, equal SD",30,"15, 24, 36, 45",2,0,6,"0.00, 0.25, 0.50, 0.75","ordered",42,202609322,"1,1,1,1","W","KW",1000,897,13,146
"unbalanced n, equal SD",30,"15, 24, 36, 45",2,0,6,"0.00, 0.25, 0.50, 0.75","ordered",42,202609322,"1,1,1,1","KW","F",1000,80,1,0
"unbalanced n, equal SD",30,"15, 24, 36, 45",2,0,6,"0.00, 0.25, 0.50, 0.75","ordered",42,202609322,"1,1,1,1","KW","W",1000,23,6,1
"unbalanced n, equal SD",30,"15, 24, 36, 45",2,0,6,"0.00, 0.25, 0.50, 0.75","ordered",42,202609322,"1,1,1,1","KW","KW",1000,897,0,0
"unbalanced n, equal SD",30,"15, 24, 36, 45",3,0.5,1,"0.00, 0.25, 0.50, 0.75","ordered",43,202609323,"1,1,1,1","F","F",1000,526,0,0
"unbalanced n, equal SD",30,"15, 24, 36, 45",3,0.5,1,"0.00, 0.25, 0.50, 0.75","ordered",43,202609323,"1,1,1,1","F","W",1000,54,0,4
"unbalanced n, equal SD",30,"15, 24, 36, 45",3,0.5,1,"0.00, 0.25, 0.50, 0.75","ordered",43,202609323,"1,1,1,1","F","KW",1000,420,13,30
"unbalanced n, equal SD",30,"15, 24, 36, 45",3,0.5,1,"0.00, 0.25, 0.50, 0.75","ordered",43,202609323,"1,1,1,1","W","F",1000,526,12,20
"unbalanced n, equal SD",30,"15, 24, 36, 45",3,0.5,1,"0.00, 0.25, 0.50, 0.75","ordered",43,202609323,"1,1,1,1","W","W",1000,54,0,0
"unbalanced n, equal SD",30,"15, 24, 36, 45",3,0.5,1,"0.00, 0.25, 0.50, 0.75","ordered",43,202609323,"1,1,1,1","W","KW",1000,420,19,33
"unbalanced n, equal SD",30,"15, 24, 36, 45",3,0.5,1,"0.00, 0.25, 0.50, 0.75","ordered",43,202609323,"1,1,1,1","KW","F",1000,526,19,20
"unbalanced n, equal SD",30,"15, 24, 36, 45",3,0.5,1,"0.00, 0.25, 0.50, 0.75","ordered",43,202609323,"1,1,1,1","KW","W",1000,54,1,5
"unbalanced n, equal SD",30,"15, 24, 36, 45",3,0.5,1,"0.00, 0.25, 0.50, 0.75","ordered",43,202609323,"1,1,1,1","KW","KW",1000,420,0,0
"unbalanced n, equal SD",30,"15, 24, 36, 45",4,1,1.6,"0.00, 0.25, 0.50, 0.75","ordered",44,202609324,"1,1,1,1","F","F",1000,44,0,0
"unbalanced n, equal SD",30,"15, 24, 36, 45",4,1,1.6,"0.00, 0.25, 0.50, 0.75","ordered",44,202609324,"1,1,1,1","F","W",1000,38,2,1
"unbalanced n, equal SD",30,"15, 24, 36, 45",4,1,1.6,"0.00, 0.25, 0.50, 0.75","ordered",44,202609324,"1,1,1,1","F","KW",1000,918,20,71
"unbalanced n, equal SD",30,"15, 24, 36, 45",4,1,1.6,"0.00, 0.25, 0.50, 0.75","ordered",44,202609324,"1,1,1,1","W","F",1000,44,0,2
"unbalanced n, equal SD",30,"15, 24, 36, 45",4,1,1.6,"0.00, 0.25, 0.50, 0.75","ordered",44,202609324,"1,1,1,1","W","W",1000,38,0,0
"unbalanced n, equal SD",30,"15, 24, 36, 45",4,1,1.6,"0.00, 0.25, 0.50, 0.75","ordered",44,202609324,"1,1,1,1","W","KW",1000,918,23,81
"unbalanced n, equal SD",30,"15, 24, 36, 45",4,1,1.6,"0.00, 0.25, 0.50, 0.75","ordered",44,202609324,"1,1,1,1","KW","F",1000,44,0,2
"unbalanced n, equal SD",30,"15, 24, 36, 45",4,1,1.6,"0.00, 0.25, 0.50, 0.75","ordered",44,202609324,"1,1,1,1","KW","W",1000,38,0,0
"unbalanced n, equal SD",30,"15, 24, 36, 45",4,1,1.6,"0.00, 0.25, 0.50, 0.75","ordered",44,202609324,"1,1,1,1","KW","KW",1000,918,0,0
"unbalanced n, equal SD",30,"15, 24, 36, 45",5,2,6.6,"0.00, 0.25, 0.50, 0.75","ordered",45,202609325,"1,1,1,1","F","F",1000,0,0,0
"unbalanced n, equal SD",30,"15, 24, 36, 45",5,2,6.6,"0.00, 0.25, 0.50, 0.75","ordered",45,202609325,"1,1,1,1","F","W",1000,0,0,0
"unbalanced n, equal SD",30,"15, 24, 36, 45",5,2,6.6,"0.00, 0.25, 0.50, 0.75","ordered",45,202609325,"1,1,1,1","F","KW",1000,1000,3,235
"unbalanced n, equal SD",30,"15, 24, 36, 45",5,2,6.6,"0.00, 0.25, 0.50, 0.75","ordered",45,202609325,"1,1,1,1","W","F",1000,0,0,0
"unbalanced n, equal SD",30,"15, 24, 36, 45",5,2,6.6,"0.00, 0.25, 0.50, 0.75","ordered",45,202609325,"1,1,1,1","W","W",1000,0,0,0
"unbalanced n, equal SD",30,"15, 24, 36, 45",5,2,6.6,"0.00, 0.25, 0.50, 0.75","ordered",45,202609325,"1,1,1,1","W","KW",1000,1000,7,202
"unbalanced n, equal SD",30,"15, 24, 36, 45",5,2,6.6,"0.00, 0.25, 0.50, 0.75","ordered",45,202609325,"1,1,1,1","KW","F",1000,0,0,0
"unbalanced n, equal SD",30,"15, 24, 36, 45",5,2,6.6,"0.00, 0.25, 0.50, 0.75","ordered",45,202609325,"1,1,1,1","KW","W",1000,0,0,0
"unbalanced n, equal SD",30,"15, 24, 36, 45",5,2,6.6,"0.00, 0.25, 0.50, 0.75","ordered",45,202609325,"1,1,1,1","KW","KW",1000,1000,0,0
"unbalanced n, equal SD",50,"25, 40, 60, 75",1,0,0,"0.00, 0.25, 0.50, 0.75","ordered",46,202609326,"1,1,1,1","F","F",1000,911,0,0
"unbalanced n, equal SD",50,"25, 40, 60, 75",1,0,0,"0.00, 0.25, 0.50, 0.75","ordered",46,202609326,"1,1,1,1","F","W",1000,38,0,0
"unbalanced n, equal SD",50,"25, 40, 60, 75",1,0,0,"0.00, 0.25, 0.50, 0.75","ordered",46,202609326,"1,1,1,1","F","KW",1000,51,1,0
"unbalanced n, equal SD",50,"25, 40, 60, 75",1,0,0,"0.00, 0.25, 0.50, 0.75","ordered",46,202609326,"1,1,1,1","W","F",1000,911,7,24
"unbalanced n, equal SD",50,"25, 40, 60, 75",1,0,0,"0.00, 0.25, 0.50, 0.75","ordered",46,202609326,"1,1,1,1","W","W",1000,38,0,0
"unbalanced n, equal SD",50,"25, 40, 60, 75",1,0,0,"0.00, 0.25, 0.50, 0.75","ordered",46,202609326,"1,1,1,1","W","KW",1000,51,1,0
"unbalanced n, equal SD",50,"25, 40, 60, 75",1,0,0,"0.00, 0.25, 0.50, 0.75","ordered",46,202609326,"1,1,1,1","KW","F",1000,911,10,26
"unbalanced n, equal SD",50,"25, 40, 60, 75",1,0,0,"0.00, 0.25, 0.50, 0.75","ordered",46,202609326,"1,1,1,1","KW","W",1000,38,0,1
"unbalanced n, equal SD",50,"25, 40, 60, 75",1,0,0,"0.00, 0.25, 0.50, 0.75","ordered",46,202609326,"1,1,1,1","KW","KW",1000,51,0,0
"unbalanced n, equal SD",50,"25, 40, 60, 75",2,0,6,"0.00, 0.25, 0.50, 0.75","ordered",47,202609327,"1,1,1,1","F","F",1000,13,0,0
"unbalanced n, equal SD",50,"25, 40, 60, 75",2,0,6,"0.00, 0.25, 0.50, 0.75","ordered",47,202609327,"1,1,1,1","F","W",1000,5,0,0
"unbalanced n, equal SD",50,"25, 40, 60, 75",2,0,6,"0.00, 0.25, 0.50, 0.75","ordered",47,202609327,"1,1,1,1","F","KW",1000,982,3,92
"unbalanced n, equal SD",50,"25, 40, 60, 75",2,0,6,"0.00, 0.25, 0.50, 0.75","ordered",47,202609327,"1,1,1,1","W","F",1000,13,0,0
"unbalanced n, equal SD",50,"25, 40, 60, 75",2,0,6,"0.00, 0.25, 0.50, 0.75","ordered",47,202609327,"1,1,1,1","W","W",1000,5,0,0
"unbalanced n, equal SD",50,"25, 40, 60, 75",2,0,6,"0.00, 0.25, 0.50, 0.75","ordered",47,202609327,"1,1,1,1","W","KW",1000,982,1,82
"unbalanced n, equal SD",50,"25, 40, 60, 75",2,0,6,"0.00, 0.25, 0.50, 0.75","ordered",47,202609327,"1,1,1,1","KW","F",1000,13,0,0
"unbalanced n, equal SD",50,"25, 40, 60, 75",2,0,6,"0.00, 0.25, 0.50, 0.75","ordered",47,202609327,"1,1,1,1","KW","W",1000,5,0,0
"unbalanced n, equal SD",50,"25, 40, 60, 75",2,0,6,"0.00, 0.25, 0.50, 0.75","ordered",47,202609327,"1,1,1,1","KW","KW",1000,982,0,0
"unbalanced n, equal SD",50,"25, 40, 60, 75",3,0.5,1,"0.00, 0.25, 0.50, 0.75","ordered",48,202609328,"1,1,1,1","F","F",1000,339,0,0
"unbalanced n, equal SD",50,"25, 40, 60, 75",3,0.5,1,"0.00, 0.25, 0.50, 0.75","ordered",48,202609328,"1,1,1,1","F","W",1000,33,0,0
"unbalanced n, equal SD",50,"25, 40, 60, 75",3,0.5,1,"0.00, 0.25, 0.50, 0.75","ordered",48,202609328,"1,1,1,1","F","KW",1000,628,16,16
"unbalanced n, equal SD",50,"25, 40, 60, 75",3,0.5,1,"0.00, 0.25, 0.50, 0.75","ordered",48,202609328,"1,1,1,1","W","F",1000,339,4,3
"unbalanced n, equal SD",50,"25, 40, 60, 75",3,0.5,1,"0.00, 0.25, 0.50, 0.75","ordered",48,202609328,"1,1,1,1","W","W",1000,33,0,0
"unbalanced n, equal SD",50,"25, 40, 60, 75",3,0.5,1,"0.00, 0.25, 0.50, 0.75","ordered",48,202609328,"1,1,1,1","W","KW",1000,628,16,27
"unbalanced n, equal SD",50,"25, 40, 60, 75",3,0.5,1,"0.00, 0.25, 0.50, 0.75","ordered",48,202609328,"1,1,1,1","KW","F",1000,339,6,7
"unbalanced n, equal SD",50,"25, 40, 60, 75",3,0.5,1,"0.00, 0.25, 0.50, 0.75","ordered",48,202609328,"1,1,1,1","KW","W",1000,33,1,1
"unbalanced n, equal SD",50,"25, 40, 60, 75",3,0.5,1,"0.00, 0.25, 0.50, 0.75","ordered",48,202609328,"1,1,1,1","KW","KW",1000,628,0,0
"unbalanced n, equal SD",50,"25, 40, 60, 75",4,1,1.6,"0.00, 0.25, 0.50, 0.75","ordered",49,202609329,"1,1,1,1","F","F",1000,1,0,0
"unbalanced n, equal SD",50,"25, 40, 60, 75",4,1,1.6,"0.00, 0.25, 0.50, 0.75","ordered",49,202609329,"1,1,1,1","F","W",1000,11,0,0
"unbalanced n, equal SD",50,"25, 40, 60, 75",4,1,1.6,"0.00, 0.25, 0.50, 0.75","ordered",49,202609329,"1,1,1,1","F","KW",1000,988,8,38
"unbalanced n, equal SD",50,"25, 40, 60, 75",4,1,1.6,"0.00, 0.25, 0.50, 0.75","ordered",49,202609329,"1,1,1,1","W","F",1000,1,0,0
"unbalanced n, equal SD",50,"25, 40, 60, 75",4,1,1.6,"0.00, 0.25, 0.50, 0.75","ordered",49,202609329,"1,1,1,1","W","W",1000,11,0,0
"unbalanced n, equal SD",50,"25, 40, 60, 75",4,1,1.6,"0.00, 0.25, 0.50, 0.75","ordered",49,202609329,"1,1,1,1","W","KW",1000,988,8,44
"unbalanced n, equal SD",50,"25, 40, 60, 75",4,1,1.6,"0.00, 0.25, 0.50, 0.75","ordered",49,202609329,"1,1,1,1","KW","F",1000,1,0,0
"unbalanced n, equal SD",50,"25, 40, 60, 75",4,1,1.6,"0.00, 0.25, 0.50, 0.75","ordered",49,202609329,"1,1,1,1","KW","W",1000,11,1,0
"unbalanced n, equal SD",50,"25, 40, 60, 75",4,1,1.6,"0.00, 0.25, 0.50, 0.75","ordered",49,202609329,"1,1,1,1","KW","KW",1000,988,0,0
"unbalanced n, equal SD",50,"25, 40, 60, 75",5,2,6.6,"0.00, 0.25, 0.50, 0.75","ordered",50,202609330,"1,1,1,1","F","F",1000,0,0,0
"unbalanced n, equal SD",50,"25, 40, 60, 75",5,2,6.6,"0.00, 0.25, 0.50, 0.75","ordered",50,202609330,"1,1,1,1","F","W",1000,0,0,0
"unbalanced n, equal SD",50,"25, 40, 60, 75",5,2,6.6,"0.00, 0.25, 0.50, 0.75","ordered",50,202609330,"1,1,1,1","F","KW",1000,1000,1,123
"unbalanced n, equal SD",50,"25, 40, 60, 75",5,2,6.6,"0.00, 0.25, 0.50, 0.75","ordered",50,202609330,"1,1,1,1","W","F",1000,0,0,0
"unbalanced n, equal SD",50,"25, 40, 60, 75",5,2,6.6,"0.00, 0.25, 0.50, 0.75","ordered",50,202609330,"1,1,1,1","W","W",1000,0,0,0
"unbalanced n, equal SD",50,"25, 40, 60, 75",5,2,6.6,"0.00, 0.25, 0.50, 0.75","ordered",50,202609330,"1,1,1,1","W","KW",1000,1000,1,125
"unbalanced n, equal SD",50,"25, 40, 60, 75",5,2,6.6,"0.00, 0.25, 0.50, 0.75","ordered",50,202609330,"1,1,1,1","KW","F",1000,0,0,0
"unbalanced n, equal SD",50,"25, 40, 60, 75",5,2,6.6,"0.00, 0.25, 0.50, 0.75","ordered",50,202609330,"1,1,1,1","KW","W",1000,0,0,0
"unbalanced n, equal SD",50,"25, 40, 60, 75",5,2,6.6,"0.00, 0.25, 0.50, 0.75","ordered",50,202609330,"1,1,1,1","KW","KW",1000,1000,0,0
"unbalanced n, equal SD",100,"50, 80, 120, 150",1,0,0,"0.00, 0.25, 0.50, 0.75","ordered",51,202609331,"1,1,1,1","F","F",1000,900,0,0
"unbalanced n, equal SD",100,"50, 80, 120, 150",1,0,0,"0.00, 0.25, 0.50, 0.75","ordered",51,202609331,"1,1,1,1","F","W",1000,44,0,0
"unbalanced n, equal SD",100,"50, 80, 120, 150",1,0,0,"0.00, 0.25, 0.50, 0.75","ordered",51,202609331,"1,1,1,1","F","KW",1000,56,0,1
"unbalanced n, equal SD",100,"50, 80, 120, 150",1,0,0,"0.00, 0.25, 0.50, 0.75","ordered",51,202609331,"1,1,1,1","W","F",1000,900,0,2
"unbalanced n, equal SD",100,"50, 80, 120, 150",1,0,0,"0.00, 0.25, 0.50, 0.75","ordered",51,202609331,"1,1,1,1","W","W",1000,44,0,0
"unbalanced n, equal SD",100,"50, 80, 120, 150",1,0,0,"0.00, 0.25, 0.50, 0.75","ordered",51,202609331,"1,1,1,1","W","KW",1000,56,0,1
"unbalanced n, equal SD",100,"50, 80, 120, 150",1,0,0,"0.00, 0.25, 0.50, 0.75","ordered",51,202609331,"1,1,1,1","KW","F",1000,900,0,2
"unbalanced n, equal SD",100,"50, 80, 120, 150",1,0,0,"0.00, 0.25, 0.50, 0.75","ordered",51,202609331,"1,1,1,1","KW","W",1000,44,0,0
"unbalanced n, equal SD",100,"50, 80, 120, 150",1,0,0,"0.00, 0.25, 0.50, 0.75","ordered",51,202609331,"1,1,1,1","KW","KW",1000,56,0,0
"unbalanced n, equal SD",100,"50, 80, 120, 150",2,0,6,"0.00, 0.25, 0.50, 0.75","ordered",52,202609332,"1,1,1,1","F","F",1000,0,0,0
"unbalanced n, equal SD",100,"50, 80, 120, 150",2,0,6,"0.00, 0.25, 0.50, 0.75","ordered",52,202609332,"1,1,1,1","F","W",1000,0,0,0
"unbalanced n, equal SD",100,"50, 80, 120, 150",2,0,6,"0.00, 0.25, 0.50, 0.75","ordered",52,202609332,"1,1,1,1","F","KW",1000,1000,0,8
"unbalanced n, equal SD",100,"50, 80, 120, 150",2,0,6,"0.00, 0.25, 0.50, 0.75","ordered",52,202609332,"1,1,1,1","W","F",1000,0,0,0
"unbalanced n, equal SD",100,"50, 80, 120, 150",2,0,6,"0.00, 0.25, 0.50, 0.75","ordered",52,202609332,"1,1,1,1","W","W",1000,0,0,0
"unbalanced n, equal SD",100,"50, 80, 120, 150",2,0,6,"0.00, 0.25, 0.50, 0.75","ordered",52,202609332,"1,1,1,1","W","KW",1000,1000,0,8
"unbalanced n, equal SD",100,"50, 80, 120, 150",2,0,6,"0.00, 0.25, 0.50, 0.75","ordered",52,202609332,"1,1,1,1","KW","F",1000,0,0,0
"unbalanced n, equal SD",100,"50, 80, 120, 150",2,0,6,"0.00, 0.25, 0.50, 0.75","ordered",52,202609332,"1,1,1,1","KW","W",1000,0,0,0
"unbalanced n, equal SD",100,"50, 80, 120, 150",2,0,6,"0.00, 0.25, 0.50, 0.75","ordered",52,202609332,"1,1,1,1","KW","KW",1000,1000,0,0
"unbalanced n, equal SD",100,"50, 80, 120, 150",3,0.5,1,"0.00, 0.25, 0.50, 0.75","ordered",53,202609333,"1,1,1,1","F","F",1000,97,0,0
"unbalanced n, equal SD",100,"50, 80, 120, 150",3,0.5,1,"0.00, 0.25, 0.50, 0.75","ordered",53,202609333,"1,1,1,1","F","W",1000,23,0,0
"unbalanced n, equal SD",100,"50, 80, 120, 150",3,0.5,1,"0.00, 0.25, 0.50, 0.75","ordered",53,202609333,"1,1,1,1","F","KW",1000,880,1,2
"unbalanced n, equal SD",100,"50, 80, 120, 150",3,0.5,1,"0.00, 0.25, 0.50, 0.75","ordered",53,202609333,"1,1,1,1","W","F",1000,97,0,0
"unbalanced n, equal SD",100,"50, 80, 120, 150",3,0.5,1,"0.00, 0.25, 0.50, 0.75","ordered",53,202609333,"1,1,1,1","W","W",1000,23,0,0
"unbalanced n, equal SD",100,"50, 80, 120, 150",3,0.5,1,"0.00, 0.25, 0.50, 0.75","ordered",53,202609333,"1,1,1,1","W","KW",1000,880,1,4
"unbalanced n, equal SD",100,"50, 80, 120, 150",3,0.5,1,"0.00, 0.25, 0.50, 0.75","ordered",53,202609333,"1,1,1,1","KW","F",1000,97,0,0
"unbalanced n, equal SD",100,"50, 80, 120, 150",3,0.5,1,"0.00, 0.25, 0.50, 0.75","ordered",53,202609333,"1,1,1,1","KW","W",1000,23,0,0
"unbalanced n, equal SD",100,"50, 80, 120, 150",3,0.5,1,"0.00, 0.25, 0.50, 0.75","ordered",53,202609333,"1,1,1,1","KW","KW",1000,880,0,0
"unbalanced n, equal SD",100,"50, 80, 120, 150",4,1,1.6,"0.00, 0.25, 0.50, 0.75","ordered",54,202609334,"1,1,1,1","F","F",1000,0,0,0
"unbalanced n, equal SD",100,"50, 80, 120, 150",4,1,1.6,"0.00, 0.25, 0.50, 0.75","ordered",54,202609334,"1,1,1,1","F","W",1000,0,0,0
"unbalanced n, equal SD",100,"50, 80, 120, 150",4,1,1.6,"0.00, 0.25, 0.50, 0.75","ordered",54,202609334,"1,1,1,1","F","KW",1000,1000,0,6
"unbalanced n, equal SD",100,"50, 80, 120, 150",4,1,1.6,"0.00, 0.25, 0.50, 0.75","ordered",54,202609334,"1,1,1,1","W","F",1000,0,0,0
"unbalanced n, equal SD",100,"50, 80, 120, 150",4,1,1.6,"0.00, 0.25, 0.50, 0.75","ordered",54,202609334,"1,1,1,1","W","W",1000,0,0,0
"unbalanced n, equal SD",100,"50, 80, 120, 150",4,1,1.6,"0.00, 0.25, 0.50, 0.75","ordered",54,202609334,"1,1,1,1","W","KW",1000,1000,0,7
"unbalanced n, equal SD",100,"50, 80, 120, 150",4,1,1.6,"0.00, 0.25, 0.50, 0.75","ordered",54,202609334,"1,1,1,1","KW","F",1000,0,0,0
"unbalanced n, equal SD",100,"50, 80, 120, 150",4,1,1.6,"0.00, 0.25, 0.50, 0.75","ordered",54,202609334,"1,1,1,1","KW","W",1000,0,0,0
"unbalanced n, equal SD",100,"50, 80, 120, 150",4,1,1.6,"0.00, 0.25, 0.50, 0.75","ordered",54,202609334,"1,1,1,1","KW","KW",1000,1000,0,0
"unbalanced n, equal SD",100,"50, 80, 120, 150",5,2,6.6,"0.00, 0.25, 0.50, 0.75","ordered",55,202609335,"1,1,1,1","F","F",1000,0,0,0
"unbalanced n, equal SD",100,"50, 80, 120, 150",5,2,6.6,"0.00, 0.25, 0.50, 0.75","ordered",55,202609335,"1,1,1,1","F","W",1000,0,0,0
"unbalanced n, equal SD",100,"50, 80, 120, 150",5,2,6.6,"0.00, 0.25, 0.50, 0.75","ordered",55,202609335,"1,1,1,1","F","KW",1000,1000,0,3
"unbalanced n, equal SD",100,"50, 80, 120, 150",5,2,6.6,"0.00, 0.25, 0.50, 0.75","ordered",55,202609335,"1,1,1,1","W","F",1000,0,0,0
"unbalanced n, equal SD",100,"50, 80, 120, 150",5,2,6.6,"0.00, 0.25, 0.50, 0.75","ordered",55,202609335,"1,1,1,1","W","W",1000,0,0,0
"unbalanced n, equal SD",100,"50, 80, 120, 150",5,2,6.6,"0.00, 0.25, 0.50, 0.75","ordered",55,202609335,"1,1,1,1","W","KW",1000,1000,0,3
"unbalanced n, equal SD",100,"50, 80, 120, 150",5,2,6.6,"0.00, 0.25, 0.50, 0.75","ordered",55,202609335,"1,1,1,1","KW","F",1000,0,0,0
"unbalanced n, equal SD",100,"50, 80, 120, 150",5,2,6.6,"0.00, 0.25, 0.50, 0.75","ordered",55,202609335,"1,1,1,1","KW","W",1000,0,0,0
"unbalanced n, equal SD",100,"50, 80, 120, 150",5,2,6.6,"0.00, 0.25, 0.50, 0.75","ordered",55,202609335,"1,1,1,1","KW","KW",1000,1000,0,0
"unbalanced n, equal SD",200,"100, 160, 240, 300",1,0,0,"0.00, 0.25, 0.50, 0.75","ordered",56,202609336,"1,1,1,1","F","F",1000,911,0,0
"unbalanced n, equal SD",200,"100, 160, 240, 300",1,0,0,"0.00, 0.25, 0.50, 0.75","ordered",56,202609336,"1,1,1,1","F","W",1000,44,0,0
"unbalanced n, equal SD",200,"100, 160, 240, 300",1,0,0,"0.00, 0.25, 0.50, 0.75","ordered",56,202609336,"1,1,1,1","F","KW",1000,45,0,0
"unbalanced n, equal SD",200,"100, 160, 240, 300",1,0,0,"0.00, 0.25, 0.50, 0.75","ordered",56,202609336,"1,1,1,1","W","F",1000,911,0,0
"unbalanced n, equal SD",200,"100, 160, 240, 300",1,0,0,"0.00, 0.25, 0.50, 0.75","ordered",56,202609336,"1,1,1,1","W","W",1000,44,0,0
"unbalanced n, equal SD",200,"100, 160, 240, 300",1,0,0,"0.00, 0.25, 0.50, 0.75","ordered",56,202609336,"1,1,1,1","W","KW",1000,45,0,0
"unbalanced n, equal SD",200,"100, 160, 240, 300",1,0,0,"0.00, 0.25, 0.50, 0.75","ordered",56,202609336,"1,1,1,1","KW","F",1000,911,0,0
"unbalanced n, equal SD",200,"100, 160, 240, 300",1,0,0,"0.00, 0.25, 0.50, 0.75","ordered",56,202609336,"1,1,1,1","KW","W",1000,44,0,0
"unbalanced n, equal SD",200,"100, 160, 240, 300",1,0,0,"0.00, 0.25, 0.50, 0.75","ordered",56,202609336,"1,1,1,1","KW","KW",1000,45,0,0
"unbalanced n, equal SD",200,"100, 160, 240, 300",2,0,6,"0.00, 0.25, 0.50, 0.75","ordered",57,202609337,"1,1,1,1","F","F",1000,0,0,0
"unbalanced n, equal SD",200,"100, 160, 240, 300",2,0,6,"0.00, 0.25, 0.50, 0.75","ordered",57,202609337,"1,1,1,1","F","W",1000,0,0,0
"unbalanced n, equal SD",200,"100, 160, 240, 300",2,0,6,"0.00, 0.25, 0.50, 0.75","ordered",57,202609337,"1,1,1,1","F","KW",1000,1000,0,0
"unbalanced n, equal SD",200,"100, 160, 240, 300",2,0,6,"0.00, 0.25, 0.50, 0.75","ordered",57,202609337,"1,1,1,1","W","F",1000,0,0,0
"unbalanced n, equal SD",200,"100, 160, 240, 300",2,0,6,"0.00, 0.25, 0.50, 0.75","ordered",57,202609337,"1,1,1,1","W","W",1000,0,0,0
"unbalanced n, equal SD",200,"100, 160, 240, 300",2,0,6,"0.00, 0.25, 0.50, 0.75","ordered",57,202609337,"1,1,1,1","W","KW",1000,1000,0,0
"unbalanced n, equal SD",200,"100, 160, 240, 300",2,0,6,"0.00, 0.25, 0.50, 0.75","ordered",57,202609337,"1,1,1,1","KW","F",1000,0,0,0
"unbalanced n, equal SD",200,"100, 160, 240, 300",2,0,6,"0.00, 0.25, 0.50, 0.75","ordered",57,202609337,"1,1,1,1","KW","W",1000,0,0,0
"unbalanced n, equal SD",200,"100, 160, 240, 300",2,0,6,"0.00, 0.25, 0.50, 0.75","ordered",57,202609337,"1,1,1,1","KW","KW",1000,1000,0,0
"unbalanced n, equal SD",200,"100, 160, 240, 300",3,0.5,1,"0.00, 0.25, 0.50, 0.75","ordered",58,202609338,"1,1,1,1","F","F",1000,1,0,0
"unbalanced n, equal SD",200,"100, 160, 240, 300",3,0.5,1,"0.00, 0.25, 0.50, 0.75","ordered",58,202609338,"1,1,1,1","F","W",1000,3,0,0
"unbalanced n, equal SD",200,"100, 160, 240, 300",3,0.5,1,"0.00, 0.25, 0.50, 0.75","ordered",58,202609338,"1,1,1,1","F","KW",1000,996,0,0
"unbalanced n, equal SD",200,"100, 160, 240, 300",3,0.5,1,"0.00, 0.25, 0.50, 0.75","ordered",58,202609338,"1,1,1,1","W","F",1000,1,0,0
"unbalanced n, equal SD",200,"100, 160, 240, 300",3,0.5,1,"0.00, 0.25, 0.50, 0.75","ordered",58,202609338,"1,1,1,1","W","W",1000,3,0,0
"unbalanced n, equal SD",200,"100, 160, 240, 300",3,0.5,1,"0.00, 0.25, 0.50, 0.75","ordered",58,202609338,"1,1,1,1","W","KW",1000,996,0,0
"unbalanced n, equal SD",200,"100, 160, 240, 300",3,0.5,1,"0.00, 0.25, 0.50, 0.75","ordered",58,202609338,"1,1,1,1","KW","F",1000,1,0,0
"unbalanced n, equal SD",200,"100, 160, 240, 300",3,0.5,1,"0.00, 0.25, 0.50, 0.75","ordered",58,202609338,"1,1,1,1","KW","W",1000,3,0,0
"unbalanced n, equal SD",200,"100, 160, 240, 300",3,0.5,1,"0.00, 0.25, 0.50, 0.75","ordered",58,202609338,"1,1,1,1","KW","KW",1000,996,0,0
"unbalanced n, equal SD",200,"100, 160, 240, 300",4,1,1.6,"0.00, 0.25, 0.50, 0.75","ordered",59,202609339,"1,1,1,1","F","F",1000,0,0,0
"unbalanced n, equal SD",200,"100, 160, 240, 300",4,1,1.6,"0.00, 0.25, 0.50, 0.75","ordered",59,202609339,"1,1,1,1","F","W",1000,0,0,0
"unbalanced n, equal SD",200,"100, 160, 240, 300",4,1,1.6,"0.00, 0.25, 0.50, 0.75","ordered",59,202609339,"1,1,1,1","F","KW",1000,1000,0,0
"unbalanced n, equal SD",200,"100, 160, 240, 300",4,1,1.6,"0.00, 0.25, 0.50, 0.75","ordered",59,202609339,"1,1,1,1","W","F",1000,0,0,0
"unbalanced n, equal SD",200,"100, 160, 240, 300",4,1,1.6,"0.00, 0.25, 0.50, 0.75","ordered",59,202609339,"1,1,1,1","W","W",1000,0,0,0
"unbalanced n, equal SD",200,"100, 160, 240, 300",4,1,1.6,"0.00, 0.25, 0.50, 0.75","ordered",59,202609339,"1,1,1,1","W","KW",1000,1000,0,0
"unbalanced n, equal SD",200,"100, 160, 240, 300",4,1,1.6,"0.00, 0.25, 0.50, 0.75","ordered",59,202609339,"1,1,1,1","KW","F",1000,0,0,0
"unbalanced n, equal SD",200,"100, 160, 240, 300",4,1,1.6,"0.00, 0.25, 0.50, 0.75","ordered",59,202609339,"1,1,1,1","KW","W",1000,0,0,0
"unbalanced n, equal SD",200,"100, 160, 240, 300",4,1,1.6,"0.00, 0.25, 0.50, 0.75","ordered",59,202609339,"1,1,1,1","KW","KW",1000,1000,0,0
"unbalanced n, equal SD",200,"100, 160, 240, 300",5,2,6.6,"0.00, 0.25, 0.50, 0.75","ordered",60,202609340,"1,1,1,1","F","F",1000,0,0,0
"unbalanced n, equal SD",200,"100, 160, 240, 300",5,2,6.6,"0.00, 0.25, 0.50, 0.75","ordered",60,202609340,"1,1,1,1","F","W",1000,0,0,0
"unbalanced n, equal SD",200,"100, 160, 240, 300",5,2,6.6,"0.00, 0.25, 0.50, 0.75","ordered",60,202609340,"1,1,1,1","F","KW",1000,1000,0,0
"unbalanced n, equal SD",200,"100, 160, 240, 300",5,2,6.6,"0.00, 0.25, 0.50, 0.75","ordered",60,202609340,"1,1,1,1","W","F",1000,0,0,0
"unbalanced n, equal SD",200,"100, 160, 240, 300",5,2,6.6,"0.00, 0.25, 0.50, 0.75","ordered",60,202609340,"1,1,1,1","W","W",1000,0,0,0
"unbalanced n, equal SD",200,"100, 160, 240, 300",5,2,6.6,"0.00, 0.25, 0.50, 0.75","ordered",60,202609340,"1,1,1,1","W","KW",1000,1000,0,0
"unbalanced n, equal SD",200,"100, 160, 240, 300",5,2,6.6,"0.00, 0.25, 0.50, 0.75","ordered",60,202609340,"1,1,1,1","KW","F",1000,0,0,0
"unbalanced n, equal SD",200,"100, 160, 240, 300",5,2,6.6,"0.00, 0.25, 0.50, 0.75","ordered",60,202609340,"1,1,1,1","KW","W",1000,0,0,0
"unbalanced n, equal SD",200,"100, 160, 240, 300",5,2,6.6,"0.00, 0.25, 0.50, 0.75","ordered",60,202609340,"1,1,1,1","KW","KW",1000,1000,0,0
"balanced n, unequal SD",10,"10, 10, 10, 10",1,0,0,"0.00, 0.25, 0.50, 0.75","ordered",61,202609341,"1.000000000000000,1.414213562373095,2.000000000000000,2.236067977499790","F","F",1000,489,0,0
"balanced n, unequal SD",10,"10, 10, 10, 10",1,0,0,"0.00, 0.25, 0.50, 0.75","ordered",61,202609341,"1.000000000000000,1.414213562373095,2.000000000000000,2.236067977499790","F","W",1000,412,15,23
"balanced n, unequal SD",10,"10, 10, 10, 10",1,0,0,"0.00, 0.25, 0.50, 0.75","ordered",61,202609341,"1.000000000000000,1.414213562373095,2.000000000000000,2.236067977499790","F","KW",1000,99,4,3
"balanced n, unequal SD",10,"10, 10, 10, 10",1,0,0,"0.00, 0.25, 0.50, 0.75","ordered",61,202609341,"1.000000000000000,1.414213562373095,2.000000000000000,2.236067977499790","W","F",1000,489,14,15
"balanced n, unequal SD",10,"10, 10, 10, 10",1,0,0,"0.00, 0.25, 0.50, 0.75","ordered",61,202609341,"1.000000000000000,1.414213562373095,2.000000000000000,2.236067977499790","W","W",1000,412,0,0
"balanced n, unequal SD",10,"10, 10, 10, 10",1,0,0,"0.00, 0.25, 0.50, 0.75","ordered",61,202609341,"1.000000000000000,1.414213562373095,2.000000000000000,2.236067977499790","W","KW",1000,99,1,2
"balanced n, unequal SD",10,"10, 10, 10, 10",1,0,0,"0.00, 0.25, 0.50, 0.75","ordered",61,202609341,"1.000000000000000,1.414213562373095,2.000000000000000,2.236067977499790","KW","F",1000,489,8,15
"balanced n, unequal SD",10,"10, 10, 10, 10",1,0,0,"0.00, 0.25, 0.50, 0.75","ordered",61,202609341,"1.000000000000000,1.414213562373095,2.000000000000000,2.236067977499790","KW","W",1000,412,3,17
"balanced n, unequal SD",10,"10, 10, 10, 10",1,0,0,"0.00, 0.25, 0.50, 0.75","ordered",61,202609341,"1.000000000000000,1.414213562373095,2.000000000000000,2.236067977499790","KW","KW",1000,99,0,0
"balanced n, unequal SD",10,"10, 10, 10, 10",2,0,6,"0.00, 0.25, 0.50, 0.75","ordered",62,202609342,"1.000000000000000,1.414213562373095,2.000000000000000,2.236067977499790","F","F",1000,297,0,0
"balanced n, unequal SD",10,"10, 10, 10, 10",2,0,6,"0.00, 0.25, 0.50, 0.75","ordered",62,202609342,"1.000000000000000,1.414213562373095,2.000000000000000,2.236067977499790","F","W",1000,266,16,26
"balanced n, unequal SD",10,"10, 10, 10, 10",2,0,6,"0.00, 0.25, 0.50, 0.75","ordered",62,202609342,"1.000000000000000,1.414213562373095,2.000000000000000,2.236067977499790","F","KW",1000,437,6,42
"balanced n, unequal SD",10,"10, 10, 10, 10",2,0,6,"0.00, 0.25, 0.50, 0.75","ordered",62,202609342,"1.000000000000000,1.414213562373095,2.000000000000000,2.236067977499790","W","F",1000,297,12,12
"balanced n, unequal SD",10,"10, 10, 10, 10",2,0,6,"0.00, 0.25, 0.50, 0.75","ordered",62,202609342,"1.000000000000000,1.414213562373095,2.000000000000000,2.236067977499790","W","W",1000,266,0,0
"balanced n, unequal SD",10,"10, 10, 10, 10",2,0,6,"0.00, 0.25, 0.50, 0.75","ordered",62,202609342,"1.000000000000000,1.414213562373095,2.000000000000000,2.236067977499790","W","KW",1000,437,10,36
"balanced n, unequal SD",10,"10, 10, 10, 10",2,0,6,"0.00, 0.25, 0.50, 0.75","ordered",62,202609342,"1.000000000000000,1.414213562373095,2.000000000000000,2.236067977499790","KW","F",1000,297,10,9
"balanced n, unequal SD",10,"10, 10, 10, 10",2,0,6,"0.00, 0.25, 0.50, 0.75","ordered",62,202609342,"1.000000000000000,1.414213562373095,2.000000000000000,2.236067977499790","KW","W",1000,266,5,14
"balanced n, unequal SD",10,"10, 10, 10, 10",2,0,6,"0.00, 0.25, 0.50, 0.75","ordered",62,202609342,"1.000000000000000,1.414213562373095,2.000000000000000,2.236067977499790","KW","KW",1000,437,0,0
"balanced n, unequal SD",10,"10, 10, 10, 10",3,0.5,1,"0.00, 0.25, 0.50, 0.75","ordered",63,202609343,"1.000000000000000,1.414213562373095,2.000000000000000,2.236067977499790","F","F",1000,438,0,0
"balanced n, unequal SD",10,"10, 10, 10, 10",3,0.5,1,"0.00, 0.25, 0.50, 0.75","ordered",63,202609343,"1.000000000000000,1.414213562373095,2.000000000000000,2.236067977499790","F","W",1000,384,18,32
"balanced n, unequal SD",10,"10, 10, 10, 10",3,0.5,1,"0.00, 0.25, 0.50, 0.75","ordered",63,202609343,"1.000000000000000,1.414213562373095,2.000000000000000,2.236067977499790","F","KW",1000,178,4,9
"balanced n, unequal SD",10,"10, 10, 10, 10",3,0.5,1,"0.00, 0.25, 0.50, 0.75","ordered",63,202609343,"1.000000000000000,1.414213562373095,2.000000000000000,2.236067977499790","W","F",1000,438,10,25
"balanced n, unequal SD",10,"10, 10, 10, 10",3,0.5,1,"0.00, 0.25, 0.50, 0.75","ordered",63,202609343,"1.000000000000000,1.414213562373095,2.000000000000000,2.236067977499790","W","W",1000,384,0,0
"balanced n, unequal SD",10,"10, 10, 10, 10",3,0.5,1,"0.00, 0.25, 0.50, 0.75","ordered",63,202609343,"1.000000000000000,1.414213562373095,2.000000000000000,2.236067977499790","W","KW",1000,178,4,13
"balanced n, unequal SD",10,"10, 10, 10, 10",3,0.5,1,"0.00, 0.25, 0.50, 0.75","ordered",63,202609343,"1.000000000000000,1.414213562373095,2.000000000000000,2.236067977499790","KW","F",1000,438,6,15
"balanced n, unequal SD",10,"10, 10, 10, 10",3,0.5,1,"0.00, 0.25, 0.50, 0.75","ordered",63,202609343,"1.000000000000000,1.414213562373095,2.000000000000000,2.236067977499790","KW","W",1000,384,6,27
"balanced n, unequal SD",10,"10, 10, 10, 10",3,0.5,1,"0.00, 0.25, 0.50, 0.75","ordered",63,202609343,"1.000000000000000,1.414213562373095,2.000000000000000,2.236067977499790","KW","KW",1000,178,0,0
"balanced n, unequal SD",10,"10, 10, 10, 10",4,1,1.6,"0.00, 0.25, 0.50, 0.75","ordered",64,202609344,"1.000000000000000,1.414213562373095,2.000000000000000,2.236067977499790","F","F",1000,311,0,0
"balanced n, unequal SD",10,"10, 10, 10, 10",4,1,1.6,"0.00, 0.25, 0.50, 0.75","ordered",64,202609344,"1.000000000000000,1.414213562373095,2.000000000000000,2.236067977499790","F","W",1000,385,23,15
"balanced n, unequal SD",10,"10, 10, 10, 10",4,1,1.6,"0.00, 0.25, 0.50, 0.75","ordered",64,202609344,"1.000000000000000,1.414213562373095,2.000000000000000,2.236067977499790","F","KW",1000,304,4,12
"balanced n, unequal SD",10,"10, 10, 10, 10",4,1,1.6,"0.00, 0.25, 0.50, 0.75","ordered",64,202609344,"1.000000000000000,1.414213562373095,2.000000000000000,2.236067977499790","W","F",1000,311,4,12
"balanced n, unequal SD",10,"10, 10, 10, 10",4,1,1.6,"0.00, 0.25, 0.50, 0.75","ordered",64,202609344,"1.000000000000000,1.414213562373095,2.000000000000000,2.236067977499790","W","W",1000,385,0,0
"balanced n, unequal SD",10,"10, 10, 10, 10",4,1,1.6,"0.00, 0.25, 0.50, 0.75","ordered",64,202609344,"1.000000000000000,1.414213562373095,2.000000000000000,2.236067977499790","W","KW",1000,304,5,8
"balanced n, unequal SD",10,"10, 10, 10, 10",4,1,1.6,"0.00, 0.25, 0.50, 0.75","ordered",64,202609344,"1.000000000000000,1.414213562373095,2.000000000000000,2.236067977499790","KW","F",1000,311,2,12
"balanced n, unequal SD",10,"10, 10, 10, 10",4,1,1.6,"0.00, 0.25, 0.50, 0.75","ordered",64,202609344,"1.000000000000000,1.414213562373095,2.000000000000000,2.236067977499790","KW","W",1000,385,5,22
"balanced n, unequal SD",10,"10, 10, 10, 10",4,1,1.6,"0.00, 0.25, 0.50, 0.75","ordered",64,202609344,"1.000000000000000,1.414213562373095,2.000000000000000,2.236067977499790","KW","KW",1000,304,0,0
"balanced n, unequal SD",10,"10, 10, 10, 10",5,2,6.6,"0.00, 0.25, 0.50, 0.75","ordered",65,202609345,"1.000000000000000,1.414213562373095,2.000000000000000,2.236067977499790","F","F",1000,62,0,0
"balanced n, unequal SD",10,"10, 10, 10, 10",5,2,6.6,"0.00, 0.25, 0.50, 0.75","ordered",65,202609345,"1.000000000000000,1.414213562373095,2.000000000000000,2.236067977499790","F","W",1000,231,26,15
"balanced n, unequal SD",10,"10, 10, 10, 10",5,2,6.6,"0.00, 0.25, 0.50, 0.75","ordered",65,202609345,"1.000000000000000,1.414213562373095,2.000000000000000,2.236067977499790","F","KW",1000,707,14,22
"balanced n, unequal SD",10,"10, 10, 10, 10",5,2,6.6,"0.00, 0.25, 0.50, 0.75","ordered",65,202609345,"1.000000000000000,1.414213562373095,2.000000000000000,2.236067977499790","W","F",1000,62,0,2
"balanced n, unequal SD",10,"10, 10, 10, 10",5,2,6.6,"0.00, 0.25, 0.50, 0.75","ordered",65,202609345,"1.000000000000000,1.414213562373095,2.000000000000000,2.236067977499790","W","W",1000,231,0,0
"balanced n, unequal SD",10,"10, 10, 10, 10",5,2,6.6,"0.00, 0.25, 0.50, 0.75","ordered",65,202609345,"1.000000000000000,1.414213562373095,2.000000000000000,2.236067977499790","W","KW",1000,707,21,25
"balanced n, unequal SD",10,"10, 10, 10, 10",5,2,6.6,"0.00, 0.25, 0.50, 0.75","ordered",65,202609345,"1.000000000000000,1.414213562373095,2.000000000000000,2.236067977499790","KW","F",1000,62,0,2
"balanced n, unequal SD",10,"10, 10, 10, 10",5,2,6.6,"0.00, 0.25, 0.50, 0.75","ordered",65,202609345,"1.000000000000000,1.414213562373095,2.000000000000000,2.236067977499790","KW","W",1000,231,2,20
"balanced n, unequal SD",10,"10, 10, 10, 10",5,2,6.6,"0.00, 0.25, 0.50, 0.75","ordered",65,202609345,"1.000000000000000,1.414213562373095,2.000000000000000,2.236067977499790","KW","KW",1000,707,0,0
"balanced n, unequal SD",20,"20, 20, 20, 20",1,0,0,"0.00, 0.25, 0.50, 0.75","ordered",66,202609346,"1.000000000000000,1.414213562373095,2.000000000000000,2.236067977499790","F","F",1000,158,0,0
"balanced n, unequal SD",20,"20, 20, 20, 20",1,0,0,"0.00, 0.25, 0.50, 0.75","ordered",66,202609346,"1.000000000000000,1.414213562373095,2.000000000000000,2.236067977499790","F","W",1000,768,34,52
"balanced n, unequal SD",20,"20, 20, 20, 20",1,0,0,"0.00, 0.25, 0.50, 0.75","ordered",66,202609346,"1.000000000000000,1.414213562373095,2.000000000000000,2.236067977499790","F","KW",1000,74,2,6
"balanced n, unequal SD",20,"20, 20, 20, 20",1,0,0,"0.00, 0.25, 0.50, 0.75","ordered",66,202609346,"1.000000000000000,1.414213562373095,2.000000000000000,2.236067977499790","W","F",1000,158,3,7
"balanced n, unequal SD",20,"20, 20, 20, 20",1,0,0,"0.00, 0.25, 0.50, 0.75","ordered",66,202609346,"1.000000000000000,1.414213562373095,2.000000000000000,2.236067977499790","W","W",1000,768,0,0
"balanced n, unequal SD",20,"20, 20, 20, 20",1,0,0,"0.00, 0.25, 0.50, 0.75","ordered",66,202609346,"1.000000000000000,1.414213562373095,2.000000000000000,2.236067977499790","W","KW",1000,74,4,2
"balanced n, unequal SD",20,"20, 20, 20, 20",1,0,0,"0.00, 0.25, 0.50, 0.75","ordered",66,202609346,"1.000000000000000,1.414213562373095,2.000000000000000,2.236067977499790","KW","F",1000,158,5,2
"balanced n, unequal SD",20,"20, 20, 20, 20",1,0,0,"0.00, 0.25, 0.50, 0.75","ordered",66,202609346,"1.000000000000000,1.414213562373095,2.000000000000000,2.236067977499790","KW","W",1000,768,17,53
"balanced n, unequal SD",20,"20, 20, 20, 20",1,0,0,"0.00, 0.25, 0.50, 0.75","ordered",66,202609346,"1.000000000000000,1.414213562373095,2.000000000000000,2.236067977499790","KW","KW",1000,74,0,0
"balanced n, unequal SD",20,"20, 20, 20, 20",2,0,6,"0.00, 0.25, 0.50, 0.75","ordered",67,202609347,"1.000000000000000,1.414213562373095,2.000000000000000,2.236067977499790","F","F",1000,56,0,0
"balanced n, unequal SD",20,"20, 20, 20, 20",2,0,6,"0.00, 0.25, 0.50, 0.75","ordered",67,202609347,"1.000000000000000,1.414213562373095,2.000000000000000,2.236067977499790","F","W",1000,297,16,28
"balanced n, unequal SD",20,"20, 20, 20, 20",2,0,6,"0.00, 0.25, 0.50, 0.75","ordered",67,202609347,"1.000000000000000,1.414213562373095,2.000000000000000,2.236067977499790","F","KW",1000,647,15,93
"balanced n, unequal SD",20,"20, 20, 20, 20",2,0,6,"0.00, 0.25, 0.50, 0.75","ordered",67,202609347,"1.000000000000000,1.414213562373095,2.000000000000000,2.236067977499790","W","F",1000,56,0,2
"balanced n, unequal SD",20,"20, 20, 20, 20",2,0,6,"0.00, 0.25, 0.50, 0.75","ordered",67,202609347,"1.000000000000000,1.414213562373095,2.000000000000000,2.236067977499790","W","W",1000,297,0,0
"balanced n, unequal SD",20,"20, 20, 20, 20",2,0,6,"0.00, 0.25, 0.50, 0.75","ordered",67,202609347,"1.000000000000000,1.414213562373095,2.000000000000000,2.236067977499790","W","KW",1000,647,23,66
"balanced n, unequal SD",20,"20, 20, 20, 20",2,0,6,"0.00, 0.25, 0.50, 0.75","ordered",67,202609347,"1.000000000000000,1.414213562373095,2.000000000000000,2.236067977499790","KW","F",1000,56,2,0
"balanced n, unequal SD",20,"20, 20, 20, 20",2,0,6,"0.00, 0.25, 0.50, 0.75","ordered",67,202609347,"1.000000000000000,1.414213562373095,2.000000000000000,2.236067977499790","KW","W",1000,297,22,11
"balanced n, unequal SD",20,"20, 20, 20, 20",2,0,6,"0.00, 0.25, 0.50, 0.75","ordered",67,202609347,"1.000000000000000,1.414213562373095,2.000000000000000,2.236067977499790","KW","KW",1000,647,0,0
"balanced n, unequal SD",20,"20, 20, 20, 20",3,0.5,1,"0.00, 0.25, 0.50, 0.75","ordered",68,202609348,"1.000000000000000,1.414213562373095,2.000000000000000,2.236067977499790","F","F",1000,115,0,0
"balanced n, unequal SD",20,"20, 20, 20, 20",3,0.5,1,"0.00, 0.25, 0.50, 0.75","ordered",68,202609348,"1.000000000000000,1.414213562373095,2.000000000000000,2.236067977499790","F","W",1000,637,30,44
"balanced n, unequal SD",20,"20, 20, 20, 20",3,0.5,1,"0.00, 0.25, 0.50, 0.75","ordered",68,202609348,"1.000000000000000,1.414213562373095,2.000000000000000,2.236067977499790","F","KW",1000,248,9,6
"balanced n, unequal SD",20,"20, 20, 20, 20",3,0.5,1,"0.00, 0.25, 0.50, 0.75","ordered",68,202609348,"1.000000000000000,1.414213562373095,2.000000000000000,2.236067977499790","W","F",1000,115,1,3
"balanced n, unequal SD",20,"20, 20, 20, 20",3,0.5,1,"0.00, 0.25, 0.50, 0.75","ordered",68,202609348,"1.000000000000000,1.414213562373095,2.000000000000000,2.236067977499790","W","W",1000,637,0,0
"balanced n, unequal SD",20,"20, 20, 20, 20",3,0.5,1,"0.00, 0.25, 0.50, 0.75","ordered",68,202609348,"1.000000000000000,1.414213562373095,2.000000000000000,2.236067977499790","W","KW",1000,248,13,6
"balanced n, unequal SD",20,"20, 20, 20, 20",3,0.5,1,"0.00, 0.25, 0.50, 0.75","ordered",68,202609348,"1.000000000000000,1.414213562373095,2.000000000000000,2.236067977499790","KW","F",1000,115,3,3
"balanced n, unequal SD",20,"20, 20, 20, 20",3,0.5,1,"0.00, 0.25, 0.50, 0.75","ordered",68,202609348,"1.000000000000000,1.414213562373095,2.000000000000000,2.236067977499790","KW","W",1000,637,7,49
"balanced n, unequal SD",20,"20, 20, 20, 20",3,0.5,1,"0.00, 0.25, 0.50, 0.75","ordered",68,202609348,"1.000000000000000,1.414213562373095,2.000000000000000,2.236067977499790","KW","KW",1000,248,0,0
"balanced n, unequal SD",20,"20, 20, 20, 20",4,1,1.6,"0.00, 0.25, 0.50, 0.75","ordered",69,202609349,"1.000000000000000,1.414213562373095,2.000000000000000,2.236067977499790","F","F",1000,46,0,0
"balanced n, unequal SD",20,"20, 20, 20, 20",4,1,1.6,"0.00, 0.25, 0.50, 0.75","ordered",69,202609349,"1.000000000000000,1.414213562373095,2.000000000000000,2.236067977499790","F","W",1000,402,20,29
"balanced n, unequal SD",20,"20, 20, 20, 20",4,1,1.6,"0.00, 0.25, 0.50, 0.75","ordered",69,202609349,"1.000000000000000,1.414213562373095,2.000000000000000,2.236067977499790","F","KW",1000,552,36,12
"balanced n, unequal SD",20,"20, 20, 20, 20",4,1,1.6,"0.00, 0.25, 0.50, 0.75","ordered",69,202609349,"1.000000000000000,1.414213562373095,2.000000000000000,2.236067977499790","W","F",1000,46,0,1
"balanced n, unequal SD",20,"20, 20, 20, 20",4,1,1.6,"0.00, 0.25, 0.50, 0.75","ordered",69,202609349,"1.000000000000000,1.414213562373095,2.000000000000000,2.236067977499790","W","W",1000,402,0,0
"balanced n, unequal SD",20,"20, 20, 20, 20",4,1,1.6,"0.00, 0.25, 0.50, 0.75","ordered",69,202609349,"1.000000000000000,1.414213562373095,2.000000000000000,2.236067977499790","W","KW",1000,552,44,7
"balanced n, unequal SD",20,"20, 20, 20, 20",4,1,1.6,"0.00, 0.25, 0.50, 0.75","ordered",69,202609349,"1.000000000000000,1.414213562373095,2.000000000000000,2.236067977499790","KW","F",1000,46,1,0
"balanced n, unequal SD",20,"20, 20, 20, 20",4,1,1.6,"0.00, 0.25, 0.50, 0.75","ordered",69,202609349,"1.000000000000000,1.414213562373095,2.000000000000000,2.236067977499790","KW","W",1000,402,1,47
"balanced n, unequal SD",20,"20, 20, 20, 20",4,1,1.6,"0.00, 0.25, 0.50, 0.75","ordered",69,202609349,"1.000000000000000,1.414213562373095,2.000000000000000,2.236067977499790","KW","KW",1000,552,0,0
"balanced n, unequal SD",20,"20, 20, 20, 20",5,2,6.6,"0.00, 0.25, 0.50, 0.75","ordered",70,202609350,"1.000000000000000,1.414213562373095,2.000000000000000,2.236067977499790","F","F",1000,1,0,0
"balanced n, unequal SD",20,"20, 20, 20, 20",5,2,6.6,"0.00, 0.25, 0.50, 0.75","ordered",70,202609350,"1.000000000000000,1.414213562373095,2.000000000000000,2.236067977499790","F","W",1000,49,6,6
"balanced n, unequal SD",20,"20, 20, 20, 20",5,2,6.6,"0.00, 0.25, 0.50, 0.75","ordered",70,202609350,"1.000000000000000,1.414213562373095,2.000000000000000,2.236067977499790","F","KW",1000,950,90,14
"balanced n, unequal SD",20,"20, 20, 20, 20",5,2,6.6,"0.00, 0.25, 0.50, 0.75","ordered",70,202609350,"1.000000000000000,1.414213562373095,2.000000000000000,2.236067977499790","W","F",1000,1,0,0
"balanced n, unequal SD",20,"20, 20, 20, 20",5,2,6.6,"0.00, 0.25, 0.50, 0.75","ordered",70,202609350,"1.000000000000000,1.414213562373095,2.000000000000000,2.236067977499790","W","W",1000,49,0,0
"balanced n, unequal SD",20,"20, 20, 20, 20",5,2,6.6,"0.00, 0.25, 0.50, 0.75","ordered",70,202609350,"1.000000000000000,1.414213562373095,2.000000000000000,2.236067977499790","W","KW",1000,950,103,21
"balanced n, unequal SD",20,"20, 20, 20, 20",5,2,6.6,"0.00, 0.25, 0.50, 0.75","ordered",70,202609350,"1.000000000000000,1.414213562373095,2.000000000000000,2.236067977499790","KW","F",1000,1,0,0
"balanced n, unequal SD",20,"20, 20, 20, 20",5,2,6.6,"0.00, 0.25, 0.50, 0.75","ordered",70,202609350,"1.000000000000000,1.414213562373095,2.000000000000000,2.236067977499790","KW","W",1000,49,0,19
"balanced n, unequal SD",20,"20, 20, 20, 20",5,2,6.6,"0.00, 0.25, 0.50, 0.75","ordered",70,202609350,"1.000000000000000,1.414213562373095,2.000000000000000,2.236067977499790","KW","KW",1000,950,0,0
"balanced n, unequal SD",30,"30, 30, 30, 30",1,0,0,"0.00, 0.25, 0.50, 0.75","ordered",71,202609351,"1.000000000000000,1.414213562373095,2.000000000000000,2.236067977499790","F","F",1000,41,0,0
"balanced n, unequal SD",30,"30, 30, 30, 30",1,0,0,"0.00, 0.25, 0.50, 0.75","ordered",71,202609351,"1.000000000000000,1.414213562373095,2.000000000000000,2.236067977499790","F","W",1000,912,26,63
"balanced n, unequal SD",30,"30, 30, 30, 30",1,0,0,"0.00, 0.25, 0.50, 0.75","ordered",71,202609351,"1.000000000000000,1.414213562373095,2.000000000000000,2.236067977499790","F","KW",1000,47,3,2
"balanced n, unequal SD",30,"30, 30, 30, 30",1,0,0,"0.00, 0.25, 0.50, 0.75","ordered",71,202609351,"1.000000000000000,1.414213562373095,2.000000000000000,2.236067977499790","W","F",1000,41,2,2
"balanced n, unequal SD",30,"30, 30, 30, 30",1,0,0,"0.00, 0.25, 0.50, 0.75","ordered",71,202609351,"1.000000000000000,1.414213562373095,2.000000000000000,2.236067977499790","W","W",1000,912,0,0
"balanced n, unequal SD",30,"30, 30, 30, 30",1,0,0,"0.00, 0.25, 0.50, 0.75","ordered",71,202609351,"1.000000000000000,1.414213562373095,2.000000000000000,2.236067977499790","W","KW",1000,47,2,1
"balanced n, unequal SD",30,"30, 30, 30, 30",1,0,0,"0.00, 0.25, 0.50, 0.75","ordered",71,202609351,"1.000000000000000,1.414213562373095,2.000000000000000,2.236067977499790","KW","F",1000,41,3,1
"balanced n, unequal SD",30,"30, 30, 30, 30",1,0,0,"0.00, 0.25, 0.50, 0.75","ordered",71,202609351,"1.000000000000000,1.414213562373095,2.000000000000000,2.236067977499790","KW","W",1000,912,28,53
"balanced n, unequal SD",30,"30, 30, 30, 30",1,0,0,"0.00, 0.25, 0.50, 0.75","ordered",71,202609351,"1.000000000000000,1.414213562373095,2.000000000000000,2.236067977499790","KW","KW",1000,47,0,0
"balanced n, unequal SD",30,"30, 30, 30, 30",2,0,6,"0.00, 0.25, 0.50, 0.75","ordered",72,202609352,"1.000000000000000,1.414213562373095,2.000000000000000,2.236067977499790","F","F",1000,7,0,0
"balanced n, unequal SD",30,"30, 30, 30, 30",2,0,6,"0.00, 0.25, 0.50, 0.75","ordered",72,202609352,"1.000000000000000,1.414213562373095,2.000000000000000,2.236067977499790","F","W",1000,209,6,29
"balanced n, unequal SD",30,"30, 30, 30, 30",2,0,6,"0.00, 0.25, 0.50, 0.75","ordered",72,202609352,"1.000000000000000,1.414213562373095,2.000000000000000,2.236067977499790","F","KW",1000,784,19,132
"balanced n, unequal SD",30,"30, 30, 30, 30",2,0,6,"0.00, 0.25, 0.50, 0.75","ordered",72,202609352,"1.000000000000000,1.414213562373095,2.000000000000000,2.236067977499790","W","F",1000,7,0,0
"balanced n, unequal SD",30,"30, 30, 30, 30",2,0,6,"0.00, 0.25, 0.50, 0.75","ordered",72,202609352,"1.000000000000000,1.414213562373095,2.000000000000000,2.236067977499790","W","W",1000,209,0,0
"balanced n, unequal SD",30,"30, 30, 30, 30",2,0,6,"0.00, 0.25, 0.50, 0.75","ordered",72,202609352,"1.000000000000000,1.414213562373095,2.000000000000000,2.236067977499790","W","KW",1000,784,23,88
"balanced n, unequal SD",30,"30, 30, 30, 30",2,0,6,"0.00, 0.25, 0.50, 0.75","ordered",72,202609352,"1.000000000000000,1.414213562373095,2.000000000000000,2.236067977499790","KW","F",1000,7,0,0
"balanced n, unequal SD",30,"30, 30, 30, 30",2,0,6,"0.00, 0.25, 0.50, 0.75","ordered",72,202609352,"1.000000000000000,1.414213562373095,2.000000000000000,2.236067977499790","KW","W",1000,209,22,12
"balanced n, unequal SD",30,"30, 30, 30, 30",2,0,6,"0.00, 0.25, 0.50, 0.75","ordered",72,202609352,"1.000000000000000,1.414213562373095,2.000000000000000,2.236067977499790","KW","KW",1000,784,0,0
"balanced n, unequal SD",30,"30, 30, 30, 30",3,0.5,1,"0.00, 0.25, 0.50, 0.75","ordered",73,202609353,"1.000000000000000,1.414213562373095,2.000000000000000,2.236067977499790","F","F",1000,27,0,0
"balanced n, unequal SD",30,"30, 30, 30, 30",3,0.5,1,"0.00, 0.25, 0.50, 0.75","ordered",73,202609353,"1.000000000000000,1.414213562373095,2.000000000000000,2.236067977499790","F","W",1000,659,31,55
"balanced n, unequal SD",30,"30, 30, 30, 30",3,0.5,1,"0.00, 0.25, 0.50, 0.75","ordered",73,202609353,"1.000000000000000,1.414213562373095,2.000000000000000,2.236067977499790","F","KW",1000,314,19,14
"balanced n, unequal SD",30,"30, 30, 30, 30",3,0.5,1,"0.00, 0.25, 0.50, 0.75","ordered",73,202609353,"1.000000000000000,1.414213562373095,2.000000000000000,2.236067977499790","W","F",1000,27,1,2
"balanced n, unequal SD",30,"30, 30, 30, 30",3,0.5,1,"0.00, 0.25, 0.50, 0.75","ordered",73,202609353,"1.000000000000000,1.414213562373095,2.000000000000000,2.236067977499790","W","W",1000,659,0,0
"balanced n, unequal SD",30,"30, 30, 30, 30",3,0.5,1,"0.00, 0.25, 0.50, 0.75","ordered",73,202609353,"1.000000000000000,1.414213562373095,2.000000000000000,2.236067977499790","W","KW",1000,314,30,11
"balanced n, unequal SD",30,"30, 30, 30, 30",3,0.5,1,"0.00, 0.25, 0.50, 0.75","ordered",73,202609353,"1.000000000000000,1.414213562373095,2.000000000000000,2.236067977499790","KW","F",1000,27,2,3
"balanced n, unequal SD",30,"30, 30, 30, 30",3,0.5,1,"0.00, 0.25, 0.50, 0.75","ordered",73,202609353,"1.000000000000000,1.414213562373095,2.000000000000000,2.236067977499790","KW","W",1000,659,8,75
"balanced n, unequal SD",30,"30, 30, 30, 30",3,0.5,1,"0.00, 0.25, 0.50, 0.75","ordered",73,202609353,"1.000000000000000,1.414213562373095,2.000000000000000,2.236067977499790","KW","KW",1000,314,0,0
"balanced n, unequal SD",30,"30, 30, 30, 30",4,1,1.6,"0.00, 0.25, 0.50, 0.75","ordered",74,202609354,"1.000000000000000,1.414213562373095,2.000000000000000,2.236067977499790","F","F",1000,4,0,0
"balanced n, unequal SD",30,"30, 30, 30, 30",4,1,1.6,"0.00, 0.25, 0.50, 0.75","ordered",74,202609354,"1.000000000000000,1.414213562373095,2.000000000000000,2.236067977499790","F","W",1000,308,12,30
"balanced n, unequal SD",30,"30, 30, 30, 30",4,1,1.6,"0.00, 0.25, 0.50, 0.75","ordered",74,202609354,"1.000000000000000,1.414213562373095,2.000000000000000,2.236067977499790","F","KW",1000,688,83,9
"balanced n, unequal SD",30,"30, 30, 30, 30",4,1,1.6,"0.00, 0.25, 0.50, 0.75","ordered",74,202609354,"1.000000000000000,1.414213562373095,2.000000000000000,2.236067977499790","W","F",1000,4,0,1
"balanced n, unequal SD",30,"30, 30, 30, 30",4,1,1.6,"0.00, 0.25, 0.50, 0.75","ordered",74,202609354,"1.000000000000000,1.414213562373095,2.000000000000000,2.236067977499790","W","W",1000,308,0,0
"balanced n, unequal SD",30,"30, 30, 30, 30",4,1,1.6,"0.00, 0.25, 0.50, 0.75","ordered",74,202609354,"1.000000000000000,1.414213562373095,2.000000000000000,2.236067977499790","W","KW",1000,688,105,11
"balanced n, unequal SD",30,"30, 30, 30, 30",4,1,1.6,"0.00, 0.25, 0.50, 0.75","ordered",74,202609354,"1.000000000000000,1.414213562373095,2.000000000000000,2.236067977499790","KW","F",1000,4,0,1
"balanced n, unequal SD",30,"30, 30, 30, 30",4,1,1.6,"0.00, 0.25, 0.50, 0.75","ordered",74,202609354,"1.000000000000000,1.414213562373095,2.000000000000000,2.236067977499790","KW","W",1000,308,2,55
"balanced n, unequal SD",30,"30, 30, 30, 30",4,1,1.6,"0.00, 0.25, 0.50, 0.75","ordered",74,202609354,"1.000000000000000,1.414213562373095,2.000000000000000,2.236067977499790","KW","KW",1000,688,0,0
"balanced n, unequal SD",30,"30, 30, 30, 30",5,2,6.6,"0.00, 0.25, 0.50, 0.75","ordered",75,202609355,"1.000000000000000,1.414213562373095,2.000000000000000,2.236067977499790","F","F",1000,0,0,0
"balanced n, unequal SD",30,"30, 30, 30, 30",5,2,6.6,"0.00, 0.25, 0.50, 0.75","ordered",75,202609355,"1.000000000000000,1.414213562373095,2.000000000000000,2.236067977499790","F","W",1000,1,0,0
"balanced n, unequal SD",30,"30, 30, 30, 30",5,2,6.6,"0.00, 0.25, 0.50, 0.75","ordered",75,202609355,"1.000000000000000,1.414213562373095,2.000000000000000,2.236067977499790","F","KW",1000,999,151,8
"balanced n, unequal SD",30,"30, 30, 30, 30",5,2,6.6,"0.00, 0.25, 0.50, 0.75","ordered",75,202609355,"1.000000000000000,1.414213562373095,2.000000000000000,2.236067977499790","W","F",1000,0,0,0
"balanced n, unequal SD",30,"30, 30, 30, 30",5,2,6.6,"0.00, 0.25, 0.50, 0.75","ordered",75,202609355,"1.000000000000000,1.414213562373095,2.000000000000000,2.236067977499790","W","W",1000,1,0,0
"balanced n, unequal SD",30,"30, 30, 30, 30",5,2,6.6,"0.00, 0.25, 0.50, 0.75","ordered",75,202609355,"1.000000000000000,1.414213562373095,2.000000000000000,2.236067977499790","W","KW",1000,999,188,9
"balanced n, unequal SD",30,"30, 30, 30, 30",5,2,6.6,"0.00, 0.25, 0.50, 0.75","ordered",75,202609355,"1.000000000000000,1.414213562373095,2.000000000000000,2.236067977499790","KW","F",1000,0,0,0
"balanced n, unequal SD",30,"30, 30, 30, 30",5,2,6.6,"0.00, 0.25, 0.50, 0.75","ordered",75,202609355,"1.000000000000000,1.414213562373095,2.000000000000000,2.236067977499790","KW","W",1000,1,0,1
"balanced n, unequal SD",30,"30, 30, 30, 30",5,2,6.6,"0.00, 0.25, 0.50, 0.75","ordered",75,202609355,"1.000000000000000,1.414213562373095,2.000000000000000,2.236067977499790","KW","KW",1000,999,0,0
"balanced n, unequal SD",50,"50, 50, 50, 50",1,0,0,"0.00, 0.25, 0.50, 0.75","ordered",76,202609356,"1.000000000000000,1.414213562373095,2.000000000000000,2.236067977499790","F","F",1000,0,0,0
"balanced n, unequal SD",50,"50, 50, 50, 50",1,0,0,"0.00, 0.25, 0.50, 0.75","ordered",76,202609356,"1.000000000000000,1.414213562373095,2.000000000000000,2.236067977499790","F","W",1000,956,29,111
"balanced n, unequal SD",50,"50, 50, 50, 50",1,0,0,"0.00, 0.25, 0.50, 0.75","ordered",76,202609356,"1.000000000000000,1.414213562373095,2.000000000000000,2.236067977499790","F","KW",1000,44,4,2
"balanced n, unequal SD",50,"50, 50, 50, 50",1,0,0,"0.00, 0.25, 0.50, 0.75","ordered",76,202609356,"1.000000000000000,1.414213562373095,2.000000000000000,2.236067977499790","W","F",1000,0,0,0
"balanced n, unequal SD",50,"50, 50, 50, 50",1,0,0,"0.00, 0.25, 0.50, 0.75","ordered",76,202609356,"1.000000000000000,1.414213562373095,2.000000000000000,2.236067977499790","W","W",1000,956,0,0
"balanced n, unequal SD",50,"50, 50, 50, 50",1,0,0,"0.00, 0.25, 0.50, 0.75","ordered",76,202609356,"1.000000000000000,1.414213562373095,2.000000000000000,2.236067977499790","W","KW",1000,44,4,0
"balanced n, unequal SD",50,"50, 50, 50, 50",1,0,0,"0.00, 0.25, 0.50, 0.75","ordered",76,202609356,"1.000000000000000,1.414213562373095,2.000000000000000,2.236067977499790","KW","F",1000,0,0,0
"balanced n, unequal SD",50,"50, 50, 50, 50",1,0,0,"0.00, 0.25, 0.50, 0.75","ordered",76,202609356,"1.000000000000000,1.414213562373095,2.000000000000000,2.236067977499790","KW","W",1000,956,34,108
"balanced n, unequal SD",50,"50, 50, 50, 50",1,0,0,"0.00, 0.25, 0.50, 0.75","ordered",76,202609356,"1.000000000000000,1.414213562373095,2.000000000000000,2.236067977499790","KW","KW",1000,44,0,0
"balanced n, unequal SD",50,"50, 50, 50, 50",2,0,6,"0.00, 0.25, 0.50, 0.75","ordered",77,202609357,"1.000000000000000,1.414213562373095,2.000000000000000,2.236067977499790","F","F",1000,0,0,0
"balanced n, unequal SD",50,"50, 50, 50, 50",2,0,6,"0.00, 0.25, 0.50, 0.75","ordered",77,202609357,"1.000000000000000,1.414213562373095,2.000000000000000,2.236067977499790","F","W",1000,68,3,10
"balanced n, unequal SD",50,"50, 50, 50, 50",2,0,6,"0.00, 0.25, 0.50, 0.75","ordered",77,202609357,"1.000000000000000,1.414213562373095,2.000000000000000,2.236067977499790","F","KW",1000,932,12,222
"balanced n, unequal SD",50,"50, 50, 50, 50",2,0,6,"0.00, 0.25, 0.50, 0.75","ordered",77,202609357,"1.000000000000000,1.414213562373095,2.000000000000000,2.236067977499790","W","F",1000,0,0,0
"balanced n, unequal SD",50,"50, 50, 50, 50",2,0,6,"0.00, 0.25, 0.50, 0.75","ordered",77,202609357,"1.000000000000000,1.414213562373095,2.000000000000000,2.236067977499790","W","W",1000,68,0,0
"balanced n, unequal SD",50,"50, 50, 50, 50",2,0,6,"0.00, 0.25, 0.50, 0.75","ordered",77,202609357,"1.000000000000000,1.414213562373095,2.000000000000000,2.236067977499790","W","KW",1000,932,20,161
"balanced n, unequal SD",50,"50, 50, 50, 50",2,0,6,"0.00, 0.25, 0.50, 0.75","ordered",77,202609357,"1.000000000000000,1.414213562373095,2.000000000000000,2.236067977499790","KW","F",1000,0,0,0
"balanced n, unequal SD",50,"50, 50, 50, 50",2,0,6,"0.00, 0.25, 0.50, 0.75","ordered",77,202609357,"1.000000000000000,1.414213562373095,2.000000000000000,2.236067977499790","KW","W",1000,68,8,2
"balanced n, unequal SD",50,"50, 50, 50, 50",2,0,6,"0.00, 0.25, 0.50, 0.75","ordered",77,202609357,"1.000000000000000,1.414213562373095,2.000000000000000,2.236067977499790","KW","KW",1000,932,0,0
"balanced n, unequal SD",50,"50, 50, 50, 50",3,0.5,1,"0.00, 0.25, 0.50, 0.75","ordered",78,202609358,"1.000000000000000,1.414213562373095,2.000000000000000,2.236067977499790","F","F",1000,0,0,0
"balanced n, unequal SD",50,"50, 50, 50, 50",3,0.5,1,"0.00, 0.25, 0.50, 0.75","ordered",78,202609358,"1.000000000000000,1.414213562373095,2.000000000000000,2.236067977499790","F","W",1000,557,24,54
"balanced n, unequal SD",50,"50, 50, 50, 50",3,0.5,1,"0.00, 0.25, 0.50, 0.75","ordered",78,202609358,"1.000000000000000,1.414213562373095,2.000000000000000,2.236067977499790","F","KW",1000,443,52,11
"balanced n, unequal SD",50,"50, 50, 50, 50",3,0.5,1,"0.00, 0.25, 0.50, 0.75","ordered",78,202609358,"1.000000000000000,1.414213562373095,2.000000000000000,2.236067977499790","W","F",1000,0,0,0
"balanced n, unequal SD",50,"50, 50, 50, 50",3,0.5,1,"0.00, 0.25, 0.50, 0.75","ordered",78,202609358,"1.000000000000000,1.414213562373095,2.000000000000000,2.236067977499790","W","W",1000,557,0,0
"balanced n, unequal SD",50,"50, 50, 50, 50",3,0.5,1,"0.00, 0.25, 0.50, 0.75","ordered",78,202609358,"1.000000000000000,1.414213562373095,2.000000000000000,2.236067977499790","W","KW",1000,443,75,8
"balanced n, unequal SD",50,"50, 50, 50, 50",3,0.5,1,"0.00, 0.25, 0.50, 0.75","ordered",78,202609358,"1.000000000000000,1.414213562373095,2.000000000000000,2.236067977499790","KW","F",1000,0,0,0
"balanced n, unequal SD",50,"50, 50, 50, 50",3,0.5,1,"0.00, 0.25, 0.50, 0.75","ordered",78,202609358,"1.000000000000000,1.414213562373095,2.000000000000000,2.236067977499790","KW","W",1000,557,13,80
"balanced n, unequal SD",50,"50, 50, 50, 50",3,0.5,1,"0.00, 0.25, 0.50, 0.75","ordered",78,202609358,"1.000000000000000,1.414213562373095,2.000000000000000,2.236067977499790","KW","KW",1000,443,0,0
"balanced n, unequal SD",50,"50, 50, 50, 50",4,1,1.6,"0.00, 0.25, 0.50, 0.75","ordered",79,202609359,"1.000000000000000,1.414213562373095,2.000000000000000,2.236067977499790","F","F",1000,0,0,0
"balanced n, unequal SD",50,"50, 50, 50, 50",4,1,1.6,"0.00, 0.25, 0.50, 0.75","ordered",79,202609359,"1.000000000000000,1.414213562373095,2.000000000000000,2.236067977499790","F","W",1000,88,3,5
"balanced n, unequal SD",50,"50, 50, 50, 50",4,1,1.6,"0.00, 0.25, 0.50, 0.75","ordered",79,202609359,"1.000000000000000,1.414213562373095,2.000000000000000,2.236067977499790","F","KW",1000,912,220,8
"balanced n, unequal SD",50,"50, 50, 50, 50",4,1,1.6,"0.00, 0.25, 0.50, 0.75","ordered",79,202609359,"1.000000000000000,1.414213562373095,2.000000000000000,2.236067977499790","W","F",1000,0,0,0
"balanced n, unequal SD",50,"50, 50, 50, 50",4,1,1.6,"0.00, 0.25, 0.50, 0.75","ordered",79,202609359,"1.000000000000000,1.414213562373095,2.000000000000000,2.236067977499790","W","W",1000,88,0,0
"balanced n, unequal SD",50,"50, 50, 50, 50",4,1,1.6,"0.00, 0.25, 0.50, 0.75","ordered",79,202609359,"1.000000000000000,1.414213562373095,2.000000000000000,2.236067977499790","W","KW",1000,912,278,4
"balanced n, unequal SD",50,"50, 50, 50, 50",4,1,1.6,"0.00, 0.25, 0.50, 0.75","ordered",79,202609359,"1.000000000000000,1.414213562373095,2.000000000000000,2.236067977499790","KW","F",1000,0,0,0
"balanced n, unequal SD",50,"50, 50, 50, 50",4,1,1.6,"0.00, 0.25, 0.50, 0.75","ordered",79,202609359,"1.000000000000000,1.414213562373095,2.000000000000000,2.236067977499790","KW","W",1000,88,0,27
"balanced n, unequal SD",50,"50, 50, 50, 50",4,1,1.6,"0.00, 0.25, 0.50, 0.75","ordered",79,202609359,"1.000000000000000,1.414213562373095,2.000000000000000,2.236067977499790","KW","KW",1000,912,0,0
"balanced n, unequal SD",50,"50, 50, 50, 50",5,2,6.6,"0.00, 0.25, 0.50, 0.75","ordered",80,202609360,"1.000000000000000,1.414213562373095,2.000000000000000,2.236067977499790","F","F",1000,0,0,0
"balanced n, unequal SD",50,"50, 50, 50, 50",5,2,6.6,"0.00, 0.25, 0.50, 0.75","ordered",80,202609360,"1.000000000000000,1.414213562373095,2.000000000000000,2.236067977499790","F","W",1000,0,0,0
"balanced n, unequal SD",50,"50, 50, 50, 50",5,2,6.6,"0.00, 0.25, 0.50, 0.75","ordered",80,202609360,"1.000000000000000,1.414213562373095,2.000000000000000,2.236067977499790","F","KW",1000,1000,298,8
"balanced n, unequal SD",50,"50, 50, 50, 50",5,2,6.6,"0.00, 0.25, 0.50, 0.75","ordered",80,202609360,"1.000000000000000,1.414213562373095,2.000000000000000,2.236067977499790","W","F",1000,0,0,0
"balanced n, unequal SD",50,"50, 50, 50, 50",5,2,6.6,"0.00, 0.25, 0.50, 0.75","ordered",80,202609360,"1.000000000000000,1.414213562373095,2.000000000000000,2.236067977499790","W","W",1000,0,0,0
"balanced n, unequal SD",50,"50, 50, 50, 50",5,2,6.6,"0.00, 0.25, 0.50, 0.75","ordered",80,202609360,"1.000000000000000,1.414213562373095,2.000000000000000,2.236067977499790","W","KW",1000,1000,348,10
"balanced n, unequal SD",50,"50, 50, 50, 50",5,2,6.6,"0.00, 0.25, 0.50, 0.75","ordered",80,202609360,"1.000000000000000,1.414213562373095,2.000000000000000,2.236067977499790","KW","F",1000,0,0,0
"balanced n, unequal SD",50,"50, 50, 50, 50",5,2,6.6,"0.00, 0.25, 0.50, 0.75","ordered",80,202609360,"1.000000000000000,1.414213562373095,2.000000000000000,2.236067977499790","KW","W",1000,0,0,0
"balanced n, unequal SD",50,"50, 50, 50, 50",5,2,6.6,"0.00, 0.25, 0.50, 0.75","ordered",80,202609360,"1.000000000000000,1.414213562373095,2.000000000000000,2.236067977499790","KW","KW",1000,1000,0,0
"balanced n, unequal SD",100,"100, 100, 100, 100",1,0,0,"0.00, 0.25, 0.50, 0.75","ordered",81,202609361,"1.000000000000000,1.414213562373095,2.000000000000000,2.236067977499790","F","F",1000,0,0,0
"balanced n, unequal SD",100,"100, 100, 100, 100",1,0,0,"0.00, 0.25, 0.50, 0.75","ordered",81,202609361,"1.000000000000000,1.414213562373095,2.000000000000000,2.236067977499790","F","W",1000,944,9,72
"balanced n, unequal SD",100,"100, 100, 100, 100",1,0,0,"0.00, 0.25, 0.50, 0.75","ordered",81,202609361,"1.000000000000000,1.414213562373095,2.000000000000000,2.236067977499790","F","KW",1000,56,4,0
"balanced n, unequal SD",100,"100, 100, 100, 100",1,0,0,"0.00, 0.25, 0.50, 0.75","ordered",81,202609361,"1.000000000000000,1.414213562373095,2.000000000000000,2.236067977499790","W","F",1000,0,0,0
"balanced n, unequal SD",100,"100, 100, 100, 100",1,0,0,"0.00, 0.25, 0.50, 0.75","ordered",81,202609361,"1.000000000000000,1.414213562373095,2.000000000000000,2.236067977499790","W","W",1000,944,0,0
"balanced n, unequal SD",100,"100, 100, 100, 100",1,0,0,"0.00, 0.25, 0.50, 0.75","ordered",81,202609361,"1.000000000000000,1.414213562373095,2.000000000000000,2.236067977499790","W","KW",1000,56,6,0
"balanced n, unequal SD",100,"100, 100, 100, 100",1,0,0,"0.00, 0.25, 0.50, 0.75","ordered",81,202609361,"1.000000000000000,1.414213562373095,2.000000000000000,2.236067977499790","KW","F",1000,0,0,0
"balanced n, unequal SD",100,"100, 100, 100, 100",1,0,0,"0.00, 0.25, 0.50, 0.75","ordered",81,202609361,"1.000000000000000,1.414213562373095,2.000000000000000,2.236067977499790","KW","W",1000,944,12,84
"balanced n, unequal SD",100,"100, 100, 100, 100",1,0,0,"0.00, 0.25, 0.50, 0.75","ordered",81,202609361,"1.000000000000000,1.414213562373095,2.000000000000000,2.236067977499790","KW","KW",1000,56,0,0
"balanced n, unequal SD",100,"100, 100, 100, 100",2,0,6,"0.00, 0.25, 0.50, 0.75","ordered",82,202609362,"1.000000000000000,1.414213562373095,2.000000000000000,2.236067977499790","F","F",1000,0,0,0
"balanced n, unequal SD",100,"100, 100, 100, 100",2,0,6,"0.00, 0.25, 0.50, 0.75","ordered",82,202609362,"1.000000000000000,1.414213562373095,2.000000000000000,2.236067977499790","F","W",1000,1,0,1
"balanced n, unequal SD",100,"100, 100, 100, 100",2,0,6,"0.00, 0.25, 0.50, 0.75","ordered",82,202609362,"1.000000000000000,1.414213562373095,2.000000000000000,2.236067977499790","F","KW",1000,999,0,172
"balanced n, unequal SD",100,"100, 100, 100, 100",2,0,6,"0.00, 0.25, 0.50, 0.75","ordered",82,202609362,"1.000000000000000,1.414213562373095,2.000000000000000,2.236067977499790","W","F",1000,0,0,0
"balanced n, unequal SD",100,"100, 100, 100, 100",2,0,6,"0.00, 0.25, 0.50, 0.75","ordered",82,202609362,"1.000000000000000,1.414213562373095,2.000000000000000,2.236067977499790","W","W",1000,1,0,0
"balanced n, unequal SD",100,"100, 100, 100, 100",2,0,6,"0.00, 0.25, 0.50, 0.75","ordered",82,202609362,"1.000000000000000,1.414213562373095,2.000000000000000,2.236067977499790","W","KW",1000,999,2,104
"balanced n, unequal SD",100,"100, 100, 100, 100",2,0,6,"0.00, 0.25, 0.50, 0.75","ordered",82,202609362,"1.000000000000000,1.414213562373095,2.000000000000000,2.236067977499790","KW","F",1000,0,0,0
"balanced n, unequal SD",100,"100, 100, 100, 100",2,0,6,"0.00, 0.25, 0.50, 0.75","ordered",82,202609362,"1.000000000000000,1.414213562373095,2.000000000000000,2.236067977499790","KW","W",1000,1,0,0
"balanced n, unequal SD",100,"100, 100, 100, 100",2,0,6,"0.00, 0.25, 0.50, 0.75","ordered",82,202609362,"1.000000000000000,1.414213562373095,2.000000000000000,2.236067977499790","KW","KW",1000,999,0,0
"balanced n, unequal SD",100,"100, 100, 100, 100",3,0.5,1,"0.00, 0.25, 0.50, 0.75","ordered",83,202609363,"1.000000000000000,1.414213562373095,2.000000000000000,2.236067977499790","F","F",1000,0,0,0
"balanced n, unequal SD",100,"100, 100, 100, 100",3,0.5,1,"0.00, 0.25, 0.50, 0.75","ordered",83,202609363,"1.000000000000000,1.414213562373095,2.000000000000000,2.236067977499790","F","W",1000,281,3,22
"balanced n, unequal SD",100,"100, 100, 100, 100",3,0.5,1,"0.00, 0.25, 0.50, 0.75","ordered",83,202609363,"1.000000000000000,1.414213562373095,2.000000000000000,2.236067977499790","F","KW",1000,719,96,7
"balanced n, unequal SD",100,"100, 100, 100, 100",3,0.5,1,"0.00, 0.25, 0.50, 0.75","ordered",83,202609363,"1.000000000000000,1.414213562373095,2.000000000000000,2.236067977499790","W","F",1000,0,0,0
"balanced n, unequal SD",100,"100, 100, 100, 100",3,0.5,1,"0.00, 0.25, 0.50, 0.75","ordered",83,202609363,"1.000000000000000,1.414213562373095,2.000000000000000,2.236067977499790","W","W",1000,281,0,0
"balanced n, unequal SD",100,"100, 100, 100, 100",3,0.5,1,"0.00, 0.25, 0.50, 0.75","ordered",83,202609363,"1.000000000000000,1.414213562373095,2.000000000000000,2.236067977499790","W","KW",1000,719,135,3
"balanced n, unequal SD",100,"100, 100, 100, 100",3,0.5,1,"0.00, 0.25, 0.50, 0.75","ordered",83,202609363,"1.000000000000000,1.414213562373095,2.000000000000000,2.236067977499790","KW","F",1000,0,0,0
"balanced n, unequal SD",100,"100, 100, 100, 100",3,0.5,1,"0.00, 0.25, 0.50, 0.75","ordered",83,202609363,"1.000000000000000,1.414213562373095,2.000000000000000,2.236067977499790","KW","W",1000,281,1,47
"balanced n, unequal SD",100,"100, 100, 100, 100",3,0.5,1,"0.00, 0.25, 0.50, 0.75","ordered",83,202609363,"1.000000000000000,1.414213562373095,2.000000000000000,2.236067977499790","KW","KW",1000,719,0,0
"balanced n, unequal SD",100,"100, 100, 100, 100",4,1,1.6,"0.00, 0.25, 0.50, 0.75","ordered",84,202609364,"1.000000000000000,1.414213562373095,2.000000000000000,2.236067977499790","F","F",1000,0,0,0
"balanced n, unequal SD",100,"100, 100, 100, 100",4,1,1.6,"0.00, 0.25, 0.50, 0.75","ordered",84,202609364,"1.000000000000000,1.414213562373095,2.000000000000000,2.236067977499790","F","W",1000,0,0,0
"balanced n, unequal SD",100,"100, 100, 100, 100",4,1,1.6,"0.00, 0.25, 0.50, 0.75","ordered",84,202609364,"1.000000000000000,1.414213562373095,2.000000000000000,2.236067977499790","F","KW",1000,1000,350,3
"balanced n, unequal SD",100,"100, 100, 100, 100",4,1,1.6,"0.00, 0.25, 0.50, 0.75","ordered",84,202609364,"1.000000000000000,1.414213562373095,2.000000000000000,2.236067977499790","W","F",1000,0,0,0
"balanced n, unequal SD",100,"100, 100, 100, 100",4,1,1.6,"0.00, 0.25, 0.50, 0.75","ordered",84,202609364,"1.000000000000000,1.414213562373095,2.000000000000000,2.236067977499790","W","W",1000,0,0,0
"balanced n, unequal SD",100,"100, 100, 100, 100",4,1,1.6,"0.00, 0.25, 0.50, 0.75","ordered",84,202609364,"1.000000000000000,1.414213562373095,2.000000000000000,2.236067977499790","W","KW",1000,1000,416,1
"balanced n, unequal SD",100,"100, 100, 100, 100",4,1,1.6,"0.00, 0.25, 0.50, 0.75","ordered",84,202609364,"1.000000000000000,1.414213562373095,2.000000000000000,2.236067977499790","KW","F",1000,0,0,0
"balanced n, unequal SD",100,"100, 100, 100, 100",4,1,1.6,"0.00, 0.25, 0.50, 0.75","ordered",84,202609364,"1.000000000000000,1.414213562373095,2.000000000000000,2.236067977499790","KW","W",1000,0,0,0
"balanced n, unequal SD",100,"100, 100, 100, 100",4,1,1.6,"0.00, 0.25, 0.50, 0.75","ordered",84,202609364,"1.000000000000000,1.414213562373095,2.000000000000000,2.236067977499790","KW","KW",1000,1000,0,0
"balanced n, unequal SD",100,"100, 100, 100, 100",5,2,6.6,"0.00, 0.25, 0.50, 0.75","ordered",85,202609365,"1.000000000000000,1.414213562373095,2.000000000000000,2.236067977499790","F","F",1000,0,0,0
"balanced n, unequal SD",100,"100, 100, 100, 100",5,2,6.6,"0.00, 0.25, 0.50, 0.75","ordered",85,202609365,"1.000000000000000,1.414213562373095,2.000000000000000,2.236067977499790","F","W",1000,0,0,0
"balanced n, unequal SD",100,"100, 100, 100, 100",5,2,6.6,"0.00, 0.25, 0.50, 0.75","ordered",85,202609365,"1.000000000000000,1.414213562373095,2.000000000000000,2.236067977499790","F","KW",1000,1000,552,1
"balanced n, unequal SD",100,"100, 100, 100, 100",5,2,6.6,"0.00, 0.25, 0.50, 0.75","ordered",85,202609365,"1.000000000000000,1.414213562373095,2.000000000000000,2.236067977499790","W","F",1000,0,0,0
"balanced n, unequal SD",100,"100, 100, 100, 100",5,2,6.6,"0.00, 0.25, 0.50, 0.75","ordered",85,202609365,"1.000000000000000,1.414213562373095,2.000000000000000,2.236067977499790","W","W",1000,0,0,0
"balanced n, unequal SD",100,"100, 100, 100, 100",5,2,6.6,"0.00, 0.25, 0.50, 0.75","ordered",85,202609365,"1.000000000000000,1.414213562373095,2.000000000000000,2.236067977499790","W","KW",1000,1000,605,0
"balanced n, unequal SD",100,"100, 100, 100, 100",5,2,6.6,"0.00, 0.25, 0.50, 0.75","ordered",85,202609365,"1.000000000000000,1.414213562373095,2.000000000000000,2.236067977499790","KW","F",1000,0,0,0
"balanced n, unequal SD",100,"100, 100, 100, 100",5,2,6.6,"0.00, 0.25, 0.50, 0.75","ordered",85,202609365,"1.000000000000000,1.414213562373095,2.000000000000000,2.236067977499790","KW","W",1000,0,0,0
"balanced n, unequal SD",100,"100, 100, 100, 100",5,2,6.6,"0.00, 0.25, 0.50, 0.75","ordered",85,202609365,"1.000000000000000,1.414213562373095,2.000000000000000,2.236067977499790","KW","KW",1000,1000,0,0
"balanced n, unequal SD",200,"200, 200, 200, 200",1,0,0,"0.00, 0.25, 0.50, 0.75","ordered",86,202609366,"1.000000000000000,1.414213562373095,2.000000000000000,2.236067977499790","F","F",1000,0,0,0
"balanced n, unequal SD",200,"200, 200, 200, 200",1,0,0,"0.00, 0.25, 0.50, 0.75","ordered",86,202609366,"1.000000000000000,1.414213562373095,2.000000000000000,2.236067977499790","F","W",1000,945,0,14
"balanced n, unequal SD",200,"200, 200, 200, 200",1,0,0,"0.00, 0.25, 0.50, 0.75","ordered",86,202609366,"1.000000000000000,1.414213562373095,2.000000000000000,2.236067977499790","F","KW",1000,55,0,0
"balanced n, unequal SD",200,"200, 200, 200, 200",1,0,0,"0.00, 0.25, 0.50, 0.75","ordered",86,202609366,"1.000000000000000,1.414213562373095,2.000000000000000,2.236067977499790","W","F",1000,0,0,0
"balanced n, unequal SD",200,"200, 200, 200, 200",1,0,0,"0.00, 0.25, 0.50, 0.75","ordered",86,202609366,"1.000000000000000,1.414213562373095,2.000000000000000,2.236067977499790","W","W",1000,945,0,0
"balanced n, unequal SD",200,"200, 200, 200, 200",1,0,0,"0.00, 0.25, 0.50, 0.75","ordered",86,202609366,"1.000000000000000,1.414213562373095,2.000000000000000,2.236067977499790","W","KW",1000,55,0,0
"balanced n, unequal SD",200,"200, 200, 200, 200",1,0,0,"0.00, 0.25, 0.50, 0.75","ordered",86,202609366,"1.000000000000000,1.414213562373095,2.000000000000000,2.236067977499790","KW","F",1000,0,0,0
"balanced n, unequal SD",200,"200, 200, 200, 200",1,0,0,"0.00, 0.25, 0.50, 0.75","ordered",86,202609366,"1.000000000000000,1.414213562373095,2.000000000000000,2.236067977499790","KW","W",1000,945,1,9
"balanced n, unequal SD",200,"200, 200, 200, 200",1,0,0,"0.00, 0.25, 0.50, 0.75","ordered",86,202609366,"1.000000000000000,1.414213562373095,2.000000000000000,2.236067977499790","KW","KW",1000,55,0,0
"balanced n, unequal SD",200,"200, 200, 200, 200",2,0,6,"0.00, 0.25, 0.50, 0.75","ordered",87,202609367,"1.000000000000000,1.414213562373095,2.000000000000000,2.236067977499790","F","F",1000,0,0,0
"balanced n, unequal SD",200,"200, 200, 200, 200",2,0,6,"0.00, 0.25, 0.50, 0.75","ordered",87,202609367,"1.000000000000000,1.414213562373095,2.000000000000000,2.236067977499790","F","W",1000,0,0,0
"balanced n, unequal SD",200,"200, 200, 200, 200",2,0,6,"0.00, 0.25, 0.50, 0.75","ordered",87,202609367,"1.000000000000000,1.414213562373095,2.000000000000000,2.236067977499790","F","KW",1000,1000,0,23
"balanced n, unequal SD",200,"200, 200, 200, 200",2,0,6,"0.00, 0.25, 0.50, 0.75","ordered",87,202609367,"1.000000000000000,1.414213562373095,2.000000000000000,2.236067977499790","W","F",1000,0,0,0
"balanced n, unequal SD",200,"200, 200, 200, 200",2,0,6,"0.00, 0.25, 0.50, 0.75","ordered",87,202609367,"1.000000000000000,1.414213562373095,2.000000000000000,2.236067977499790","W","W",1000,0,0,0
"balanced n, unequal SD",200,"200, 200, 200, 200",2,0,6,"0.00, 0.25, 0.50, 0.75","ordered",87,202609367,"1.000000000000000,1.414213562373095,2.000000000000000,2.236067977499790","W","KW",1000,1000,0,4
"balanced n, unequal SD",200,"200, 200, 200, 200",2,0,6,"0.00, 0.25, 0.50, 0.75","ordered",87,202609367,"1.000000000000000,1.414213562373095,2.000000000000000,2.236067977499790","KW","F",1000,0,0,0
"balanced n, unequal SD",200,"200, 200, 200, 200",2,0,6,"0.00, 0.25, 0.50, 0.75","ordered",87,202609367,"1.000000000000000,1.414213562373095,2.000000000000000,2.236067977499790","KW","W",1000,0,0,0
"balanced n, unequal SD",200,"200, 200, 200, 200",2,0,6,"0.00, 0.25, 0.50, 0.75","ordered",87,202609367,"1.000000000000000,1.414213562373095,2.000000000000000,2.236067977499790","KW","KW",1000,1000,0,0
"balanced n, unequal SD",200,"200, 200, 200, 200",3,0.5,1,"0.00, 0.25, 0.50, 0.75","ordered",88,202609368,"1.000000000000000,1.414213562373095,2.000000000000000,2.236067977499790","F","F",1000,0,0,0
"balanced n, unequal SD",200,"200, 200, 200, 200",3,0.5,1,"0.00, 0.25, 0.50, 0.75","ordered",88,202609368,"1.000000000000000,1.414213562373095,2.000000000000000,2.236067977499790","F","W",1000,62,0,0
"balanced n, unequal SD",200,"200, 200, 200, 200",3,0.5,1,"0.00, 0.25, 0.50, 0.75","ordered",88,202609368,"1.000000000000000,1.414213562373095,2.000000000000000,2.236067977499790","F","KW",1000,938,38,0
"balanced n, unequal SD",200,"200, 200, 200, 200",3,0.5,1,"0.00, 0.25, 0.50, 0.75","ordered",88,202609368,"1.000000000000000,1.414213562373095,2.000000000000000,2.236067977499790","W","F",1000,0,0,0
"balanced n, unequal SD",200,"200, 200, 200, 200",3,0.5,1,"0.00, 0.25, 0.50, 0.75","ordered",88,202609368,"1.000000000000000,1.414213562373095,2.000000000000000,2.236067977499790","W","W",1000,62,0,0
"balanced n, unequal SD",200,"200, 200, 200, 200",3,0.5,1,"0.00, 0.25, 0.50, 0.75","ordered",88,202609368,"1.000000000000000,1.414213562373095,2.000000000000000,2.236067977499790","W","KW",1000,938,46,0
"balanced n, unequal SD",200,"200, 200, 200, 200",3,0.5,1,"0.00, 0.25, 0.50, 0.75","ordered",88,202609368,"1.000000000000000,1.414213562373095,2.000000000000000,2.236067977499790","KW","F",1000,0,0,0
"balanced n, unequal SD",200,"200, 200, 200, 200",3,0.5,1,"0.00, 0.25, 0.50, 0.75","ordered",88,202609368,"1.000000000000000,1.414213562373095,2.000000000000000,2.236067977499790","KW","W",1000,62,0,4
"balanced n, unequal SD",200,"200, 200, 200, 200",3,0.5,1,"0.00, 0.25, 0.50, 0.75","ordered",88,202609368,"1.000000000000000,1.414213562373095,2.000000000000000,2.236067977499790","KW","KW",1000,938,0,0
"balanced n, unequal SD",200,"200, 200, 200, 200",4,1,1.6,"0.00, 0.25, 0.50, 0.75","ordered",89,202609369,"1.000000000000000,1.414213562373095,2.000000000000000,2.236067977499790","F","F",1000,0,0,0
"balanced n, unequal SD",200,"200, 200, 200, 200",4,1,1.6,"0.00, 0.25, 0.50, 0.75","ordered",89,202609369,"1.000000000000000,1.414213562373095,2.000000000000000,2.236067977499790","F","W",1000,0,0,0
"balanced n, unequal SD",200,"200, 200, 200, 200",4,1,1.6,"0.00, 0.25, 0.50, 0.75","ordered",89,202609369,"1.000000000000000,1.414213562373095,2.000000000000000,2.236067977499790","F","KW",1000,1000,252,0
"balanced n, unequal SD",200,"200, 200, 200, 200",4,1,1.6,"0.00, 0.25, 0.50, 0.75","ordered",89,202609369,"1.000000000000000,1.414213562373095,2.000000000000000,2.236067977499790","W","F",1000,0,0,0
"balanced n, unequal SD",200,"200, 200, 200, 200",4,1,1.6,"0.00, 0.25, 0.50, 0.75","ordered",89,202609369,"1.000000000000000,1.414213562373095,2.000000000000000,2.236067977499790","W","W",1000,0,0,0
"balanced n, unequal SD",200,"200, 200, 200, 200",4,1,1.6,"0.00, 0.25, 0.50, 0.75","ordered",89,202609369,"1.000000000000000,1.414213562373095,2.000000000000000,2.236067977499790","W","KW",1000,1000,255,0
"balanced n, unequal SD",200,"200, 200, 200, 200",4,1,1.6,"0.00, 0.25, 0.50, 0.75","ordered",89,202609369,"1.000000000000000,1.414213562373095,2.000000000000000,2.236067977499790","KW","F",1000,0,0,0
"balanced n, unequal SD",200,"200, 200, 200, 200",4,1,1.6,"0.00, 0.25, 0.50, 0.75","ordered",89,202609369,"1.000000000000000,1.414213562373095,2.000000000000000,2.236067977499790","KW","W",1000,0,0,0
"balanced n, unequal SD",200,"200, 200, 200, 200",4,1,1.6,"0.00, 0.25, 0.50, 0.75","ordered",89,202609369,"1.000000000000000,1.414213562373095,2.000000000000000,2.236067977499790","KW","KW",1000,1000,0,0
"balanced n, unequal SD",200,"200, 200, 200, 200",5,2,6.6,"0.00, 0.25, 0.50, 0.75","ordered",90,202609370,"1.000000000000000,1.414213562373095,2.000000000000000,2.236067977499790","F","F",1000,0,0,0
"balanced n, unequal SD",200,"200, 200, 200, 200",5,2,6.6,"0.00, 0.25, 0.50, 0.75","ordered",90,202609370,"1.000000000000000,1.414213562373095,2.000000000000000,2.236067977499790","F","W",1000,0,0,0
"balanced n, unequal SD",200,"200, 200, 200, 200",5,2,6.6,"0.00, 0.25, 0.50, 0.75","ordered",90,202609370,"1.000000000000000,1.414213562373095,2.000000000000000,2.236067977499790","F","KW",1000,1000,538,0
"balanced n, unequal SD",200,"200, 200, 200, 200",5,2,6.6,"0.00, 0.25, 0.50, 0.75","ordered",90,202609370,"1.000000000000000,1.414213562373095,2.000000000000000,2.236067977499790","W","F",1000,0,0,0
"balanced n, unequal SD",200,"200, 200, 200, 200",5,2,6.6,"0.00, 0.25, 0.50, 0.75","ordered",90,202609370,"1.000000000000000,1.414213562373095,2.000000000000000,2.236067977499790","W","W",1000,0,0,0
"balanced n, unequal SD",200,"200, 200, 200, 200",5,2,6.6,"0.00, 0.25, 0.50, 0.75","ordered",90,202609370,"1.000000000000000,1.414213562373095,2.000000000000000,2.236067977499790","W","KW",1000,1000,547,0
"balanced n, unequal SD",200,"200, 200, 200, 200",5,2,6.6,"0.00, 0.25, 0.50, 0.75","ordered",90,202609370,"1.000000000000000,1.414213562373095,2.000000000000000,2.236067977499790","KW","F",1000,0,0,0
"balanced n, unequal SD",200,"200, 200, 200, 200",5,2,6.6,"0.00, 0.25, 0.50, 0.75","ordered",90,202609370,"1.000000000000000,1.414213562373095,2.000000000000000,2.236067977499790","KW","W",1000,0,0,0
"balanced n, unequal SD",200,"200, 200, 200, 200",5,2,6.6,"0.00, 0.25, 0.50, 0.75","ordered",90,202609370,"1.000000000000000,1.414213562373095,2.000000000000000,2.236067977499790","KW","KW",1000,1000,0,0
"unbalanced n, larger n with larger SD",10,"5, 8, 12, 15",1,0,0,"0.00, 0.25, 0.50, 0.75","ordered",91,202609371,"1.000000000000000,1.414213562373095,2.000000000000000,2.236067977499790","F","F",1000,697,0,0
"unbalanced n, larger n with larger SD",10,"5, 8, 12, 15",1,0,0,"0.00, 0.25, 0.50, 0.75","ordered",91,202609371,"1.000000000000000,1.414213562373095,2.000000000000000,2.236067977499790","F","W",1000,225,1,39
"unbalanced n, larger n with larger SD",10,"5, 8, 12, 15",1,0,0,"0.00, 0.25, 0.50, 0.75","ordered",91,202609371,"1.000000000000000,1.414213562373095,2.000000000000000,2.236067977499790","F","KW",1000,78,1,3
"unbalanced n, larger n with larger SD",10,"5, 8, 12, 15",1,0,0,"0.00, 0.25, 0.50, 0.75","ordered",91,202609371,"1.000000000000000,1.414213562373095,2.000000000000000,2.236067977499790","W","F",1000,697,60,8
"unbalanced n, larger n with larger SD",10,"5, 8, 12, 15",1,0,0,"0.00, 0.25, 0.50, 0.75","ordered",91,202609371,"1.000000000000000,1.414213562373095,2.000000000000000,2.236067977499790","W","W",1000,225,0,0
"unbalanced n, larger n with larger SD",10,"5, 8, 12, 15",1,0,0,"0.00, 0.25, 0.50, 0.75","ordered",91,202609371,"1.000000000000000,1.414213562373095,2.000000000000000,2.236067977499790","W","KW",1000,78,2,1
"unbalanced n, larger n with larger SD",10,"5, 8, 12, 15",1,0,0,"0.00, 0.25, 0.50, 0.75","ordered",91,202609371,"1.000000000000000,1.414213562373095,2.000000000000000,2.236067977499790","KW","F",1000,697,8,9
"unbalanced n, larger n with larger SD",10,"5, 8, 12, 15",1,0,0,"0.00, 0.25, 0.50, 0.75","ordered",91,202609371,"1.000000000000000,1.414213562373095,2.000000000000000,2.236067977499790","KW","W",1000,225,0,36
"unbalanced n, larger n with larger SD",10,"5, 8, 12, 15",1,0,0,"0.00, 0.25, 0.50, 0.75","ordered",91,202609371,"1.000000000000000,1.414213562373095,2.000000000000000,2.236067977499790","KW","KW",1000,78,0,0
"unbalanced n, larger n with larger SD",10,"5, 8, 12, 15",2,0,6,"0.00, 0.25, 0.50, 0.75","ordered",92,202609372,"1.000000000000000,1.414213562373095,2.000000000000000,2.236067977499790","F","F",1000,422,0,0
"unbalanced n, larger n with larger SD",10,"5, 8, 12, 15",2,0,6,"0.00, 0.25, 0.50, 0.75","ordered",92,202609372,"1.000000000000000,1.414213562373095,2.000000000000000,2.236067977499790","F","W",1000,100,3,10
"unbalanced n, larger n with larger SD",10,"5, 8, 12, 15",2,0,6,"0.00, 0.25, 0.50, 0.75","ordered",92,202609372,"1.000000000000000,1.414213562373095,2.000000000000000,2.236067977499790","F","KW",1000,478,2,24
"unbalanced n, larger n with larger SD",10,"5, 8, 12, 15",2,0,6,"0.00, 0.25, 0.50, 0.75","ordered",92,202609372,"1.000000000000000,1.414213562373095,2.000000000000000,2.236067977499790","W","F",1000,422,25,12
"unbalanced n, larger n with larger SD",10,"5, 8, 12, 15",2,0,6,"0.00, 0.25, 0.50, 0.75","ordered",92,202609372,"1.000000000000000,1.414213562373095,2.000000000000000,2.236067977499790","W","W",1000,100,0,0
"unbalanced n, larger n with larger SD",10,"5, 8, 12, 15",2,0,6,"0.00, 0.25, 0.50, 0.75","ordered",92,202609372,"1.000000000000000,1.414213562373095,2.000000000000000,2.236067977499790","W","KW",1000,478,25,13
"unbalanced n, larger n with larger SD",10,"5, 8, 12, 15",2,0,6,"0.00, 0.25, 0.50, 0.75","ordered",92,202609372,"1.000000000000000,1.414213562373095,2.000000000000000,2.236067977499790","KW","F",1000,422,7,11
"unbalanced n, larger n with larger SD",10,"5, 8, 12, 15",2,0,6,"0.00, 0.25, 0.50, 0.75","ordered",92,202609372,"1.000000000000000,1.414213562373095,2.000000000000000,2.236067977499790","KW","W",1000,100,0,11
"unbalanced n, larger n with larger SD",10,"5, 8, 12, 15",2,0,6,"0.00, 0.25, 0.50, 0.75","ordered",92,202609372,"1.000000000000000,1.414213562373095,2.000000000000000,2.236067977499790","KW","KW",1000,478,0,0
"unbalanced n, larger n with larger SD",10,"5, 8, 12, 15",3,0.5,1,"0.00, 0.25, 0.50, 0.75","ordered",93,202609373,"1.000000000000000,1.414213562373095,2.000000000000000,2.236067977499790","F","F",1000,582,0,0
"unbalanced n, larger n with larger SD",10,"5, 8, 12, 15",3,0.5,1,"0.00, 0.25, 0.50, 0.75","ordered",93,202609373,"1.000000000000000,1.414213562373095,2.000000000000000,2.236067977499790","F","W",1000,212,0,31
"unbalanced n, larger n with larger SD",10,"5, 8, 12, 15",3,0.5,1,"0.00, 0.25, 0.50, 0.75","ordered",93,202609373,"1.000000000000000,1.414213562373095,2.000000000000000,2.236067977499790","F","KW",1000,206,2,5
"unbalanced n, larger n with larger SD",10,"5, 8, 12, 15",3,0.5,1,"0.00, 0.25, 0.50, 0.75","ordered",93,202609373,"1.000000000000000,1.414213562373095,2.000000000000000,2.236067977499790","W","F",1000,582,24,6
"unbalanced n, larger n with larger SD",10,"5, 8, 12, 15",3,0.5,1,"0.00, 0.25, 0.50, 0.75","ordered",93,202609373,"1.000000000000000,1.414213562373095,2.000000000000000,2.236067977499790","W","W",1000,212,0,0
"unbalanced n, larger n with larger SD",10,"5, 8, 12, 15",3,0.5,1,"0.00, 0.25, 0.50, 0.75","ordered",93,202609373,"1.000000000000000,1.414213562373095,2.000000000000000,2.236067977499790","W","KW",1000,206,16,0
"unbalanced n, larger n with larger SD",10,"5, 8, 12, 15",3,0.5,1,"0.00, 0.25, 0.50, 0.75","ordered",93,202609373,"1.000000000000000,1.414213562373095,2.000000000000000,2.236067977499790","KW","F",1000,582,6,6
"unbalanced n, larger n with larger SD",10,"5, 8, 12, 15",3,0.5,1,"0.00, 0.25, 0.50, 0.75","ordered",93,202609373,"1.000000000000000,1.414213562373095,2.000000000000000,2.236067977499790","KW","W",1000,212,1,30
"unbalanced n, larger n with larger SD",10,"5, 8, 12, 15",3,0.5,1,"0.00, 0.25, 0.50, 0.75","ordered",93,202609373,"1.000000000000000,1.414213562373095,2.000000000000000,2.236067977499790","KW","KW",1000,206,0,0
"unbalanced n, larger n with larger SD",10,"5, 8, 12, 15",4,1,1.6,"0.00, 0.25, 0.50, 0.75","ordered",94,202609374,"1.000000000000000,1.414213562373095,2.000000000000000,2.236067977499790","F","F",1000,410,0,0
"unbalanced n, larger n with larger SD",10,"5, 8, 12, 15",4,1,1.6,"0.00, 0.25, 0.50, 0.75","ordered",94,202609374,"1.000000000000000,1.414213562373095,2.000000000000000,2.236067977499790","F","W",1000,235,4,38
"unbalanced n, larger n with larger SD",10,"5, 8, 12, 15",4,1,1.6,"0.00, 0.25, 0.50, 0.75","ordered",94,202609374,"1.000000000000000,1.414213562373095,2.000000000000000,2.236067977499790","F","KW",1000,355,2,7
"unbalanced n, larger n with larger SD",10,"5, 8, 12, 15",4,1,1.6,"0.00, 0.25, 0.50, 0.75","ordered",94,202609374,"1.000000000000000,1.414213562373095,2.000000000000000,2.236067977499790","W","F",1000,410,39,3
"unbalanced n, larger n with larger SD",10,"5, 8, 12, 15",4,1,1.6,"0.00, 0.25, 0.50, 0.75","ordered",94,202609374,"1.000000000000000,1.414213562373095,2.000000000000000,2.236067977499790","W","W",1000,235,0,0
"unbalanced n, larger n with larger SD",10,"5, 8, 12, 15",4,1,1.6,"0.00, 0.25, 0.50, 0.75","ordered",94,202609374,"1.000000000000000,1.414213562373095,2.000000000000000,2.236067977499790","W","KW",1000,355,17,6
"unbalanced n, larger n with larger SD",10,"5, 8, 12, 15",4,1,1.6,"0.00, 0.25, 0.50, 0.75","ordered",94,202609374,"1.000000000000000,1.414213562373095,2.000000000000000,2.236067977499790","KW","F",1000,410,4,2
"unbalanced n, larger n with larger SD",10,"5, 8, 12, 15",4,1,1.6,"0.00, 0.25, 0.50, 0.75","ordered",94,202609374,"1.000000000000000,1.414213562373095,2.000000000000000,2.236067977499790","KW","W",1000,235,2,39
"unbalanced n, larger n with larger SD",10,"5, 8, 12, 15",4,1,1.6,"0.00, 0.25, 0.50, 0.75","ordered",94,202609374,"1.000000000000000,1.414213562373095,2.000000000000000,2.236067977499790","KW","KW",1000,355,0,0
"unbalanced n, larger n with larger SD",10,"5, 8, 12, 15",5,2,6.6,"0.00, 0.25, 0.50, 0.75","ordered",95,202609375,"1.000000000000000,1.414213562373095,2.000000000000000,2.236067977499790","F","F",1000,62,0,0
"unbalanced n, larger n with larger SD",10,"5, 8, 12, 15",5,2,6.6,"0.00, 0.25, 0.50, 0.75","ordered",95,202609375,"1.000000000000000,1.414213562373095,2.000000000000000,2.236067977499790","F","W",1000,141,5,27
"unbalanced n, larger n with larger SD",10,"5, 8, 12, 15",5,2,6.6,"0.00, 0.25, 0.50, 0.75","ordered",95,202609375,"1.000000000000000,1.414213562373095,2.000000000000000,2.236067977499790","F","KW",1000,797,6,21
"unbalanced n, larger n with larger SD",10,"5, 8, 12, 15",5,2,6.6,"0.00, 0.25, 0.50, 0.75","ordered",95,202609375,"1.000000000000000,1.414213562373095,2.000000000000000,2.236067977499790","W","F",1000,62,7,2
"unbalanced n, larger n with larger SD",10,"5, 8, 12, 15",5,2,6.6,"0.00, 0.25, 0.50, 0.75","ordered",95,202609375,"1.000000000000000,1.414213562373095,2.000000000000000,2.236067977499790","W","W",1000,141,0,0
"unbalanced n, larger n with larger SD",10,"5, 8, 12, 15",5,2,6.6,"0.00, 0.25, 0.50, 0.75","ordered",95,202609375,"1.000000000000000,1.414213562373095,2.000000000000000,2.236067977499790","W","KW",1000,797,77,13
"unbalanced n, larger n with larger SD",10,"5, 8, 12, 15",5,2,6.6,"0.00, 0.25, 0.50, 0.75","ordered",95,202609375,"1.000000000000000,1.414213562373095,2.000000000000000,2.236067977499790","KW","F",1000,62,1,2
"unbalanced n, larger n with larger SD",10,"5, 8, 12, 15",5,2,6.6,"0.00, 0.25, 0.50, 0.75","ordered",95,202609375,"1.000000000000000,1.414213562373095,2.000000000000000,2.236067977499790","KW","W",1000,141,2,29
"unbalanced n, larger n with larger SD",10,"5, 8, 12, 15",5,2,6.6,"0.00, 0.25, 0.50, 0.75","ordered",95,202609375,"1.000000000000000,1.414213562373095,2.000000000000000,2.236067977499790","KW","KW",1000,797,0,0
"unbalanced n, larger n with larger SD",20,"10, 16, 24, 30",1,0,0,"0.00, 0.25, 0.50, 0.75","ordered",96,202609376,"1.000000000000000,1.414213562373095,2.000000000000000,2.236067977499790","F","F",1000,368,0,0
"unbalanced n, larger n with larger SD",20,"10, 16, 24, 30",1,0,0,"0.00, 0.25, 0.50, 0.75","ordered",96,202609376,"1.000000000000000,1.414213562373095,2.000000000000000,2.236067977499790","F","W",1000,542,7,83
"unbalanced n, larger n with larger SD",20,"10, 16, 24, 30",1,0,0,"0.00, 0.25, 0.50, 0.75","ordered",96,202609376,"1.000000000000000,1.414213562373095,2.000000000000000,2.236067977499790","F","KW",1000,90,3,5
"unbalanced n, larger n with larger SD",20,"10, 16, 24, 30",1,0,0,"0.00, 0.25, 0.50, 0.75","ordered",96,202609376,"1.000000000000000,1.414213562373095,2.000000000000000,2.236067977499790","W","F",1000,368,13,4
"unbalanced n, larger n with larger SD",20,"10, 16, 24, 30",1,0,0,"0.00, 0.25, 0.50, 0.75","ordered",96,202609376,"1.000000000000000,1.414213562373095,2.000000000000000,2.236067977499790","W","W",1000,542,0,0
"unbalanced n, larger n with larger SD",20,"10, 16, 24, 30",1,0,0,"0.00, 0.25, 0.50, 0.75","ordered",96,202609376,"1.000000000000000,1.414213562373095,2.000000000000000,2.236067977499790","W","KW",1000,90,6,3
"unbalanced n, larger n with larger SD",20,"10, 16, 24, 30",1,0,0,"0.00, 0.25, 0.50, 0.75","ordered",96,202609376,"1.000000000000000,1.414213562373095,2.000000000000000,2.236067977499790","KW","F",1000,368,10,5
"unbalanced n, larger n with larger SD",20,"10, 16, 24, 30",1,0,0,"0.00, 0.25, 0.50, 0.75","ordered",96,202609376,"1.000000000000000,1.414213562373095,2.000000000000000,2.236067977499790","KW","W",1000,542,2,74
"unbalanced n, larger n with larger SD",20,"10, 16, 24, 30",1,0,0,"0.00, 0.25, 0.50, 0.75","ordered",96,202609376,"1.000000000000000,1.414213562373095,2.000000000000000,2.236067977499790","KW","KW",1000,90,0,0
"unbalanced n, larger n with larger SD",20,"10, 16, 24, 30",2,0,6,"0.00, 0.25, 0.50, 0.75","ordered",97,202609377,"1.000000000000000,1.414213562373095,2.000000000000000,2.236067977499790","F","F",1000,117,0,0
"unbalanced n, larger n with larger SD",20,"10, 16, 24, 30",2,0,6,"0.00, 0.25, 0.50, 0.75","ordered",97,202609377,"1.000000000000000,1.414213562373095,2.000000000000000,2.236067977499790","F","W",1000,183,1,36
"unbalanced n, larger n with larger SD",20,"10, 16, 24, 30",2,0,6,"0.00, 0.25, 0.50, 0.75","ordered",97,202609377,"1.000000000000000,1.414213562373095,2.000000000000000,2.236067977499790","F","KW",1000,700,4,89
"unbalanced n, larger n with larger SD",20,"10, 16, 24, 30",2,0,6,"0.00, 0.25, 0.50, 0.75","ordered",97,202609377,"1.000000000000000,1.414213562373095,2.000000000000000,2.236067977499790","W","F",1000,117,9,0
"unbalanced n, larger n with larger SD",20,"10, 16, 24, 30",2,0,6,"0.00, 0.25, 0.50, 0.75","ordered",97,202609377,"1.000000000000000,1.414213562373095,2.000000000000000,2.236067977499790","W","W",1000,183,0,0
"unbalanced n, larger n with larger SD",20,"10, 16, 24, 30",2,0,6,"0.00, 0.25, 0.50, 0.75","ordered",97,202609377,"1.000000000000000,1.414213562373095,2.000000000000000,2.236067977499790","W","KW",1000,700,48,45
"unbalanced n, larger n with larger SD",20,"10, 16, 24, 30",2,0,6,"0.00, 0.25, 0.50, 0.75","ordered",97,202609377,"1.000000000000000,1.414213562373095,2.000000000000000,2.236067977499790","KW","F",1000,117,3,4
"unbalanced n, larger n with larger SD",20,"10, 16, 24, 30",2,0,6,"0.00, 0.25, 0.50, 0.75","ordered",97,202609377,"1.000000000000000,1.414213562373095,2.000000000000000,2.236067977499790","KW","W",1000,183,5,25
"unbalanced n, larger n with larger SD",20,"10, 16, 24, 30",2,0,6,"0.00, 0.25, 0.50, 0.75","ordered",97,202609377,"1.000000000000000,1.414213562373095,2.000000000000000,2.236067977499790","KW","KW",1000,700,0,0
"unbalanced n, larger n with larger SD",20,"10, 16, 24, 30",3,0.5,1,"0.00, 0.25, 0.50, 0.75","ordered",98,202609378,"1.000000000000000,1.414213562373095,2.000000000000000,2.236067977499790","F","F",1000,285,0,0
"unbalanced n, larger n with larger SD",20,"10, 16, 24, 30",3,0.5,1,"0.00, 0.25, 0.50, 0.75","ordered",98,202609378,"1.000000000000000,1.414213562373095,2.000000000000000,2.236067977499790","F","W",1000,431,5,86
"unbalanced n, larger n with larger SD",20,"10, 16, 24, 30",3,0.5,1,"0.00, 0.25, 0.50, 0.75","ordered",98,202609378,"1.000000000000000,1.414213562373095,2.000000000000000,2.236067977499790","F","KW",1000,284,2,12
"unbalanced n, larger n with larger SD",20,"10, 16, 24, 30",3,0.5,1,"0.00, 0.25, 0.50, 0.75","ordered",98,202609378,"1.000000000000000,1.414213562373095,2.000000000000000,2.236067977499790","W","F",1000,285,16,4
"unbalanced n, larger n with larger SD",20,"10, 16, 24, 30",3,0.5,1,"0.00, 0.25, 0.50, 0.75","ordered",98,202609378,"1.000000000000000,1.414213562373095,2.000000000000000,2.236067977499790","W","W",1000,431,0,0
"unbalanced n, larger n with larger SD",20,"10, 16, 24, 30",3,0.5,1,"0.00, 0.25, 0.50, 0.75","ordered",98,202609378,"1.000000000000000,1.414213562373095,2.000000000000000,2.236067977499790","W","KW",1000,284,29,6
"unbalanced n, larger n with larger SD",20,"10, 16, 24, 30",3,0.5,1,"0.00, 0.25, 0.50, 0.75","ordered",98,202609378,"1.000000000000000,1.414213562373095,2.000000000000000,2.236067977499790","KW","F",1000,285,7,3
"unbalanced n, larger n with larger SD",20,"10, 16, 24, 30",3,0.5,1,"0.00, 0.25, 0.50, 0.75","ordered",98,202609378,"1.000000000000000,1.414213562373095,2.000000000000000,2.236067977499790","KW","W",1000,431,1,79
"unbalanced n, larger n with larger SD",20,"10, 16, 24, 30",3,0.5,1,"0.00, 0.25, 0.50, 0.75","ordered",98,202609378,"1.000000000000000,1.414213562373095,2.000000000000000,2.236067977499790","KW","KW",1000,284,0,0
"unbalanced n, larger n with larger SD",20,"10, 16, 24, 30",4,1,1.6,"0.00, 0.25, 0.50, 0.75","ordered",99,202609379,"1.000000000000000,1.414213562373095,2.000000000000000,2.236067977499790","F","F",1000,90,0,0
"unbalanced n, larger n with larger SD",20,"10, 16, 24, 30",4,1,1.6,"0.00, 0.25, 0.50, 0.75","ordered",99,202609379,"1.000000000000000,1.414213562373095,2.000000000000000,2.236067977499790","F","W",1000,308,3,66
"unbalanced n, larger n with larger SD",20,"10, 16, 24, 30",4,1,1.6,"0.00, 0.25, 0.50, 0.75","ordered",99,202609379,"1.000000000000000,1.414213562373095,2.000000000000000,2.236067977499790","F","KW",1000,602,11,11
"unbalanced n, larger n with larger SD",20,"10, 16, 24, 30",4,1,1.6,"0.00, 0.25, 0.50, 0.75","ordered",99,202609379,"1.000000000000000,1.414213562373095,2.000000000000000,2.236067977499790","W","F",1000,90,8,1
"unbalanced n, larger n with larger SD",20,"10, 16, 24, 30",4,1,1.6,"0.00, 0.25, 0.50, 0.75","ordered",99,202609379,"1.000000000000000,1.414213562373095,2.000000000000000,2.236067977499790","W","W",1000,308,0,0
"unbalanced n, larger n with larger SD",20,"10, 16, 24, 30",4,1,1.6,"0.00, 0.25, 0.50, 0.75","ordered",99,202609379,"1.000000000000000,1.414213562373095,2.000000000000000,2.236067977499790","W","KW",1000,602,72,5
"unbalanced n, larger n with larger SD",20,"10, 16, 24, 30",4,1,1.6,"0.00, 0.25, 0.50, 0.75","ordered",99,202609379,"1.000000000000000,1.414213562373095,2.000000000000000,2.236067977499790","KW","F",1000,90,1,0
"unbalanced n, larger n with larger SD",20,"10, 16, 24, 30",4,1,1.6,"0.00, 0.25, 0.50, 0.75","ordered",99,202609379,"1.000000000000000,1.414213562373095,2.000000000000000,2.236067977499790","KW","W",1000,308,1,72
"unbalanced n, larger n with larger SD",20,"10, 16, 24, 30",4,1,1.6,"0.00, 0.25, 0.50, 0.75","ordered",99,202609379,"1.000000000000000,1.414213562373095,2.000000000000000,2.236067977499790","KW","KW",1000,602,0,0
"unbalanced n, larger n with larger SD",20,"10, 16, 24, 30",5,2,6.6,"0.00, 0.25, 0.50, 0.75","ordered",100,202609380,"1.000000000000000,1.414213562373095,2.000000000000000,2.236067977499790","F","F",1000,1,0,0
"unbalanced n, larger n with larger SD",20,"10, 16, 24, 30",5,2,6.6,"0.00, 0.25, 0.50, 0.75","ordered",100,202609380,"1.000000000000000,1.414213562373095,2.000000000000000,2.236067977499790","F","W",1000,23,1,6
"unbalanced n, larger n with larger SD",20,"10, 16, 24, 30",5,2,6.6,"0.00, 0.25, 0.50, 0.75","ordered",100,202609380,"1.000000000000000,1.414213562373095,2.000000000000000,2.236067977499790","F","KW",1000,976,40,12
"unbalanced n, larger n with larger SD",20,"10, 16, 24, 30",5,2,6.6,"0.00, 0.25, 0.50, 0.75","ordered",100,202609380,"1.000000000000000,1.414213562373095,2.000000000000000,2.236067977499790","W","F",1000,1,0,0
"unbalanced n, larger n with larger SD",20,"10, 16, 24, 30",5,2,6.6,"0.00, 0.25, 0.50, 0.75","ordered",100,202609380,"1.000000000000000,1.414213562373095,2.000000000000000,2.236067977499790","W","W",1000,23,0,0
"unbalanced n, larger n with larger SD",20,"10, 16, 24, 30",5,2,6.6,"0.00, 0.25, 0.50, 0.75","ordered",100,202609380,"1.000000000000000,1.414213562373095,2.000000000000000,2.236067977499790","W","KW",1000,976,187,4
"unbalanced n, larger n with larger SD",20,"10, 16, 24, 30",5,2,6.6,"0.00, 0.25, 0.50, 0.75","ordered",100,202609380,"1.000000000000000,1.414213562373095,2.000000000000000,2.236067977499790","KW","F",1000,1,0,0
"unbalanced n, larger n with larger SD",20,"10, 16, 24, 30",5,2,6.6,"0.00, 0.25, 0.50, 0.75","ordered",100,202609380,"1.000000000000000,1.414213562373095,2.000000000000000,2.236067977499790","KW","W",1000,23,0,9
"unbalanced n, larger n with larger SD",20,"10, 16, 24, 30",5,2,6.6,"0.00, 0.25, 0.50, 0.75","ordered",100,202609380,"1.000000000000000,1.414213562373095,2.000000000000000,2.236067977499790","KW","KW",1000,976,0,0
"unbalanced n, larger n with larger SD",30,"15, 24, 36, 45",1,0,0,"0.00, 0.25, 0.50, 0.75","ordered",101,202609381,"1.000000000000000,1.414213562373095,2.000000000000000,2.236067977499790","F","F",1000,144,0,0
"unbalanced n, larger n with larger SD",30,"15, 24, 36, 45",1,0,0,"0.00, 0.25, 0.50, 0.75","ordered",101,202609381,"1.000000000000000,1.414213562373095,2.000000000000000,2.236067977499790","F","W",1000,791,8,141
"unbalanced n, larger n with larger SD",30,"15, 24, 36, 45",1,0,0,"0.00, 0.25, 0.50, 0.75","ordered",101,202609381,"1.000000000000000,1.414213562373095,2.000000000000000,2.236067977499790","F","KW",1000,65,2,8
"unbalanced n, larger n with larger SD",30,"15, 24, 36, 45",1,0,0,"0.00, 0.25, 0.50, 0.75","ordered",101,202609381,"1.000000000000000,1.414213562373095,2.000000000000000,2.236067977499790","W","F",1000,144,15,1
"unbalanced n, larger n with larger SD",30,"15, 24, 36, 45",1,0,0,"0.00, 0.25, 0.50, 0.75","ordered",101,202609381,"1.000000000000000,1.414213562373095,2.000000000000000,2.236067977499790","W","W",1000,791,0,0
"unbalanced n, larger n with larger SD",30,"15, 24, 36, 45",1,0,0,"0.00, 0.25, 0.50, 0.75","ordered",101,202609381,"1.000000000000000,1.414213562373095,2.000000000000000,2.236067977499790","W","KW",1000,65,11,3
"unbalanced n, larger n with larger SD",30,"15, 24, 36, 45",1,0,0,"0.00, 0.25, 0.50, 0.75","ordered",101,202609381,"1.000000000000000,1.414213562373095,2.000000000000000,2.236067977499790","KW","F",1000,144,12,2
"unbalanced n, larger n with larger SD",30,"15, 24, 36, 45",1,0,0,"0.00, 0.25, 0.50, 0.75","ordered",101,202609381,"1.000000000000000,1.414213562373095,2.000000000000000,2.236067977499790","KW","W",1000,791,7,123
"unbalanced n, larger n with larger SD",30,"15, 24, 36, 45",1,0,0,"0.00, 0.25, 0.50, 0.75","ordered",101,202609381,"1.000000000000000,1.414213562373095,2.000000000000000,2.236067977499790","KW","KW",1000,65,0,0
"unbalanced n, larger n with larger SD",30,"15, 24, 36, 45",2,0,6,"0.00, 0.25, 0.50, 0.75","ordered",102,202609382,"1.000000000000000,1.414213562373095,2.000000000000000,2.236067977499790","F","F",1000,20,0,0
"unbalanced n, larger n with larger SD",30,"15, 24, 36, 45",2,0,6,"0.00, 0.25, 0.50, 0.75","ordered",102,202609382,"1.000000000000000,1.414213562373095,2.000000000000000,2.236067977499790","F","W",1000,155,2,27
"unbalanced n, larger n with larger SD",30,"15, 24, 36, 45",2,0,6,"0.00, 0.25, 0.50, 0.75","ordered",102,202609382,"1.000000000000000,1.414213562373095,2.000000000000000,2.236067977499790","F","KW",1000,825,8,146
"unbalanced n, larger n with larger SD",30,"15, 24, 36, 45",2,0,6,"0.00, 0.25, 0.50, 0.75","ordered",102,202609382,"1.000000000000000,1.414213562373095,2.000000000000000,2.236067977499790","W","F",1000,20,2,0
"unbalanced n, larger n with larger SD",30,"15, 24, 36, 45",2,0,6,"0.00, 0.25, 0.50, 0.75","ordered",102,202609382,"1.000000000000000,1.414213562373095,2.000000000000000,2.236067977499790","W","W",1000,155,0,0
"unbalanced n, larger n with larger SD",30,"15, 24, 36, 45",2,0,6,"0.00, 0.25, 0.50, 0.75","ordered",102,202609382,"1.000000000000000,1.414213562373095,2.000000000000000,2.236067977499790","W","KW",1000,825,63,52
"unbalanced n, larger n with larger SD",30,"15, 24, 36, 45",2,0,6,"0.00, 0.25, 0.50, 0.75","ordered",102,202609382,"1.000000000000000,1.414213562373095,2.000000000000000,2.236067977499790","KW","F",1000,20,0,0
"unbalanced n, larger n with larger SD",30,"15, 24, 36, 45",2,0,6,"0.00, 0.25, 0.50, 0.75","ordered",102,202609382,"1.000000000000000,1.414213562373095,2.000000000000000,2.236067977499790","KW","W",1000,155,7,13
"unbalanced n, larger n with larger SD",30,"15, 24, 36, 45",2,0,6,"0.00, 0.25, 0.50, 0.75","ordered",102,202609382,"1.000000000000000,1.414213562373095,2.000000000000000,2.236067977499790","KW","KW",1000,825,0,0
"unbalanced n, larger n with larger SD",30,"15, 24, 36, 45",3,0.5,1,"0.00, 0.25, 0.50, 0.75","ordered",103,202609383,"1.000000000000000,1.414213562373095,2.000000000000000,2.236067977499790","F","F",1000,85,0,0
"unbalanced n, larger n with larger SD",30,"15, 24, 36, 45",3,0.5,1,"0.00, 0.25, 0.50, 0.75","ordered",103,202609383,"1.000000000000000,1.414213562373095,2.000000000000000,2.236067977499790","F","W",1000,589,3,121
"unbalanced n, larger n with larger SD",30,"15, 24, 36, 45",3,0.5,1,"0.00, 0.25, 0.50, 0.75","ordered",103,202609383,"1.000000000000000,1.414213562373095,2.000000000000000,2.236067977499790","F","KW",1000,326,3,10
"unbalanced n, larger n with larger SD",30,"15, 24, 36, 45",3,0.5,1,"0.00, 0.25, 0.50, 0.75","ordered",103,202609383,"1.000000000000000,1.414213562373095,2.000000000000000,2.236067977499790","W","F",1000,85,8,0
"unbalanced n, larger n with larger SD",30,"15, 24, 36, 45",3,0.5,1,"0.00, 0.25, 0.50, 0.75","ordered",103,202609383,"1.000000000000000,1.414213562373095,2.000000000000000,2.236067977499790","W","W",1000,589,0,0
"unbalanced n, larger n with larger SD",30,"15, 24, 36, 45",3,0.5,1,"0.00, 0.25, 0.50, 0.75","ordered",103,202609383,"1.000000000000000,1.414213562373095,2.000000000000000,2.236067977499790","W","KW",1000,326,58,4
"unbalanced n, larger n with larger SD",30,"15, 24, 36, 45",3,0.5,1,"0.00, 0.25, 0.50, 0.75","ordered",103,202609383,"1.000000000000000,1.414213562373095,2.000000000000000,2.236067977499790","KW","F",1000,85,4,4
"unbalanced n, larger n with larger SD",30,"15, 24, 36, 45",3,0.5,1,"0.00, 0.25, 0.50, 0.75","ordered",103,202609383,"1.000000000000000,1.414213562373095,2.000000000000000,2.236067977499790","KW","W",1000,589,6,116
"unbalanced n, larger n with larger SD",30,"15, 24, 36, 45",3,0.5,1,"0.00, 0.25, 0.50, 0.75","ordered",103,202609383,"1.000000000000000,1.414213562373095,2.000000000000000,2.236067977499790","KW","KW",1000,326,0,0
"unbalanced n, larger n with larger SD",30,"15, 24, 36, 45",4,1,1.6,"0.00, 0.25, 0.50, 0.75","ordered",104,202609384,"1.000000000000000,1.414213562373095,2.000000000000000,2.236067977499790","F","F",1000,6,0,0
"unbalanced n, larger n with larger SD",30,"15, 24, 36, 45",4,1,1.6,"0.00, 0.25, 0.50, 0.75","ordered",104,202609384,"1.000000000000000,1.414213562373095,2.000000000000000,2.236067977499790","F","W",1000,254,1,58
"unbalanced n, larger n with larger SD",30,"15, 24, 36, 45",4,1,1.6,"0.00, 0.25, 0.50, 0.75","ordered",104,202609384,"1.000000000000000,1.414213562373095,2.000000000000000,2.236067977499790","F","KW",1000,740,32,16
"unbalanced n, larger n with larger SD",30,"15, 24, 36, 45",4,1,1.6,"0.00, 0.25, 0.50, 0.75","ordered",104,202609384,"1.000000000000000,1.414213562373095,2.000000000000000,2.236067977499790","W","F",1000,6,0,0
"unbalanced n, larger n with larger SD",30,"15, 24, 36, 45",4,1,1.6,"0.00, 0.25, 0.50, 0.75","ordered",104,202609384,"1.000000000000000,1.414213562373095,2.000000000000000,2.236067977499790","W","W",1000,254,0,0
"unbalanced n, larger n with larger SD",30,"15, 24, 36, 45",4,1,1.6,"0.00, 0.25, 0.50, 0.75","ordered",104,202609384,"1.000000000000000,1.414213562373095,2.000000000000000,2.236067977499790","W","KW",1000,740,143,5
"unbalanced n, larger n with larger SD",30,"15, 24, 36, 45",4,1,1.6,"0.00, 0.25, 0.50, 0.75","ordered",104,202609384,"1.000000000000000,1.414213562373095,2.000000000000000,2.236067977499790","KW","F",1000,6,0,0
"unbalanced n, larger n with larger SD",30,"15, 24, 36, 45",4,1,1.6,"0.00, 0.25, 0.50, 0.75","ordered",104,202609384,"1.000000000000000,1.414213562373095,2.000000000000000,2.236067977499790","KW","W",1000,254,1,69
"unbalanced n, larger n with larger SD",30,"15, 24, 36, 45",4,1,1.6,"0.00, 0.25, 0.50, 0.75","ordered",104,202609384,"1.000000000000000,1.414213562373095,2.000000000000000,2.236067977499790","KW","KW",1000,740,0,0
"unbalanced n, larger n with larger SD",30,"15, 24, 36, 45",5,2,6.6,"0.00, 0.25, 0.50, 0.75","ordered",105,202609385,"1.000000000000000,1.414213562373095,2.000000000000000,2.236067977499790","F","F",1000,0,0,0
"unbalanced n, larger n with larger SD",30,"15, 24, 36, 45",5,2,6.6,"0.00, 0.25, 0.50, 0.75","ordered",105,202609385,"1.000000000000000,1.414213562373095,2.000000000000000,2.236067977499790","F","W",1000,1,0,0
"unbalanced n, larger n with larger SD",30,"15, 24, 36, 45",5,2,6.6,"0.00, 0.25, 0.50, 0.75","ordered",105,202609385,"1.000000000000000,1.414213562373095,2.000000000000000,2.236067977499790","F","KW",1000,999,58,10
"unbalanced n, larger n with larger SD",30,"15, 24, 36, 45",5,2,6.6,"0.00, 0.25, 0.50, 0.75","ordered",105,202609385,"1.000000000000000,1.414213562373095,2.000000000000000,2.236067977499790","W","F",1000,0,0,0
"unbalanced n, larger n with larger SD",30,"15, 24, 36, 45",5,2,6.6,"0.00, 0.25, 0.50, 0.75","ordered",105,202609385,"1.000000000000000,1.414213562373095,2.000000000000000,2.236067977499790","W","W",1000,1,0,0
"unbalanced n, larger n with larger SD",30,"15, 24, 36, 45",5,2,6.6,"0.00, 0.25, 0.50, 0.75","ordered",105,202609385,"1.000000000000000,1.414213562373095,2.000000000000000,2.236067977499790","W","KW",1000,999,274,6
"unbalanced n, larger n with larger SD",30,"15, 24, 36, 45",5,2,6.6,"0.00, 0.25, 0.50, 0.75","ordered",105,202609385,"1.000000000000000,1.414213562373095,2.000000000000000,2.236067977499790","KW","F",1000,0,0,0
"unbalanced n, larger n with larger SD",30,"15, 24, 36, 45",5,2,6.6,"0.00, 0.25, 0.50, 0.75","ordered",105,202609385,"1.000000000000000,1.414213562373095,2.000000000000000,2.236067977499790","KW","W",1000,1,0,0
"unbalanced n, larger n with larger SD",30,"15, 24, 36, 45",5,2,6.6,"0.00, 0.25, 0.50, 0.75","ordered",105,202609385,"1.000000000000000,1.414213562373095,2.000000000000000,2.236067977499790","KW","KW",1000,999,0,0
"unbalanced n, larger n with larger SD",50,"25, 40, 60, 75",1,0,0,"0.00, 0.25, 0.50, 0.75","ordered",106,202609386,"1.000000000000000,1.414213562373095,2.000000000000000,2.236067977499790","F","F",1000,4,0,0
"unbalanced n, larger n with larger SD",50,"25, 40, 60, 75",1,0,0,"0.00, 0.25, 0.50, 0.75","ordered",106,202609386,"1.000000000000000,1.414213562373095,2.000000000000000,2.236067977499790","F","W",1000,939,4,218
"unbalanced n, larger n with larger SD",50,"25, 40, 60, 75",1,0,0,"0.00, 0.25, 0.50, 0.75","ordered",106,202609386,"1.000000000000000,1.414213562373095,2.000000000000000,2.236067977499790","F","KW",1000,57,2,7
"unbalanced n, larger n with larger SD",50,"25, 40, 60, 75",1,0,0,"0.00, 0.25, 0.50, 0.75","ordered",106,202609386,"1.000000000000000,1.414213562373095,2.000000000000000,2.236067977499790","W","F",1000,4,1,0
"unbalanced n, larger n with larger SD",50,"25, 40, 60, 75",1,0,0,"0.00, 0.25, 0.50, 0.75","ordered",106,202609386,"1.000000000000000,1.414213562373095,2.000000000000000,2.236067977499790","W","W",1000,939,0,0
"unbalanced n, larger n with larger SD",50,"25, 40, 60, 75",1,0,0,"0.00, 0.25, 0.50, 0.75","ordered",106,202609386,"1.000000000000000,1.414213562373095,2.000000000000000,2.236067977499790","W","KW",1000,57,9,0
"unbalanced n, larger n with larger SD",50,"25, 40, 60, 75",1,0,0,"0.00, 0.25, 0.50, 0.75","ordered",106,202609386,"1.000000000000000,1.414213562373095,2.000000000000000,2.236067977499790","KW","F",1000,4,0,0
"unbalanced n, larger n with larger SD",50,"25, 40, 60, 75",1,0,0,"0.00, 0.25, 0.50, 0.75","ordered",106,202609386,"1.000000000000000,1.414213562373095,2.000000000000000,2.236067977499790","KW","W",1000,939,8,191
"unbalanced n, larger n with larger SD",50,"25, 40, 60, 75",1,0,0,"0.00, 0.25, 0.50, 0.75","ordered",106,202609386,"1.000000000000000,1.414213562373095,2.000000000000000,2.236067977499790","KW","KW",1000,57,0,0
"unbalanced n, larger n with larger SD",50,"25, 40, 60, 75",2,0,6,"0.00, 0.25, 0.50, 0.75","ordered",107,202609387,"1.000000000000000,1.414213562373095,2.000000000000000,2.236067977499790","F","F",1000,1,0,0
"unbalanced n, larger n with larger SD",50,"25, 40, 60, 75",2,0,6,"0.00, 0.25, 0.50, 0.75","ordered",107,202609387,"1.000000000000000,1.414213562373095,2.000000000000000,2.236067977499790","F","W",1000,72,0,24
"unbalanced n, larger n with larger SD",50,"25, 40, 60, 75",2,0,6,"0.00, 0.25, 0.50, 0.75","ordered",107,202609387,"1.000000000000000,1.414213562373095,2.000000000000000,2.236067977499790","F","KW",1000,927,5,263
"unbalanced n, larger n with larger SD",50,"25, 40, 60, 75",2,0,6,"0.00, 0.25, 0.50, 0.75","ordered",107,202609387,"1.000000000000000,1.414213562373095,2.000000000000000,2.236067977499790","W","F",1000,1,0,0
"unbalanced n, larger n with larger SD",50,"25, 40, 60, 75",2,0,6,"0.00, 0.25, 0.50, 0.75","ordered",107,202609387,"1.000000000000000,1.414213562373095,2.000000000000000,2.236067977499790","W","W",1000,72,0,0
"unbalanced n, larger n with larger SD",50,"25, 40, 60, 75",2,0,6,"0.00, 0.25, 0.50, 0.75","ordered",107,202609387,"1.000000000000000,1.414213562373095,2.000000000000000,2.236067977499790","W","KW",1000,927,60,91
"unbalanced n, larger n with larger SD",50,"25, 40, 60, 75",2,0,6,"0.00, 0.25, 0.50, 0.75","ordered",107,202609387,"1.000000000000000,1.414213562373095,2.000000000000000,2.236067977499790","KW","F",1000,1,0,0
"unbalanced n, larger n with larger SD",50,"25, 40, 60, 75",2,0,6,"0.00, 0.25, 0.50, 0.75","ordered",107,202609387,"1.000000000000000,1.414213562373095,2.000000000000000,2.236067977499790","KW","W",1000,72,0,11
"unbalanced n, larger n with larger SD",50,"25, 40, 60, 75",2,0,6,"0.00, 0.25, 0.50, 0.75","ordered",107,202609387,"1.000000000000000,1.414213562373095,2.000000000000000,2.236067977499790","KW","KW",1000,927,0,0
"unbalanced n, larger n with larger SD",50,"25, 40, 60, 75",3,0.5,1,"0.00, 0.25, 0.50, 0.75","ordered",108,202609388,"1.000000000000000,1.414213562373095,2.000000000000000,2.236067977499790","F","F",1000,5,0,0
"unbalanced n, larger n with larger SD",50,"25, 40, 60, 75",3,0.5,1,"0.00, 0.25, 0.50, 0.75","ordered",108,202609388,"1.000000000000000,1.414213562373095,2.000000000000000,2.236067977499790","F","W",1000,556,7,140
"unbalanced n, larger n with larger SD",50,"25, 40, 60, 75",3,0.5,1,"0.00, 0.25, 0.50, 0.75","ordered",108,202609388,"1.000000000000000,1.414213562373095,2.000000000000000,2.236067977499790","F","KW",1000,439,23,25
"unbalanced n, larger n with larger SD",50,"25, 40, 60, 75",3,0.5,1,"0.00, 0.25, 0.50, 0.75","ordered",108,202609388,"1.000000000000000,1.414213562373095,2.000000000000000,2.236067977499790","W","F",1000,5,0,0
"unbalanced n, larger n with larger SD",50,"25, 40, 60, 75",3,0.5,1,"0.00, 0.25, 0.50, 0.75","ordered",108,202609388,"1.000000000000000,1.414213562373095,2.000000000000000,2.236067977499790","W","W",1000,556,0,0
"unbalanced n, larger n with larger SD",50,"25, 40, 60, 75",3,0.5,1,"0.00, 0.25, 0.50, 0.75","ordered",108,202609388,"1.000000000000000,1.414213562373095,2.000000000000000,2.236067977499790","W","KW",1000,439,106,3
"unbalanced n, larger n with larger SD",50,"25, 40, 60, 75",3,0.5,1,"0.00, 0.25, 0.50, 0.75","ordered",108,202609388,"1.000000000000000,1.414213562373095,2.000000000000000,2.236067977499790","KW","F",1000,5,0,0
"unbalanced n, larger n with larger SD",50,"25, 40, 60, 75",3,0.5,1,"0.00, 0.25, 0.50, 0.75","ordered",108,202609388,"1.000000000000000,1.414213562373095,2.000000000000000,2.236067977499790","KW","W",1000,556,4,130
"unbalanced n, larger n with larger SD",50,"25, 40, 60, 75",3,0.5,1,"0.00, 0.25, 0.50, 0.75","ordered",108,202609388,"1.000000000000000,1.414213562373095,2.000000000000000,2.236067977499790","KW","KW",1000,439,0,0
"unbalanced n, larger n with larger SD",50,"25, 40, 60, 75",4,1,1.6,"0.00, 0.25, 0.50, 0.75","ordered",109,202609389,"1.000000000000000,1.414213562373095,2.000000000000000,2.236067977499790","F","F",1000,0,0,0
"unbalanced n, larger n with larger SD",50,"25, 40, 60, 75",4,1,1.6,"0.00, 0.25, 0.50, 0.75","ordered",109,202609389,"1.000000000000000,1.414213562373095,2.000000000000000,2.236067977499790","F","W",1000,80,0,17
"unbalanced n, larger n with larger SD",50,"25, 40, 60, 75",4,1,1.6,"0.00, 0.25, 0.50, 0.75","ordered",109,202609389,"1.000000000000000,1.414213562373095,2.000000000000000,2.236067977499790","F","KW",1000,920,116,8
"unbalanced n, larger n with larger SD",50,"25, 40, 60, 75",4,1,1.6,"0.00, 0.25, 0.50, 0.75","ordered",109,202609389,"1.000000000000000,1.414213562373095,2.000000000000000,2.236067977499790","W","F",1000,0,0,0
"unbalanced n, larger n with larger SD",50,"25, 40, 60, 75",4,1,1.6,"0.00, 0.25, 0.50, 0.75","ordered",109,202609389,"1.000000000000000,1.414213562373095,2.000000000000000,2.236067977499790","W","W",1000,80,0,0
"unbalanced n, larger n with larger SD",50,"25, 40, 60, 75",4,1,1.6,"0.00, 0.25, 0.50, 0.75","ordered",109,202609389,"1.000000000000000,1.414213562373095,2.000000000000000,2.236067977499790","W","KW",1000,920,331,0
"unbalanced n, larger n with larger SD",50,"25, 40, 60, 75",4,1,1.6,"0.00, 0.25, 0.50, 0.75","ordered",109,202609389,"1.000000000000000,1.414213562373095,2.000000000000000,2.236067977499790","KW","F",1000,0,0,0
"unbalanced n, larger n with larger SD",50,"25, 40, 60, 75",4,1,1.6,"0.00, 0.25, 0.50, 0.75","ordered",109,202609389,"1.000000000000000,1.414213562373095,2.000000000000000,2.236067977499790","KW","W",1000,80,0,32
"unbalanced n, larger n with larger SD",50,"25, 40, 60, 75",4,1,1.6,"0.00, 0.25, 0.50, 0.75","ordered",109,202609389,"1.000000000000000,1.414213562373095,2.000000000000000,2.236067977499790","KW","KW",1000,920,0,0
"unbalanced n, larger n with larger SD",50,"25, 40, 60, 75",5,2,6.6,"0.00, 0.25, 0.50, 0.75","ordered",110,202609390,"1.000000000000000,1.414213562373095,2.000000000000000,2.236067977499790","F","F",1000,0,0,0
"unbalanced n, larger n with larger SD",50,"25, 40, 60, 75",5,2,6.6,"0.00, 0.25, 0.50, 0.75","ordered",110,202609390,"1.000000000000000,1.414213562373095,2.000000000000000,2.236067977499790","F","W",1000,0,0,0
"unbalanced n, larger n with larger SD",50,"25, 40, 60, 75",5,2,6.6,"0.00, 0.25, 0.50, 0.75","ordered",110,202609390,"1.000000000000000,1.414213562373095,2.000000000000000,2.236067977499790","F","KW",1000,1000,152,10
"unbalanced n, larger n with larger SD",50,"25, 40, 60, 75",5,2,6.6,"0.00, 0.25, 0.50, 0.75","ordered",110,202609390,"1.000000000000000,1.414213562373095,2.000000000000000,2.236067977499790","W","F",1000,0,0,0
"unbalanced n, larger n with larger SD",50,"25, 40, 60, 75",5,2,6.6,"0.00, 0.25, 0.50, 0.75","ordered",110,202609390,"1.000000000000000,1.414213562373095,2.000000000000000,2.236067977499790","W","W",1000,0,0,0
"unbalanced n, larger n with larger SD",50,"25, 40, 60, 75",5,2,6.6,"0.00, 0.25, 0.50, 0.75","ordered",110,202609390,"1.000000000000000,1.414213562373095,2.000000000000000,2.236067977499790","W","KW",1000,1000,438,5
"unbalanced n, larger n with larger SD",50,"25, 40, 60, 75",5,2,6.6,"0.00, 0.25, 0.50, 0.75","ordered",110,202609390,"1.000000000000000,1.414213562373095,2.000000000000000,2.236067977499790","KW","F",1000,0,0,0
"unbalanced n, larger n with larger SD",50,"25, 40, 60, 75",5,2,6.6,"0.00, 0.25, 0.50, 0.75","ordered",110,202609390,"1.000000000000000,1.414213562373095,2.000000000000000,2.236067977499790","KW","W",1000,0,0,0
"unbalanced n, larger n with larger SD",50,"25, 40, 60, 75",5,2,6.6,"0.00, 0.25, 0.50, 0.75","ordered",110,202609390,"1.000000000000000,1.414213562373095,2.000000000000000,2.236067977499790","KW","KW",1000,1000,0,0
"unbalanced n, larger n with larger SD",100,"50, 80, 120, 150",1,0,0,"0.00, 0.25, 0.50, 0.75","ordered",111,202609391,"1.000000000000000,1.414213562373095,2.000000000000000,2.236067977499790","F","F",1000,0,0,0
"unbalanced n, larger n with larger SD",100,"50, 80, 120, 150",1,0,0,"0.00, 0.25, 0.50, 0.75","ordered",111,202609391,"1.000000000000000,1.414213562373095,2.000000000000000,2.236067977499790","F","W",1000,950,2,233
"unbalanced n, larger n with larger SD",100,"50, 80, 120, 150",1,0,0,"0.00, 0.25, 0.50, 0.75","ordered",111,202609391,"1.000000000000000,1.414213562373095,2.000000000000000,2.236067977499790","F","KW",1000,50,1,7
"unbalanced n, larger n with larger SD",100,"50, 80, 120, 150",1,0,0,"0.00, 0.25, 0.50, 0.75","ordered",111,202609391,"1.000000000000000,1.414213562373095,2.000000000000000,2.236067977499790","W","F",1000,0,0,0
"unbalanced n, larger n with larger SD",100,"50, 80, 120, 150",1,0,0,"0.00, 0.25, 0.50, 0.75","ordered",111,202609391,"1.000000000000000,1.414213562373095,2.000000000000000,2.236067977499790","W","W",1000,950,0,0
"unbalanced n, larger n with larger SD",100,"50, 80, 120, 150",1,0,0,"0.00, 0.25, 0.50, 0.75","ordered",111,202609391,"1.000000000000000,1.414213562373095,2.000000000000000,2.236067977499790","W","KW",1000,50,7,0
"unbalanced n, larger n with larger SD",100,"50, 80, 120, 150",1,0,0,"0.00, 0.25, 0.50, 0.75","ordered",111,202609391,"1.000000000000000,1.414213562373095,2.000000000000000,2.236067977499790","KW","F",1000,0,0,0
"unbalanced n, larger n with larger SD",100,"50, 80, 120, 150",1,0,0,"0.00, 0.25, 0.50, 0.75","ordered",111,202609391,"1.000000000000000,1.414213562373095,2.000000000000000,2.236067977499790","KW","W",1000,950,10,157
"unbalanced n, larger n with larger SD",100,"50, 80, 120, 150",1,0,0,"0.00, 0.25, 0.50, 0.75","ordered",111,202609391,"1.000000000000000,1.414213562373095,2.000000000000000,2.236067977499790","KW","KW",1000,50,0,0
"unbalanced n, larger n with larger SD",100,"50, 80, 120, 150",2,0,6,"0.00, 0.25, 0.50, 0.75","ordered",112,202609392,"1.000000000000000,1.414213562373095,2.000000000000000,2.236067977499790","F","F",1000,0,0,0
"unbalanced n, larger n with larger SD",100,"50, 80, 120, 150",2,0,6,"0.00, 0.25, 0.50, 0.75","ordered",112,202609392,"1.000000000000000,1.414213562373095,2.000000000000000,2.236067977499790","F","W",1000,2,0,0
"unbalanced n, larger n with larger SD",100,"50, 80, 120, 150",2,0,6,"0.00, 0.25, 0.50, 0.75","ordered",112,202609392,"1.000000000000000,1.414213562373095,2.000000000000000,2.236067977499790","F","KW",1000,998,2,321
"unbalanced n, larger n with larger SD",100,"50, 80, 120, 150",2,0,6,"0.00, 0.25, 0.50, 0.75","ordered",112,202609392,"1.000000000000000,1.414213562373095,2.000000000000000,2.236067977499790","W","F",1000,0,0,0
"unbalanced n, larger n with larger SD",100,"50, 80, 120, 150",2,0,6,"0.00, 0.25, 0.50, 0.75","ordered",112,202609392,"1.000000000000000,1.414213562373095,2.000000000000000,2.236067977499790","W","W",1000,2,0,0
"unbalanced n, larger n with larger SD",100,"50, 80, 120, 150",2,0,6,"0.00, 0.25, 0.50, 0.75","ordered",112,202609392,"1.000000000000000,1.414213562373095,2.000000000000000,2.236067977499790","W","KW",1000,998,14,111
"unbalanced n, larger n with larger SD",100,"50, 80, 120, 150",2,0,6,"0.00, 0.25, 0.50, 0.75","ordered",112,202609392,"1.000000000000000,1.414213562373095,2.000000000000000,2.236067977499790","KW","F",1000,0,0,0
"unbalanced n, larger n with larger SD",100,"50, 80, 120, 150",2,0,6,"0.00, 0.25, 0.50, 0.75","ordered",112,202609392,"1.000000000000000,1.414213562373095,2.000000000000000,2.236067977499790","KW","W",1000,2,0,0
"unbalanced n, larger n with larger SD",100,"50, 80, 120, 150",2,0,6,"0.00, 0.25, 0.50, 0.75","ordered",112,202609392,"1.000000000000000,1.414213562373095,2.000000000000000,2.236067977499790","KW","KW",1000,998,0,0
"unbalanced n, larger n with larger SD",100,"50, 80, 120, 150",3,0.5,1,"0.00, 0.25, 0.50, 0.75","ordered",113,202609393,"1.000000000000000,1.414213562373095,2.000000000000000,2.236067977499790","F","F",1000,0,0,0
"unbalanced n, larger n with larger SD",100,"50, 80, 120, 150",3,0.5,1,"0.00, 0.25, 0.50, 0.75","ordered",113,202609393,"1.000000000000000,1.414213562373095,2.000000000000000,2.236067977499790","F","W",1000,280,0,69
"unbalanced n, larger n with larger SD",100,"50, 80, 120, 150",3,0.5,1,"0.00, 0.25, 0.50, 0.75","ordered",113,202609393,"1.000000000000000,1.414213562373095,2.000000000000000,2.236067977499790","F","KW",1000,720,66,31
"unbalanced n, larger n with larger SD",100,"50, 80, 120, 150",3,0.5,1,"0.00, 0.25, 0.50, 0.75","ordered",113,202609393,"1.000000000000000,1.414213562373095,2.000000000000000,2.236067977499790","W","F",1000,0,0,0
"unbalanced n, larger n with larger SD",100,"50, 80, 120, 150",3,0.5,1,"0.00, 0.25, 0.50, 0.75","ordered",113,202609393,"1.000000000000000,1.414213562373095,2.000000000000000,2.236067977499790","W","W",1000,280,0,0
"unbalanced n, larger n with larger SD",100,"50, 80, 120, 150",3,0.5,1,"0.00, 0.25, 0.50, 0.75","ordered",113,202609393,"1.000000000000000,1.414213562373095,2.000000000000000,2.236067977499790","W","KW",1000,720,228,0
"unbalanced n, larger n with larger SD",100,"50, 80, 120, 150",3,0.5,1,"0.00, 0.25, 0.50, 0.75","ordered",113,202609393,"1.000000000000000,1.414213562373095,2.000000000000000,2.236067977499790","KW","F",1000,0,0,0
"unbalanced n, larger n with larger SD",100,"50, 80, 120, 150",3,0.5,1,"0.00, 0.25, 0.50, 0.75","ordered",113,202609393,"1.000000000000000,1.414213562373095,2.000000000000000,2.236067977499790","KW","W",1000,280,0,76
"unbalanced n, larger n with larger SD",100,"50, 80, 120, 150",3,0.5,1,"0.00, 0.25, 0.50, 0.75","ordered",113,202609393,"1.000000000000000,1.414213562373095,2.000000000000000,2.236067977499790","KW","KW",1000,720,0,0
"unbalanced n, larger n with larger SD",100,"50, 80, 120, 150",4,1,1.6,"0.00, 0.25, 0.50, 0.75","ordered",114,202609394,"1.000000000000000,1.414213562373095,2.000000000000000,2.236067977499790","F","F",1000,0,0,0
"unbalanced n, larger n with larger SD",100,"50, 80, 120, 150",4,1,1.6,"0.00, 0.25, 0.50, 0.75","ordered",114,202609394,"1.000000000000000,1.414213562373095,2.000000000000000,2.236067977499790","F","W",1000,0,0,0
"unbalanced n, larger n with larger SD",100,"50, 80, 120, 150",4,1,1.6,"0.00, 0.25, 0.50, 0.75","ordered",114,202609394,"1.000000000000000,1.414213562373095,2.000000000000000,2.236067977499790","F","KW",1000,1000,278,2
"unbalanced n, larger n with larger SD",100,"50, 80, 120, 150",4,1,1.6,"0.00, 0.25, 0.50, 0.75","ordered",114,202609394,"1.000000000000000,1.414213562373095,2.000000000000000,2.236067977499790","W","F",1000,0,0,0
"unbalanced n, larger n with larger SD",100,"50, 80, 120, 150",4,1,1.6,"0.00, 0.25, 0.50, 0.75","ordered",114,202609394,"1.000000000000000,1.414213562373095,2.000000000000000,2.236067977499790","W","W",1000,0,0,0
"unbalanced n, larger n with larger SD",100,"50, 80, 120, 150",4,1,1.6,"0.00, 0.25, 0.50, 0.75","ordered",114,202609394,"1.000000000000000,1.414213562373095,2.000000000000000,2.236067977499790","W","KW",1000,1000,513,0
"unbalanced n, larger n with larger SD",100,"50, 80, 120, 150",4,1,1.6,"0.00, 0.25, 0.50, 0.75","ordered",114,202609394,"1.000000000000000,1.414213562373095,2.000000000000000,2.236067977499790","KW","F",1000,0,0,0
"unbalanced n, larger n with larger SD",100,"50, 80, 120, 150",4,1,1.6,"0.00, 0.25, 0.50, 0.75","ordered",114,202609394,"1.000000000000000,1.414213562373095,2.000000000000000,2.236067977499790","KW","W",1000,0,0,0
"unbalanced n, larger n with larger SD",100,"50, 80, 120, 150",4,1,1.6,"0.00, 0.25, 0.50, 0.75","ordered",114,202609394,"1.000000000000000,1.414213562373095,2.000000000000000,2.236067977499790","KW","KW",1000,1000,0,0
"unbalanced n, larger n with larger SD",100,"50, 80, 120, 150",5,2,6.6,"0.00, 0.25, 0.50, 0.75","ordered",115,202609395,"1.000000000000000,1.414213562373095,2.000000000000000,2.236067977499790","F","F",1000,0,0,0
"unbalanced n, larger n with larger SD",100,"50, 80, 120, 150",5,2,6.6,"0.00, 0.25, 0.50, 0.75","ordered",115,202609395,"1.000000000000000,1.414213562373095,2.000000000000000,2.236067977499790","F","W",1000,0,0,0
"unbalanced n, larger n with larger SD",100,"50, 80, 120, 150",5,2,6.6,"0.00, 0.25, 0.50, 0.75","ordered",115,202609395,"1.000000000000000,1.414213562373095,2.000000000000000,2.236067977499790","F","KW",1000,1000,394,2
"unbalanced n, larger n with larger SD",100,"50, 80, 120, 150",5,2,6.6,"0.00, 0.25, 0.50, 0.75","ordered",115,202609395,"1.000000000000000,1.414213562373095,2.000000000000000,2.236067977499790","W","F",1000,0,0,0
"unbalanced n, larger n with larger SD",100,"50, 80, 120, 150",5,2,6.6,"0.00, 0.25, 0.50, 0.75","ordered",115,202609395,"1.000000000000000,1.414213562373095,2.000000000000000,2.236067977499790","W","W",1000,0,0,0
"unbalanced n, larger n with larger SD",100,"50, 80, 120, 150",5,2,6.6,"0.00, 0.25, 0.50, 0.75","ordered",115,202609395,"1.000000000000000,1.414213562373095,2.000000000000000,2.236067977499790","W","KW",1000,1000,607,1
"unbalanced n, larger n with larger SD",100,"50, 80, 120, 150",5,2,6.6,"0.00, 0.25, 0.50, 0.75","ordered",115,202609395,"1.000000000000000,1.414213562373095,2.000000000000000,2.236067977499790","KW","F",1000,0,0,0
"unbalanced n, larger n with larger SD",100,"50, 80, 120, 150",5,2,6.6,"0.00, 0.25, 0.50, 0.75","ordered",115,202609395,"1.000000000000000,1.414213562373095,2.000000000000000,2.236067977499790","KW","W",1000,0,0,0
"unbalanced n, larger n with larger SD",100,"50, 80, 120, 150",5,2,6.6,"0.00, 0.25, 0.50, 0.75","ordered",115,202609395,"1.000000000000000,1.414213562373095,2.000000000000000,2.236067977499790","KW","KW",1000,1000,0,0
"unbalanced n, larger n with larger SD",200,"100, 160, 240, 300",1,0,0,"0.00, 0.25, 0.50, 0.75","ordered",116,202609396,"1.000000000000000,1.414213562373095,2.000000000000000,2.236067977499790","F","F",1000,0,0,0
"unbalanced n, larger n with larger SD",200,"100, 160, 240, 300",1,0,0,"0.00, 0.25, 0.50, 0.75","ordered",116,202609396,"1.000000000000000,1.414213562373095,2.000000000000000,2.236067977499790","F","W",1000,958,0,46
"unbalanced n, larger n with larger SD",200,"100, 160, 240, 300",1,0,0,"0.00, 0.25, 0.50, 0.75","ordered",116,202609396,"1.000000000000000,1.414213562373095,2.000000000000000,2.236067977499790","F","KW",1000,42,0,0
"unbalanced n, larger n with larger SD",200,"100, 160, 240, 300",1,0,0,"0.00, 0.25, 0.50, 0.75","ordered",116,202609396,"1.000000000000000,1.414213562373095,2.000000000000000,2.236067977499790","W","F",1000,0,0,0
"unbalanced n, larger n with larger SD",200,"100, 160, 240, 300",1,0,0,"0.00, 0.25, 0.50, 0.75","ordered",116,202609396,"1.000000000000000,1.414213562373095,2.000000000000000,2.236067977499790","W","W",1000,958,0,0
"unbalanced n, larger n with larger SD",200,"100, 160, 240, 300",1,0,0,"0.00, 0.25, 0.50, 0.75","ordered",116,202609396,"1.000000000000000,1.414213562373095,2.000000000000000,2.236067977499790","W","KW",1000,42,1,0
"unbalanced n, larger n with larger SD",200,"100, 160, 240, 300",1,0,0,"0.00, 0.25, 0.50, 0.75","ordered",116,202609396,"1.000000000000000,1.414213562373095,2.000000000000000,2.236067977499790","KW","F",1000,0,0,0
"unbalanced n, larger n with larger SD",200,"100, 160, 240, 300",1,0,0,"0.00, 0.25, 0.50, 0.75","ordered",116,202609396,"1.000000000000000,1.414213562373095,2.000000000000000,2.236067977499790","KW","W",1000,958,0,25
"unbalanced n, larger n with larger SD",200,"100, 160, 240, 300",1,0,0,"0.00, 0.25, 0.50, 0.75","ordered",116,202609396,"1.000000000000000,1.414213562373095,2.000000000000000,2.236067977499790","KW","KW",1000,42,0,0
"unbalanced n, larger n with larger SD",200,"100, 160, 240, 300",2,0,6,"0.00, 0.25, 0.50, 0.75","ordered",117,202609397,"1.000000000000000,1.414213562373095,2.000000000000000,2.236067977499790","F","F",1000,0,0,0
"unbalanced n, larger n with larger SD",200,"100, 160, 240, 300",2,0,6,"0.00, 0.25, 0.50, 0.75","ordered",117,202609397,"1.000000000000000,1.414213562373095,2.000000000000000,2.236067977499790","F","W",1000,0,0,0
"unbalanced n, larger n with larger SD",200,"100, 160, 240, 300",2,0,6,"0.00, 0.25, 0.50, 0.75","ordered",117,202609397,"1.000000000000000,1.414213562373095,2.000000000000000,2.236067977499790","F","KW",1000,1000,0,65
"unbalanced n, larger n with larger SD",200,"100, 160, 240, 300",2,0,6,"0.00, 0.25, 0.50, 0.75","ordered",117,202609397,"1.000000000000000,1.414213562373095,2.000000000000000,2.236067977499790","W","F",1000,0,0,0
"unbalanced n, larger n with larger SD",200,"100, 160, 240, 300",2,0,6,"0.00, 0.25, 0.50, 0.75","ordered",117,202609397,"1.000000000000000,1.414213562373095,2.000000000000000,2.236067977499790","W","W",1000,0,0,0
"unbalanced n, larger n with larger SD",200,"100, 160, 240, 300",2,0,6,"0.00, 0.25, 0.50, 0.75","ordered",117,202609397,"1.000000000000000,1.414213562373095,2.000000000000000,2.236067977499790","W","KW",1000,1000,0,8
"unbalanced n, larger n with larger SD",200,"100, 160, 240, 300",2,0,6,"0.00, 0.25, 0.50, 0.75","ordered",117,202609397,"1.000000000000000,1.414213562373095,2.000000000000000,2.236067977499790","KW","F",1000,0,0,0
"unbalanced n, larger n with larger SD",200,"100, 160, 240, 300",2,0,6,"0.00, 0.25, 0.50, 0.75","ordered",117,202609397,"1.000000000000000,1.414213562373095,2.000000000000000,2.236067977499790","KW","W",1000,0,0,0
"unbalanced n, larger n with larger SD",200,"100, 160, 240, 300",2,0,6,"0.00, 0.25, 0.50, 0.75","ordered",117,202609397,"1.000000000000000,1.414213562373095,2.000000000000000,2.236067977499790","KW","KW",1000,1000,0,0
"unbalanced n, larger n with larger SD",200,"100, 160, 240, 300",3,0.5,1,"0.00, 0.25, 0.50, 0.75","ordered",118,202609398,"1.000000000000000,1.414213562373095,2.000000000000000,2.236067977499790","F","F",1000,0,0,0
"unbalanced n, larger n with larger SD",200,"100, 160, 240, 300",3,0.5,1,"0.00, 0.25, 0.50, 0.75","ordered",118,202609398,"1.000000000000000,1.414213562373095,2.000000000000000,2.236067977499790","F","W",1000,46,0,5
"unbalanced n, larger n with larger SD",200,"100, 160, 240, 300",3,0.5,1,"0.00, 0.25, 0.50, 0.75","ordered",118,202609398,"1.000000000000000,1.414213562373095,2.000000000000000,2.236067977499790","F","KW",1000,954,54,10
"unbalanced n, larger n with larger SD",200,"100, 160, 240, 300",3,0.5,1,"0.00, 0.25, 0.50, 0.75","ordered",118,202609398,"1.000000000000000,1.414213562373095,2.000000000000000,2.236067977499790","W","F",1000,0,0,0
"unbalanced n, larger n with larger SD",200,"100, 160, 240, 300",3,0.5,1,"0.00, 0.25, 0.50, 0.75","ordered",118,202609398,"1.000000000000000,1.414213562373095,2.000000000000000,2.236067977499790","W","W",1000,46,0,0
"unbalanced n, larger n with larger SD",200,"100, 160, 240, 300",3,0.5,1,"0.00, 0.25, 0.50, 0.75","ordered",118,202609398,"1.000000000000000,1.414213562373095,2.000000000000000,2.236067977499790","W","KW",1000,954,105,0
"unbalanced n, larger n with larger SD",200,"100, 160, 240, 300",3,0.5,1,"0.00, 0.25, 0.50, 0.75","ordered",118,202609398,"1.000000000000000,1.414213562373095,2.000000000000000,2.236067977499790","KW","F",1000,0,0,0
"unbalanced n, larger n with larger SD",200,"100, 160, 240, 300",3,0.5,1,"0.00, 0.25, 0.50, 0.75","ordered",118,202609398,"1.000000000000000,1.414213562373095,2.000000000000000,2.236067977499790","KW","W",1000,46,0,5
"unbalanced n, larger n with larger SD",200,"100, 160, 240, 300",3,0.5,1,"0.00, 0.25, 0.50, 0.75","ordered",118,202609398,"1.000000000000000,1.414213562373095,2.000000000000000,2.236067977499790","KW","KW",1000,954,0,0
"unbalanced n, larger n with larger SD",200,"100, 160, 240, 300",4,1,1.6,"0.00, 0.25, 0.50, 0.75","ordered",119,202609399,"1.000000000000000,1.414213562373095,2.000000000000000,2.236067977499790","F","F",1000,0,0,0
"unbalanced n, larger n with larger SD",200,"100, 160, 240, 300",4,1,1.6,"0.00, 0.25, 0.50, 0.75","ordered",119,202609399,"1.000000000000000,1.414213562373095,2.000000000000000,2.236067977499790","F","W",1000,0,0,0
"unbalanced n, larger n with larger SD",200,"100, 160, 240, 300",4,1,1.6,"0.00, 0.25, 0.50, 0.75","ordered",119,202609399,"1.000000000000000,1.414213562373095,2.000000000000000,2.236067977499790","F","KW",1000,1000,318,0
"unbalanced n, larger n with larger SD",200,"100, 160, 240, 300",4,1,1.6,"0.00, 0.25, 0.50, 0.75","ordered",119,202609399,"1.000000000000000,1.414213562373095,2.000000000000000,2.236067977499790","W","F",1000,0,0,0
"unbalanced n, larger n with larger SD",200,"100, 160, 240, 300",4,1,1.6,"0.00, 0.25, 0.50, 0.75","ordered",119,202609399,"1.000000000000000,1.414213562373095,2.000000000000000,2.236067977499790","W","W",1000,0,0,0
"unbalanced n, larger n with larger SD",200,"100, 160, 240, 300",4,1,1.6,"0.00, 0.25, 0.50, 0.75","ordered",119,202609399,"1.000000000000000,1.414213562373095,2.000000000000000,2.236067977499790","W","KW",1000,1000,370,0
"unbalanced n, larger n with larger SD",200,"100, 160, 240, 300",4,1,1.6,"0.00, 0.25, 0.50, 0.75","ordered",119,202609399,"1.000000000000000,1.414213562373095,2.000000000000000,2.236067977499790","KW","F",1000,0,0,0
"unbalanced n, larger n with larger SD",200,"100, 160, 240, 300",4,1,1.6,"0.00, 0.25, 0.50, 0.75","ordered",119,202609399,"1.000000000000000,1.414213562373095,2.000000000000000,2.236067977499790","KW","W",1000,0,0,0
"unbalanced n, larger n with larger SD",200,"100, 160, 240, 300",4,1,1.6,"0.00, 0.25, 0.50, 0.75","ordered",119,202609399,"1.000000000000000,1.414213562373095,2.000000000000000,2.236067977499790","KW","KW",1000,1000,0,0
"unbalanced n, larger n with larger SD",200,"100, 160, 240, 300",5,2,6.6,"0.00, 0.25, 0.50, 0.75","ordered",120,202609400,"1.000000000000000,1.414213562373095,2.000000000000000,2.236067977499790","F","F",1000,0,0,0
"unbalanced n, larger n with larger SD",200,"100, 160, 240, 300",5,2,6.6,"0.00, 0.25, 0.50, 0.75","ordered",120,202609400,"1.000000000000000,1.414213562373095,2.000000000000000,2.236067977499790","F","W",1000,0,0,0
"unbalanced n, larger n with larger SD",200,"100, 160, 240, 300",5,2,6.6,"0.00, 0.25, 0.50, 0.75","ordered",120,202609400,"1.000000000000000,1.414213562373095,2.000000000000000,2.236067977499790","F","KW",1000,1000,548,1
"unbalanced n, larger n with larger SD",200,"100, 160, 240, 300",5,2,6.6,"0.00, 0.25, 0.50, 0.75","ordered",120,202609400,"1.000000000000000,1.414213562373095,2.000000000000000,2.236067977499790","W","F",1000,0,0,0
"unbalanced n, larger n with larger SD",200,"100, 160, 240, 300",5,2,6.6,"0.00, 0.25, 0.50, 0.75","ordered",120,202609400,"1.000000000000000,1.414213562373095,2.000000000000000,2.236067977499790","W","W",1000,0,0,0
"unbalanced n, larger n with larger SD",200,"100, 160, 240, 300",5,2,6.6,"0.00, 0.25, 0.50, 0.75","ordered",120,202609400,"1.000000000000000,1.414213562373095,2.000000000000000,2.236067977499790","W","KW",1000,1000,578,0
"unbalanced n, larger n with larger SD",200,"100, 160, 240, 300",5,2,6.6,"0.00, 0.25, 0.50, 0.75","ordered",120,202609400,"1.000000000000000,1.414213562373095,2.000000000000000,2.236067977499790","KW","F",1000,0,0,0
"unbalanced n, larger n with larger SD",200,"100, 160, 240, 300",5,2,6.6,"0.00, 0.25, 0.50, 0.75","ordered",120,202609400,"1.000000000000000,1.414213562373095,2.000000000000000,2.236067977499790","KW","W",1000,0,0,0
"unbalanced n, larger n with larger SD",200,"100, 160, 240, 300",5,2,6.6,"0.00, 0.25, 0.50, 0.75","ordered",120,202609400,"1.000000000000000,1.414213562373095,2.000000000000000,2.236067977499790","KW","KW",1000,1000,0,0
"unbalanced n, larger n with smaller SD",10,"5, 8, 12, 15",1,0,0,"0.00, 0.25, 0.50, 0.75","ordered",121,202609401,"2.236067977499790,2.000000000000000,1.414213562373095,1.000000000000000","F","F",1000,401,0,0
"unbalanced n, larger n with smaller SD",10,"5, 8, 12, 15",1,0,0,"0.00, 0.25, 0.50, 0.75","ordered",121,202609401,"2.236067977499790,2.000000000000000,1.414213562373095,1.000000000000000","F","W",1000,535,50,3
"unbalanced n, larger n with smaller SD",10,"5, 8, 12, 15",1,0,0,"0.00, 0.25, 0.50, 0.75","ordered",121,202609401,"2.236067977499790,2.000000000000000,1.414213562373095,1.000000000000000","F","KW",1000,64,1,4
"unbalanced n, larger n with smaller SD",10,"5, 8, 12, 15",1,0,0,"0.00, 0.25, 0.50, 0.75","ordered",121,202609401,"2.236067977499790,2.000000000000000,1.414213562373095,1.000000000000000","W","F",1000,401,7,48
"unbalanced n, larger n with smaller SD",10,"5, 8, 12, 15",1,0,0,"0.00, 0.25, 0.50, 0.75","ordered",121,202609401,"2.236067977499790,2.000000000000000,1.414213562373095,1.000000000000000","W","W",1000,535,0,0
"unbalanced n, larger n with smaller SD",10,"5, 8, 12, 15",1,0,0,"0.00, 0.25, 0.50, 0.75","ordered",121,202609401,"2.236067977499790,2.000000000000000,1.414213562373095,1.000000000000000","W","KW",1000,64,1,7
"unbalanced n, larger n with smaller SD",10,"5, 8, 12, 15",1,0,0,"0.00, 0.25, 0.50, 0.75","ordered",121,202609401,"2.236067977499790,2.000000000000000,1.414213562373095,1.000000000000000","KW","F",1000,401,5,28
"unbalanced n, larger n with smaller SD",10,"5, 8, 12, 15",1,0,0,"0.00, 0.25, 0.50, 0.75","ordered",121,202609401,"2.236067977499790,2.000000000000000,1.414213562373095,1.000000000000000","KW","W",1000,535,19,3
"unbalanced n, larger n with smaller SD",10,"5, 8, 12, 15",1,0,0,"0.00, 0.25, 0.50, 0.75","ordered",121,202609401,"2.236067977499790,2.000000000000000,1.414213562373095,1.000000000000000","KW","KW",1000,64,0,0
"unbalanced n, larger n with smaller SD",10,"5, 8, 12, 15",2,0,6,"0.00, 0.25, 0.50, 0.75","ordered",122,202609402,"2.236067977499790,2.000000000000000,1.414213562373095,1.000000000000000","F","F",1000,278,0,0
"unbalanced n, larger n with smaller SD",10,"5, 8, 12, 15",2,0,6,"0.00, 0.25, 0.50, 0.75","ordered",122,202609402,"2.236067977499790,2.000000000000000,1.414213562373095,1.000000000000000","F","W",1000,361,64,10
"unbalanced n, larger n with smaller SD",10,"5, 8, 12, 15",2,0,6,"0.00, 0.25, 0.50, 0.75","ordered",122,202609402,"2.236067977499790,2.000000000000000,1.414213562373095,1.000000000000000","F","KW",1000,361,14,33
"unbalanced n, larger n with smaller SD",10,"5, 8, 12, 15",2,0,6,"0.00, 0.25, 0.50, 0.75","ordered",122,202609402,"2.236067977499790,2.000000000000000,1.414213562373095,1.000000000000000","W","F",1000,278,6,28
"unbalanced n, larger n with smaller SD",10,"5, 8, 12, 15",2,0,6,"0.00, 0.25, 0.50, 0.75","ordered",122,202609402,"2.236067977499790,2.000000000000000,1.414213562373095,1.000000000000000","W","W",1000,361,0,0
"unbalanced n, larger n with smaller SD",10,"5, 8, 12, 15",2,0,6,"0.00, 0.25, 0.50, 0.75","ordered",122,202609402,"2.236067977499790,2.000000000000000,1.414213562373095,1.000000000000000","W","KW",1000,361,6,43
"unbalanced n, larger n with smaller SD",10,"5, 8, 12, 15",2,0,6,"0.00, 0.25, 0.50, 0.75","ordered",122,202609402,"2.236067977499790,2.000000000000000,1.414213562373095,1.000000000000000","KW","F",1000,278,6,17
"unbalanced n, larger n with smaller SD",10,"5, 8, 12, 15",2,0,6,"0.00, 0.25, 0.50, 0.75","ordered",122,202609402,"2.236067977499790,2.000000000000000,1.414213562373095,1.000000000000000","KW","W",1000,361,35,4
"unbalanced n, larger n with smaller SD",10,"5, 8, 12, 15",2,0,6,"0.00, 0.25, 0.50, 0.75","ordered",122,202609402,"2.236067977499790,2.000000000000000,1.414213562373095,1.000000000000000","KW","KW",1000,361,0,0
"unbalanced n, larger n with smaller SD",10,"5, 8, 12, 15",3,0.5,1,"0.00, 0.25, 0.50, 0.75","ordered",123,202609403,"2.236067977499790,2.000000000000000,1.414213562373095,1.000000000000000","F","F",1000,364,0,0
"unbalanced n, larger n with smaller SD",10,"5, 8, 12, 15",3,0.5,1,"0.00, 0.25, 0.50, 0.75","ordered",123,202609403,"2.236067977499790,2.000000000000000,1.414213562373095,1.000000000000000","F","W",1000,503,53,11
"unbalanced n, larger n with smaller SD",10,"5, 8, 12, 15",3,0.5,1,"0.00, 0.25, 0.50, 0.75","ordered",123,202609403,"2.236067977499790,2.000000000000000,1.414213562373095,1.000000000000000","F","KW",1000,133,3,10
"unbalanced n, larger n with smaller SD",10,"5, 8, 12, 15",3,0.5,1,"0.00, 0.25, 0.50, 0.75","ordered",123,202609403,"2.236067977499790,2.000000000000000,1.414213562373095,1.000000000000000","W","F",1000,364,5,49
"unbalanced n, larger n with smaller SD",10,"5, 8, 12, 15",3,0.5,1,"0.00, 0.25, 0.50, 0.75","ordered",123,202609403,"2.236067977499790,2.000000000000000,1.414213562373095,1.000000000000000","W","W",1000,503,0,0
"unbalanced n, larger n with smaller SD",10,"5, 8, 12, 15",3,0.5,1,"0.00, 0.25, 0.50, 0.75","ordered",123,202609403,"2.236067977499790,2.000000000000000,1.414213562373095,1.000000000000000","W","KW",1000,133,3,15
"unbalanced n, larger n with smaller SD",10,"5, 8, 12, 15",3,0.5,1,"0.00, 0.25, 0.50, 0.75","ordered",123,202609403,"2.236067977499790,2.000000000000000,1.414213562373095,1.000000000000000","KW","F",1000,364,5,30
"unbalanced n, larger n with smaller SD",10,"5, 8, 12, 15",3,0.5,1,"0.00, 0.25, 0.50, 0.75","ordered",123,202609403,"2.236067977499790,2.000000000000000,1.414213562373095,1.000000000000000","KW","W",1000,503,21,5
"unbalanced n, larger n with smaller SD",10,"5, 8, 12, 15",3,0.5,1,"0.00, 0.25, 0.50, 0.75","ordered",123,202609403,"2.236067977499790,2.000000000000000,1.414213562373095,1.000000000000000","KW","KW",1000,133,0,0
"unbalanced n, larger n with smaller SD",10,"5, 8, 12, 15",4,1,1.6,"0.00, 0.25, 0.50, 0.75","ordered",124,202609404,"2.236067977499790,2.000000000000000,1.414213562373095,1.000000000000000","F","F",1000,248,0,0
"unbalanced n, larger n with smaller SD",10,"5, 8, 12, 15",4,1,1.6,"0.00, 0.25, 0.50, 0.75","ordered",124,202609404,"2.236067977499790,2.000000000000000,1.414213562373095,1.000000000000000","F","W",1000,463,35,17
"unbalanced n, larger n with smaller SD",10,"5, 8, 12, 15",4,1,1.6,"0.00, 0.25, 0.50, 0.75","ordered",124,202609404,"2.236067977499790,2.000000000000000,1.414213562373095,1.000000000000000","F","KW",1000,289,5,34
"unbalanced n, larger n with smaller SD",10,"5, 8, 12, 15",4,1,1.6,"0.00, 0.25, 0.50, 0.75","ordered",124,202609404,"2.236067977499790,2.000000000000000,1.414213562373095,1.000000000000000","W","F",1000,248,6,34
"unbalanced n, larger n with smaller SD",10,"5, 8, 12, 15",4,1,1.6,"0.00, 0.25, 0.50, 0.75","ordered",124,202609404,"2.236067977499790,2.000000000000000,1.414213562373095,1.000000000000000","W","W",1000,463,0,0
"unbalanced n, larger n with smaller SD",10,"5, 8, 12, 15",4,1,1.6,"0.00, 0.25, 0.50, 0.75","ordered",124,202609404,"2.236067977499790,2.000000000000000,1.414213562373095,1.000000000000000","W","KW",1000,289,2,40
"unbalanced n, larger n with smaller SD",10,"5, 8, 12, 15",4,1,1.6,"0.00, 0.25, 0.50, 0.75","ordered",124,202609404,"2.236067977499790,2.000000000000000,1.414213562373095,1.000000000000000","KW","F",1000,248,2,25
"unbalanced n, larger n with smaller SD",10,"5, 8, 12, 15",4,1,1.6,"0.00, 0.25, 0.50, 0.75","ordered",124,202609404,"2.236067977499790,2.000000000000000,1.414213562373095,1.000000000000000","KW","W",1000,463,17,11
"unbalanced n, larger n with smaller SD",10,"5, 8, 12, 15",4,1,1.6,"0.00, 0.25, 0.50, 0.75","ordered",124,202609404,"2.236067977499790,2.000000000000000,1.414213562373095,1.000000000000000","KW","KW",1000,289,0,0
"unbalanced n, larger n with smaller SD",10,"5, 8, 12, 15",5,2,6.6,"0.00, 0.25, 0.50, 0.75","ordered",125,202609405,"2.236067977499790,2.000000000000000,1.414213562373095,1.000000000000000","F","F",1000,62,0,0
"unbalanced n, larger n with smaller SD",10,"5, 8, 12, 15",5,2,6.6,"0.00, 0.25, 0.50, 0.75","ordered",125,202609405,"2.236067977499790,2.000000000000000,1.414213562373095,1.000000000000000","F","W",1000,266,19,23
"unbalanced n, larger n with smaller SD",10,"5, 8, 12, 15",5,2,6.6,"0.00, 0.25, 0.50, 0.75","ordered",125,202609405,"2.236067977499790,2.000000000000000,1.414213562373095,1.000000000000000","F","KW",1000,672,4,107
"unbalanced n, larger n with smaller SD",10,"5, 8, 12, 15",5,2,6.6,"0.00, 0.25, 0.50, 0.75","ordered",125,202609405,"2.236067977499790,2.000000000000000,1.414213562373095,1.000000000000000","W","F",1000,62,1,8
"unbalanced n, larger n with smaller SD",10,"5, 8, 12, 15",5,2,6.6,"0.00, 0.25, 0.50, 0.75","ordered",125,202609405,"2.236067977499790,2.000000000000000,1.414213562373095,1.000000000000000","W","W",1000,266,0,0
"unbalanced n, larger n with smaller SD",10,"5, 8, 12, 15",5,2,6.6,"0.00, 0.25, 0.50, 0.75","ordered",125,202609405,"2.236067977499790,2.000000000000000,1.414213562373095,1.000000000000000","W","KW",1000,672,16,93
"unbalanced n, larger n with smaller SD",10,"5, 8, 12, 15",5,2,6.6,"0.00, 0.25, 0.50, 0.75","ordered",125,202609405,"2.236067977499790,2.000000000000000,1.414213562373095,1.000000000000000","KW","F",1000,62,3,7
"unbalanced n, larger n with smaller SD",10,"5, 8, 12, 15",5,2,6.6,"0.00, 0.25, 0.50, 0.75","ordered",125,202609405,"2.236067977499790,2.000000000000000,1.414213562373095,1.000000000000000","KW","W",1000,266,16,3
"unbalanced n, larger n with smaller SD",10,"5, 8, 12, 15",5,2,6.6,"0.00, 0.25, 0.50, 0.75","ordered",125,202609405,"2.236067977499790,2.000000000000000,1.414213562373095,1.000000000000000","KW","KW",1000,672,0,0
"unbalanced n, larger n with smaller SD",20,"10, 16, 24, 30",1,0,0,"0.00, 0.25, 0.50, 0.75","ordered",126,202609406,"2.236067977499790,2.000000000000000,1.414213562373095,1.000000000000000","F","F",1000,102,0,0
"unbalanced n, larger n with smaller SD",20,"10, 16, 24, 30",1,0,0,"0.00, 0.25, 0.50, 0.75","ordered",126,202609406,"2.236067977499790,2.000000000000000,1.414213562373095,1.000000000000000","F","W",1000,837,113,13
"unbalanced n, larger n with smaller SD",20,"10, 16, 24, 30",1,0,0,"0.00, 0.25, 0.50, 0.75","ordered",126,202609406,"2.236067977499790,2.000000000000000,1.414213562373095,1.000000000000000","F","KW",1000,61,2,7
"unbalanced n, larger n with smaller SD",20,"10, 16, 24, 30",1,0,0,"0.00, 0.25, 0.50, 0.75","ordered",126,202609406,"2.236067977499790,2.000000000000000,1.414213562373095,1.000000000000000","W","F",1000,102,0,10
"unbalanced n, larger n with smaller SD",20,"10, 16, 24, 30",1,0,0,"0.00, 0.25, 0.50, 0.75","ordered",126,202609406,"2.236067977499790,2.000000000000000,1.414213562373095,1.000000000000000","W","W",1000,837,0,0
"unbalanced n, larger n with smaller SD",20,"10, 16, 24, 30",1,0,0,"0.00, 0.25, 0.50, 0.75","ordered",126,202609406,"2.236067977499790,2.000000000000000,1.414213562373095,1.000000000000000","W","KW",1000,61,2,9
"unbalanced n, larger n with smaller SD",20,"10, 16, 24, 30",1,0,0,"0.00, 0.25, 0.50, 0.75","ordered",126,202609406,"2.236067977499790,2.000000000000000,1.414213562373095,1.000000000000000","KW","F",1000,102,2,4
"unbalanced n, larger n with smaller SD",20,"10, 16, 24, 30",1,0,0,"0.00, 0.25, 0.50, 0.75","ordered",126,202609406,"2.236067977499790,2.000000000000000,1.414213562373095,1.000000000000000","KW","W",1000,837,45,21
"unbalanced n, larger n with smaller SD",20,"10, 16, 24, 30",1,0,0,"0.00, 0.25, 0.50, 0.75","ordered",126,202609406,"2.236067977499790,2.000000000000000,1.414213562373095,1.000000000000000","KW","KW",1000,61,0,0
"unbalanced n, larger n with smaller SD",20,"10, 16, 24, 30",2,0,6,"0.00, 0.25, 0.50, 0.75","ordered",127,202609407,"2.236067977499790,2.000000000000000,1.414213562373095,1.000000000000000","F","F",1000,55,0,0
"unbalanced n, larger n with smaller SD",20,"10, 16, 24, 30",2,0,6,"0.00, 0.25, 0.50, 0.75","ordered",127,202609407,"2.236067977499790,2.000000000000000,1.414213562373095,1.000000000000000","F","W",1000,287,34,13
"unbalanced n, larger n with smaller SD",20,"10, 16, 24, 30",2,0,6,"0.00, 0.25, 0.50, 0.75","ordered",127,202609407,"2.236067977499790,2.000000000000000,1.414213562373095,1.000000000000000","F","KW",1000,658,40,64
"unbalanced n, larger n with smaller SD",20,"10, 16, 24, 30",2,0,6,"0.00, 0.25, 0.50, 0.75","ordered",127,202609407,"2.236067977499790,2.000000000000000,1.414213562373095,1.000000000000000","W","F",1000,55,2,6
"unbalanced n, larger n with smaller SD",20,"10, 16, 24, 30",2,0,6,"0.00, 0.25, 0.50, 0.75","ordered",127,202609407,"2.236067977499790,2.000000000000000,1.414213562373095,1.000000000000000","W","W",1000,287,0,0
"unbalanced n, larger n with smaller SD",20,"10, 16, 24, 30",2,0,6,"0.00, 0.25, 0.50, 0.75","ordered",127,202609407,"2.236067977499790,2.000000000000000,1.414213562373095,1.000000000000000","W","KW",1000,658,9,98
"unbalanced n, larger n with smaller SD",20,"10, 16, 24, 30",2,0,6,"0.00, 0.25, 0.50, 0.75","ordered",127,202609407,"2.236067977499790,2.000000000000000,1.414213562373095,1.000000000000000","KW","F",1000,55,2,5
"unbalanced n, larger n with smaller SD",20,"10, 16, 24, 30",2,0,6,"0.00, 0.25, 0.50, 0.75","ordered",127,202609407,"2.236067977499790,2.000000000000000,1.414213562373095,1.000000000000000","KW","W",1000,287,30,2
"unbalanced n, larger n with smaller SD",20,"10, 16, 24, 30",2,0,6,"0.00, 0.25, 0.50, 0.75","ordered",127,202609407,"2.236067977499790,2.000000000000000,1.414213562373095,1.000000000000000","KW","KW",1000,658,0,0
"unbalanced n, larger n with smaller SD",20,"10, 16, 24, 30",3,0.5,1,"0.00, 0.25, 0.50, 0.75","ordered",128,202609408,"2.236067977499790,2.000000000000000,1.414213562373095,1.000000000000000","F","F",1000,103,0,0
"unbalanced n, larger n with smaller SD",20,"10, 16, 24, 30",3,0.5,1,"0.00, 0.25, 0.50, 0.75","ordered",128,202609408,"2.236067977499790,2.000000000000000,1.414213562373095,1.000000000000000","F","W",1000,693,68,25
"unbalanced n, larger n with smaller SD",20,"10, 16, 24, 30",3,0.5,1,"0.00, 0.25, 0.50, 0.75","ordered",128,202609408,"2.236067977499790,2.000000000000000,1.414213562373095,1.000000000000000","F","KW",1000,204,8,22
"unbalanced n, larger n with smaller SD",20,"10, 16, 24, 30",3,0.5,1,"0.00, 0.25, 0.50, 0.75","ordered",128,202609408,"2.236067977499790,2.000000000000000,1.414213562373095,1.000000000000000","W","F",1000,103,2,13
"unbalanced n, larger n with smaller SD",20,"10, 16, 24, 30",3,0.5,1,"0.00, 0.25, 0.50, 0.75","ordered",128,202609408,"2.236067977499790,2.000000000000000,1.414213562373095,1.000000000000000","W","W",1000,693,0,0
"unbalanced n, larger n with smaller SD",20,"10, 16, 24, 30",3,0.5,1,"0.00, 0.25, 0.50, 0.75","ordered",128,202609408,"2.236067977499790,2.000000000000000,1.414213562373095,1.000000000000000","W","KW",1000,204,1,33
"unbalanced n, larger n with smaller SD",20,"10, 16, 24, 30",3,0.5,1,"0.00, 0.25, 0.50, 0.75","ordered",128,202609408,"2.236067977499790,2.000000000000000,1.414213562373095,1.000000000000000","KW","F",1000,103,1,8
"unbalanced n, larger n with smaller SD",20,"10, 16, 24, 30",3,0.5,1,"0.00, 0.25, 0.50, 0.75","ordered",128,202609408,"2.236067977499790,2.000000000000000,1.414213562373095,1.000000000000000","KW","W",1000,693,58,12
"unbalanced n, larger n with smaller SD",20,"10, 16, 24, 30",3,0.5,1,"0.00, 0.25, 0.50, 0.75","ordered",128,202609408,"2.236067977499790,2.000000000000000,1.414213562373095,1.000000000000000","KW","KW",1000,204,0,0
"unbalanced n, larger n with smaller SD",20,"10, 16, 24, 30",4,1,1.6,"0.00, 0.25, 0.50, 0.75","ordered",129,202609409,"2.236067977499790,2.000000000000000,1.414213562373095,1.000000000000000","F","F",1000,34,0,0
"unbalanced n, larger n with smaller SD",20,"10, 16, 24, 30",4,1,1.6,"0.00, 0.25, 0.50, 0.75","ordered",129,202609409,"2.236067977499790,2.000000000000000,1.414213562373095,1.000000000000000","F","W",1000,448,34,16
"unbalanced n, larger n with smaller SD",20,"10, 16, 24, 30",4,1,1.6,"0.00, 0.25, 0.50, 0.75","ordered",129,202609409,"2.236067977499790,2.000000000000000,1.414213562373095,1.000000000000000","F","KW",1000,518,10,88
"unbalanced n, larger n with smaller SD",20,"10, 16, 24, 30",4,1,1.6,"0.00, 0.25, 0.50, 0.75","ordered",129,202609409,"2.236067977499790,2.000000000000000,1.414213562373095,1.000000000000000","W","F",1000,34,0,0
"unbalanced n, larger n with smaller SD",20,"10, 16, 24, 30",4,1,1.6,"0.00, 0.25, 0.50, 0.75","ordered",129,202609409,"2.236067977499790,2.000000000000000,1.414213562373095,1.000000000000000","W","W",1000,448,0,0
"unbalanced n, larger n with smaller SD",20,"10, 16, 24, 30",4,1,1.6,"0.00, 0.25, 0.50, 0.75","ordered",129,202609409,"2.236067977499790,2.000000000000000,1.414213562373095,1.000000000000000","W","KW",1000,518,5,110
"unbalanced n, larger n with smaller SD",20,"10, 16, 24, 30",4,1,1.6,"0.00, 0.25, 0.50, 0.75","ordered",129,202609409,"2.236067977499790,2.000000000000000,1.414213562373095,1.000000000000000","KW","F",1000,34,0,2
"unbalanced n, larger n with smaller SD",20,"10, 16, 24, 30",4,1,1.6,"0.00, 0.25, 0.50, 0.75","ordered",129,202609409,"2.236067977499790,2.000000000000000,1.414213562373095,1.000000000000000","KW","W",1000,448,35,4
"unbalanced n, larger n with smaller SD",20,"10, 16, 24, 30",4,1,1.6,"0.00, 0.25, 0.50, 0.75","ordered",129,202609409,"2.236067977499790,2.000000000000000,1.414213562373095,1.000000000000000","KW","KW",1000,518,0,0
"unbalanced n, larger n with smaller SD",20,"10, 16, 24, 30",5,2,6.6,"0.00, 0.25, 0.50, 0.75","ordered",130,202609410,"2.236067977499790,2.000000000000000,1.414213562373095,1.000000000000000","F","F",1000,2,0,0
"unbalanced n, larger n with smaller SD",20,"10, 16, 24, 30",5,2,6.6,"0.00, 0.25, 0.50, 0.75","ordered",130,202609410,"2.236067977499790,2.000000000000000,1.414213562373095,1.000000000000000","F","W",1000,33,2,4
"unbalanced n, larger n with smaller SD",20,"10, 16, 24, 30",5,2,6.6,"0.00, 0.25, 0.50, 0.75","ordered",130,202609410,"2.236067977499790,2.000000000000000,1.414213562373095,1.000000000000000","F","KW",1000,965,6,335
"unbalanced n, larger n with smaller SD",20,"10, 16, 24, 30",5,2,6.6,"0.00, 0.25, 0.50, 0.75","ordered",130,202609410,"2.236067977499790,2.000000000000000,1.414213562373095,1.000000000000000","W","F",1000,2,0,0
"unbalanced n, larger n with smaller SD",20,"10, 16, 24, 30",5,2,6.6,"0.00, 0.25, 0.50, 0.75","ordered",130,202609410,"2.236067977499790,2.000000000000000,1.414213562373095,1.000000000000000","W","W",1000,33,0,0
"unbalanced n, larger n with smaller SD",20,"10, 16, 24, 30",5,2,6.6,"0.00, 0.25, 0.50, 0.75","ordered",130,202609410,"2.236067977499790,2.000000000000000,1.414213562373095,1.000000000000000","W","KW",1000,965,5,299
"unbalanced n, larger n with smaller SD",20,"10, 16, 24, 30",5,2,6.6,"0.00, 0.25, 0.50, 0.75","ordered",130,202609410,"2.236067977499790,2.000000000000000,1.414213562373095,1.000000000000000","KW","F",1000,2,0,0
"unbalanced n, larger n with smaller SD",20,"10, 16, 24, 30",5,2,6.6,"0.00, 0.25, 0.50, 0.75","ordered",130,202609410,"2.236067977499790,2.000000000000000,1.414213562373095,1.000000000000000","KW","W",1000,33,5,1
"unbalanced n, larger n with smaller SD",20,"10, 16, 24, 30",5,2,6.6,"0.00, 0.25, 0.50, 0.75","ordered",130,202609410,"2.236067977499790,2.000000000000000,1.414213562373095,1.000000000000000","KW","KW",1000,965,0,0
"unbalanced n, larger n with smaller SD",30,"15, 24, 36, 45",1,0,0,"0.00, 0.25, 0.50, 0.75","ordered",131,202609411,"2.236067977499790,2.000000000000000,1.414213562373095,1.000000000000000","F","F",1000,28,0,0
"unbalanced n, larger n with smaller SD",30,"15, 24, 36, 45",1,0,0,"0.00, 0.25, 0.50, 0.75","ordered",131,202609411,"2.236067977499790,2.000000000000000,1.414213562373095,1.000000000000000","F","W",1000,928,126,16
"unbalanced n, larger n with smaller SD",30,"15, 24, 36, 45",1,0,0,"0.00, 0.25, 0.50, 0.75","ordered",131,202609411,"2.236067977499790,2.000000000000000,1.414213562373095,1.000000000000000","F","KW",1000,44,6,1
"unbalanced n, larger n with smaller SD",30,"15, 24, 36, 45",1,0,0,"0.00, 0.25, 0.50, 0.75","ordered",131,202609411,"2.236067977499790,2.000000000000000,1.414213562373095,1.000000000000000","W","F",1000,28,0,0
"unbalanced n, larger n with smaller SD",30,"15, 24, 36, 45",1,0,0,"0.00, 0.25, 0.50, 0.75","ordered",131,202609411,"2.236067977499790,2.000000000000000,1.414213562373095,1.000000000000000","W","W",1000,928,0,0
"unbalanced n, larger n with smaller SD",30,"15, 24, 36, 45",1,0,0,"0.00, 0.25, 0.50, 0.75","ordered",131,202609411,"2.236067977499790,2.000000000000000,1.414213562373095,1.000000000000000","W","KW",1000,44,3,3
"unbalanced n, larger n with smaller SD",30,"15, 24, 36, 45",1,0,0,"0.00, 0.25, 0.50, 0.75","ordered",131,202609411,"2.236067977499790,2.000000000000000,1.414213562373095,1.000000000000000","KW","F",1000,28,0,0
"unbalanced n, larger n with smaller SD",30,"15, 24, 36, 45",1,0,0,"0.00, 0.25, 0.50, 0.75","ordered",131,202609411,"2.236067977499790,2.000000000000000,1.414213562373095,1.000000000000000","KW","W",1000,928,69,29
"unbalanced n, larger n with smaller SD",30,"15, 24, 36, 45",1,0,0,"0.00, 0.25, 0.50, 0.75","ordered",131,202609411,"2.236067977499790,2.000000000000000,1.414213562373095,1.000000000000000","KW","KW",1000,44,0,0
"unbalanced n, larger n with smaller SD",30,"15, 24, 36, 45",2,0,6,"0.00, 0.25, 0.50, 0.75","ordered",132,202609412,"2.236067977499790,2.000000000000000,1.414213562373095,1.000000000000000","F","F",1000,11,0,0
"unbalanced n, larger n with smaller SD",30,"15, 24, 36, 45",2,0,6,"0.00, 0.25, 0.50, 0.75","ordered",132,202609412,"2.236067977499790,2.000000000000000,1.414213562373095,1.000000000000000","F","W",1000,215,29,9
"unbalanced n, larger n with smaller SD",30,"15, 24, 36, 45",2,0,6,"0.00, 0.25, 0.50, 0.75","ordered",132,202609412,"2.236067977499790,2.000000000000000,1.414213562373095,1.000000000000000","F","KW",1000,774,42,85
"unbalanced n, larger n with smaller SD",30,"15, 24, 36, 45",2,0,6,"0.00, 0.25, 0.50, 0.75","ordered",132,202609412,"2.236067977499790,2.000000000000000,1.414213562373095,1.000000000000000","W","F",1000,11,0,2
"unbalanced n, larger n with smaller SD",30,"15, 24, 36, 45",2,0,6,"0.00, 0.25, 0.50, 0.75","ordered",132,202609412,"2.236067977499790,2.000000000000000,1.414213562373095,1.000000000000000","W","W",1000,215,0,0
"unbalanced n, larger n with smaller SD",30,"15, 24, 36, 45",2,0,6,"0.00, 0.25, 0.50, 0.75","ordered",132,202609412,"2.236067977499790,2.000000000000000,1.414213562373095,1.000000000000000","W","KW",1000,774,11,126
"unbalanced n, larger n with smaller SD",30,"15, 24, 36, 45",2,0,6,"0.00, 0.25, 0.50, 0.75","ordered",132,202609412,"2.236067977499790,2.000000000000000,1.414213562373095,1.000000000000000","KW","F",1000,11,0,2
"unbalanced n, larger n with smaller SD",30,"15, 24, 36, 45",2,0,6,"0.00, 0.25, 0.50, 0.75","ordered",132,202609412,"2.236067977499790,2.000000000000000,1.414213562373095,1.000000000000000","KW","W",1000,215,25,2
"unbalanced n, larger n with smaller SD",30,"15, 24, 36, 45",2,0,6,"0.00, 0.25, 0.50, 0.75","ordered",132,202609412,"2.236067977499790,2.000000000000000,1.414213562373095,1.000000000000000","KW","KW",1000,774,0,0
"unbalanced n, larger n with smaller SD",30,"15, 24, 36, 45",3,0.5,1,"0.00, 0.25, 0.50, 0.75","ordered",133,202609413,"2.236067977499790,2.000000000000000,1.414213562373095,1.000000000000000","F","F",1000,29,0,0
"unbalanced n, larger n with smaller SD",30,"15, 24, 36, 45",3,0.5,1,"0.00, 0.25, 0.50, 0.75","ordered",133,202609413,"2.236067977499790,2.000000000000000,1.414213562373095,1.000000000000000","F","W",1000,675,70,16
"unbalanced n, larger n with smaller SD",30,"15, 24, 36, 45",3,0.5,1,"0.00, 0.25, 0.50, 0.75","ordered",133,202609413,"2.236067977499790,2.000000000000000,1.414213562373095,1.000000000000000","F","KW",1000,296,10,48
"unbalanced n, larger n with smaller SD",30,"15, 24, 36, 45",3,0.5,1,"0.00, 0.25, 0.50, 0.75","ordered",133,202609413,"2.236067977499790,2.000000000000000,1.414213562373095,1.000000000000000","W","F",1000,29,0,3
"unbalanced n, larger n with smaller SD",30,"15, 24, 36, 45",3,0.5,1,"0.00, 0.25, 0.50, 0.75","ordered",133,202609413,"2.236067977499790,2.000000000000000,1.414213562373095,1.000000000000000","W","W",1000,675,0,0
"unbalanced n, larger n with smaller SD",30,"15, 24, 36, 45",3,0.5,1,"0.00, 0.25, 0.50, 0.75","ordered",133,202609413,"2.236067977499790,2.000000000000000,1.414213562373095,1.000000000000000","W","KW",1000,296,7,70
"unbalanced n, larger n with smaller SD",30,"15, 24, 36, 45",3,0.5,1,"0.00, 0.25, 0.50, 0.75","ordered",133,202609413,"2.236067977499790,2.000000000000000,1.414213562373095,1.000000000000000","KW","F",1000,29,0,2
"unbalanced n, larger n with smaller SD",30,"15, 24, 36, 45",3,0.5,1,"0.00, 0.25, 0.50, 0.75","ordered",133,202609413,"2.236067977499790,2.000000000000000,1.414213562373095,1.000000000000000","KW","W",1000,675,91,13
"unbalanced n, larger n with smaller SD",30,"15, 24, 36, 45",3,0.5,1,"0.00, 0.25, 0.50, 0.75","ordered",133,202609413,"2.236067977499790,2.000000000000000,1.414213562373095,1.000000000000000","KW","KW",1000,296,0,0
"unbalanced n, larger n with smaller SD",30,"15, 24, 36, 45",4,1,1.6,"0.00, 0.25, 0.50, 0.75","ordered",134,202609414,"2.236067977499790,2.000000000000000,1.414213562373095,1.000000000000000","F","F",1000,5,0,0
"unbalanced n, larger n with smaller SD",30,"15, 24, 36, 45",4,1,1.6,"0.00, 0.25, 0.50, 0.75","ordered",134,202609414,"2.236067977499790,2.000000000000000,1.414213562373095,1.000000000000000","F","W",1000,276,32,3
"unbalanced n, larger n with smaller SD",30,"15, 24, 36, 45",4,1,1.6,"0.00, 0.25, 0.50, 0.75","ordered",134,202609414,"2.236067977499790,2.000000000000000,1.414213562373095,1.000000000000000","F","KW",1000,719,16,149
"unbalanced n, larger n with smaller SD",30,"15, 24, 36, 45",4,1,1.6,"0.00, 0.25, 0.50, 0.75","ordered",134,202609414,"2.236067977499790,2.000000000000000,1.414213562373095,1.000000000000000","W","F",1000,5,0,0
"unbalanced n, larger n with smaller SD",30,"15, 24, 36, 45",4,1,1.6,"0.00, 0.25, 0.50, 0.75","ordered",134,202609414,"2.236067977499790,2.000000000000000,1.414213562373095,1.000000000000000","W","W",1000,276,0,0
"unbalanced n, larger n with smaller SD",30,"15, 24, 36, 45",4,1,1.6,"0.00, 0.25, 0.50, 0.75","ordered",134,202609414,"2.236067977499790,2.000000000000000,1.414213562373095,1.000000000000000","W","KW",1000,719,5,197
"unbalanced n, larger n with smaller SD",30,"15, 24, 36, 45",4,1,1.6,"0.00, 0.25, 0.50, 0.75","ordered",134,202609414,"2.236067977499790,2.000000000000000,1.414213562373095,1.000000000000000","KW","F",1000,5,0,0
"unbalanced n, larger n with smaller SD",30,"15, 24, 36, 45",4,1,1.6,"0.00, 0.25, 0.50, 0.75","ordered",134,202609414,"2.236067977499790,2.000000000000000,1.414213562373095,1.000000000000000","KW","W",1000,276,38,3
"unbalanced n, larger n with smaller SD",30,"15, 24, 36, 45",4,1,1.6,"0.00, 0.25, 0.50, 0.75","ordered",134,202609414,"2.236067977499790,2.000000000000000,1.414213562373095,1.000000000000000","KW","KW",1000,719,0,0
"unbalanced n, larger n with smaller SD",30,"15, 24, 36, 45",5,2,6.6,"0.00, 0.25, 0.50, 0.75","ordered",135,202609415,"2.236067977499790,2.000000000000000,1.414213562373095,1.000000000000000","F","F",1000,0,0,0
"unbalanced n, larger n with smaller SD",30,"15, 24, 36, 45",5,2,6.6,"0.00, 0.25, 0.50, 0.75","ordered",135,202609415,"2.236067977499790,2.000000000000000,1.414213562373095,1.000000000000000","F","W",1000,1,0,0
"unbalanced n, larger n with smaller SD",30,"15, 24, 36, 45",5,2,6.6,"0.00, 0.25, 0.50, 0.75","ordered",135,202609415,"2.236067977499790,2.000000000000000,1.414213562373095,1.000000000000000","F","KW",1000,999,6,419
"unbalanced n, larger n with smaller SD",30,"15, 24, 36, 45",5,2,6.6,"0.00, 0.25, 0.50, 0.75","ordered",135,202609415,"2.236067977499790,2.000000000000000,1.414213562373095,1.000000000000000","W","F",1000,0,0,0
"unbalanced n, larger n with smaller SD",30,"15, 24, 36, 45",5,2,6.6,"0.00, 0.25, 0.50, 0.75","ordered",135,202609415,"2.236067977499790,2.000000000000000,1.414213562373095,1.000000000000000","W","W",1000,1,0,0
"unbalanced n, larger n with smaller SD",30,"15, 24, 36, 45",5,2,6.6,"0.00, 0.25, 0.50, 0.75","ordered",135,202609415,"2.236067977499790,2.000000000000000,1.414213562373095,1.000000000000000","W","KW",1000,999,2,410
"unbalanced n, larger n with smaller SD",30,"15, 24, 36, 45",5,2,6.6,"0.00, 0.25, 0.50, 0.75","ordered",135,202609415,"2.236067977499790,2.000000000000000,1.414213562373095,1.000000000000000","KW","F",1000,0,0,0
"unbalanced n, larger n with smaller SD",30,"15, 24, 36, 45",5,2,6.6,"0.00, 0.25, 0.50, 0.75","ordered",135,202609415,"2.236067977499790,2.000000000000000,1.414213562373095,1.000000000000000","KW","W",1000,1,0,0
"unbalanced n, larger n with smaller SD",30,"15, 24, 36, 45",5,2,6.6,"0.00, 0.25, 0.50, 0.75","ordered",135,202609415,"2.236067977499790,2.000000000000000,1.414213562373095,1.000000000000000","KW","KW",1000,999,0,0
"unbalanced n, larger n with smaller SD",50,"25, 40, 60, 75",1,0,0,"0.00, 0.25, 0.50, 0.75","ordered",136,202609416,"2.236067977499790,2.000000000000000,1.414213562373095,1.000000000000000","F","F",1000,1,0,0
"unbalanced n, larger n with smaller SD",50,"25, 40, 60, 75",1,0,0,"0.00, 0.25, 0.50, 0.75","ordered",136,202609416,"2.236067977499790,2.000000000000000,1.414213562373095,1.000000000000000","F","W",1000,957,136,27
"unbalanced n, larger n with smaller SD",50,"25, 40, 60, 75",1,0,0,"0.00, 0.25, 0.50, 0.75","ordered",136,202609416,"2.236067977499790,2.000000000000000,1.414213562373095,1.000000000000000","F","KW",1000,42,8,4
"unbalanced n, larger n with smaller SD",50,"25, 40, 60, 75",1,0,0,"0.00, 0.25, 0.50, 0.75","ordered",136,202609416,"2.236067977499790,2.000000000000000,1.414213562373095,1.000000000000000","W","F",1000,1,0,0
"unbalanced n, larger n with smaller SD",50,"25, 40, 60, 75",1,0,0,"0.00, 0.25, 0.50, 0.75","ordered",136,202609416,"2.236067977499790,2.000000000000000,1.414213562373095,1.000000000000000","W","W",1000,957,0,0
"unbalanced n, larger n with smaller SD",50,"25, 40, 60, 75",1,0,0,"0.00, 0.25, 0.50, 0.75","ordered",136,202609416,"2.236067977499790,2.000000000000000,1.414213562373095,1.000000000000000","W","KW",1000,42,1,2
"unbalanced n, larger n with smaller SD",50,"25, 40, 60, 75",1,0,0,"0.00, 0.25, 0.50, 0.75","ordered",136,202609416,"2.236067977499790,2.000000000000000,1.414213562373095,1.000000000000000","KW","F",1000,1,0,0
"unbalanced n, larger n with smaller SD",50,"25, 40, 60, 75",1,0,0,"0.00, 0.25, 0.50, 0.75","ordered",136,202609416,"2.236067977499790,2.000000000000000,1.414213562373095,1.000000000000000","KW","W",1000,957,82,31
"unbalanced n, larger n with smaller SD",50,"25, 40, 60, 75",1,0,0,"0.00, 0.25, 0.50, 0.75","ordered",136,202609416,"2.236067977499790,2.000000000000000,1.414213562373095,1.000000000000000","KW","KW",1000,42,0,0
"unbalanced n, larger n with smaller SD",50,"25, 40, 60, 75",2,0,6,"0.00, 0.25, 0.50, 0.75","ordered",137,202609417,"2.236067977499790,2.000000000000000,1.414213562373095,1.000000000000000","F","F",1000,0,0,0
"unbalanced n, larger n with smaller SD",50,"25, 40, 60, 75",2,0,6,"0.00, 0.25, 0.50, 0.75","ordered",137,202609417,"2.236067977499790,2.000000000000000,1.414213562373095,1.000000000000000","F","W",1000,77,10,7
"unbalanced n, larger n with smaller SD",50,"25, 40, 60, 75",2,0,6,"0.00, 0.25, 0.50, 0.75","ordered",137,202609417,"2.236067977499790,2.000000000000000,1.414213562373095,1.000000000000000","F","KW",1000,923,38,146
"unbalanced n, larger n with smaller SD",50,"25, 40, 60, 75",2,0,6,"0.00, 0.25, 0.50, 0.75","ordered",137,202609417,"2.236067977499790,2.000000000000000,1.414213562373095,1.000000000000000","W","F",1000,0,0,0
"unbalanced n, larger n with smaller SD",50,"25, 40, 60, 75",2,0,6,"0.00, 0.25, 0.50, 0.75","ordered",137,202609417,"2.236067977499790,2.000000000000000,1.414213562373095,1.000000000000000","W","W",1000,77,0,0
"unbalanced n, larger n with smaller SD",50,"25, 40, 60, 75",2,0,6,"0.00, 0.25, 0.50, 0.75","ordered",137,202609417,"2.236067977499790,2.000000000000000,1.414213562373095,1.000000000000000","W","KW",1000,923,10,208
"unbalanced n, larger n with smaller SD",50,"25, 40, 60, 75",2,0,6,"0.00, 0.25, 0.50, 0.75","ordered",137,202609417,"2.236067977499790,2.000000000000000,1.414213562373095,1.000000000000000","KW","F",1000,0,0,0
"unbalanced n, larger n with smaller SD",50,"25, 40, 60, 75",2,0,6,"0.00, 0.25, 0.50, 0.75","ordered",137,202609417,"2.236067977499790,2.000000000000000,1.414213562373095,1.000000000000000","KW","W",1000,77,16,1
"unbalanced n, larger n with smaller SD",50,"25, 40, 60, 75",2,0,6,"0.00, 0.25, 0.50, 0.75","ordered",137,202609417,"2.236067977499790,2.000000000000000,1.414213562373095,1.000000000000000","KW","KW",1000,923,0,0
"unbalanced n, larger n with smaller SD",50,"25, 40, 60, 75",3,0.5,1,"0.00, 0.25, 0.50, 0.75","ordered",138,202609418,"2.236067977499790,2.000000000000000,1.414213562373095,1.000000000000000","F","F",1000,1,0,0
"unbalanced n, larger n with smaller SD",50,"25, 40, 60, 75",3,0.5,1,"0.00, 0.25, 0.50, 0.75","ordered",138,202609418,"2.236067977499790,2.000000000000000,1.414213562373095,1.000000000000000","F","W",1000,549,59,15
"unbalanced n, larger n with smaller SD",50,"25, 40, 60, 75",3,0.5,1,"0.00, 0.25, 0.50, 0.75","ordered",138,202609418,"2.236067977499790,2.000000000000000,1.414213562373095,1.000000000000000","F","KW",1000,450,14,70
"unbalanced n, larger n with smaller SD",50,"25, 40, 60, 75",3,0.5,1,"0.00, 0.25, 0.50, 0.75","ordered",138,202609418,"2.236067977499790,2.000000000000000,1.414213562373095,1.000000000000000","W","F",1000,1,0,0
"unbalanced n, larger n with smaller SD",50,"25, 40, 60, 75",3,0.5,1,"0.00, 0.25, 0.50, 0.75","ordered",138,202609418,"2.236067977499790,2.000000000000000,1.414213562373095,1.000000000000000","W","W",1000,549,0,0
"unbalanced n, larger n with smaller SD",50,"25, 40, 60, 75",3,0.5,1,"0.00, 0.25, 0.50, 0.75","ordered",138,202609418,"2.236067977499790,2.000000000000000,1.414213562373095,1.000000000000000","W","KW",1000,450,5,93
"unbalanced n, larger n with smaller SD",50,"25, 40, 60, 75",3,0.5,1,"0.00, 0.25, 0.50, 0.75","ordered",138,202609418,"2.236067977499790,2.000000000000000,1.414213562373095,1.000000000000000","KW","F",1000,1,0,0
"unbalanced n, larger n with smaller SD",50,"25, 40, 60, 75",3,0.5,1,"0.00, 0.25, 0.50, 0.75","ordered",138,202609418,"2.236067977499790,2.000000000000000,1.414213562373095,1.000000000000000","KW","W",1000,549,77,9
"unbalanced n, larger n with smaller SD",50,"25, 40, 60, 75",3,0.5,1,"0.00, 0.25, 0.50, 0.75","ordered",138,202609418,"2.236067977499790,2.000000000000000,1.414213562373095,1.000000000000000","KW","KW",1000,450,0,0
"unbalanced n, larger n with smaller SD",50,"25, 40, 60, 75",4,1,1.6,"0.00, 0.25, 0.50, 0.75","ordered",139,202609419,"2.236067977499790,2.000000000000000,1.414213562373095,1.000000000000000","F","F",1000,0,0,0
"unbalanced n, larger n with smaller SD",50,"25, 40, 60, 75",4,1,1.6,"0.00, 0.25, 0.50, 0.75","ordered",139,202609419,"2.236067977499790,2.000000000000000,1.414213562373095,1.000000000000000","F","W",1000,69,3,2
"unbalanced n, larger n with smaller SD",50,"25, 40, 60, 75",4,1,1.6,"0.00, 0.25, 0.50, 0.75","ordered",139,202609419,"2.236067977499790,2.000000000000000,1.414213562373095,1.000000000000000","F","KW",1000,931,7,223
"unbalanced n, larger n with smaller SD",50,"25, 40, 60, 75",4,1,1.6,"0.00, 0.25, 0.50, 0.75","ordered",139,202609419,"2.236067977499790,2.000000000000000,1.414213562373095,1.000000000000000","W","F",1000,0,0,0
"unbalanced n, larger n with smaller SD",50,"25, 40, 60, 75",4,1,1.6,"0.00, 0.25, 0.50, 0.75","ordered",139,202609419,"2.236067977499790,2.000000000000000,1.414213562373095,1.000000000000000","W","W",1000,69,0,0
"unbalanced n, larger n with smaller SD",50,"25, 40, 60, 75",4,1,1.6,"0.00, 0.25, 0.50, 0.75","ordered",139,202609419,"2.236067977499790,2.000000000000000,1.414213562373095,1.000000000000000","W","KW",1000,931,2,264
"unbalanced n, larger n with smaller SD",50,"25, 40, 60, 75",4,1,1.6,"0.00, 0.25, 0.50, 0.75","ordered",139,202609419,"2.236067977499790,2.000000000000000,1.414213562373095,1.000000000000000","KW","F",1000,0,0,0
"unbalanced n, larger n with smaller SD",50,"25, 40, 60, 75",4,1,1.6,"0.00, 0.25, 0.50, 0.75","ordered",139,202609419,"2.236067977499790,2.000000000000000,1.414213562373095,1.000000000000000","KW","W",1000,69,14,1
"unbalanced n, larger n with smaller SD",50,"25, 40, 60, 75",4,1,1.6,"0.00, 0.25, 0.50, 0.75","ordered",139,202609419,"2.236067977499790,2.000000000000000,1.414213562373095,1.000000000000000","KW","KW",1000,931,0,0
"unbalanced n, larger n with smaller SD",50,"25, 40, 60, 75",5,2,6.6,"0.00, 0.25, 0.50, 0.75","ordered",140,202609420,"2.236067977499790,2.000000000000000,1.414213562373095,1.000000000000000","F","F",1000,0,0,0
"unbalanced n, larger n with smaller SD",50,"25, 40, 60, 75",5,2,6.6,"0.00, 0.25, 0.50, 0.75","ordered",140,202609420,"2.236067977499790,2.000000000000000,1.414213562373095,1.000000000000000","F","W",1000,0,0,0
"unbalanced n, larger n with smaller SD",50,"25, 40, 60, 75",5,2,6.6,"0.00, 0.25, 0.50, 0.75","ordered",140,202609420,"2.236067977499790,2.000000000000000,1.414213562373095,1.000000000000000","F","KW",1000,1000,2,400
"unbalanced n, larger n with smaller SD",50,"25, 40, 60, 75",5,2,6.6,"0.00, 0.25, 0.50, 0.75","ordered",140,202609420,"2.236067977499790,2.000000000000000,1.414213562373095,1.000000000000000","W","F",1000,0,0,0
"unbalanced n, larger n with smaller SD",50,"25, 40, 60, 75",5,2,6.6,"0.00, 0.25, 0.50, 0.75","ordered",140,202609420,"2.236067977499790,2.000000000000000,1.414213562373095,1.000000000000000","W","W",1000,0,0,0
"unbalanced n, larger n with smaller SD",50,"25, 40, 60, 75",5,2,6.6,"0.00, 0.25, 0.50, 0.75","ordered",140,202609420,"2.236067977499790,2.000000000000000,1.414213562373095,1.000000000000000","W","KW",1000,1000,1,415
"unbalanced n, larger n with smaller SD",50,"25, 40, 60, 75",5,2,6.6,"0.00, 0.25, 0.50, 0.75","ordered",140,202609420,"2.236067977499790,2.000000000000000,1.414213562373095,1.000000000000000","KW","F",1000,0,0,0
"unbalanced n, larger n with smaller SD",50,"25, 40, 60, 75",5,2,6.6,"0.00, 0.25, 0.50, 0.75","ordered",140,202609420,"2.236067977499790,2.000000000000000,1.414213562373095,1.000000000000000","KW","W",1000,0,0,0
"unbalanced n, larger n with smaller SD",50,"25, 40, 60, 75",5,2,6.6,"0.00, 0.25, 0.50, 0.75","ordered",140,202609420,"2.236067977499790,2.000000000000000,1.414213562373095,1.000000000000000","KW","KW",1000,1000,0,0
"unbalanced n, larger n with smaller SD",100,"50, 80, 120, 150",1,0,0,"0.00, 0.25, 0.50, 0.75","ordered",141,202609421,"2.236067977499790,2.000000000000000,1.414213562373095,1.000000000000000","F","F",1000,0,0,0
"unbalanced n, larger n with smaller SD",100,"50, 80, 120, 150",1,0,0,"0.00, 0.25, 0.50, 0.75","ordered",141,202609421,"2.236067977499790,2.000000000000000,1.414213562373095,1.000000000000000","F","W",1000,940,75,16
"unbalanced n, larger n with smaller SD",100,"50, 80, 120, 150",1,0,0,"0.00, 0.25, 0.50, 0.75","ordered",141,202609421,"2.236067977499790,2.000000000000000,1.414213562373095,1.000000000000000","F","KW",1000,60,3,1
"unbalanced n, larger n with smaller SD",100,"50, 80, 120, 150",1,0,0,"0.00, 0.25, 0.50, 0.75","ordered",141,202609421,"2.236067977499790,2.000000000000000,1.414213562373095,1.000000000000000","W","F",1000,0,0,0
"unbalanced n, larger n with smaller SD",100,"50, 80, 120, 150",1,0,0,"0.00, 0.25, 0.50, 0.75","ordered",141,202609421,"2.236067977499790,2.000000000000000,1.414213562373095,1.000000000000000","W","W",1000,940,0,0
"unbalanced n, larger n with smaller SD",100,"50, 80, 120, 150",1,0,0,"0.00, 0.25, 0.50, 0.75","ordered",141,202609421,"2.236067977499790,2.000000000000000,1.414213562373095,1.000000000000000","W","KW",1000,60,2,2
"unbalanced n, larger n with smaller SD",100,"50, 80, 120, 150",1,0,0,"0.00, 0.25, 0.50, 0.75","ordered",141,202609421,"2.236067977499790,2.000000000000000,1.414213562373095,1.000000000000000","KW","F",1000,0,0,0
"unbalanced n, larger n with smaller SD",100,"50, 80, 120, 150",1,0,0,"0.00, 0.25, 0.50, 0.75","ordered",141,202609421,"2.236067977499790,2.000000000000000,1.414213562373095,1.000000000000000","KW","W",1000,940,43,49
"unbalanced n, larger n with smaller SD",100,"50, 80, 120, 150",1,0,0,"0.00, 0.25, 0.50, 0.75","ordered",141,202609421,"2.236067977499790,2.000000000000000,1.414213562373095,1.000000000000000","KW","KW",1000,60,0,0
"unbalanced n, larger n with smaller SD",100,"50, 80, 120, 150",2,0,6,"0.00, 0.25, 0.50, 0.75","ordered",142,202609422,"2.236067977499790,2.000000000000000,1.414213562373095,1.000000000000000","F","F",1000,0,0,0
"unbalanced n, larger n with smaller SD",100,"50, 80, 120, 150",2,0,6,"0.00, 0.25, 0.50, 0.75","ordered",142,202609422,"2.236067977499790,2.000000000000000,1.414213562373095,1.000000000000000","F","W",1000,8,0,0
"unbalanced n, larger n with smaller SD",100,"50, 80, 120, 150",2,0,6,"0.00, 0.25, 0.50, 0.75","ordered",142,202609422,"2.236067977499790,2.000000000000000,1.414213562373095,1.000000000000000","F","KW",1000,992,5,137
"unbalanced n, larger n with smaller SD",100,"50, 80, 120, 150",2,0,6,"0.00, 0.25, 0.50, 0.75","ordered",142,202609422,"2.236067977499790,2.000000000000000,1.414213562373095,1.000000000000000","W","F",1000,0,0,0
"unbalanced n, larger n with smaller SD",100,"50, 80, 120, 150",2,0,6,"0.00, 0.25, 0.50, 0.75","ordered",142,202609422,"2.236067977499790,2.000000000000000,1.414213562373095,1.000000000000000","W","W",1000,8,0,0
"unbalanced n, larger n with smaller SD",100,"50, 80, 120, 150",2,0,6,"0.00, 0.25, 0.50, 0.75","ordered",142,202609422,"2.236067977499790,2.000000000000000,1.414213562373095,1.000000000000000","W","KW",1000,992,1,171
"unbalanced n, larger n with smaller SD",100,"50, 80, 120, 150",2,0,6,"0.00, 0.25, 0.50, 0.75","ordered",142,202609422,"2.236067977499790,2.000000000000000,1.414213562373095,1.000000000000000","KW","F",1000,0,0,0
"unbalanced n, larger n with smaller SD",100,"50, 80, 120, 150",2,0,6,"0.00, 0.25, 0.50, 0.75","ordered",142,202609422,"2.236067977499790,2.000000000000000,1.414213562373095,1.000000000000000","KW","W",1000,8,0,0
"unbalanced n, larger n with smaller SD",100,"50, 80, 120, 150",2,0,6,"0.00, 0.25, 0.50, 0.75","ordered",142,202609422,"2.236067977499790,2.000000000000000,1.414213562373095,1.000000000000000","KW","KW",1000,992,0,0
"unbalanced n, larger n with smaller SD",100,"50, 80, 120, 150",3,0.5,1,"0.00, 0.25, 0.50, 0.75","ordered",143,202609423,"2.236067977499790,2.000000000000000,1.414213562373095,1.000000000000000","F","F",1000,0,0,0
"unbalanced n, larger n with smaller SD",100,"50, 80, 120, 150",3,0.5,1,"0.00, 0.25, 0.50, 0.75","ordered",143,202609423,"2.236067977499790,2.000000000000000,1.414213562373095,1.000000000000000","F","W",1000,299,21,7
"unbalanced n, larger n with smaller SD",100,"50, 80, 120, 150",3,0.5,1,"0.00, 0.25, 0.50, 0.75","ordered",143,202609423,"2.236067977499790,2.000000000000000,1.414213562373095,1.000000000000000","F","KW",1000,701,8,99
"unbalanced n, larger n with smaller SD",100,"50, 80, 120, 150",3,0.5,1,"0.00, 0.25, 0.50, 0.75","ordered",143,202609423,"2.236067977499790,2.000000000000000,1.414213562373095,1.000000000000000","W","F",1000,0,0,0
"unbalanced n, larger n with smaller SD",100,"50, 80, 120, 150",3,0.5,1,"0.00, 0.25, 0.50, 0.75","ordered",143,202609423,"2.236067977499790,2.000000000000000,1.414213562373095,1.000000000000000","W","W",1000,299,0,0
"unbalanced n, larger n with smaller SD",100,"50, 80, 120, 150",3,0.5,1,"0.00, 0.25, 0.50, 0.75","ordered",143,202609423,"2.236067977499790,2.000000000000000,1.414213562373095,1.000000000000000","W","KW",1000,701,3,124
"unbalanced n, larger n with smaller SD",100,"50, 80, 120, 150",3,0.5,1,"0.00, 0.25, 0.50, 0.75","ordered",143,202609423,"2.236067977499790,2.000000000000000,1.414213562373095,1.000000000000000","KW","F",1000,0,0,0
"unbalanced n, larger n with smaller SD",100,"50, 80, 120, 150",3,0.5,1,"0.00, 0.25, 0.50, 0.75","ordered",143,202609423,"2.236067977499790,2.000000000000000,1.414213562373095,1.000000000000000","KW","W",1000,299,35,1
"unbalanced n, larger n with smaller SD",100,"50, 80, 120, 150",3,0.5,1,"0.00, 0.25, 0.50, 0.75","ordered",143,202609423,"2.236067977499790,2.000000000000000,1.414213562373095,1.000000000000000","KW","KW",1000,701,0,0
"unbalanced n, larger n with smaller SD",100,"50, 80, 120, 150",4,1,1.6,"0.00, 0.25, 0.50, 0.75","ordered",144,202609424,"2.236067977499790,2.000000000000000,1.414213562373095,1.000000000000000","F","F",1000,0,0,0
"unbalanced n, larger n with smaller SD",100,"50, 80, 120, 150",4,1,1.6,"0.00, 0.25, 0.50, 0.75","ordered",144,202609424,"2.236067977499790,2.000000000000000,1.414213562373095,1.000000000000000","F","W",1000,0,0,0
"unbalanced n, larger n with smaller SD",100,"50, 80, 120, 150",4,1,1.6,"0.00, 0.25, 0.50, 0.75","ordered",144,202609424,"2.236067977499790,2.000000000000000,1.414213562373095,1.000000000000000","F","KW",1000,1000,1,158
"unbalanced n, larger n with smaller SD",100,"50, 80, 120, 150",4,1,1.6,"0.00, 0.25, 0.50, 0.75","ordered",144,202609424,"2.236067977499790,2.000000000000000,1.414213562373095,1.000000000000000","W","F",1000,0,0,0
"unbalanced n, larger n with smaller SD",100,"50, 80, 120, 150",4,1,1.6,"0.00, 0.25, 0.50, 0.75","ordered",144,202609424,"2.236067977499790,2.000000000000000,1.414213562373095,1.000000000000000","W","W",1000,0,0,0
"unbalanced n, larger n with smaller SD",100,"50, 80, 120, 150",4,1,1.6,"0.00, 0.25, 0.50, 0.75","ordered",144,202609424,"2.236067977499790,2.000000000000000,1.414213562373095,1.000000000000000","W","KW",1000,1000,0,204
"unbalanced n, larger n with smaller SD",100,"50, 80, 120, 150",4,1,1.6,"0.00, 0.25, 0.50, 0.75","ordered",144,202609424,"2.236067977499790,2.000000000000000,1.414213562373095,1.000000000000000","KW","F",1000,0,0,0
"unbalanced n, larger n with smaller SD",100,"50, 80, 120, 150",4,1,1.6,"0.00, 0.25, 0.50, 0.75","ordered",144,202609424,"2.236067977499790,2.000000000000000,1.414213562373095,1.000000000000000","KW","W",1000,0,0,0
"unbalanced n, larger n with smaller SD",100,"50, 80, 120, 150",4,1,1.6,"0.00, 0.25, 0.50, 0.75","ordered",144,202609424,"2.236067977499790,2.000000000000000,1.414213562373095,1.000000000000000","KW","KW",1000,1000,0,0
"unbalanced n, larger n with smaller SD",100,"50, 80, 120, 150",5,2,6.6,"0.00, 0.25, 0.50, 0.75","ordered",145,202609425,"2.236067977499790,2.000000000000000,1.414213562373095,1.000000000000000","F","F",1000,0,0,0
"unbalanced n, larger n with smaller SD",100,"50, 80, 120, 150",5,2,6.6,"0.00, 0.25, 0.50, 0.75","ordered",145,202609425,"2.236067977499790,2.000000000000000,1.414213562373095,1.000000000000000","F","W",1000,0,0,0
"unbalanced n, larger n with smaller SD",100,"50, 80, 120, 150",5,2,6.6,"0.00, 0.25, 0.50, 0.75","ordered",145,202609425,"2.236067977499790,2.000000000000000,1.414213562373095,1.000000000000000","F","KW",1000,1000,0,216
"unbalanced n, larger n with smaller SD",100,"50, 80, 120, 150",5,2,6.6,"0.00, 0.25, 0.50, 0.75","ordered",145,202609425,"2.236067977499790,2.000000000000000,1.414213562373095,1.000000000000000","W","F",1000,0,0,0
"unbalanced n, larger n with smaller SD",100,"50, 80, 120, 150",5,2,6.6,"0.00, 0.25, 0.50, 0.75","ordered",145,202609425,"2.236067977499790,2.000000000000000,1.414213562373095,1.000000000000000","W","W",1000,0,0,0
"unbalanced n, larger n with smaller SD",100,"50, 80, 120, 150",5,2,6.6,"0.00, 0.25, 0.50, 0.75","ordered",145,202609425,"2.236067977499790,2.000000000000000,1.414213562373095,1.000000000000000","W","KW",1000,1000,0,214
"unbalanced n, larger n with smaller SD",100,"50, 80, 120, 150",5,2,6.6,"0.00, 0.25, 0.50, 0.75","ordered",145,202609425,"2.236067977499790,2.000000000000000,1.414213562373095,1.000000000000000","KW","F",1000,0,0,0
"unbalanced n, larger n with smaller SD",100,"50, 80, 120, 150",5,2,6.6,"0.00, 0.25, 0.50, 0.75","ordered",145,202609425,"2.236067977499790,2.000000000000000,1.414213562373095,1.000000000000000","KW","W",1000,0,0,0
"unbalanced n, larger n with smaller SD",100,"50, 80, 120, 150",5,2,6.6,"0.00, 0.25, 0.50, 0.75","ordered",145,202609425,"2.236067977499790,2.000000000000000,1.414213562373095,1.000000000000000","KW","KW",1000,1000,0,0
"unbalanced n, larger n with smaller SD",200,"100, 160, 240, 300",1,0,0,"0.00, 0.25, 0.50, 0.75","ordered",146,202609426,"2.236067977499790,2.000000000000000,1.414213562373095,1.000000000000000","F","F",1000,0,0,0
"unbalanced n, larger n with smaller SD",200,"100, 160, 240, 300",1,0,0,"0.00, 0.25, 0.50, 0.75","ordered",146,202609426,"2.236067977499790,2.000000000000000,1.414213562373095,1.000000000000000","F","W",1000,947,10,4
"unbalanced n, larger n with smaller SD",200,"100, 160, 240, 300",1,0,0,"0.00, 0.25, 0.50, 0.75","ordered",146,202609426,"2.236067977499790,2.000000000000000,1.414213562373095,1.000000000000000","F","KW",1000,53,1,0
"unbalanced n, larger n with smaller SD",200,"100, 160, 240, 300",1,0,0,"0.00, 0.25, 0.50, 0.75","ordered",146,202609426,"2.236067977499790,2.000000000000000,1.414213562373095,1.000000000000000","W","F",1000,0,0,0
"unbalanced n, larger n with smaller SD",200,"100, 160, 240, 300",1,0,0,"0.00, 0.25, 0.50, 0.75","ordered",146,202609426,"2.236067977499790,2.000000000000000,1.414213562373095,1.000000000000000","W","W",1000,947,0,0
"unbalanced n, larger n with smaller SD",200,"100, 160, 240, 300",1,0,0,"0.00, 0.25, 0.50, 0.75","ordered",146,202609426,"2.236067977499790,2.000000000000000,1.414213562373095,1.000000000000000","W","KW",1000,53,0,0
"unbalanced n, larger n with smaller SD",200,"100, 160, 240, 300",1,0,0,"0.00, 0.25, 0.50, 0.75","ordered",146,202609426,"2.236067977499790,2.000000000000000,1.414213562373095,1.000000000000000","KW","F",1000,0,0,0
"unbalanced n, larger n with smaller SD",200,"100, 160, 240, 300",1,0,0,"0.00, 0.25, 0.50, 0.75","ordered",146,202609426,"2.236067977499790,2.000000000000000,1.414213562373095,1.000000000000000","KW","W",1000,947,10,14
"unbalanced n, larger n with smaller SD",200,"100, 160, 240, 300",1,0,0,"0.00, 0.25, 0.50, 0.75","ordered",146,202609426,"2.236067977499790,2.000000000000000,1.414213562373095,1.000000000000000","KW","KW",1000,53,0,0
"unbalanced n, larger n with smaller SD",200,"100, 160, 240, 300",2,0,6,"0.00, 0.25, 0.50, 0.75","ordered",147,202609427,"2.236067977499790,2.000000000000000,1.414213562373095,1.000000000000000","F","F",1000,0,0,0
"unbalanced n, larger n with smaller SD",200,"100, 160, 240, 300",2,0,6,"0.00, 0.25, 0.50, 0.75","ordered",147,202609427,"2.236067977499790,2.000000000000000,1.414213562373095,1.000000000000000","F","W",1000,0,0,0
"unbalanced n, larger n with smaller SD",200,"100, 160, 240, 300",2,0,6,"0.00, 0.25, 0.50, 0.75","ordered",147,202609427,"2.236067977499790,2.000000000000000,1.414213562373095,1.000000000000000","F","KW",1000,1000,0,16
"unbalanced n, larger n with smaller SD",200,"100, 160, 240, 300",2,0,6,"0.00, 0.25, 0.50, 0.75","ordered",147,202609427,"2.236067977499790,2.000000000000000,1.414213562373095,1.000000000000000","W","F",1000,0,0,0
"unbalanced n, larger n with smaller SD",200,"100, 160, 240, 300",2,0,6,"0.00, 0.25, 0.50, 0.75","ordered",147,202609427,"2.236067977499790,2.000000000000000,1.414213562373095,1.000000000000000","W","W",1000,0,0,0
"unbalanced n, larger n with smaller SD",200,"100, 160, 240, 300",2,0,6,"0.00, 0.25, 0.50, 0.75","ordered",147,202609427,"2.236067977499790,2.000000000000000,1.414213562373095,1.000000000000000","W","KW",1000,1000,0,24
"unbalanced n, larger n with smaller SD",200,"100, 160, 240, 300",2,0,6,"0.00, 0.25, 0.50, 0.75","ordered",147,202609427,"2.236067977499790,2.000000000000000,1.414213562373095,1.000000000000000","KW","F",1000,0,0,0
"unbalanced n, larger n with smaller SD",200,"100, 160, 240, 300",2,0,6,"0.00, 0.25, 0.50, 0.75","ordered",147,202609427,"2.236067977499790,2.000000000000000,1.414213562373095,1.000000000000000","KW","W",1000,0,0,0
"unbalanced n, larger n with smaller SD",200,"100, 160, 240, 300",2,0,6,"0.00, 0.25, 0.50, 0.75","ordered",147,202609427,"2.236067977499790,2.000000000000000,1.414213562373095,1.000000000000000","KW","KW",1000,1000,0,0
"unbalanced n, larger n with smaller SD",200,"100, 160, 240, 300",3,0.5,1,"0.00, 0.25, 0.50, 0.75","ordered",148,202609428,"2.236067977499790,2.000000000000000,1.414213562373095,1.000000000000000","F","F",1000,0,0,0
"unbalanced n, larger n with smaller SD",200,"100, 160, 240, 300",3,0.5,1,"0.00, 0.25, 0.50, 0.75","ordered",148,202609428,"2.236067977499790,2.000000000000000,1.414213562373095,1.000000000000000","F","W",1000,48,0,0
"unbalanced n, larger n with smaller SD",200,"100, 160, 240, 300",3,0.5,1,"0.00, 0.25, 0.50, 0.75","ordered",148,202609428,"2.236067977499790,2.000000000000000,1.414213562373095,1.000000000000000","F","KW",1000,952,1,24
"unbalanced n, larger n with smaller SD",200,"100, 160, 240, 300",3,0.5,1,"0.00, 0.25, 0.50, 0.75","ordered",148,202609428,"2.236067977499790,2.000000000000000,1.414213562373095,1.000000000000000","W","F",1000,0,0,0
"unbalanced n, larger n with smaller SD",200,"100, 160, 240, 300",3,0.5,1,"0.00, 0.25, 0.50, 0.75","ordered",148,202609428,"2.236067977499790,2.000000000000000,1.414213562373095,1.000000000000000","W","W",1000,48,0,0
"unbalanced n, larger n with smaller SD",200,"100, 160, 240, 300",3,0.5,1,"0.00, 0.25, 0.50, 0.75","ordered",148,202609428,"2.236067977499790,2.000000000000000,1.414213562373095,1.000000000000000","W","KW",1000,952,1,27
"unbalanced n, larger n with smaller SD",200,"100, 160, 240, 300",3,0.5,1,"0.00, 0.25, 0.50, 0.75","ordered",148,202609428,"2.236067977499790,2.000000000000000,1.414213562373095,1.000000000000000","KW","F",1000,0,0,0
"unbalanced n, larger n with smaller SD",200,"100, 160, 240, 300",3,0.5,1,"0.00, 0.25, 0.50, 0.75","ordered",148,202609428,"2.236067977499790,2.000000000000000,1.414213562373095,1.000000000000000","KW","W",1000,48,0,0
"unbalanced n, larger n with smaller SD",200,"100, 160, 240, 300",3,0.5,1,"0.00, 0.25, 0.50, 0.75","ordered",148,202609428,"2.236067977499790,2.000000000000000,1.414213562373095,1.000000000000000","KW","KW",1000,952,0,0
"unbalanced n, larger n with smaller SD",200,"100, 160, 240, 300",4,1,1.6,"0.00, 0.25, 0.50, 0.75","ordered",149,202609429,"2.236067977499790,2.000000000000000,1.414213562373095,1.000000000000000","F","F",1000,0,0,0
"unbalanced n, larger n with smaller SD",200,"100, 160, 240, 300",4,1,1.6,"0.00, 0.25, 0.50, 0.75","ordered",149,202609429,"2.236067977499790,2.000000000000000,1.414213562373095,1.000000000000000","F","W",1000,0,0,0
"unbalanced n, larger n with smaller SD",200,"100, 160, 240, 300",4,1,1.6,"0.00, 0.25, 0.50, 0.75","ordered",149,202609429,"2.236067977499790,2.000000000000000,1.414213562373095,1.000000000000000","F","KW",1000,1000,0,14
"unbalanced n, larger n with smaller SD",200,"100, 160, 240, 300",4,1,1.6,"0.00, 0.25, 0.50, 0.75","ordered",149,202609429,"2.236067977499790,2.000000000000000,1.414213562373095,1.000000000000000","W","F",1000,0,0,0
"unbalanced n, larger n with smaller SD",200,"100, 160, 240, 300",4,1,1.6,"0.00, 0.25, 0.50, 0.75","ordered",149,202609429,"2.236067977499790,2.000000000000000,1.414213562373095,1.000000000000000","W","W",1000,0,0,0
"unbalanced n, larger n with smaller SD",200,"100, 160, 240, 300",4,1,1.6,"0.00, 0.25, 0.50, 0.75","ordered",149,202609429,"2.236067977499790,2.000000000000000,1.414213562373095,1.000000000000000","W","KW",1000,1000,0,21
"unbalanced n, larger n with smaller SD",200,"100, 160, 240, 300",4,1,1.6,"0.00, 0.25, 0.50, 0.75","ordered",149,202609429,"2.236067977499790,2.000000000000000,1.414213562373095,1.000000000000000","KW","F",1000,0,0,0
"unbalanced n, larger n with smaller SD",200,"100, 160, 240, 300",4,1,1.6,"0.00, 0.25, 0.50, 0.75","ordered",149,202609429,"2.236067977499790,2.000000000000000,1.414213562373095,1.000000000000000","KW","W",1000,0,0,0
"unbalanced n, larger n with smaller SD",200,"100, 160, 240, 300",4,1,1.6,"0.00, 0.25, 0.50, 0.75","ordered",149,202609429,"2.236067977499790,2.000000000000000,1.414213562373095,1.000000000000000","KW","KW",1000,1000,0,0
"unbalanced n, larger n with smaller SD",200,"100, 160, 240, 300",5,2,6.6,"0.00, 0.25, 0.50, 0.75","ordered",150,202609430,"2.236067977499790,2.000000000000000,1.414213562373095,1.000000000000000","F","F",1000,0,0,0
"unbalanced n, larger n with smaller SD",200,"100, 160, 240, 300",5,2,6.6,"0.00, 0.25, 0.50, 0.75","ordered",150,202609430,"2.236067977499790,2.000000000000000,1.414213562373095,1.000000000000000","F","W",1000,0,0,0
"unbalanced n, larger n with smaller SD",200,"100, 160, 240, 300",5,2,6.6,"0.00, 0.25, 0.50, 0.75","ordered",150,202609430,"2.236067977499790,2.000000000000000,1.414213562373095,1.000000000000000","F","KW",1000,1000,0,26
"unbalanced n, larger n with smaller SD",200,"100, 160, 240, 300",5,2,6.6,"0.00, 0.25, 0.50, 0.75","ordered",150,202609430,"2.236067977499790,2.000000000000000,1.414213562373095,1.000000000000000","W","F",1000,0,0,0
"unbalanced n, larger n with smaller SD",200,"100, 160, 240, 300",5,2,6.6,"0.00, 0.25, 0.50, 0.75","ordered",150,202609430,"2.236067977499790,2.000000000000000,1.414213562373095,1.000000000000000","W","W",1000,0,0,0
"unbalanced n, larger n with smaller SD",200,"100, 160, 240, 300",5,2,6.6,"0.00, 0.25, 0.50, 0.75","ordered",150,202609430,"2.236067977499790,2.000000000000000,1.414213562373095,1.000000000000000","W","KW",1000,1000,0,31
"unbalanced n, larger n with smaller SD",200,"100, 160, 240, 300",5,2,6.6,"0.00, 0.25, 0.50, 0.75","ordered",150,202609430,"2.236067977499790,2.000000000000000,1.414213562373095,1.000000000000000","KW","F",1000,0,0,0
"unbalanced n, larger n with smaller SD",200,"100, 160, 240, 300",5,2,6.6,"0.00, 0.25, 0.50, 0.75","ordered",150,202609430,"2.236067977499790,2.000000000000000,1.414213562373095,1.000000000000000","KW","W",1000,0,0,0
"unbalanced n, larger n with smaller SD",200,"100, 160, 240, 300",5,2,6.6,"0.00, 0.25, 0.50, 0.75","ordered",150,202609430,"2.236067977499790,2.000000000000000,1.414213562373095,1.000000000000000","KW","KW",1000,1000,0,0
"balanced n, equal SD",10,"10, 10, 10, 10",1,0,0,"0.00, 0.00, 0.00, 0.50","onepoint_0.5",151,202609431,"1,1,1,1","F","F",1000,910,0,0
"balanced n, equal SD",10,"10, 10, 10, 10",1,0,0,"0.00, 0.00, 0.00, 0.50","onepoint_0.5",151,202609431,"1,1,1,1","F","W",1000,45,3,5
"balanced n, equal SD",10,"10, 10, 10, 10",1,0,0,"0.00, 0.00, 0.00, 0.50","onepoint_0.5",151,202609431,"1,1,1,1","F","KW",1000,45,0,2
"balanced n, equal SD",10,"10, 10, 10, 10",1,0,0,"0.00, 0.00, 0.00, 0.50","onepoint_0.5",151,202609431,"1,1,1,1","W","F",1000,910,18,39
"balanced n, equal SD",10,"10, 10, 10, 10",1,0,0,"0.00, 0.00, 0.00, 0.50","onepoint_0.5",151,202609431,"1,1,1,1","W","W",1000,45,0,0
"balanced n, equal SD",10,"10, 10, 10, 10",1,0,0,"0.00, 0.00, 0.00, 0.50","onepoint_0.5",151,202609431,"1,1,1,1","W","KW",1000,45,0,2
"balanced n, equal SD",10,"10, 10, 10, 10",1,0,0,"0.00, 0.00, 0.00, 0.50","onepoint_0.5",151,202609431,"1,1,1,1","KW","F",1000,910,10,31
"balanced n, equal SD",10,"10, 10, 10, 10",1,0,0,"0.00, 0.00, 0.00, 0.50","onepoint_0.5",151,202609431,"1,1,1,1","KW","W",1000,45,2,8
"balanced n, equal SD",10,"10, 10, 10, 10",1,0,0,"0.00, 0.00, 0.00, 0.50","onepoint_0.5",151,202609431,"1,1,1,1","KW","KW",1000,45,0,0
"balanced n, equal SD",10,"10, 10, 10, 10",2,0,6,"0.00, 0.00, 0.00, 0.50","onepoint_0.5",152,202609432,"1,1,1,1","F","F",1000,485,0,0
"balanced n, equal SD",10,"10, 10, 10, 10",2,0,6,"0.00, 0.00, 0.00, 0.50","onepoint_0.5",152,202609432,"1,1,1,1","F","W",1000,72,4,7
"balanced n, equal SD",10,"10, 10, 10, 10",2,0,6,"0.00, 0.00, 0.00, 0.50","onepoint_0.5",152,202609432,"1,1,1,1","F","KW",1000,443,5,49
"balanced n, equal SD",10,"10, 10, 10, 10",2,0,6,"0.00, 0.00, 0.00, 0.50","onepoint_0.5",152,202609432,"1,1,1,1","W","F",1000,485,6,27
"balanced n, equal SD",10,"10, 10, 10, 10",2,0,6,"0.00, 0.00, 0.00, 0.50","onepoint_0.5",152,202609432,"1,1,1,1","W","W",1000,72,0,0
"balanced n, equal SD",10,"10, 10, 10, 10",2,0,6,"0.00, 0.00, 0.00, 0.50","onepoint_0.5",152,202609432,"1,1,1,1","W","KW",1000,443,12,36
"balanced n, equal SD",10,"10, 10, 10, 10",2,0,6,"0.00, 0.00, 0.00, 0.50","onepoint_0.5",152,202609432,"1,1,1,1","KW","F",1000,485,9,14
"balanced n, equal SD",10,"10, 10, 10, 10",2,0,6,"0.00, 0.00, 0.00, 0.50","onepoint_0.5",152,202609432,"1,1,1,1","KW","W",1000,72,1,3
"balanced n, equal SD",10,"10, 10, 10, 10",2,0,6,"0.00, 0.00, 0.00, 0.50","onepoint_0.5",152,202609432,"1,1,1,1","KW","KW",1000,443,0,0
"balanced n, equal SD",10,"10, 10, 10, 10",3,0.5,1,"0.00, 0.00, 0.00, 0.50","onepoint_0.5",153,202609433,"1,1,1,1","F","F",1000,770,0,0
"balanced n, equal SD",10,"10, 10, 10, 10",3,0.5,1,"0.00, 0.00, 0.00, 0.50","onepoint_0.5",153,202609433,"1,1,1,1","F","W",1000,71,3,5
"balanced n, equal SD",10,"10, 10, 10, 10",3,0.5,1,"0.00, 0.00, 0.00, 0.50","onepoint_0.5",153,202609433,"1,1,1,1","F","KW",1000,159,2,11
"balanced n, equal SD",10,"10, 10, 10, 10",3,0.5,1,"0.00, 0.00, 0.00, 0.50","onepoint_0.5",153,202609433,"1,1,1,1","W","F",1000,770,28,30
"balanced n, equal SD",10,"10, 10, 10, 10",3,0.5,1,"0.00, 0.00, 0.00, 0.50","onepoint_0.5",153,202609433,"1,1,1,1","W","W",1000,71,0,0
"balanced n, equal SD",10,"10, 10, 10, 10",3,0.5,1,"0.00, 0.00, 0.00, 0.50","onepoint_0.5",153,202609433,"1,1,1,1","W","KW",1000,159,1,14
"balanced n, equal SD",10,"10, 10, 10, 10",3,0.5,1,"0.00, 0.00, 0.00, 0.50","onepoint_0.5",153,202609433,"1,1,1,1","KW","F",1000,770,12,25
"balanced n, equal SD",10,"10, 10, 10, 10",3,0.5,1,"0.00, 0.00, 0.00, 0.50","onepoint_0.5",153,202609433,"1,1,1,1","KW","W",1000,71,1,4
"balanced n, equal SD",10,"10, 10, 10, 10",3,0.5,1,"0.00, 0.00, 0.00, 0.50","onepoint_0.5",153,202609433,"1,1,1,1","KW","KW",1000,159,0,0
"balanced n, equal SD",10,"10, 10, 10, 10",4,1,1.6,"0.00, 0.00, 0.00, 0.50","onepoint_0.5",154,202609434,"1,1,1,1","F","F",1000,489,0,0
"balanced n, equal SD",10,"10, 10, 10, 10",4,1,1.6,"0.00, 0.00, 0.00, 0.50","onepoint_0.5",154,202609434,"1,1,1,1","F","W",1000,98,9,6
"balanced n, equal SD",10,"10, 10, 10, 10",4,1,1.6,"0.00, 0.00, 0.00, 0.50","onepoint_0.5",154,202609434,"1,1,1,1","F","KW",1000,413,7,20
"balanced n, equal SD",10,"10, 10, 10, 10",4,1,1.6,"0.00, 0.00, 0.00, 0.50","onepoint_0.5",154,202609434,"1,1,1,1","W","F",1000,489,16,25
"balanced n, equal SD",10,"10, 10, 10, 10",4,1,1.6,"0.00, 0.00, 0.00, 0.50","onepoint_0.5",154,202609434,"1,1,1,1","W","W",1000,98,0,0
"balanced n, equal SD",10,"10, 10, 10, 10",4,1,1.6,"0.00, 0.00, 0.00, 0.50","onepoint_0.5",154,202609434,"1,1,1,1","W","KW",1000,413,5,23
"balanced n, equal SD",10,"10, 10, 10, 10",4,1,1.6,"0.00, 0.00, 0.00, 0.50","onepoint_0.5",154,202609434,"1,1,1,1","KW","F",1000,489,9,22
"balanced n, equal SD",10,"10, 10, 10, 10",4,1,1.6,"0.00, 0.00, 0.00, 0.50","onepoint_0.5",154,202609434,"1,1,1,1","KW","W",1000,98,3,6
"balanced n, equal SD",10,"10, 10, 10, 10",4,1,1.6,"0.00, 0.00, 0.00, 0.50","onepoint_0.5",154,202609434,"1,1,1,1","KW","KW",1000,413,0,0
"balanced n, equal SD",10,"10, 10, 10, 10",5,2,6.6,"0.00, 0.00, 0.00, 0.50","onepoint_0.5",155,202609435,"1,1,1,1","F","F",1000,88,0,0
"balanced n, equal SD",10,"10, 10, 10, 10",5,2,6.6,"0.00, 0.00, 0.00, 0.50","onepoint_0.5",155,202609435,"1,1,1,1","F","W",1000,124,11,21
"balanced n, equal SD",10,"10, 10, 10, 10",5,2,6.6,"0.00, 0.00, 0.00, 0.50","onepoint_0.5",155,202609435,"1,1,1,1","F","KW",1000,788,7,81
"balanced n, equal SD",10,"10, 10, 10, 10",5,2,6.6,"0.00, 0.00, 0.00, 0.50","onepoint_0.5",155,202609435,"1,1,1,1","W","F",1000,88,1,7
"balanced n, equal SD",10,"10, 10, 10, 10",5,2,6.6,"0.00, 0.00, 0.00, 0.50","onepoint_0.5",155,202609435,"1,1,1,1","W","W",1000,124,0,0
"balanced n, equal SD",10,"10, 10, 10, 10",5,2,6.6,"0.00, 0.00, 0.00, 0.50","onepoint_0.5",155,202609435,"1,1,1,1","W","KW",1000,788,18,77
"balanced n, equal SD",10,"10, 10, 10, 10",5,2,6.6,"0.00, 0.00, 0.00, 0.50","onepoint_0.5",155,202609435,"1,1,1,1","KW","F",1000,88,1,6
"balanced n, equal SD",10,"10, 10, 10, 10",5,2,6.6,"0.00, 0.00, 0.00, 0.50","onepoint_0.5",155,202609435,"1,1,1,1","KW","W",1000,124,5,19
"balanced n, equal SD",10,"10, 10, 10, 10",5,2,6.6,"0.00, 0.00, 0.00, 0.50","onepoint_0.5",155,202609435,"1,1,1,1","KW","KW",1000,788,0,0
"balanced n, equal SD",20,"20, 20, 20, 20",1,0,0,"0.00, 0.00, 0.00, 0.50","onepoint_0.5",156,202609436,"1,1,1,1","F","F",1000,915,0,0
"balanced n, equal SD",20,"20, 20, 20, 20",1,0,0,"0.00, 0.00, 0.00, 0.50","onepoint_0.5",156,202609436,"1,1,1,1","F","W",1000,50,2,2
"balanced n, equal SD",20,"20, 20, 20, 20",1,0,0,"0.00, 0.00, 0.00, 0.50","onepoint_0.5",156,202609436,"1,1,1,1","F","KW",1000,35,2,3
"balanced n, equal SD",20,"20, 20, 20, 20",1,0,0,"0.00, 0.00, 0.00, 0.50","onepoint_0.5",156,202609436,"1,1,1,1","W","F",1000,915,30,30
"balanced n, equal SD",20,"20, 20, 20, 20",1,0,0,"0.00, 0.00, 0.00, 0.50","onepoint_0.5",156,202609436,"1,1,1,1","W","W",1000,50,0,0
"balanced n, equal SD",20,"20, 20, 20, 20",1,0,0,"0.00, 0.00, 0.00, 0.50","onepoint_0.5",156,202609436,"1,1,1,1","W","KW",1000,35,2,4
"balanced n, equal SD",20,"20, 20, 20, 20",1,0,0,"0.00, 0.00, 0.00, 0.50","onepoint_0.5",156,202609436,"1,1,1,1","KW","F",1000,915,20,40
"balanced n, equal SD",20,"20, 20, 20, 20",1,0,0,"0.00, 0.00, 0.00, 0.50","onepoint_0.5",156,202609436,"1,1,1,1","KW","W",1000,50,0,3
"balanced n, equal SD",20,"20, 20, 20, 20",1,0,0,"0.00, 0.00, 0.00, 0.50","onepoint_0.5",156,202609436,"1,1,1,1","KW","KW",1000,35,0,0
"balanced n, equal SD",20,"20, 20, 20, 20",2,0,6,"0.00, 0.00, 0.00, 0.50","onepoint_0.5",157,202609437,"1,1,1,1","F","F",1000,239,0,0
"balanced n, equal SD",20,"20, 20, 20, 20",2,0,6,"0.00, 0.00, 0.00, 0.50","onepoint_0.5",157,202609437,"1,1,1,1","F","W",1000,39,2,5
"balanced n, equal SD",20,"20, 20, 20, 20",2,0,6,"0.00, 0.00, 0.00, 0.50","onepoint_0.5",157,202609437,"1,1,1,1","F","KW",1000,722,10,159
"balanced n, equal SD",20,"20, 20, 20, 20",2,0,6,"0.00, 0.00, 0.00, 0.50","onepoint_0.5",157,202609437,"1,1,1,1","W","F",1000,239,7,12
"balanced n, equal SD",20,"20, 20, 20, 20",2,0,6,"0.00, 0.00, 0.00, 0.50","onepoint_0.5",157,202609437,"1,1,1,1","W","W",1000,39,0,0
"balanced n, equal SD",20,"20, 20, 20, 20",2,0,6,"0.00, 0.00, 0.00, 0.50","onepoint_0.5",157,202609437,"1,1,1,1","W","KW",1000,722,6,137
"balanced n, equal SD",20,"20, 20, 20, 20",2,0,6,"0.00, 0.00, 0.00, 0.50","onepoint_0.5",157,202609437,"1,1,1,1","KW","F",1000,239,11,12
"balanced n, equal SD",20,"20, 20, 20, 20",2,0,6,"0.00, 0.00, 0.00, 0.50","onepoint_0.5",157,202609437,"1,1,1,1","KW","W",1000,39,3,2
"balanced n, equal SD",20,"20, 20, 20, 20",2,0,6,"0.00, 0.00, 0.00, 0.50","onepoint_0.5",157,202609437,"1,1,1,1","KW","KW",1000,722,0,0
"balanced n, equal SD",20,"20, 20, 20, 20",3,0.5,1,"0.00, 0.00, 0.00, 0.50","onepoint_0.5",158,202609438,"1,1,1,1","F","F",1000,641,0,0
"balanced n, equal SD",20,"20, 20, 20, 20",3,0.5,1,"0.00, 0.00, 0.00, 0.50","onepoint_0.5",158,202609438,"1,1,1,1","F","W",1000,47,1,2
"balanced n, equal SD",20,"20, 20, 20, 20",3,0.5,1,"0.00, 0.00, 0.00, 0.50","onepoint_0.5",158,202609438,"1,1,1,1","F","KW",1000,312,2,36
"balanced n, equal SD",20,"20, 20, 20, 20",3,0.5,1,"0.00, 0.00, 0.00, 0.50","onepoint_0.5",158,202609438,"1,1,1,1","W","F",1000,641,21,28
"balanced n, equal SD",20,"20, 20, 20, 20",3,0.5,1,"0.00, 0.00, 0.00, 0.50","onepoint_0.5",158,202609438,"1,1,1,1","W","W",1000,47,0,0
"balanced n, equal SD",20,"20, 20, 20, 20",3,0.5,1,"0.00, 0.00, 0.00, 0.50","onepoint_0.5",158,202609438,"1,1,1,1","W","KW",1000,312,5,32
"balanced n, equal SD",20,"20, 20, 20, 20",3,0.5,1,"0.00, 0.00, 0.00, 0.50","onepoint_0.5",158,202609438,"1,1,1,1","KW","F",1000,641,18,31
"balanced n, equal SD",20,"20, 20, 20, 20",3,0.5,1,"0.00, 0.00, 0.00, 0.50","onepoint_0.5",158,202609438,"1,1,1,1","KW","W",1000,47,0,3
"balanced n, equal SD",20,"20, 20, 20, 20",3,0.5,1,"0.00, 0.00, 0.00, 0.50","onepoint_0.5",158,202609438,"1,1,1,1","KW","KW",1000,312,0,0
"balanced n, equal SD",20,"20, 20, 20, 20",4,1,1.6,"0.00, 0.00, 0.00, 0.50","onepoint_0.5",159,202609439,"1,1,1,1","F","F",1000,161,0,0
"balanced n, equal SD",20,"20, 20, 20, 20",4,1,1.6,"0.00, 0.00, 0.00, 0.50","onepoint_0.5",159,202609439,"1,1,1,1","F","W",1000,67,4,8
"balanced n, equal SD",20,"20, 20, 20, 20",4,1,1.6,"0.00, 0.00, 0.00, 0.50","onepoint_0.5",159,202609439,"1,1,1,1","F","KW",1000,772,26,71
"balanced n, equal SD",20,"20, 20, 20, 20",4,1,1.6,"0.00, 0.00, 0.00, 0.50","onepoint_0.5",159,202609439,"1,1,1,1","W","F",1000,161,4,5
"balanced n, equal SD",20,"20, 20, 20, 20",4,1,1.6,"0.00, 0.00, 0.00, 0.50","onepoint_0.5",159,202609439,"1,1,1,1","W","W",1000,67,0,0
"balanced n, equal SD",20,"20, 20, 20, 20",4,1,1.6,"0.00, 0.00, 0.00, 0.50","onepoint_0.5",159,202609439,"1,1,1,1","W","KW",1000,772,23,65
"balanced n, equal SD",20,"20, 20, 20, 20",4,1,1.6,"0.00, 0.00, 0.00, 0.50","onepoint_0.5",159,202609439,"1,1,1,1","KW","F",1000,161,3,5
"balanced n, equal SD",20,"20, 20, 20, 20",4,1,1.6,"0.00, 0.00, 0.00, 0.50","onepoint_0.5",159,202609439,"1,1,1,1","KW","W",1000,67,1,9
"balanced n, equal SD",20,"20, 20, 20, 20",4,1,1.6,"0.00, 0.00, 0.00, 0.50","onepoint_0.5",159,202609439,"1,1,1,1","KW","KW",1000,772,0,0
"balanced n, equal SD",20,"20, 20, 20, 20",5,2,6.6,"0.00, 0.00, 0.00, 0.50","onepoint_0.5",160,202609440,"1,1,1,1","F","F",1000,0,0,0
"balanced n, equal SD",20,"20, 20, 20, 20",5,2,6.6,"0.00, 0.00, 0.00, 0.50","onepoint_0.5",160,202609440,"1,1,1,1","F","W",1000,12,0,0
"balanced n, equal SD",20,"20, 20, 20, 20",5,2,6.6,"0.00, 0.00, 0.00, 0.50","onepoint_0.5",160,202609440,"1,1,1,1","F","KW",1000,988,6,264
"balanced n, equal SD",20,"20, 20, 20, 20",5,2,6.6,"0.00, 0.00, 0.00, 0.50","onepoint_0.5",160,202609440,"1,1,1,1","W","F",1000,0,0,0
"balanced n, equal SD",20,"20, 20, 20, 20",5,2,6.6,"0.00, 0.00, 0.00, 0.50","onepoint_0.5",160,202609440,"1,1,1,1","W","W",1000,12,0,0
"balanced n, equal SD",20,"20, 20, 20, 20",5,2,6.6,"0.00, 0.00, 0.00, 0.50","onepoint_0.5",160,202609440,"1,1,1,1","W","KW",1000,988,19,230
"balanced n, equal SD",20,"20, 20, 20, 20",5,2,6.6,"0.00, 0.00, 0.00, 0.50","onepoint_0.5",160,202609440,"1,1,1,1","KW","F",1000,0,0,0
"balanced n, equal SD",20,"20, 20, 20, 20",5,2,6.6,"0.00, 0.00, 0.00, 0.50","onepoint_0.5",160,202609440,"1,1,1,1","KW","W",1000,12,0,0
"balanced n, equal SD",20,"20, 20, 20, 20",5,2,6.6,"0.00, 0.00, 0.00, 0.50","onepoint_0.5",160,202609440,"1,1,1,1","KW","KW",1000,988,0,0
"balanced n, equal SD",30,"30, 30, 30, 30",1,0,0,"0.00, 0.00, 0.00, 0.50","onepoint_0.5",161,202609441,"1,1,1,1","F","F",1000,893,0,0
"balanced n, equal SD",30,"30, 30, 30, 30",1,0,0,"0.00, 0.00, 0.00, 0.50","onepoint_0.5",161,202609441,"1,1,1,1","F","W",1000,59,2,2
"balanced n, equal SD",30,"30, 30, 30, 30",1,0,0,"0.00, 0.00, 0.00, 0.50","onepoint_0.5",161,202609441,"1,1,1,1","F","KW",1000,48,2,3
"balanced n, equal SD",30,"30, 30, 30, 30",1,0,0,"0.00, 0.00, 0.00, 0.50","onepoint_0.5",161,202609441,"1,1,1,1","W","F",1000,893,18,36
"balanced n, equal SD",30,"30, 30, 30, 30",1,0,0,"0.00, 0.00, 0.00, 0.50","onepoint_0.5",161,202609441,"1,1,1,1","W","W",1000,59,0,0
"balanced n, equal SD",30,"30, 30, 30, 30",1,0,0,"0.00, 0.00, 0.00, 0.50","onepoint_0.5",161,202609441,"1,1,1,1","W","KW",1000,48,2,1
"balanced n, equal SD",30,"30, 30, 30, 30",1,0,0,"0.00, 0.00, 0.00, 0.50","onepoint_0.5",161,202609441,"1,1,1,1","KW","F",1000,893,21,61
"balanced n, equal SD",30,"30, 30, 30, 30",1,0,0,"0.00, 0.00, 0.00, 0.50","onepoint_0.5",161,202609441,"1,1,1,1","KW","W",1000,59,0,5
"balanced n, equal SD",30,"30, 30, 30, 30",1,0,0,"0.00, 0.00, 0.00, 0.50","onepoint_0.5",161,202609441,"1,1,1,1","KW","KW",1000,48,0,0
"balanced n, equal SD",30,"30, 30, 30, 30",2,0,6,"0.00, 0.00, 0.00, 0.50","onepoint_0.5",162,202609442,"1,1,1,1","F","F",1000,91,0,0
"balanced n, equal SD",30,"30, 30, 30, 30",2,0,6,"0.00, 0.00, 0.00, 0.50","onepoint_0.5",162,202609442,"1,1,1,1","F","W",1000,27,2,2
"balanced n, equal SD",30,"30, 30, 30, 30",2,0,6,"0.00, 0.00, 0.00, 0.50","onepoint_0.5",162,202609442,"1,1,1,1","F","KW",1000,882,9,174
"balanced n, equal SD",30,"30, 30, 30, 30",2,0,6,"0.00, 0.00, 0.00, 0.50","onepoint_0.5",162,202609442,"1,1,1,1","W","F",1000,91,3,3
"balanced n, equal SD",30,"30, 30, 30, 30",2,0,6,"0.00, 0.00, 0.00, 0.50","onepoint_0.5",162,202609442,"1,1,1,1","W","W",1000,27,0,0
"balanced n, equal SD",30,"30, 30, 30, 30",2,0,6,"0.00, 0.00, 0.00, 0.50","onepoint_0.5",162,202609442,"1,1,1,1","W","KW",1000,882,9,157
"balanced n, equal SD",30,"30, 30, 30, 30",2,0,6,"0.00, 0.00, 0.00, 0.50","onepoint_0.5",162,202609442,"1,1,1,1","KW","F",1000,91,5,3
"balanced n, equal SD",30,"30, 30, 30, 30",2,0,6,"0.00, 0.00, 0.00, 0.50","onepoint_0.5",162,202609442,"1,1,1,1","KW","W",1000,27,2,1
"balanced n, equal SD",30,"30, 30, 30, 30",2,0,6,"0.00, 0.00, 0.00, 0.50","onepoint_0.5",162,202609442,"1,1,1,1","KW","KW",1000,882,0,0
"balanced n, equal SD",30,"30, 30, 30, 30",3,0.5,1,"0.00, 0.00, 0.00, 0.50","onepoint_0.5",163,202609443,"1,1,1,1","F","F",1000,537,0,0
"balanced n, equal SD",30,"30, 30, 30, 30",3,0.5,1,"0.00, 0.00, 0.00, 0.50","onepoint_0.5",163,202609443,"1,1,1,1","F","W",1000,52,0,7
"balanced n, equal SD",30,"30, 30, 30, 30",3,0.5,1,"0.00, 0.00, 0.00, 0.50","onepoint_0.5",163,202609443,"1,1,1,1","F","KW",1000,411,9,47
"balanced n, equal SD",30,"30, 30, 30, 30",3,0.5,1,"0.00, 0.00, 0.00, 0.50","onepoint_0.5",163,202609443,"1,1,1,1","W","F",1000,537,22,9
"balanced n, equal SD",30,"30, 30, 30, 30",3,0.5,1,"0.00, 0.00, 0.00, 0.50","onepoint_0.5",163,202609443,"1,1,1,1","W","W",1000,52,0,0
"balanced n, equal SD",30,"30, 30, 30, 30",3,0.5,1,"0.00, 0.00, 0.00, 0.50","onepoint_0.5",163,202609443,"1,1,1,1","W","KW",1000,411,10,32
"balanced n, equal SD",30,"30, 30, 30, 30",3,0.5,1,"0.00, 0.00, 0.00, 0.50","onepoint_0.5",163,202609443,"1,1,1,1","KW","F",1000,537,25,26
"balanced n, equal SD",30,"30, 30, 30, 30",3,0.5,1,"0.00, 0.00, 0.00, 0.50","onepoint_0.5",163,202609443,"1,1,1,1","KW","W",1000,52,0,7
"balanced n, equal SD",30,"30, 30, 30, 30",3,0.5,1,"0.00, 0.00, 0.00, 0.50","onepoint_0.5",163,202609443,"1,1,1,1","KW","KW",1000,411,0,0
"balanced n, equal SD",30,"30, 30, 30, 30",4,1,1.6,"0.00, 0.00, 0.00, 0.50","onepoint_0.5",164,202609444,"1,1,1,1","F","F",1000,36,0,0
"balanced n, equal SD",30,"30, 30, 30, 30",4,1,1.6,"0.00, 0.00, 0.00, 0.50","onepoint_0.5",164,202609444,"1,1,1,1","F","W",1000,37,2,1
"balanced n, equal SD",30,"30, 30, 30, 30",4,1,1.6,"0.00, 0.00, 0.00, 0.50","onepoint_0.5",164,202609444,"1,1,1,1","F","KW",1000,927,33,94
"balanced n, equal SD",30,"30, 30, 30, 30",4,1,1.6,"0.00, 0.00, 0.00, 0.50","onepoint_0.5",164,202609444,"1,1,1,1","W","F",1000,36,2,0
"balanced n, equal SD",30,"30, 30, 30, 30",4,1,1.6,"0.00, 0.00, 0.00, 0.50","onepoint_0.5",164,202609444,"1,1,1,1","W","W",1000,37,0,0
"balanced n, equal SD",30,"30, 30, 30, 30",4,1,1.6,"0.00, 0.00, 0.00, 0.50","onepoint_0.5",164,202609444,"1,1,1,1","W","KW",1000,927,26,90
"balanced n, equal SD",30,"30, 30, 30, 30",4,1,1.6,"0.00, 0.00, 0.00, 0.50","onepoint_0.5",164,202609444,"1,1,1,1","KW","F",1000,36,3,0
"balanced n, equal SD",30,"30, 30, 30, 30",4,1,1.6,"0.00, 0.00, 0.00, 0.50","onepoint_0.5",164,202609444,"1,1,1,1","KW","W",1000,37,0,1
"balanced n, equal SD",30,"30, 30, 30, 30",4,1,1.6,"0.00, 0.00, 0.00, 0.50","onepoint_0.5",164,202609444,"1,1,1,1","KW","KW",1000,927,0,0
"balanced n, equal SD",30,"30, 30, 30, 30",5,2,6.6,"0.00, 0.00, 0.00, 0.50","onepoint_0.5",165,202609445,"1,1,1,1","F","F",1000,0,0,0
"balanced n, equal SD",30,"30, 30, 30, 30",5,2,6.6,"0.00, 0.00, 0.00, 0.50","onepoint_0.5",165,202609445,"1,1,1,1","F","W",1000,0,0,0
"balanced n, equal SD",30,"30, 30, 30, 30",5,2,6.6,"0.00, 0.00, 0.00, 0.50","onepoint_0.5",165,202609445,"1,1,1,1","F","KW",1000,1000,2,308
"balanced n, equal SD",30,"30, 30, 30, 30",5,2,6.6,"0.00, 0.00, 0.00, 0.50","onepoint_0.5",165,202609445,"1,1,1,1","W","F",1000,0,0,0
"balanced n, equal SD",30,"30, 30, 30, 30",5,2,6.6,"0.00, 0.00, 0.00, 0.50","onepoint_0.5",165,202609445,"1,1,1,1","W","W",1000,0,0,0
"balanced n, equal SD",30,"30, 30, 30, 30",5,2,6.6,"0.00, 0.00, 0.00, 0.50","onepoint_0.5",165,202609445,"1,1,1,1","W","KW",1000,1000,6,231
"balanced n, equal SD",30,"30, 30, 30, 30",5,2,6.6,"0.00, 0.00, 0.00, 0.50","onepoint_0.5",165,202609445,"1,1,1,1","KW","F",1000,0,0,0
"balanced n, equal SD",30,"30, 30, 30, 30",5,2,6.6,"0.00, 0.00, 0.00, 0.50","onepoint_0.5",165,202609445,"1,1,1,1","KW","W",1000,0,0,0
"balanced n, equal SD",30,"30, 30, 30, 30",5,2,6.6,"0.00, 0.00, 0.00, 0.50","onepoint_0.5",165,202609445,"1,1,1,1","KW","KW",1000,1000,0,0
"balanced n, equal SD",50,"50, 50, 50, 50",1,0,0,"0.00, 0.00, 0.00, 0.50","onepoint_0.5",166,202609446,"1,1,1,1","F","F",1000,905,0,0
"balanced n, equal SD",50,"50, 50, 50, 50",1,0,0,"0.00, 0.00, 0.00, 0.50","onepoint_0.5",166,202609446,"1,1,1,1","F","W",1000,48,2,3
"balanced n, equal SD",50,"50, 50, 50, 50",1,0,0,"0.00, 0.00, 0.00, 0.50","onepoint_0.5",166,202609446,"1,1,1,1","F","KW",1000,47,0,4
"balanced n, equal SD",50,"50, 50, 50, 50",1,0,0,"0.00, 0.00, 0.00, 0.50","onepoint_0.5",166,202609446,"1,1,1,1","W","F",1000,905,16,20
"balanced n, equal SD",50,"50, 50, 50, 50",1,0,0,"0.00, 0.00, 0.00, 0.50","onepoint_0.5",166,202609446,"1,1,1,1","W","W",1000,48,0,0
"balanced n, equal SD",50,"50, 50, 50, 50",1,0,0,"0.00, 0.00, 0.00, 0.50","onepoint_0.5",166,202609446,"1,1,1,1","W","KW",1000,47,0,1
"balanced n, equal SD",50,"50, 50, 50, 50",1,0,0,"0.00, 0.00, 0.00, 0.50","onepoint_0.5",166,202609446,"1,1,1,1","KW","F",1000,905,20,49
"balanced n, equal SD",50,"50, 50, 50, 50",1,0,0,"0.00, 0.00, 0.00, 0.50","onepoint_0.5",166,202609446,"1,1,1,1","KW","W",1000,48,0,3
"balanced n, equal SD",50,"50, 50, 50, 50",1,0,0,"0.00, 0.00, 0.00, 0.50","onepoint_0.5",166,202609446,"1,1,1,1","KW","KW",1000,47,0,0
"balanced n, equal SD",50,"50, 50, 50, 50",2,0,6,"0.00, 0.00, 0.00, 0.50","onepoint_0.5",167,202609447,"1,1,1,1","F","F",1000,13,0,0
"balanced n, equal SD",50,"50, 50, 50, 50",2,0,6,"0.00, 0.00, 0.00, 0.50","onepoint_0.5",167,202609447,"1,1,1,1","F","W",1000,7,0,1
"balanced n, equal SD",50,"50, 50, 50, 50",2,0,6,"0.00, 0.00, 0.00, 0.50","onepoint_0.5",167,202609447,"1,1,1,1","F","KW",1000,980,5,159
"balanced n, equal SD",50,"50, 50, 50, 50",2,0,6,"0.00, 0.00, 0.00, 0.50","onepoint_0.5",167,202609447,"1,1,1,1","W","F",1000,13,0,0
"balanced n, equal SD",50,"50, 50, 50, 50",2,0,6,"0.00, 0.00, 0.00, 0.50","onepoint_0.5",167,202609447,"1,1,1,1","W","W",1000,7,0,0
"balanced n, equal SD",50,"50, 50, 50, 50",2,0,6,"0.00, 0.00, 0.00, 0.50","onepoint_0.5",167,202609447,"1,1,1,1","W","KW",1000,980,7,148
"balanced n, equal SD",50,"50, 50, 50, 50",2,0,6,"0.00, 0.00, 0.00, 0.50","onepoint_0.5",167,202609447,"1,1,1,1","KW","F",1000,13,0,0
"balanced n, equal SD",50,"50, 50, 50, 50",2,0,6,"0.00, 0.00, 0.00, 0.50","onepoint_0.5",167,202609447,"1,1,1,1","KW","W",1000,7,0,0
"balanced n, equal SD",50,"50, 50, 50, 50",2,0,6,"0.00, 0.00, 0.00, 0.50","onepoint_0.5",167,202609447,"1,1,1,1","KW","KW",1000,980,0,0
"balanced n, equal SD",50,"50, 50, 50, 50",3,0.5,1,"0.00, 0.00, 0.00, 0.50","onepoint_0.5",168,202609448,"1,1,1,1","F","F",1000,337,0,0
"balanced n, equal SD",50,"50, 50, 50, 50",3,0.5,1,"0.00, 0.00, 0.00, 0.50","onepoint_0.5",168,202609448,"1,1,1,1","F","W",1000,30,0,1
"balanced n, equal SD",50,"50, 50, 50, 50",3,0.5,1,"0.00, 0.00, 0.00, 0.50","onepoint_0.5",168,202609448,"1,1,1,1","F","KW",1000,633,8,44
"balanced n, equal SD",50,"50, 50, 50, 50",3,0.5,1,"0.00, 0.00, 0.00, 0.50","onepoint_0.5",168,202609448,"1,1,1,1","W","F",1000,337,5,4
"balanced n, equal SD",50,"50, 50, 50, 50",3,0.5,1,"0.00, 0.00, 0.00, 0.50","onepoint_0.5",168,202609448,"1,1,1,1","W","W",1000,30,0,0
"balanced n, equal SD",50,"50, 50, 50, 50",3,0.5,1,"0.00, 0.00, 0.00, 0.50","onepoint_0.5",168,202609448,"1,1,1,1","W","KW",1000,633,6,38
"balanced n, equal SD",50,"50, 50, 50, 50",3,0.5,1,"0.00, 0.00, 0.00, 0.50","onepoint_0.5",168,202609448,"1,1,1,1","KW","F",1000,337,12,11
"balanced n, equal SD",50,"50, 50, 50, 50",3,0.5,1,"0.00, 0.00, 0.00, 0.50","onepoint_0.5",168,202609448,"1,1,1,1","KW","W",1000,30,0,2
"balanced n, equal SD",50,"50, 50, 50, 50",3,0.5,1,"0.00, 0.00, 0.00, 0.50","onepoint_0.5",168,202609448,"1,1,1,1","KW","KW",1000,633,0,0
"balanced n, equal SD",50,"50, 50, 50, 50",4,1,1.6,"0.00, 0.00, 0.00, 0.50","onepoint_0.5",169,202609449,"1,1,1,1","F","F",1000,3,0,0
"balanced n, equal SD",50,"50, 50, 50, 50",4,1,1.6,"0.00, 0.00, 0.00, 0.50","onepoint_0.5",169,202609449,"1,1,1,1","F","W",1000,10,0,0
"balanced n, equal SD",50,"50, 50, 50, 50",4,1,1.6,"0.00, 0.00, 0.00, 0.50","onepoint_0.5",169,202609449,"1,1,1,1","F","KW",1000,987,19,85
"balanced n, equal SD",50,"50, 50, 50, 50",4,1,1.6,"0.00, 0.00, 0.00, 0.50","onepoint_0.5",169,202609449,"1,1,1,1","W","F",1000,3,0,0
"balanced n, equal SD",50,"50, 50, 50, 50",4,1,1.6,"0.00, 0.00, 0.00, 0.50","onepoint_0.5",169,202609449,"1,1,1,1","W","W",1000,10,0,0
"balanced n, equal SD",50,"50, 50, 50, 50",4,1,1.6,"0.00, 0.00, 0.00, 0.50","onepoint_0.5",169,202609449,"1,1,1,1","W","KW",1000,987,14,62
"balanced n, equal SD",50,"50, 50, 50, 50",4,1,1.6,"0.00, 0.00, 0.00, 0.50","onepoint_0.5",169,202609449,"1,1,1,1","KW","F",1000,3,0,0
"balanced n, equal SD",50,"50, 50, 50, 50",4,1,1.6,"0.00, 0.00, 0.00, 0.50","onepoint_0.5",169,202609449,"1,1,1,1","KW","W",1000,10,0,0
"balanced n, equal SD",50,"50, 50, 50, 50",4,1,1.6,"0.00, 0.00, 0.00, 0.50","onepoint_0.5",169,202609449,"1,1,1,1","KW","KW",1000,987,0,0
"balanced n, equal SD",50,"50, 50, 50, 50",5,2,6.6,"0.00, 0.00, 0.00, 0.50","onepoint_0.5",170,202609450,"1,1,1,1","F","F",1000,0,0,0
"balanced n, equal SD",50,"50, 50, 50, 50",5,2,6.6,"0.00, 0.00, 0.00, 0.50","onepoint_0.5",170,202609450,"1,1,1,1","F","W",1000,0,0,0
"balanced n, equal SD",50,"50, 50, 50, 50",5,2,6.6,"0.00, 0.00, 0.00, 0.50","onepoint_0.5",170,202609450,"1,1,1,1","F","KW",1000,1000,0,232
"balanced n, equal SD",50,"50, 50, 50, 50",5,2,6.6,"0.00, 0.00, 0.00, 0.50","onepoint_0.5",170,202609450,"1,1,1,1","W","F",1000,0,0,0
"balanced n, equal SD",50,"50, 50, 50, 50",5,2,6.6,"0.00, 0.00, 0.00, 0.50","onepoint_0.5",170,202609450,"1,1,1,1","W","W",1000,0,0,0
"balanced n, equal SD",50,"50, 50, 50, 50",5,2,6.6,"0.00, 0.00, 0.00, 0.50","onepoint_0.5",170,202609450,"1,1,1,1","W","KW",1000,1000,0,177
"balanced n, equal SD",50,"50, 50, 50, 50",5,2,6.6,"0.00, 0.00, 0.00, 0.50","onepoint_0.5",170,202609450,"1,1,1,1","KW","F",1000,0,0,0
"balanced n, equal SD",50,"50, 50, 50, 50",5,2,6.6,"0.00, 0.00, 0.00, 0.50","onepoint_0.5",170,202609450,"1,1,1,1","KW","W",1000,0,0,0
"balanced n, equal SD",50,"50, 50, 50, 50",5,2,6.6,"0.00, 0.00, 0.00, 0.50","onepoint_0.5",170,202609450,"1,1,1,1","KW","KW",1000,1000,0,0
"balanced n, equal SD",100,"100, 100, 100, 100",1,0,0,"0.00, 0.00, 0.00, 0.50","onepoint_0.5",171,202609451,"1,1,1,1","F","F",1000,908,0,0
"balanced n, equal SD",100,"100, 100, 100, 100",1,0,0,"0.00, 0.00, 0.00, 0.50","onepoint_0.5",171,202609451,"1,1,1,1","F","W",1000,41,2,0
"balanced n, equal SD",100,"100, 100, 100, 100",1,0,0,"0.00, 0.00, 0.00, 0.50","onepoint_0.5",171,202609451,"1,1,1,1","F","KW",1000,51,0,0
"balanced n, equal SD",100,"100, 100, 100, 100",1,0,0,"0.00, 0.00, 0.00, 0.50","onepoint_0.5",171,202609451,"1,1,1,1","W","F",1000,908,5,4
"balanced n, equal SD",100,"100, 100, 100, 100",1,0,0,"0.00, 0.00, 0.00, 0.50","onepoint_0.5",171,202609451,"1,1,1,1","W","W",1000,41,0,0
"balanced n, equal SD",100,"100, 100, 100, 100",1,0,0,"0.00, 0.00, 0.00, 0.50","onepoint_0.5",171,202609451,"1,1,1,1","W","KW",1000,51,1,0
"balanced n, equal SD",100,"100, 100, 100, 100",1,0,0,"0.00, 0.00, 0.00, 0.50","onepoint_0.5",171,202609451,"1,1,1,1","KW","F",1000,908,5,10
"balanced n, equal SD",100,"100, 100, 100, 100",1,0,0,"0.00, 0.00, 0.00, 0.50","onepoint_0.5",171,202609451,"1,1,1,1","KW","W",1000,41,0,0
"balanced n, equal SD",100,"100, 100, 100, 100",1,0,0,"0.00, 0.00, 0.00, 0.50","onepoint_0.5",171,202609451,"1,1,1,1","KW","KW",1000,51,0,0
"balanced n, equal SD",100,"100, 100, 100, 100",2,0,6,"0.00, 0.00, 0.00, 0.50","onepoint_0.5",172,202609452,"1,1,1,1","F","F",1000,0,0,0
"balanced n, equal SD",100,"100, 100, 100, 100",2,0,6,"0.00, 0.00, 0.00, 0.50","onepoint_0.5",172,202609452,"1,1,1,1","F","W",1000,1,0,0
"balanced n, equal SD",100,"100, 100, 100, 100",2,0,6,"0.00, 0.00, 0.00, 0.50","onepoint_0.5",172,202609452,"1,1,1,1","F","KW",1000,999,0,27
"balanced n, equal SD",100,"100, 100, 100, 100",2,0,6,"0.00, 0.00, 0.00, 0.50","onepoint_0.5",172,202609452,"1,1,1,1","W","F",1000,0,0,0
"balanced n, equal SD",100,"100, 100, 100, 100",2,0,6,"0.00, 0.00, 0.00, 0.50","onepoint_0.5",172,202609452,"1,1,1,1","W","W",1000,1,0,0
"balanced n, equal SD",100,"100, 100, 100, 100",2,0,6,"0.00, 0.00, 0.00, 0.50","onepoint_0.5",172,202609452,"1,1,1,1","W","KW",1000,999,0,25
"balanced n, equal SD",100,"100, 100, 100, 100",2,0,6,"0.00, 0.00, 0.00, 0.50","onepoint_0.5",172,202609452,"1,1,1,1","KW","F",1000,0,0,0
"balanced n, equal SD",100,"100, 100, 100, 100",2,0,6,"0.00, 0.00, 0.00, 0.50","onepoint_0.5",172,202609452,"1,1,1,1","KW","W",1000,1,0,0
"balanced n, equal SD",100,"100, 100, 100, 100",2,0,6,"0.00, 0.00, 0.00, 0.50","onepoint_0.5",172,202609452,"1,1,1,1","KW","KW",1000,999,0,0
"balanced n, equal SD",100,"100, 100, 100, 100",3,0.5,1,"0.00, 0.00, 0.00, 0.50","onepoint_0.5",173,202609453,"1,1,1,1","F","F",1000,105,0,0
"balanced n, equal SD",100,"100, 100, 100, 100",3,0.5,1,"0.00, 0.00, 0.00, 0.50","onepoint_0.5",173,202609453,"1,1,1,1","F","W",1000,19,0,0
"balanced n, equal SD",100,"100, 100, 100, 100",3,0.5,1,"0.00, 0.00, 0.00, 0.50","onepoint_0.5",173,202609453,"1,1,1,1","F","KW",1000,876,6,14
"balanced n, equal SD",100,"100, 100, 100, 100",3,0.5,1,"0.00, 0.00, 0.00, 0.50","onepoint_0.5",173,202609453,"1,1,1,1","W","F",1000,105,0,1
"balanced n, equal SD",100,"100, 100, 100, 100",3,0.5,1,"0.00, 0.00, 0.00, 0.50","onepoint_0.5",173,202609453,"1,1,1,1","W","W",1000,19,0,0
"balanced n, equal SD",100,"100, 100, 100, 100",3,0.5,1,"0.00, 0.00, 0.00, 0.50","onepoint_0.5",173,202609453,"1,1,1,1","W","KW",1000,876,6,13
"balanced n, equal SD",100,"100, 100, 100, 100",3,0.5,1,"0.00, 0.00, 0.00, 0.50","onepoint_0.5",173,202609453,"1,1,1,1","KW","F",1000,105,0,1
"balanced n, equal SD",100,"100, 100, 100, 100",3,0.5,1,"0.00, 0.00, 0.00, 0.50","onepoint_0.5",173,202609453,"1,1,1,1","KW","W",1000,19,0,0
"balanced n, equal SD",100,"100, 100, 100, 100",3,0.5,1,"0.00, 0.00, 0.00, 0.50","onepoint_0.5",173,202609453,"1,1,1,1","KW","KW",1000,876,0,0
"balanced n, equal SD",100,"100, 100, 100, 100",4,1,1.6,"0.00, 0.00, 0.00, 0.50","onepoint_0.5",174,202609454,"1,1,1,1","F","F",1000,0,0,0
"balanced n, equal SD",100,"100, 100, 100, 100",4,1,1.6,"0.00, 0.00, 0.00, 0.50","onepoint_0.5",174,202609454,"1,1,1,1","F","W",1000,0,0,0
"balanced n, equal SD",100,"100, 100, 100, 100",4,1,1.6,"0.00, 0.00, 0.00, 0.50","onepoint_0.5",174,202609454,"1,1,1,1","F","KW",1000,1000,0,18
"balanced n, equal SD",100,"100, 100, 100, 100",4,1,1.6,"0.00, 0.00, 0.00, 0.50","onepoint_0.5",174,202609454,"1,1,1,1","W","F",1000,0,0,0
"balanced n, equal SD",100,"100, 100, 100, 100",4,1,1.6,"0.00, 0.00, 0.00, 0.50","onepoint_0.5",174,202609454,"1,1,1,1","W","W",1000,0,0,0
"balanced n, equal SD",100,"100, 100, 100, 100",4,1,1.6,"0.00, 0.00, 0.00, 0.50","onepoint_0.5",174,202609454,"1,1,1,1","W","KW",1000,1000,0,11
"balanced n, equal SD",100,"100, 100, 100, 100",4,1,1.6,"0.00, 0.00, 0.00, 0.50","onepoint_0.5",174,202609454,"1,1,1,1","KW","F",1000,0,0,0
"balanced n, equal SD",100,"100, 100, 100, 100",4,1,1.6,"0.00, 0.00, 0.00, 0.50","onepoint_0.5",174,202609454,"1,1,1,1","KW","W",1000,0,0,0
"balanced n, equal SD",100,"100, 100, 100, 100",4,1,1.6,"0.00, 0.00, 0.00, 0.50","onepoint_0.5",174,202609454,"1,1,1,1","KW","KW",1000,1000,0,0
"balanced n, equal SD",100,"100, 100, 100, 100",5,2,6.6,"0.00, 0.00, 0.00, 0.50","onepoint_0.5",175,202609455,"1,1,1,1","F","F",1000,0,0,0
"balanced n, equal SD",100,"100, 100, 100, 100",5,2,6.6,"0.00, 0.00, 0.00, 0.50","onepoint_0.5",175,202609455,"1,1,1,1","F","W",1000,0,0,0
"balanced n, equal SD",100,"100, 100, 100, 100",5,2,6.6,"0.00, 0.00, 0.00, 0.50","onepoint_0.5",175,202609455,"1,1,1,1","F","KW",1000,1000,0,29
"balanced n, equal SD",100,"100, 100, 100, 100",5,2,6.6,"0.00, 0.00, 0.00, 0.50","onepoint_0.5",175,202609455,"1,1,1,1","W","F",1000,0,0,0
"balanced n, equal SD",100,"100, 100, 100, 100",5,2,6.6,"0.00, 0.00, 0.00, 0.50","onepoint_0.5",175,202609455,"1,1,1,1","W","W",1000,0,0,0
"balanced n, equal SD",100,"100, 100, 100, 100",5,2,6.6,"0.00, 0.00, 0.00, 0.50","onepoint_0.5",175,202609455,"1,1,1,1","W","KW",1000,1000,0,15
"balanced n, equal SD",100,"100, 100, 100, 100",5,2,6.6,"0.00, 0.00, 0.00, 0.50","onepoint_0.5",175,202609455,"1,1,1,1","KW","F",1000,0,0,0
"balanced n, equal SD",100,"100, 100, 100, 100",5,2,6.6,"0.00, 0.00, 0.00, 0.50","onepoint_0.5",175,202609455,"1,1,1,1","KW","W",1000,0,0,0
"balanced n, equal SD",100,"100, 100, 100, 100",5,2,6.6,"0.00, 0.00, 0.00, 0.50","onepoint_0.5",175,202609455,"1,1,1,1","KW","KW",1000,1000,0,0
"unbalanced n, equal SD",10,"5, 8, 12, 15",1,0,0,"0.00, 0.00, 0.00, 0.50","onepoint_0.5",176,202609456,"1,1,1,1","F","F",1000,890,0,0
"unbalanced n, equal SD",10,"5, 8, 12, 15",1,0,0,"0.00, 0.00, 0.00, 0.50","onepoint_0.5",176,202609456,"1,1,1,1","F","W",1000,72,4,7
"unbalanced n, equal SD",10,"5, 8, 12, 15",1,0,0,"0.00, 0.00, 0.00, 0.50","onepoint_0.5",176,202609456,"1,1,1,1","F","KW",1000,38,1,4
"unbalanced n, equal SD",10,"5, 8, 12, 15",1,0,0,"0.00, 0.00, 0.00, 0.50","onepoint_0.5",176,202609456,"1,1,1,1","W","F",1000,890,19,42
"unbalanced n, equal SD",10,"5, 8, 12, 15",1,0,0,"0.00, 0.00, 0.00, 0.50","onepoint_0.5",176,202609456,"1,1,1,1","W","W",1000,72,0,0
"unbalanced n, equal SD",10,"5, 8, 12, 15",1,0,0,"0.00, 0.00, 0.00, 0.50","onepoint_0.5",176,202609456,"1,1,1,1","W","KW",1000,38,1,3
"unbalanced n, equal SD",10,"5, 8, 12, 15",1,0,0,"0.00, 0.00, 0.00, 0.50","onepoint_0.5",176,202609456,"1,1,1,1","KW","F",1000,890,14,28
"unbalanced n, equal SD",10,"5, 8, 12, 15",1,0,0,"0.00, 0.00, 0.00, 0.50","onepoint_0.5",176,202609456,"1,1,1,1","KW","W",1000,72,0,6
"unbalanced n, equal SD",10,"5, 8, 12, 15",1,0,0,"0.00, 0.00, 0.00, 0.50","onepoint_0.5",176,202609456,"1,1,1,1","KW","KW",1000,38,0,0
"unbalanced n, equal SD",10,"5, 8, 12, 15",2,0,6,"0.00, 0.00, 0.00, 0.50","onepoint_0.5",177,202609457,"1,1,1,1","F","F",1000,489,0,0
"unbalanced n, equal SD",10,"5, 8, 12, 15",2,0,6,"0.00, 0.00, 0.00, 0.50","onepoint_0.5",177,202609457,"1,1,1,1","F","W",1000,79,5,4
"unbalanced n, equal SD",10,"5, 8, 12, 15",2,0,6,"0.00, 0.00, 0.00, 0.50","onepoint_0.5",177,202609457,"1,1,1,1","F","KW",1000,432,7,65
"unbalanced n, equal SD",10,"5, 8, 12, 15",2,0,6,"0.00, 0.00, 0.00, 0.50","onepoint_0.5",177,202609457,"1,1,1,1","W","F",1000,489,18,43
"unbalanced n, equal SD",10,"5, 8, 12, 15",2,0,6,"0.00, 0.00, 0.00, 0.50","onepoint_0.5",177,202609457,"1,1,1,1","W","W",1000,79,0,0
"unbalanced n, equal SD",10,"5, 8, 12, 15",2,0,6,"0.00, 0.00, 0.00, 0.50","onepoint_0.5",177,202609457,"1,1,1,1","W","KW",1000,432,8,60
"unbalanced n, equal SD",10,"5, 8, 12, 15",2,0,6,"0.00, 0.00, 0.00, 0.50","onepoint_0.5",177,202609457,"1,1,1,1","KW","F",1000,489,11,20
"unbalanced n, equal SD",10,"5, 8, 12, 15",2,0,6,"0.00, 0.00, 0.00, 0.50","onepoint_0.5",177,202609457,"1,1,1,1","KW","W",1000,79,6,3
"unbalanced n, equal SD",10,"5, 8, 12, 15",2,0,6,"0.00, 0.00, 0.00, 0.50","onepoint_0.5",177,202609457,"1,1,1,1","KW","KW",1000,432,0,0
"unbalanced n, equal SD",10,"5, 8, 12, 15",3,0.5,1,"0.00, 0.00, 0.00, 0.50","onepoint_0.5",178,202609458,"1,1,1,1","F","F",1000,760,0,0
"unbalanced n, equal SD",10,"5, 8, 12, 15",3,0.5,1,"0.00, 0.00, 0.00, 0.50","onepoint_0.5",178,202609458,"1,1,1,1","F","W",1000,71,0,5
"unbalanced n, equal SD",10,"5, 8, 12, 15",3,0.5,1,"0.00, 0.00, 0.00, 0.50","onepoint_0.5",178,202609458,"1,1,1,1","F","KW",1000,169,2,13
"unbalanced n, equal SD",10,"5, 8, 12, 15",3,0.5,1,"0.00, 0.00, 0.00, 0.50","onepoint_0.5",178,202609458,"1,1,1,1","W","F",1000,760,24,45
"unbalanced n, equal SD",10,"5, 8, 12, 15",3,0.5,1,"0.00, 0.00, 0.00, 0.50","onepoint_0.5",178,202609458,"1,1,1,1","W","W",1000,71,0,0
"unbalanced n, equal SD",10,"5, 8, 12, 15",3,0.5,1,"0.00, 0.00, 0.00, 0.50","onepoint_0.5",178,202609458,"1,1,1,1","W","KW",1000,169,2,14
"unbalanced n, equal SD",10,"5, 8, 12, 15",3,0.5,1,"0.00, 0.00, 0.00, 0.50","onepoint_0.5",178,202609458,"1,1,1,1","KW","F",1000,760,12,26
"unbalanced n, equal SD",10,"5, 8, 12, 15",3,0.5,1,"0.00, 0.00, 0.00, 0.50","onepoint_0.5",178,202609458,"1,1,1,1","KW","W",1000,71,1,7
"unbalanced n, equal SD",10,"5, 8, 12, 15",3,0.5,1,"0.00, 0.00, 0.00, 0.50","onepoint_0.5",178,202609458,"1,1,1,1","KW","KW",1000,169,0,0
"unbalanced n, equal SD",10,"5, 8, 12, 15",4,1,1.6,"0.00, 0.00, 0.00, 0.50","onepoint_0.5",179,202609459,"1,1,1,1","F","F",1000,503,0,0
"unbalanced n, equal SD",10,"5, 8, 12, 15",4,1,1.6,"0.00, 0.00, 0.00, 0.50","onepoint_0.5",179,202609459,"1,1,1,1","F","W",1000,93,3,9
"unbalanced n, equal SD",10,"5, 8, 12, 15",4,1,1.6,"0.00, 0.00, 0.00, 0.50","onepoint_0.5",179,202609459,"1,1,1,1","F","KW",1000,404,3,28
"unbalanced n, equal SD",10,"5, 8, 12, 15",4,1,1.6,"0.00, 0.00, 0.00, 0.50","onepoint_0.5",179,202609459,"1,1,1,1","W","F",1000,503,21,19
"unbalanced n, equal SD",10,"5, 8, 12, 15",4,1,1.6,"0.00, 0.00, 0.00, 0.50","onepoint_0.5",179,202609459,"1,1,1,1","W","W",1000,93,0,0
"unbalanced n, equal SD",10,"5, 8, 12, 15",4,1,1.6,"0.00, 0.00, 0.00, 0.50","onepoint_0.5",179,202609459,"1,1,1,1","W","KW",1000,404,15,27
"unbalanced n, equal SD",10,"5, 8, 12, 15",4,1,1.6,"0.00, 0.00, 0.00, 0.50","onepoint_0.5",179,202609459,"1,1,1,1","KW","F",1000,503,8,19
"unbalanced n, equal SD",10,"5, 8, 12, 15",4,1,1.6,"0.00, 0.00, 0.00, 0.50","onepoint_0.5",179,202609459,"1,1,1,1","KW","W",1000,93,0,8
"unbalanced n, equal SD",10,"5, 8, 12, 15",4,1,1.6,"0.00, 0.00, 0.00, 0.50","onepoint_0.5",179,202609459,"1,1,1,1","KW","KW",1000,404,0,0
"unbalanced n, equal SD",10,"5, 8, 12, 15",5,2,6.6,"0.00, 0.00, 0.00, 0.50","onepoint_0.5",180,202609460,"1,1,1,1","F","F",1000,100,0,0
"unbalanced n, equal SD",10,"5, 8, 12, 15",5,2,6.6,"0.00, 0.00, 0.00, 0.50","onepoint_0.5",180,202609460,"1,1,1,1","F","W",1000,111,4,13
"unbalanced n, equal SD",10,"5, 8, 12, 15",5,2,6.6,"0.00, 0.00, 0.00, 0.50","onepoint_0.5",180,202609460,"1,1,1,1","F","KW",1000,789,13,149
"unbalanced n, equal SD",10,"5, 8, 12, 15",5,2,6.6,"0.00, 0.00, 0.00, 0.50","onepoint_0.5",180,202609460,"1,1,1,1","W","F",1000,100,3,8
"unbalanced n, equal SD",10,"5, 8, 12, 15",5,2,6.6,"0.00, 0.00, 0.00, 0.50","onepoint_0.5",180,202609460,"1,1,1,1","W","W",1000,111,0,0
"unbalanced n, equal SD",10,"5, 8, 12, 15",5,2,6.6,"0.00, 0.00, 0.00, 0.50","onepoint_0.5",180,202609460,"1,1,1,1","W","KW",1000,789,30,104
"unbalanced n, equal SD",10,"5, 8, 12, 15",5,2,6.6,"0.00, 0.00, 0.00, 0.50","onepoint_0.5",180,202609460,"1,1,1,1","KW","F",1000,100,2,4
"unbalanced n, equal SD",10,"5, 8, 12, 15",5,2,6.6,"0.00, 0.00, 0.00, 0.50","onepoint_0.5",180,202609460,"1,1,1,1","KW","W",1000,111,6,13
"unbalanced n, equal SD",10,"5, 8, 12, 15",5,2,6.6,"0.00, 0.00, 0.00, 0.50","onepoint_0.5",180,202609460,"1,1,1,1","KW","KW",1000,789,0,0
"unbalanced n, equal SD",20,"10, 16, 24, 30",1,0,0,"0.00, 0.00, 0.00, 0.50","onepoint_0.5",181,202609461,"1,1,1,1","F","F",1000,900,0,0
"unbalanced n, equal SD",20,"10, 16, 24, 30",1,0,0,"0.00, 0.00, 0.00, 0.50","onepoint_0.5",181,202609461,"1,1,1,1","F","W",1000,50,4,2
"unbalanced n, equal SD",20,"10, 16, 24, 30",1,0,0,"0.00, 0.00, 0.00, 0.50","onepoint_0.5",181,202609461,"1,1,1,1","F","KW",1000,50,2,3
"unbalanced n, equal SD",20,"10, 16, 24, 30",1,0,0,"0.00, 0.00, 0.00, 0.50","onepoint_0.5",181,202609461,"1,1,1,1","W","F",1000,900,13,55
"unbalanced n, equal SD",20,"10, 16, 24, 30",1,0,0,"0.00, 0.00, 0.00, 0.50","onepoint_0.5",181,202609461,"1,1,1,1","W","W",1000,50,0,0
"unbalanced n, equal SD",20,"10, 16, 24, 30",1,0,0,"0.00, 0.00, 0.00, 0.50","onepoint_0.5",181,202609461,"1,1,1,1","W","KW",1000,50,1,6
"unbalanced n, equal SD",20,"10, 16, 24, 30",1,0,0,"0.00, 0.00, 0.00, 0.50","onepoint_0.5",181,202609461,"1,1,1,1","KW","F",1000,900,26,50
"unbalanced n, equal SD",20,"10, 16, 24, 30",1,0,0,"0.00, 0.00, 0.00, 0.50","onepoint_0.5",181,202609461,"1,1,1,1","KW","W",1000,50,0,4
"unbalanced n, equal SD",20,"10, 16, 24, 30",1,0,0,"0.00, 0.00, 0.00, 0.50","onepoint_0.5",181,202609461,"1,1,1,1","KW","KW",1000,50,0,0
"unbalanced n, equal SD",20,"10, 16, 24, 30",2,0,6,"0.00, 0.00, 0.00, 0.50","onepoint_0.5",182,202609462,"1,1,1,1","F","F",1000,210,0,0
"unbalanced n, equal SD",20,"10, 16, 24, 30",2,0,6,"0.00, 0.00, 0.00, 0.50","onepoint_0.5",182,202609462,"1,1,1,1","F","W",1000,44,2,3
"unbalanced n, equal SD",20,"10, 16, 24, 30",2,0,6,"0.00, 0.00, 0.00, 0.50","onepoint_0.5",182,202609462,"1,1,1,1","F","KW",1000,746,11,138
"unbalanced n, equal SD",20,"10, 16, 24, 30",2,0,6,"0.00, 0.00, 0.00, 0.50","onepoint_0.5",182,202609462,"1,1,1,1","W","F",1000,210,3,13
"unbalanced n, equal SD",20,"10, 16, 24, 30",2,0,6,"0.00, 0.00, 0.00, 0.50","onepoint_0.5",182,202609462,"1,1,1,1","W","W",1000,44,0,0
"unbalanced n, equal SD",20,"10, 16, 24, 30",2,0,6,"0.00, 0.00, 0.00, 0.50","onepoint_0.5",182,202609462,"1,1,1,1","W","KW",1000,746,4,133
"unbalanced n, equal SD",20,"10, 16, 24, 30",2,0,6,"0.00, 0.00, 0.00, 0.50","onepoint_0.5",182,202609462,"1,1,1,1","KW","F",1000,210,9,7
"unbalanced n, equal SD",20,"10, 16, 24, 30",2,0,6,"0.00, 0.00, 0.00, 0.50","onepoint_0.5",182,202609462,"1,1,1,1","KW","W",1000,44,7,2
"unbalanced n, equal SD",20,"10, 16, 24, 30",2,0,6,"0.00, 0.00, 0.00, 0.50","onepoint_0.5",182,202609462,"1,1,1,1","KW","KW",1000,746,0,0
"unbalanced n, equal SD",20,"10, 16, 24, 30",3,0.5,1,"0.00, 0.00, 0.00, 0.50","onepoint_0.5",183,202609463,"1,1,1,1","F","F",1000,628,0,0
"unbalanced n, equal SD",20,"10, 16, 24, 30",3,0.5,1,"0.00, 0.00, 0.00, 0.50","onepoint_0.5",183,202609463,"1,1,1,1","F","W",1000,73,4,9
"unbalanced n, equal SD",20,"10, 16, 24, 30",3,0.5,1,"0.00, 0.00, 0.00, 0.50","onepoint_0.5",183,202609463,"1,1,1,1","F","KW",1000,299,6,29
"unbalanced n, equal SD",20,"10, 16, 24, 30",3,0.5,1,"0.00, 0.00, 0.00, 0.50","onepoint_0.5",183,202609463,"1,1,1,1","W","F",1000,628,15,26
"unbalanced n, equal SD",20,"10, 16, 24, 30",3,0.5,1,"0.00, 0.00, 0.00, 0.50","onepoint_0.5",183,202609463,"1,1,1,1","W","W",1000,73,0,0
"unbalanced n, equal SD",20,"10, 16, 24, 30",3,0.5,1,"0.00, 0.00, 0.00, 0.50","onepoint_0.5",183,202609463,"1,1,1,1","W","KW",1000,299,6,31
"unbalanced n, equal SD",20,"10, 16, 24, 30",3,0.5,1,"0.00, 0.00, 0.00, 0.50","onepoint_0.5",183,202609463,"1,1,1,1","KW","F",1000,628,18,22
"unbalanced n, equal SD",20,"10, 16, 24, 30",3,0.5,1,"0.00, 0.00, 0.00, 0.50","onepoint_0.5",183,202609463,"1,1,1,1","KW","W",1000,73,5,8
"unbalanced n, equal SD",20,"10, 16, 24, 30",3,0.5,1,"0.00, 0.00, 0.00, 0.50","onepoint_0.5",183,202609463,"1,1,1,1","KW","KW",1000,299,0,0
"unbalanced n, equal SD",20,"10, 16, 24, 30",4,1,1.6,"0.00, 0.00, 0.00, 0.50","onepoint_0.5",184,202609464,"1,1,1,1","F","F",1000,156,0,0
"unbalanced n, equal SD",20,"10, 16, 24, 30",4,1,1.6,"0.00, 0.00, 0.00, 0.50","onepoint_0.5",184,202609464,"1,1,1,1","F","W",1000,58,1,12
"unbalanced n, equal SD",20,"10, 16, 24, 30",4,1,1.6,"0.00, 0.00, 0.00, 0.50","onepoint_0.5",184,202609464,"1,1,1,1","F","KW",1000,786,23,75
"unbalanced n, equal SD",20,"10, 16, 24, 30",4,1,1.6,"0.00, 0.00, 0.00, 0.50","onepoint_0.5",184,202609464,"1,1,1,1","W","F",1000,156,3,3
"unbalanced n, equal SD",20,"10, 16, 24, 30",4,1,1.6,"0.00, 0.00, 0.00, 0.50","onepoint_0.5",184,202609464,"1,1,1,1","W","W",1000,58,0,0
"unbalanced n, equal SD",20,"10, 16, 24, 30",4,1,1.6,"0.00, 0.00, 0.00, 0.50","onepoint_0.5",184,202609464,"1,1,1,1","W","KW",1000,786,29,85
"unbalanced n, equal SD",20,"10, 16, 24, 30",4,1,1.6,"0.00, 0.00, 0.00, 0.50","onepoint_0.5",184,202609464,"1,1,1,1","KW","F",1000,156,3,4
"unbalanced n, equal SD",20,"10, 16, 24, 30",4,1,1.6,"0.00, 0.00, 0.00, 0.50","onepoint_0.5",184,202609464,"1,1,1,1","KW","W",1000,58,1,9
"unbalanced n, equal SD",20,"10, 16, 24, 30",4,1,1.6,"0.00, 0.00, 0.00, 0.50","onepoint_0.5",184,202609464,"1,1,1,1","KW","KW",1000,786,0,0
"unbalanced n, equal SD",20,"10, 16, 24, 30",5,2,6.6,"0.00, 0.00, 0.00, 0.50","onepoint_0.5",185,202609465,"1,1,1,1","F","F",1000,0,0,0
"unbalanced n, equal SD",20,"10, 16, 24, 30",5,2,6.6,"0.00, 0.00, 0.00, 0.50","onepoint_0.5",185,202609465,"1,1,1,1","F","W",1000,13,0,3
"unbalanced n, equal SD",20,"10, 16, 24, 30",5,2,6.6,"0.00, 0.00, 0.00, 0.50","onepoint_0.5",185,202609465,"1,1,1,1","F","KW",1000,987,4,263
"unbalanced n, equal SD",20,"10, 16, 24, 30",5,2,6.6,"0.00, 0.00, 0.00, 0.50","onepoint_0.5",185,202609465,"1,1,1,1","W","F",1000,0,0,0
"unbalanced n, equal SD",20,"10, 16, 24, 30",5,2,6.6,"0.00, 0.00, 0.00, 0.50","onepoint_0.5",185,202609465,"1,1,1,1","W","W",1000,13,0,0
"unbalanced n, equal SD",20,"10, 16, 24, 30",5,2,6.6,"0.00, 0.00, 0.00, 0.50","onepoint_0.5",185,202609465,"1,1,1,1","W","KW",1000,987,13,216
"unbalanced n, equal SD",20,"10, 16, 24, 30",5,2,6.6,"0.00, 0.00, 0.00, 0.50","onepoint_0.5",185,202609465,"1,1,1,1","KW","F",1000,0,0,0
"unbalanced n, equal SD",20,"10, 16, 24, 30",5,2,6.6,"0.00, 0.00, 0.00, 0.50","onepoint_0.5",185,202609465,"1,1,1,1","KW","W",1000,13,0,1
"unbalanced n, equal SD",20,"10, 16, 24, 30",5,2,6.6,"0.00, 0.00, 0.00, 0.50","onepoint_0.5",185,202609465,"1,1,1,1","KW","KW",1000,987,0,0
"unbalanced n, equal SD",30,"15, 24, 36, 45",1,0,0,"0.00, 0.00, 0.00, 0.50","onepoint_0.5",186,202609466,"1,1,1,1","F","F",1000,891,0,0
"unbalanced n, equal SD",30,"15, 24, 36, 45",1,0,0,"0.00, 0.00, 0.00, 0.50","onepoint_0.5",186,202609466,"1,1,1,1","F","W",1000,67,2,4
"unbalanced n, equal SD",30,"15, 24, 36, 45",1,0,0,"0.00, 0.00, 0.00, 0.50","onepoint_0.5",186,202609466,"1,1,1,1","F","KW",1000,42,0,2
"unbalanced n, equal SD",30,"15, 24, 36, 45",1,0,0,"0.00, 0.00, 0.00, 0.50","onepoint_0.5",186,202609466,"1,1,1,1","W","F",1000,891,10,27
"unbalanced n, equal SD",30,"15, 24, 36, 45",1,0,0,"0.00, 0.00, 0.00, 0.50","onepoint_0.5",186,202609466,"1,1,1,1","W","W",1000,67,0,0
"unbalanced n, equal SD",30,"15, 24, 36, 45",1,0,0,"0.00, 0.00, 0.00, 0.50","onepoint_0.5",186,202609466,"1,1,1,1","W","KW",1000,42,0,2
"unbalanced n, equal SD",30,"15, 24, 36, 45",1,0,0,"0.00, 0.00, 0.00, 0.50","onepoint_0.5",186,202609466,"1,1,1,1","KW","F",1000,891,24,52
"unbalanced n, equal SD",30,"15, 24, 36, 45",1,0,0,"0.00, 0.00, 0.00, 0.50","onepoint_0.5",186,202609466,"1,1,1,1","KW","W",1000,67,1,5
"unbalanced n, equal SD",30,"15, 24, 36, 45",1,0,0,"0.00, 0.00, 0.00, 0.50","onepoint_0.5",186,202609466,"1,1,1,1","KW","KW",1000,42,0,0
"unbalanced n, equal SD",30,"15, 24, 36, 45",2,0,6,"0.00, 0.00, 0.00, 0.50","onepoint_0.5",187,202609467,"1,1,1,1","F","F",1000,95,0,0
"unbalanced n, equal SD",30,"15, 24, 36, 45",2,0,6,"0.00, 0.00, 0.00, 0.50","onepoint_0.5",187,202609467,"1,1,1,1","F","W",1000,17,0,0
"unbalanced n, equal SD",30,"15, 24, 36, 45",2,0,6,"0.00, 0.00, 0.00, 0.50","onepoint_0.5",187,202609467,"1,1,1,1","F","KW",1000,888,7,181
"unbalanced n, equal SD",30,"15, 24, 36, 45",2,0,6,"0.00, 0.00, 0.00, 0.50","onepoint_0.5",187,202609467,"1,1,1,1","W","F",1000,95,1,4
"unbalanced n, equal SD",30,"15, 24, 36, 45",2,0,6,"0.00, 0.00, 0.00, 0.50","onepoint_0.5",187,202609467,"1,1,1,1","W","W",1000,17,0,0
"unbalanced n, equal SD",30,"15, 24, 36, 45",2,0,6,"0.00, 0.00, 0.00, 0.50","onepoint_0.5",187,202609467,"1,1,1,1","W","KW",1000,888,6,182
"unbalanced n, equal SD",30,"15, 24, 36, 45",2,0,6,"0.00, 0.00, 0.00, 0.50","onepoint_0.5",187,202609467,"1,1,1,1","KW","F",1000,95,7,7
"unbalanced n, equal SD",30,"15, 24, 36, 45",2,0,6,"0.00, 0.00, 0.00, 0.50","onepoint_0.5",187,202609467,"1,1,1,1","KW","W",1000,17,1,0
"unbalanced n, equal SD",30,"15, 24, 36, 45",2,0,6,"0.00, 0.00, 0.00, 0.50","onepoint_0.5",187,202609467,"1,1,1,1","KW","KW",1000,888,0,0
"unbalanced n, equal SD",30,"15, 24, 36, 45",3,0.5,1,"0.00, 0.00, 0.00, 0.50","onepoint_0.5",188,202609468,"1,1,1,1","F","F",1000,495,0,0
"unbalanced n, equal SD",30,"15, 24, 36, 45",3,0.5,1,"0.00, 0.00, 0.00, 0.50","onepoint_0.5",188,202609468,"1,1,1,1","F","W",1000,49,1,1
"unbalanced n, equal SD",30,"15, 24, 36, 45",3,0.5,1,"0.00, 0.00, 0.00, 0.50","onepoint_0.5",188,202609468,"1,1,1,1","F","KW",1000,456,11,39
"unbalanced n, equal SD",30,"15, 24, 36, 45",3,0.5,1,"0.00, 0.00, 0.00, 0.50","onepoint_0.5",188,202609468,"1,1,1,1","W","F",1000,495,11,11
"unbalanced n, equal SD",30,"15, 24, 36, 45",3,0.5,1,"0.00, 0.00, 0.00, 0.50","onepoint_0.5",188,202609468,"1,1,1,1","W","W",1000,49,0,0
"unbalanced n, equal SD",30,"15, 24, 36, 45",3,0.5,1,"0.00, 0.00, 0.00, 0.50","onepoint_0.5",188,202609468,"1,1,1,1","W","KW",1000,456,7,31
"unbalanced n, equal SD",30,"15, 24, 36, 45",3,0.5,1,"0.00, 0.00, 0.00, 0.50","onepoint_0.5",188,202609468,"1,1,1,1","KW","F",1000,495,11,15
"unbalanced n, equal SD",30,"15, 24, 36, 45",3,0.5,1,"0.00, 0.00, 0.00, 0.50","onepoint_0.5",188,202609468,"1,1,1,1","KW","W",1000,49,4,1
"unbalanced n, equal SD",30,"15, 24, 36, 45",3,0.5,1,"0.00, 0.00, 0.00, 0.50","onepoint_0.5",188,202609468,"1,1,1,1","KW","KW",1000,456,0,0
"unbalanced n, equal SD",30,"15, 24, 36, 45",4,1,1.6,"0.00, 0.00, 0.00, 0.50","onepoint_0.5",189,202609469,"1,1,1,1","F","F",1000,44,0,0
"unbalanced n, equal SD",30,"15, 24, 36, 45",4,1,1.6,"0.00, 0.00, 0.00, 0.50","onepoint_0.5",189,202609469,"1,1,1,1","F","W",1000,36,0,2
"unbalanced n, equal SD",30,"15, 24, 36, 45",4,1,1.6,"0.00, 0.00, 0.00, 0.50","onepoint_0.5",189,202609469,"1,1,1,1","F","KW",1000,920,18,92
"unbalanced n, equal SD",30,"15, 24, 36, 45",4,1,1.6,"0.00, 0.00, 0.00, 0.50","onepoint_0.5",189,202609469,"1,1,1,1","W","F",1000,44,1,1
"unbalanced n, equal SD",30,"15, 24, 36, 45",4,1,1.6,"0.00, 0.00, 0.00, 0.50","onepoint_0.5",189,202609469,"1,1,1,1","W","W",1000,36,0,0
"unbalanced n, equal SD",30,"15, 24, 36, 45",4,1,1.6,"0.00, 0.00, 0.00, 0.50","onepoint_0.5",189,202609469,"1,1,1,1","W","KW",1000,920,20,82
"unbalanced n, equal SD",30,"15, 24, 36, 45",4,1,1.6,"0.00, 0.00, 0.00, 0.50","onepoint_0.5",189,202609469,"1,1,1,1","KW","F",1000,44,0,2
"unbalanced n, equal SD",30,"15, 24, 36, 45",4,1,1.6,"0.00, 0.00, 0.00, 0.50","onepoint_0.5",189,202609469,"1,1,1,1","KW","W",1000,36,0,0
"unbalanced n, equal SD",30,"15, 24, 36, 45",4,1,1.6,"0.00, 0.00, 0.00, 0.50","onepoint_0.5",189,202609469,"1,1,1,1","KW","KW",1000,920,0,0
"unbalanced n, equal SD",30,"15, 24, 36, 45",5,2,6.6,"0.00, 0.00, 0.00, 0.50","onepoint_0.5",190,202609470,"1,1,1,1","F","F",1000,0,0,0
"unbalanced n, equal SD",30,"15, 24, 36, 45",5,2,6.6,"0.00, 0.00, 0.00, 0.50","onepoint_0.5",190,202609470,"1,1,1,1","F","W",1000,0,0,0
"unbalanced n, equal SD",30,"15, 24, 36, 45",5,2,6.6,"0.00, 0.00, 0.00, 0.50","onepoint_0.5",190,202609470,"1,1,1,1","F","KW",1000,1000,3,272
"unbalanced n, equal SD",30,"15, 24, 36, 45",5,2,6.6,"0.00, 0.00, 0.00, 0.50","onepoint_0.5",190,202609470,"1,1,1,1","W","F",1000,0,0,0
"unbalanced n, equal SD",30,"15, 24, 36, 45",5,2,6.6,"0.00, 0.00, 0.00, 0.50","onepoint_0.5",190,202609470,"1,1,1,1","W","W",1000,0,0,0
"unbalanced n, equal SD",30,"15, 24, 36, 45",5,2,6.6,"0.00, 0.00, 0.00, 0.50","onepoint_0.5",190,202609470,"1,1,1,1","W","KW",1000,1000,3,221
"unbalanced n, equal SD",30,"15, 24, 36, 45",5,2,6.6,"0.00, 0.00, 0.00, 0.50","onepoint_0.5",190,202609470,"1,1,1,1","KW","F",1000,0,0,0
"unbalanced n, equal SD",30,"15, 24, 36, 45",5,2,6.6,"0.00, 0.00, 0.00, 0.50","onepoint_0.5",190,202609470,"1,1,1,1","KW","W",1000,0,0,0
"unbalanced n, equal SD",30,"15, 24, 36, 45",5,2,6.6,"0.00, 0.00, 0.00, 0.50","onepoint_0.5",190,202609470,"1,1,1,1","KW","KW",1000,1000,0,0
"unbalanced n, equal SD",50,"25, 40, 60, 75",1,0,0,"0.00, 0.00, 0.00, 0.50","onepoint_0.5",191,202609471,"1,1,1,1","F","F",1000,900,0,0
"unbalanced n, equal SD",50,"25, 40, 60, 75",1,0,0,"0.00, 0.00, 0.00, 0.50","onepoint_0.5",191,202609471,"1,1,1,1","F","W",1000,54,0,0
"unbalanced n, equal SD",50,"25, 40, 60, 75",1,0,0,"0.00, 0.00, 0.00, 0.50","onepoint_0.5",191,202609471,"1,1,1,1","F","KW",1000,46,3,3
"unbalanced n, equal SD",50,"25, 40, 60, 75",1,0,0,"0.00, 0.00, 0.00, 0.50","onepoint_0.5",191,202609471,"1,1,1,1","W","F",1000,900,4,16
"unbalanced n, equal SD",50,"25, 40, 60, 75",1,0,0,"0.00, 0.00, 0.00, 0.50","onepoint_0.5",191,202609471,"1,1,1,1","W","W",1000,54,0,0
"unbalanced n, equal SD",50,"25, 40, 60, 75",1,0,0,"0.00, 0.00, 0.00, 0.50","onepoint_0.5",191,202609471,"1,1,1,1","W","KW",1000,46,3,3
"unbalanced n, equal SD",50,"25, 40, 60, 75",1,0,0,"0.00, 0.00, 0.00, 0.50","onepoint_0.5",191,202609471,"1,1,1,1","KW","F",1000,900,12,26
"unbalanced n, equal SD",50,"25, 40, 60, 75",1,0,0,"0.00, 0.00, 0.00, 0.50","onepoint_0.5",191,202609471,"1,1,1,1","KW","W",1000,54,0,2
"unbalanced n, equal SD",50,"25, 40, 60, 75",1,0,0,"0.00, 0.00, 0.00, 0.50","onepoint_0.5",191,202609471,"1,1,1,1","KW","KW",1000,46,0,0
"unbalanced n, equal SD",50,"25, 40, 60, 75",2,0,6,"0.00, 0.00, 0.00, 0.50","onepoint_0.5",192,202609472,"1,1,1,1","F","F",1000,16,0,0
"unbalanced n, equal SD",50,"25, 40, 60, 75",2,0,6,"0.00, 0.00, 0.00, 0.50","onepoint_0.5",192,202609472,"1,1,1,1","F","W",1000,11,1,0
"unbalanced n, equal SD",50,"25, 40, 60, 75",2,0,6,"0.00, 0.00, 0.00, 0.50","onepoint_0.5",192,202609472,"1,1,1,1","F","KW",1000,973,1,132
"unbalanced n, equal SD",50,"25, 40, 60, 75",2,0,6,"0.00, 0.00, 0.00, 0.50","onepoint_0.5",192,202609472,"1,1,1,1","W","F",1000,16,0,0
"unbalanced n, equal SD",50,"25, 40, 60, 75",2,0,6,"0.00, 0.00, 0.00, 0.50","onepoint_0.5",192,202609472,"1,1,1,1","W","W",1000,11,0,0
"unbalanced n, equal SD",50,"25, 40, 60, 75",2,0,6,"0.00, 0.00, 0.00, 0.50","onepoint_0.5",192,202609472,"1,1,1,1","W","KW",1000,973,2,133
"unbalanced n, equal SD",50,"25, 40, 60, 75",2,0,6,"0.00, 0.00, 0.00, 0.50","onepoint_0.5",192,202609472,"1,1,1,1","KW","F",1000,16,0,0
"unbalanced n, equal SD",50,"25, 40, 60, 75",2,0,6,"0.00, 0.00, 0.00, 0.50","onepoint_0.5",192,202609472,"1,1,1,1","KW","W",1000,11,2,0
"unbalanced n, equal SD",50,"25, 40, 60, 75",2,0,6,"0.00, 0.00, 0.00, 0.50","onepoint_0.5",192,202609472,"1,1,1,1","KW","KW",1000,973,0,0
"unbalanced n, equal SD",50,"25, 40, 60, 75",3,0.5,1,"0.00, 0.00, 0.00, 0.50","onepoint_0.5",193,202609473,"1,1,1,1","F","F",1000,329,0,0
"unbalanced n, equal SD",50,"25, 40, 60, 75",3,0.5,1,"0.00, 0.00, 0.00, 0.50","onepoint_0.5",193,202609473,"1,1,1,1","F","W",1000,35,1,0
"unbalanced n, equal SD",50,"25, 40, 60, 75",3,0.5,1,"0.00, 0.00, 0.00, 0.50","onepoint_0.5",193,202609473,"1,1,1,1","F","KW",1000,636,11,40
"unbalanced n, equal SD",50,"25, 40, 60, 75",3,0.5,1,"0.00, 0.00, 0.00, 0.50","onepoint_0.5",193,202609473,"1,1,1,1","W","F",1000,329,3,3
"unbalanced n, equal SD",50,"25, 40, 60, 75",3,0.5,1,"0.00, 0.00, 0.00, 0.50","onepoint_0.5",193,202609473,"1,1,1,1","W","W",1000,35,0,0
"unbalanced n, equal SD",50,"25, 40, 60, 75",3,0.5,1,"0.00, 0.00, 0.00, 0.50","onepoint_0.5",193,202609473,"1,1,1,1","W","KW",1000,636,8,40
"unbalanced n, equal SD",50,"25, 40, 60, 75",3,0.5,1,"0.00, 0.00, 0.00, 0.50","onepoint_0.5",193,202609473,"1,1,1,1","KW","F",1000,329,15,7
"unbalanced n, equal SD",50,"25, 40, 60, 75",3,0.5,1,"0.00, 0.00, 0.00, 0.50","onepoint_0.5",193,202609473,"1,1,1,1","KW","W",1000,35,2,1
"unbalanced n, equal SD",50,"25, 40, 60, 75",3,0.5,1,"0.00, 0.00, 0.00, 0.50","onepoint_0.5",193,202609473,"1,1,1,1","KW","KW",1000,636,0,0
"unbalanced n, equal SD",50,"25, 40, 60, 75",4,1,1.6,"0.00, 0.00, 0.00, 0.50","onepoint_0.5",194,202609474,"1,1,1,1","F","F",1000,0,0,0
"unbalanced n, equal SD",50,"25, 40, 60, 75",4,1,1.6,"0.00, 0.00, 0.00, 0.50","onepoint_0.5",194,202609474,"1,1,1,1","F","W",1000,4,0,0
"unbalanced n, equal SD",50,"25, 40, 60, 75",4,1,1.6,"0.00, 0.00, 0.00, 0.50","onepoint_0.5",194,202609474,"1,1,1,1","F","KW",1000,996,11,73
"unbalanced n, equal SD",50,"25, 40, 60, 75",4,1,1.6,"0.00, 0.00, 0.00, 0.50","onepoint_0.5",194,202609474,"1,1,1,1","W","F",1000,0,0,0
"unbalanced n, equal SD",50,"25, 40, 60, 75",4,1,1.6,"0.00, 0.00, 0.00, 0.50","onepoint_0.5",194,202609474,"1,1,1,1","W","W",1000,4,0,0
"unbalanced n, equal SD",50,"25, 40, 60, 75",4,1,1.6,"0.00, 0.00, 0.00, 0.50","onepoint_0.5",194,202609474,"1,1,1,1","W","KW",1000,996,13,67
"unbalanced n, equal SD",50,"25, 40, 60, 75",4,1,1.6,"0.00, 0.00, 0.00, 0.50","onepoint_0.5",194,202609474,"1,1,1,1","KW","F",1000,0,0,0
"unbalanced n, equal SD",50,"25, 40, 60, 75",4,1,1.6,"0.00, 0.00, 0.00, 0.50","onepoint_0.5",194,202609474,"1,1,1,1","KW","W",1000,4,0,0
"unbalanced n, equal SD",50,"25, 40, 60, 75",4,1,1.6,"0.00, 0.00, 0.00, 0.50","onepoint_0.5",194,202609474,"1,1,1,1","KW","KW",1000,996,0,0
"unbalanced n, equal SD",50,"25, 40, 60, 75",5,2,6.6,"0.00, 0.00, 0.00, 0.50","onepoint_0.5",195,202609475,"1,1,1,1","F","F",1000,0,0,0
"unbalanced n, equal SD",50,"25, 40, 60, 75",5,2,6.6,"0.00, 0.00, 0.00, 0.50","onepoint_0.5",195,202609475,"1,1,1,1","F","W",1000,0,0,0
"unbalanced n, equal SD",50,"25, 40, 60, 75",5,2,6.6,"0.00, 0.00, 0.00, 0.50","onepoint_0.5",195,202609475,"1,1,1,1","F","KW",1000,1000,0,167
"unbalanced n, equal SD",50,"25, 40, 60, 75",5,2,6.6,"0.00, 0.00, 0.00, 0.50","onepoint_0.5",195,202609475,"1,1,1,1","W","F",1000,0,0,0
"unbalanced n, equal SD",50,"25, 40, 60, 75",5,2,6.6,"0.00, 0.00, 0.00, 0.50","onepoint_0.5",195,202609475,"1,1,1,1","W","W",1000,0,0,0
"unbalanced n, equal SD",50,"25, 40, 60, 75",5,2,6.6,"0.00, 0.00, 0.00, 0.50","onepoint_0.5",195,202609475,"1,1,1,1","W","KW",1000,1000,0,127
"unbalanced n, equal SD",50,"25, 40, 60, 75",5,2,6.6,"0.00, 0.00, 0.00, 0.50","onepoint_0.5",195,202609475,"1,1,1,1","KW","F",1000,0,0,0
"unbalanced n, equal SD",50,"25, 40, 60, 75",5,2,6.6,"0.00, 0.00, 0.00, 0.50","onepoint_0.5",195,202609475,"1,1,1,1","KW","W",1000,0,0,0
"unbalanced n, equal SD",50,"25, 40, 60, 75",5,2,6.6,"0.00, 0.00, 0.00, 0.50","onepoint_0.5",195,202609475,"1,1,1,1","KW","KW",1000,1000,0,0
"unbalanced n, equal SD",100,"50, 80, 120, 150",1,0,0,"0.00, 0.00, 0.00, 0.50","onepoint_0.5",196,202609476,"1,1,1,1","F","F",1000,907,0,0
"unbalanced n, equal SD",100,"50, 80, 120, 150",1,0,0,"0.00, 0.00, 0.00, 0.50","onepoint_0.5",196,202609476,"1,1,1,1","F","W",1000,46,0,1
"unbalanced n, equal SD",100,"50, 80, 120, 150",1,0,0,"0.00, 0.00, 0.00, 0.50","onepoint_0.5",196,202609476,"1,1,1,1","F","KW",1000,47,0,0
"unbalanced n, equal SD",100,"50, 80, 120, 150",1,0,0,"0.00, 0.00, 0.00, 0.50","onepoint_0.5",196,202609476,"1,1,1,1","W","F",1000,907,0,0
"unbalanced n, equal SD",100,"50, 80, 120, 150",1,0,0,"0.00, 0.00, 0.00, 0.50","onepoint_0.5",196,202609476,"1,1,1,1","W","W",1000,46,0,0
"unbalanced n, equal SD",100,"50, 80, 120, 150",1,0,0,"0.00, 0.00, 0.00, 0.50","onepoint_0.5",196,202609476,"1,1,1,1","W","KW",1000,47,0,0
"unbalanced n, equal SD",100,"50, 80, 120, 150",1,0,0,"0.00, 0.00, 0.00, 0.50","onepoint_0.5",196,202609476,"1,1,1,1","KW","F",1000,907,0,6
"unbalanced n, equal SD",100,"50, 80, 120, 150",1,0,0,"0.00, 0.00, 0.00, 0.50","onepoint_0.5",196,202609476,"1,1,1,1","KW","W",1000,46,0,0
"unbalanced n, equal SD",100,"50, 80, 120, 150",1,0,0,"0.00, 0.00, 0.00, 0.50","onepoint_0.5",196,202609476,"1,1,1,1","KW","KW",1000,47,0,0
"unbalanced n, equal SD",100,"50, 80, 120, 150",2,0,6,"0.00, 0.00, 0.00, 0.50","onepoint_0.5",197,202609477,"1,1,1,1","F","F",1000,0,0,0
"unbalanced n, equal SD",100,"50, 80, 120, 150",2,0,6,"0.00, 0.00, 0.00, 0.50","onepoint_0.5",197,202609477,"1,1,1,1","F","W",1000,1,0,0
"unbalanced n, equal SD",100,"50, 80, 120, 150",2,0,6,"0.00, 0.00, 0.00, 0.50","onepoint_0.5",197,202609477,"1,1,1,1","F","KW",1000,999,0,12
"unbalanced n, equal SD",100,"50, 80, 120, 150",2,0,6,"0.00, 0.00, 0.00, 0.50","onepoint_0.5",197,202609477,"1,1,1,1","W","F",1000,0,0,0
"unbalanced n, equal SD",100,"50, 80, 120, 150",2,0,6,"0.00, 0.00, 0.00, 0.50","onepoint_0.5",197,202609477,"1,1,1,1","W","W",1000,1,0,0
"unbalanced n, equal SD",100,"50, 80, 120, 150",2,0,6,"0.00, 0.00, 0.00, 0.50","onepoint_0.5",197,202609477,"1,1,1,1","W","KW",1000,999,0,11
"unbalanced n, equal SD",100,"50, 80, 120, 150",2,0,6,"0.00, 0.00, 0.00, 0.50","onepoint_0.5",197,202609477,"1,1,1,1","KW","F",1000,0,0,0
"unbalanced n, equal SD",100,"50, 80, 120, 150",2,0,6,"0.00, 0.00, 0.00, 0.50","onepoint_0.5",197,202609477,"1,1,1,1","KW","W",1000,1,0,0
"unbalanced n, equal SD",100,"50, 80, 120, 150",2,0,6,"0.00, 0.00, 0.00, 0.50","onepoint_0.5",197,202609477,"1,1,1,1","KW","KW",1000,999,0,0
"unbalanced n, equal SD",100,"50, 80, 120, 150",3,0.5,1,"0.00, 0.00, 0.00, 0.50","onepoint_0.5",198,202609478,"1,1,1,1","F","F",1000,85,0,0
"unbalanced n, equal SD",100,"50, 80, 120, 150",3,0.5,1,"0.00, 0.00, 0.00, 0.50","onepoint_0.5",198,202609478,"1,1,1,1","F","W",1000,18,0,0
"unbalanced n, equal SD",100,"50, 80, 120, 150",3,0.5,1,"0.00, 0.00, 0.00, 0.50","onepoint_0.5",198,202609478,"1,1,1,1","F","KW",1000,897,1,1
"unbalanced n, equal SD",100,"50, 80, 120, 150",3,0.5,1,"0.00, 0.00, 0.00, 0.50","onepoint_0.5",198,202609478,"1,1,1,1","W","F",1000,85,0,0
"unbalanced n, equal SD",100,"50, 80, 120, 150",3,0.5,1,"0.00, 0.00, 0.00, 0.50","onepoint_0.5",198,202609478,"1,1,1,1","W","W",1000,18,0,0
"unbalanced n, equal SD",100,"50, 80, 120, 150",3,0.5,1,"0.00, 0.00, 0.00, 0.50","onepoint_0.5",198,202609478,"1,1,1,1","W","KW",1000,897,1,1
"unbalanced n, equal SD",100,"50, 80, 120, 150",3,0.5,1,"0.00, 0.00, 0.00, 0.50","onepoint_0.5",198,202609478,"1,1,1,1","KW","F",1000,85,0,0
"unbalanced n, equal SD",100,"50, 80, 120, 150",3,0.5,1,"0.00, 0.00, 0.00, 0.50","onepoint_0.5",198,202609478,"1,1,1,1","KW","W",1000,18,0,0
"unbalanced n, equal SD",100,"50, 80, 120, 150",3,0.5,1,"0.00, 0.00, 0.00, 0.50","onepoint_0.5",198,202609478,"1,1,1,1","KW","KW",1000,897,0,0
"unbalanced n, equal SD",100,"50, 80, 120, 150",4,1,1.6,"0.00, 0.00, 0.00, 0.50","onepoint_0.5",199,202609479,"1,1,1,1","F","F",1000,0,0,0
"unbalanced n, equal SD",100,"50, 80, 120, 150",4,1,1.6,"0.00, 0.00, 0.00, 0.50","onepoint_0.5",199,202609479,"1,1,1,1","F","W",1000,0,0,0
"unbalanced n, equal SD",100,"50, 80, 120, 150",4,1,1.6,"0.00, 0.00, 0.00, 0.50","onepoint_0.5",199,202609479,"1,1,1,1","F","KW",1000,1000,0,4
"unbalanced n, equal SD",100,"50, 80, 120, 150",4,1,1.6,"0.00, 0.00, 0.00, 0.50","onepoint_0.5",199,202609479,"1,1,1,1","W","F",1000,0,0,0
"unbalanced n, equal SD",100,"50, 80, 120, 150",4,1,1.6,"0.00, 0.00, 0.00, 0.50","onepoint_0.5",199,202609479,"1,1,1,1","W","W",1000,0,0,0
"unbalanced n, equal SD",100,"50, 80, 120, 150",4,1,1.6,"0.00, 0.00, 0.00, 0.50","onepoint_0.5",199,202609479,"1,1,1,1","W","KW",1000,1000,0,4
"unbalanced n, equal SD",100,"50, 80, 120, 150",4,1,1.6,"0.00, 0.00, 0.00, 0.50","onepoint_0.5",199,202609479,"1,1,1,1","KW","F",1000,0,0,0
"unbalanced n, equal SD",100,"50, 80, 120, 150",4,1,1.6,"0.00, 0.00, 0.00, 0.50","onepoint_0.5",199,202609479,"1,1,1,1","KW","W",1000,0,0,0
"unbalanced n, equal SD",100,"50, 80, 120, 150",4,1,1.6,"0.00, 0.00, 0.00, 0.50","onepoint_0.5",199,202609479,"1,1,1,1","KW","KW",1000,1000,0,0
"unbalanced n, equal SD",100,"50, 80, 120, 150",5,2,6.6,"0.00, 0.00, 0.00, 0.50","onepoint_0.5",200,202609480,"1,1,1,1","F","F",1000,0,0,0
"unbalanced n, equal SD",100,"50, 80, 120, 150",5,2,6.6,"0.00, 0.00, 0.00, 0.50","onepoint_0.5",200,202609480,"1,1,1,1","F","W",1000,0,0,0
"unbalanced n, equal SD",100,"50, 80, 120, 150",5,2,6.6,"0.00, 0.00, 0.00, 0.50","onepoint_0.5",200,202609480,"1,1,1,1","F","KW",1000,1000,0,12
"unbalanced n, equal SD",100,"50, 80, 120, 150",5,2,6.6,"0.00, 0.00, 0.00, 0.50","onepoint_0.5",200,202609480,"1,1,1,1","W","F",1000,0,0,0
"unbalanced n, equal SD",100,"50, 80, 120, 150",5,2,6.6,"0.00, 0.00, 0.00, 0.50","onepoint_0.5",200,202609480,"1,1,1,1","W","W",1000,0,0,0
"unbalanced n, equal SD",100,"50, 80, 120, 150",5,2,6.6,"0.00, 0.00, 0.00, 0.50","onepoint_0.5",200,202609480,"1,1,1,1","W","KW",1000,1000,0,6
"unbalanced n, equal SD",100,"50, 80, 120, 150",5,2,6.6,"0.00, 0.00, 0.00, 0.50","onepoint_0.5",200,202609480,"1,1,1,1","KW","F",1000,0,0,0
"unbalanced n, equal SD",100,"50, 80, 120, 150",5,2,6.6,"0.00, 0.00, 0.00, 0.50","onepoint_0.5",200,202609480,"1,1,1,1","KW","W",1000,0,0,0
"unbalanced n, equal SD",100,"50, 80, 120, 150",5,2,6.6,"0.00, 0.00, 0.00, 0.50","onepoint_0.5",200,202609480,"1,1,1,1","KW","KW",1000,1000,0,0
"balanced n, unequal SD",10,"10, 10, 10, 10",1,0,0,"0.00, 0.00, 0.00, 0.50","onepoint_0.5",201,202609481,"1.000000000000000,1.414213562373095,2.000000000000000,2.236067977499790","F","F",1000,463,0,0
"balanced n, unequal SD",10,"10, 10, 10, 10",1,0,0,"0.00, 0.00, 0.00, 0.50","onepoint_0.5",201,202609481,"1.000000000000000,1.414213562373095,2.000000000000000,2.236067977499790","F","W",1000,457,15,9
"balanced n, unequal SD",10,"10, 10, 10, 10",1,0,0,"0.00, 0.00, 0.00, 0.50","onepoint_0.5",201,202609481,"1.000000000000000,1.414213562373095,2.000000000000000,2.236067977499790","F","KW",1000,80,0,2
"balanced n, unequal SD",10,"10, 10, 10, 10",1,0,0,"0.00, 0.00, 0.00, 0.50","onepoint_0.5",201,202609481,"1.000000000000000,1.414213562373095,2.000000000000000,2.236067977499790","W","F",1000,463,4,29
"balanced n, unequal SD",10,"10, 10, 10, 10",1,0,0,"0.00, 0.00, 0.00, 0.50","onepoint_0.5",201,202609481,"1.000000000000000,1.414213562373095,2.000000000000000,2.236067977499790","W","W",1000,457,0,0
"balanced n, unequal SD",10,"10, 10, 10, 10",1,0,0,"0.00, 0.00, 0.00, 0.50","onepoint_0.5",201,202609481,"1.000000000000000,1.414213562373095,2.000000000000000,2.236067977499790","W","KW",1000,80,1,3
"balanced n, unequal SD",10,"10, 10, 10, 10",1,0,0,"0.00, 0.00, 0.00, 0.50","onepoint_0.5",201,202609481,"1.000000000000000,1.414213562373095,2.000000000000000,2.236067977499790","KW","F",1000,463,4,19
"balanced n, unequal SD",10,"10, 10, 10, 10",1,0,0,"0.00, 0.00, 0.00, 0.50","onepoint_0.5",201,202609481,"1.000000000000000,1.414213562373095,2.000000000000000,2.236067977499790","KW","W",1000,457,3,11
"balanced n, unequal SD",10,"10, 10, 10, 10",1,0,0,"0.00, 0.00, 0.00, 0.50","onepoint_0.5",201,202609481,"1.000000000000000,1.414213562373095,2.000000000000000,2.236067977499790","KW","KW",1000,80,0,0
"balanced n, unequal SD",10,"10, 10, 10, 10",2,0,6,"0.00, 0.00, 0.00, 0.50","onepoint_0.5",202,202609482,"1.000000000000000,1.414213562373095,2.000000000000000,2.236067977499790","F","F",1000,313,0,0
"balanced n, unequal SD",10,"10, 10, 10, 10",2,0,6,"0.00, 0.00, 0.00, 0.50","onepoint_0.5",202,202609482,"1.000000000000000,1.414213562373095,2.000000000000000,2.236067977499790","F","W",1000,245,13,8
"balanced n, unequal SD",10,"10, 10, 10, 10",2,0,6,"0.00, 0.00, 0.00, 0.50","onepoint_0.5",202,202609482,"1.000000000000000,1.414213562373095,2.000000000000000,2.236067977499790","F","KW",1000,442,5,22
"balanced n, unequal SD",10,"10, 10, 10, 10",2,0,6,"0.00, 0.00, 0.00, 0.50","onepoint_0.5",202,202609482,"1.000000000000000,1.414213562373095,2.000000000000000,2.236067977499790","W","F",1000,313,6,23
"balanced n, unequal SD",10,"10, 10, 10, 10",2,0,6,"0.00, 0.00, 0.00, 0.50","onepoint_0.5",202,202609482,"1.000000000000000,1.414213562373095,2.000000000000000,2.236067977499790","W","W",1000,245,0,0
"balanced n, unequal SD",10,"10, 10, 10, 10",2,0,6,"0.00, 0.00, 0.00, 0.50","onepoint_0.5",202,202609482,"1.000000000000000,1.414213562373095,2.000000000000000,2.236067977499790","W","KW",1000,442,4,21
"balanced n, unequal SD",10,"10, 10, 10, 10",2,0,6,"0.00, 0.00, 0.00, 0.50","onepoint_0.5",202,202609482,"1.000000000000000,1.414213562373095,2.000000000000000,2.236067977499790","KW","F",1000,313,7,14
"balanced n, unequal SD",10,"10, 10, 10, 10",2,0,6,"0.00, 0.00, 0.00, 0.50","onepoint_0.5",202,202609482,"1.000000000000000,1.414213562373095,2.000000000000000,2.236067977499790","KW","W",1000,245,10,8
"balanced n, unequal SD",10,"10, 10, 10, 10",2,0,6,"0.00, 0.00, 0.00, 0.50","onepoint_0.5",202,202609482,"1.000000000000000,1.414213562373095,2.000000000000000,2.236067977499790","KW","KW",1000,442,0,0
"balanced n, unequal SD",10,"10, 10, 10, 10",3,0.5,1,"0.00, 0.00, 0.00, 0.50","onepoint_0.5",203,202609483,"1.000000000000000,1.414213562373095,2.000000000000000,2.236067977499790","F","F",1000,412,0,0
"balanced n, unequal SD",10,"10, 10, 10, 10",3,0.5,1,"0.00, 0.00, 0.00, 0.50","onepoint_0.5",203,202609483,"1.000000000000000,1.414213562373095,2.000000000000000,2.236067977499790","F","W",1000,413,14,10
"balanced n, unequal SD",10,"10, 10, 10, 10",3,0.5,1,"0.00, 0.00, 0.00, 0.50","onepoint_0.5",203,202609483,"1.000000000000000,1.414213562373095,2.000000000000000,2.236067977499790","F","KW",1000,175,1,10
"balanced n, unequal SD",10,"10, 10, 10, 10",3,0.5,1,"0.00, 0.00, 0.00, 0.50","onepoint_0.5",203,202609483,"1.000000000000000,1.414213562373095,2.000000000000000,2.236067977499790","W","F",1000,412,2,20
"balanced n, unequal SD",10,"10, 10, 10, 10",3,0.5,1,"0.00, 0.00, 0.00, 0.50","onepoint_0.5",203,202609483,"1.000000000000000,1.414213562373095,2.000000000000000,2.236067977499790","W","W",1000,413,0,0
"balanced n, unequal SD",10,"10, 10, 10, 10",3,0.5,1,"0.00, 0.00, 0.00, 0.50","onepoint_0.5",203,202609483,"1.000000000000000,1.414213562373095,2.000000000000000,2.236067977499790","W","KW",1000,175,3,11
"balanced n, unequal SD",10,"10, 10, 10, 10",3,0.5,1,"0.00, 0.00, 0.00, 0.50","onepoint_0.5",203,202609483,"1.000000000000000,1.414213562373095,2.000000000000000,2.236067977499790","KW","F",1000,412,2,10
"balanced n, unequal SD",10,"10, 10, 10, 10",3,0.5,1,"0.00, 0.00, 0.00, 0.50","onepoint_0.5",203,202609483,"1.000000000000000,1.414213562373095,2.000000000000000,2.236067977499790","KW","W",1000,413,5,7
"balanced n, unequal SD",10,"10, 10, 10, 10",3,0.5,1,"0.00, 0.00, 0.00, 0.50","onepoint_0.5",203,202609483,"1.000000000000000,1.414213562373095,2.000000000000000,2.236067977499790","KW","KW",1000,175,0,0
"balanced n, unequal SD",10,"10, 10, 10, 10",4,1,1.6,"0.00, 0.00, 0.00, 0.50","onepoint_0.5",204,202609484,"1.000000000000000,1.414213562373095,2.000000000000000,2.236067977499790","F","F",1000,298,0,0
"balanced n, unequal SD",10,"10, 10, 10, 10",4,1,1.6,"0.00, 0.00, 0.00, 0.50","onepoint_0.5",204,202609484,"1.000000000000000,1.414213562373095,2.000000000000000,2.236067977499790","F","W",1000,374,24,18
"balanced n, unequal SD",10,"10, 10, 10, 10",4,1,1.6,"0.00, 0.00, 0.00, 0.50","onepoint_0.5",204,202609484,"1.000000000000000,1.414213562373095,2.000000000000000,2.236067977499790","F","KW",1000,328,3,10
"balanced n, unequal SD",10,"10, 10, 10, 10",4,1,1.6,"0.00, 0.00, 0.00, 0.50","onepoint_0.5",204,202609484,"1.000000000000000,1.414213562373095,2.000000000000000,2.236067977499790","W","F",1000,298,5,14
"balanced n, unequal SD",10,"10, 10, 10, 10",4,1,1.6,"0.00, 0.00, 0.00, 0.50","onepoint_0.5",204,202609484,"1.000000000000000,1.414213562373095,2.000000000000000,2.236067977499790","W","W",1000,374,0,0
"balanced n, unequal SD",10,"10, 10, 10, 10",4,1,1.6,"0.00, 0.00, 0.00, 0.50","onepoint_0.5",204,202609484,"1.000000000000000,1.414213562373095,2.000000000000000,2.236067977499790","W","KW",1000,328,3,7
"balanced n, unequal SD",10,"10, 10, 10, 10",4,1,1.6,"0.00, 0.00, 0.00, 0.50","onepoint_0.5",204,202609484,"1.000000000000000,1.414213562373095,2.000000000000000,2.236067977499790","KW","F",1000,298,3,5
"balanced n, unequal SD",10,"10, 10, 10, 10",4,1,1.6,"0.00, 0.00, 0.00, 0.50","onepoint_0.5",204,202609484,"1.000000000000000,1.414213562373095,2.000000000000000,2.236067977499790","KW","W",1000,374,6,13
"balanced n, unequal SD",10,"10, 10, 10, 10",4,1,1.6,"0.00, 0.00, 0.00, 0.50","onepoint_0.5",204,202609484,"1.000000000000000,1.414213562373095,2.000000000000000,2.236067977499790","KW","KW",1000,328,0,0
"balanced n, unequal SD",10,"10, 10, 10, 10",5,2,6.6,"0.00, 0.00, 0.00, 0.50","onepoint_0.5",205,202609485,"1.000000000000000,1.414213562373095,2.000000000000000,2.236067977499790","F","F",1000,73,0,0
"balanced n, unequal SD",10,"10, 10, 10, 10",5,2,6.6,"0.00, 0.00, 0.00, 0.50","onepoint_0.5",205,202609485,"1.000000000000000,1.414213562373095,2.000000000000000,2.236067977499790","F","W",1000,235,12,11
"balanced n, unequal SD",10,"10, 10, 10, 10",5,2,6.6,"0.00, 0.00, 0.00, 0.50","onepoint_0.5",205,202609485,"1.000000000000000,1.414213562373095,2.000000000000000,2.236067977499790","F","KW",1000,692,8,25
"balanced n, unequal SD",10,"10, 10, 10, 10",5,2,6.6,"0.00, 0.00, 0.00, 0.50","onepoint_0.5",205,202609485,"1.000000000000000,1.414213562373095,2.000000000000000,2.236067977499790","W","F",1000,73,1,2
"balanced n, unequal SD",10,"10, 10, 10, 10",5,2,6.6,"0.00, 0.00, 0.00, 0.50","onepoint_0.5",205,202609485,"1.000000000000000,1.414213562373095,2.000000000000000,2.236067977499790","W","W",1000,235,0,0
"balanced n, unequal SD",10,"10, 10, 10, 10",5,2,6.6,"0.00, 0.00, 0.00, 0.50","onepoint_0.5",205,202609485,"1.000000000000000,1.414213562373095,2.000000000000000,2.236067977499790","W","KW",1000,692,8,29
"balanced n, unequal SD",10,"10, 10, 10, 10",5,2,6.6,"0.00, 0.00, 0.00, 0.50","onepoint_0.5",205,202609485,"1.000000000000000,1.414213562373095,2.000000000000000,2.236067977499790","KW","F",1000,73,1,2
"balanced n, unequal SD",10,"10, 10, 10, 10",5,2,6.6,"0.00, 0.00, 0.00, 0.50","onepoint_0.5",205,202609485,"1.000000000000000,1.414213562373095,2.000000000000000,2.236067977499790","KW","W",1000,235,1,10
"balanced n, unequal SD",10,"10, 10, 10, 10",5,2,6.6,"0.00, 0.00, 0.00, 0.50","onepoint_0.5",205,202609485,"1.000000000000000,1.414213562373095,2.000000000000000,2.236067977499790","KW","KW",1000,692,0,0
"balanced n, unequal SD",20,"20, 20, 20, 20",1,0,0,"0.00, 0.00, 0.00, 0.50","onepoint_0.5",206,202609486,"1.000000000000000,1.414213562373095,2.000000000000000,2.236067977499790","F","F",1000,140,0,0
"balanced n, unequal SD",20,"20, 20, 20, 20",1,0,0,"0.00, 0.00, 0.00, 0.50","onepoint_0.5",206,202609486,"1.000000000000000,1.414213562373095,2.000000000000000,2.236067977499790","F","W",1000,795,44,12
"balanced n, unequal SD",20,"20, 20, 20, 20",1,0,0,"0.00, 0.00, 0.00, 0.50","onepoint_0.5",206,202609486,"1.000000000000000,1.414213562373095,2.000000000000000,2.236067977499790","F","KW",1000,65,1,8
"balanced n, unequal SD",20,"20, 20, 20, 20",1,0,0,"0.00, 0.00, 0.00, 0.50","onepoint_0.5",206,202609486,"1.000000000000000,1.414213562373095,2.000000000000000,2.236067977499790","W","F",1000,140,3,6
"balanced n, unequal SD",20,"20, 20, 20, 20",1,0,0,"0.00, 0.00, 0.00, 0.50","onepoint_0.5",206,202609486,"1.000000000000000,1.414213562373095,2.000000000000000,2.236067977499790","W","W",1000,795,0,0
"balanced n, unequal SD",20,"20, 20, 20, 20",1,0,0,"0.00, 0.00, 0.00, 0.50","onepoint_0.5",206,202609486,"1.000000000000000,1.414213562373095,2.000000000000000,2.236067977499790","W","KW",1000,65,1,12
"balanced n, unequal SD",20,"20, 20, 20, 20",1,0,0,"0.00, 0.00, 0.00, 0.50","onepoint_0.5",206,202609486,"1.000000000000000,1.414213562373095,2.000000000000000,2.236067977499790","KW","F",1000,140,5,3
"balanced n, unequal SD",20,"20, 20, 20, 20",1,0,0,"0.00, 0.00, 0.00, 0.50","onepoint_0.5",206,202609486,"1.000000000000000,1.414213562373095,2.000000000000000,2.236067977499790","KW","W",1000,795,25,17
"balanced n, unequal SD",20,"20, 20, 20, 20",1,0,0,"0.00, 0.00, 0.00, 0.50","onepoint_0.5",206,202609486,"1.000000000000000,1.414213562373095,2.000000000000000,2.236067977499790","KW","KW",1000,65,0,0
"balanced n, unequal SD",20,"20, 20, 20, 20",2,0,6,"0.00, 0.00, 0.00, 0.50","onepoint_0.5",207,202609487,"1.000000000000000,1.414213562373095,2.000000000000000,2.236067977499790","F","F",1000,58,0,0
"balanced n, unequal SD",20,"20, 20, 20, 20",2,0,6,"0.00, 0.00, 0.00, 0.50","onepoint_0.5",207,202609487,"1.000000000000000,1.414213562373095,2.000000000000000,2.236067977499790","F","W",1000,262,21,6
"balanced n, unequal SD",20,"20, 20, 20, 20",2,0,6,"0.00, 0.00, 0.00, 0.50","onepoint_0.5",207,202609487,"1.000000000000000,1.414213562373095,2.000000000000000,2.236067977499790","F","KW",1000,680,27,44
"balanced n, unequal SD",20,"20, 20, 20, 20",2,0,6,"0.00, 0.00, 0.00, 0.50","onepoint_0.5",207,202609487,"1.000000000000000,1.414213562373095,2.000000000000000,2.236067977499790","W","F",1000,58,0,2
"balanced n, unequal SD",20,"20, 20, 20, 20",2,0,6,"0.00, 0.00, 0.00, 0.50","onepoint_0.5",207,202609487,"1.000000000000000,1.414213562373095,2.000000000000000,2.236067977499790","W","W",1000,262,0,0
"balanced n, unequal SD",20,"20, 20, 20, 20",2,0,6,"0.00, 0.00, 0.00, 0.50","onepoint_0.5",207,202609487,"1.000000000000000,1.414213562373095,2.000000000000000,2.236067977499790","W","KW",1000,680,11,61
"balanced n, unequal SD",20,"20, 20, 20, 20",2,0,6,"0.00, 0.00, 0.00, 0.50","onepoint_0.5",207,202609487,"1.000000000000000,1.414213562373095,2.000000000000000,2.236067977499790","KW","F",1000,58,2,1
"balanced n, unequal SD",20,"20, 20, 20, 20",2,0,6,"0.00, 0.00, 0.00, 0.50","onepoint_0.5",207,202609487,"1.000000000000000,1.414213562373095,2.000000000000000,2.236067977499790","KW","W",1000,262,20,4
"balanced n, unequal SD",20,"20, 20, 20, 20",2,0,6,"0.00, 0.00, 0.00, 0.50","onepoint_0.5",207,202609487,"1.000000000000000,1.414213562373095,2.000000000000000,2.236067977499790","KW","KW",1000,680,0,0
"balanced n, unequal SD",20,"20, 20, 20, 20",3,0.5,1,"0.00, 0.00, 0.00, 0.50","onepoint_0.5",208,202609488,"1.000000000000000,1.414213562373095,2.000000000000000,2.236067977499790","F","F",1000,118,0,0
"balanced n, unequal SD",20,"20, 20, 20, 20",3,0.5,1,"0.00, 0.00, 0.00, 0.50","onepoint_0.5",208,202609488,"1.000000000000000,1.414213562373095,2.000000000000000,2.236067977499790","F","W",1000,631,31,8
"balanced n, unequal SD",20,"20, 20, 20, 20",3,0.5,1,"0.00, 0.00, 0.00, 0.50","onepoint_0.5",208,202609488,"1.000000000000000,1.414213562373095,2.000000000000000,2.236067977499790","F","KW",1000,251,9,8
"balanced n, unequal SD",20,"20, 20, 20, 20",3,0.5,1,"0.00, 0.00, 0.00, 0.50","onepoint_0.5",208,202609488,"1.000000000000000,1.414213562373095,2.000000000000000,2.236067977499790","W","F",1000,118,1,5
"balanced n, unequal SD",20,"20, 20, 20, 20",3,0.5,1,"0.00, 0.00, 0.00, 0.50","onepoint_0.5",208,202609488,"1.000000000000000,1.414213562373095,2.000000000000000,2.236067977499790","W","W",1000,631,0,0
"balanced n, unequal SD",20,"20, 20, 20, 20",3,0.5,1,"0.00, 0.00, 0.00, 0.50","onepoint_0.5",208,202609488,"1.000000000000000,1.414213562373095,2.000000000000000,2.236067977499790","W","KW",1000,251,5,13
"balanced n, unequal SD",20,"20, 20, 20, 20",3,0.5,1,"0.00, 0.00, 0.00, 0.50","onepoint_0.5",208,202609488,"1.000000000000000,1.414213562373095,2.000000000000000,2.236067977499790","KW","F",1000,118,0,4
"balanced n, unequal SD",20,"20, 20, 20, 20",3,0.5,1,"0.00, 0.00, 0.00, 0.50","onepoint_0.5",208,202609488,"1.000000000000000,1.414213562373095,2.000000000000000,2.236067977499790","KW","W",1000,631,12,14
"balanced n, unequal SD",20,"20, 20, 20, 20",3,0.5,1,"0.00, 0.00, 0.00, 0.50","onepoint_0.5",208,202609488,"1.000000000000000,1.414213562373095,2.000000000000000,2.236067977499790","KW","KW",1000,251,0,0
"balanced n, unequal SD",20,"20, 20, 20, 20",4,1,1.6,"0.00, 0.00, 0.00, 0.50","onepoint_0.5",209,202609489,"1.000000000000000,1.414213562373095,2.000000000000000,2.236067977499790","F","F",1000,54,0,0
"balanced n, unequal SD",20,"20, 20, 20, 20",4,1,1.6,"0.00, 0.00, 0.00, 0.50","onepoint_0.5",209,202609489,"1.000000000000000,1.414213562373095,2.000000000000000,2.236067977499790","F","W",1000,457,37,12
"balanced n, unequal SD",20,"20, 20, 20, 20",4,1,1.6,"0.00, 0.00, 0.00, 0.50","onepoint_0.5",209,202609489,"1.000000000000000,1.414213562373095,2.000000000000000,2.236067977499790","F","KW",1000,489,26,21
"balanced n, unequal SD",20,"20, 20, 20, 20",4,1,1.6,"0.00, 0.00, 0.00, 0.50","onepoint_0.5",209,202609489,"1.000000000000000,1.414213562373095,2.000000000000000,2.236067977499790","W","F",1000,54,1,4
"balanced n, unequal SD",20,"20, 20, 20, 20",4,1,1.6,"0.00, 0.00, 0.00, 0.50","onepoint_0.5",209,202609489,"1.000000000000000,1.414213562373095,2.000000000000000,2.236067977499790","W","W",1000,457,0,0
"balanced n, unequal SD",20,"20, 20, 20, 20",4,1,1.6,"0.00, 0.00, 0.00, 0.50","onepoint_0.5",209,202609489,"1.000000000000000,1.414213562373095,2.000000000000000,2.236067977499790","W","KW",1000,489,14,33
"balanced n, unequal SD",20,"20, 20, 20, 20",4,1,1.6,"0.00, 0.00, 0.00, 0.50","onepoint_0.5",209,202609489,"1.000000000000000,1.414213562373095,2.000000000000000,2.236067977499790","KW","F",1000,54,4,2
"balanced n, unequal SD",20,"20, 20, 20, 20",4,1,1.6,"0.00, 0.00, 0.00, 0.50","onepoint_0.5",209,202609489,"1.000000000000000,1.414213562373095,2.000000000000000,2.236067977499790","KW","W",1000,457,10,12
"balanced n, unequal SD",20,"20, 20, 20, 20",4,1,1.6,"0.00, 0.00, 0.00, 0.50","onepoint_0.5",209,202609489,"1.000000000000000,1.414213562373095,2.000000000000000,2.236067977499790","KW","KW",1000,489,0,0
"balanced n, unequal SD",20,"20, 20, 20, 20",5,2,6.6,"0.00, 0.00, 0.00, 0.50","onepoint_0.5",210,202609490,"1.000000000000000,1.414213562373095,2.000000000000000,2.236067977499790","F","F",1000,1,0,0
"balanced n, unequal SD",20,"20, 20, 20, 20",5,2,6.6,"0.00, 0.00, 0.00, 0.50","onepoint_0.5",210,202609490,"1.000000000000000,1.414213562373095,2.000000000000000,2.236067977499790","F","W",1000,35,4,0
"balanced n, unequal SD",20,"20, 20, 20, 20",5,2,6.6,"0.00, 0.00, 0.00, 0.50","onepoint_0.5",210,202609490,"1.000000000000000,1.414213562373095,2.000000000000000,2.236067977499790","F","KW",1000,964,50,56
"balanced n, unequal SD",20,"20, 20, 20, 20",5,2,6.6,"0.00, 0.00, 0.00, 0.50","onepoint_0.5",210,202609490,"1.000000000000000,1.414213562373095,2.000000000000000,2.236067977499790","W","F",1000,1,0,0
"balanced n, unequal SD",20,"20, 20, 20, 20",5,2,6.6,"0.00, 0.00, 0.00, 0.50","onepoint_0.5",210,202609490,"1.000000000000000,1.414213562373095,2.000000000000000,2.236067977499790","W","W",1000,35,0,0
"balanced n, unequal SD",20,"20, 20, 20, 20",5,2,6.6,"0.00, 0.00, 0.00, 0.50","onepoint_0.5",210,202609490,"1.000000000000000,1.414213562373095,2.000000000000000,2.236067977499790","W","KW",1000,964,20,68
"balanced n, unequal SD",20,"20, 20, 20, 20",5,2,6.6,"0.00, 0.00, 0.00, 0.50","onepoint_0.5",210,202609490,"1.000000000000000,1.414213562373095,2.000000000000000,2.236067977499790","KW","F",1000,1,0,0
"balanced n, unequal SD",20,"20, 20, 20, 20",5,2,6.6,"0.00, 0.00, 0.00, 0.50","onepoint_0.5",210,202609490,"1.000000000000000,1.414213562373095,2.000000000000000,2.236067977499790","KW","W",1000,35,1,2
"balanced n, unequal SD",20,"20, 20, 20, 20",5,2,6.6,"0.00, 0.00, 0.00, 0.50","onepoint_0.5",210,202609490,"1.000000000000000,1.414213562373095,2.000000000000000,2.236067977499790","KW","KW",1000,964,0,0
"balanced n, unequal SD",30,"30, 30, 30, 30",1,0,0,"0.00, 0.00, 0.00, 0.50","onepoint_0.5",211,202609491,"1.000000000000000,1.414213562373095,2.000000000000000,2.236067977499790","F","F",1000,30,0,0
"balanced n, unequal SD",30,"30, 30, 30, 30",1,0,0,"0.00, 0.00, 0.00, 0.50","onepoint_0.5",211,202609491,"1.000000000000000,1.414213562373095,2.000000000000000,2.236067977499790","F","W",1000,928,78,15
"balanced n, unequal SD",30,"30, 30, 30, 30",1,0,0,"0.00, 0.00, 0.00, 0.50","onepoint_0.5",211,202609491,"1.000000000000000,1.414213562373095,2.000000000000000,2.236067977499790","F","KW",1000,42,5,3
"balanced n, unequal SD",30,"30, 30, 30, 30",1,0,0,"0.00, 0.00, 0.00, 0.50","onepoint_0.5",211,202609491,"1.000000000000000,1.414213562373095,2.000000000000000,2.236067977499790","W","F",1000,30,1,0
"balanced n, unequal SD",30,"30, 30, 30, 30",1,0,0,"0.00, 0.00, 0.00, 0.50","onepoint_0.5",211,202609491,"1.000000000000000,1.414213562373095,2.000000000000000,2.236067977499790","W","W",1000,928,0,0
"balanced n, unequal SD",30,"30, 30, 30, 30",1,0,0,"0.00, 0.00, 0.00, 0.50","onepoint_0.5",211,202609491,"1.000000000000000,1.414213562373095,2.000000000000000,2.236067977499790","W","KW",1000,42,2,3
"balanced n, unequal SD",30,"30, 30, 30, 30",1,0,0,"0.00, 0.00, 0.00, 0.50","onepoint_0.5",211,202609491,"1.000000000000000,1.414213562373095,2.000000000000000,2.236067977499790","KW","F",1000,30,1,0
"balanced n, unequal SD",30,"30, 30, 30, 30",1,0,0,"0.00, 0.00, 0.00, 0.50","onepoint_0.5",211,202609491,"1.000000000000000,1.414213562373095,2.000000000000000,2.236067977499790","KW","W",1000,928,52,25
"balanced n, unequal SD",30,"30, 30, 30, 30",1,0,0,"0.00, 0.00, 0.00, 0.50","onepoint_0.5",211,202609491,"1.000000000000000,1.414213562373095,2.000000000000000,2.236067977499790","KW","KW",1000,42,0,0
"balanced n, unequal SD",30,"30, 30, 30, 30",2,0,6,"0.00, 0.00, 0.00, 0.50","onepoint_0.5",212,202609492,"1.000000000000000,1.414213562373095,2.000000000000000,2.236067977499790","F","F",1000,13,0,0
"balanced n, unequal SD",30,"30, 30, 30, 30",2,0,6,"0.00, 0.00, 0.00, 0.50","onepoint_0.5",212,202609492,"1.000000000000000,1.414213562373095,2.000000000000000,2.236067977499790","F","W",1000,202,13,9
"balanced n, unequal SD",30,"30, 30, 30, 30",2,0,6,"0.00, 0.00, 0.00, 0.50","onepoint_0.5",212,202609492,"1.000000000000000,1.414213562373095,2.000000000000000,2.236067977499790","F","KW",1000,785,27,77
"balanced n, unequal SD",30,"30, 30, 30, 30",2,0,6,"0.00, 0.00, 0.00, 0.50","onepoint_0.5",212,202609492,"1.000000000000000,1.414213562373095,2.000000000000000,2.236067977499790","W","F",1000,13,1,0
"balanced n, unequal SD",30,"30, 30, 30, 30",2,0,6,"0.00, 0.00, 0.00, 0.50","onepoint_0.5",212,202609492,"1.000000000000000,1.414213562373095,2.000000000000000,2.236067977499790","W","W",1000,202,0,0
"balanced n, unequal SD",30,"30, 30, 30, 30",2,0,6,"0.00, 0.00, 0.00, 0.50","onepoint_0.5",212,202609492,"1.000000000000000,1.414213562373095,2.000000000000000,2.236067977499790","W","KW",1000,785,10,95
"balanced n, unequal SD",30,"30, 30, 30, 30",2,0,6,"0.00, 0.00, 0.00, 0.50","onepoint_0.5",212,202609492,"1.000000000000000,1.414213562373095,2.000000000000000,2.236067977499790","KW","F",1000,13,1,0
"balanced n, unequal SD",30,"30, 30, 30, 30",2,0,6,"0.00, 0.00, 0.00, 0.50","onepoint_0.5",212,202609492,"1.000000000000000,1.414213562373095,2.000000000000000,2.236067977499790","KW","W",1000,202,20,9
"balanced n, unequal SD",30,"30, 30, 30, 30",2,0,6,"0.00, 0.00, 0.00, 0.50","onepoint_0.5",212,202609492,"1.000000000000000,1.414213562373095,2.000000000000000,2.236067977499790","KW","KW",1000,785,0,0
"balanced n, unequal SD",30,"30, 30, 30, 30",3,0.5,1,"0.00, 0.00, 0.00, 0.50","onepoint_0.5",213,202609493,"1.000000000000000,1.414213562373095,2.000000000000000,2.236067977499790","F","F",1000,27,0,0
"balanced n, unequal SD",30,"30, 30, 30, 30",3,0.5,1,"0.00, 0.00, 0.00, 0.50","onepoint_0.5",213,202609493,"1.000000000000000,1.414213562373095,2.000000000000000,2.236067977499790","F","W",1000,683,52,17
"balanced n, unequal SD",30,"30, 30, 30, 30",3,0.5,1,"0.00, 0.00, 0.00, 0.50","onepoint_0.5",213,202609493,"1.000000000000000,1.414213562373095,2.000000000000000,2.236067977499790","F","KW",1000,290,24,6
"balanced n, unequal SD",30,"30, 30, 30, 30",3,0.5,1,"0.00, 0.00, 0.00, 0.50","onepoint_0.5",213,202609493,"1.000000000000000,1.414213562373095,2.000000000000000,2.236067977499790","W","F",1000,27,0,3
"balanced n, unequal SD",30,"30, 30, 30, 30",3,0.5,1,"0.00, 0.00, 0.00, 0.50","onepoint_0.5",213,202609493,"1.000000000000000,1.414213562373095,2.000000000000000,2.236067977499790","W","W",1000,683,0,0
"balanced n, unequal SD",30,"30, 30, 30, 30",3,0.5,1,"0.00, 0.00, 0.00, 0.50","onepoint_0.5",213,202609493,"1.000000000000000,1.414213562373095,2.000000000000000,2.236067977499790","W","KW",1000,290,10,12
"balanced n, unequal SD",30,"30, 30, 30, 30",3,0.5,1,"0.00, 0.00, 0.00, 0.50","onepoint_0.5",213,202609493,"1.000000000000000,1.414213562373095,2.000000000000000,2.236067977499790","KW","F",1000,27,0,0
"balanced n, unequal SD",30,"30, 30, 30, 30",3,0.5,1,"0.00, 0.00, 0.00, 0.50","onepoint_0.5",213,202609493,"1.000000000000000,1.414213562373095,2.000000000000000,2.236067977499790","KW","W",1000,683,20,23
"balanced n, unequal SD",30,"30, 30, 30, 30",3,0.5,1,"0.00, 0.00, 0.00, 0.50","onepoint_0.5",213,202609493,"1.000000000000000,1.414213562373095,2.000000000000000,2.236067977499790","KW","KW",1000,290,0,0
"balanced n, unequal SD",30,"30, 30, 30, 30",4,1,1.6,"0.00, 0.00, 0.00, 0.50","onepoint_0.5",214,202609494,"1.000000000000000,1.414213562373095,2.000000000000000,2.236067977499790","F","F",1000,8,0,0
"balanced n, unequal SD",30,"30, 30, 30, 30",4,1,1.6,"0.00, 0.00, 0.00, 0.50","onepoint_0.5",214,202609494,"1.000000000000000,1.414213562373095,2.000000000000000,2.236067977499790","F","W",1000,276,16,9
"balanced n, unequal SD",30,"30, 30, 30, 30",4,1,1.6,"0.00, 0.00, 0.00, 0.50","onepoint_0.5",214,202609494,"1.000000000000000,1.414213562373095,2.000000000000000,2.236067977499790","F","KW",1000,716,43,22
"balanced n, unequal SD",30,"30, 30, 30, 30",4,1,1.6,"0.00, 0.00, 0.00, 0.50","onepoint_0.5",214,202609494,"1.000000000000000,1.414213562373095,2.000000000000000,2.236067977499790","W","F",1000,8,0,0
"balanced n, unequal SD",30,"30, 30, 30, 30",4,1,1.6,"0.00, 0.00, 0.00, 0.50","onepoint_0.5",214,202609494,"1.000000000000000,1.414213562373095,2.000000000000000,2.236067977499790","W","W",1000,276,0,0
"balanced n, unequal SD",30,"30, 30, 30, 30",4,1,1.6,"0.00, 0.00, 0.00, 0.50","onepoint_0.5",214,202609494,"1.000000000000000,1.414213562373095,2.000000000000000,2.236067977499790","W","KW",1000,716,18,29
"balanced n, unequal SD",30,"30, 30, 30, 30",4,1,1.6,"0.00, 0.00, 0.00, 0.50","onepoint_0.5",214,202609494,"1.000000000000000,1.414213562373095,2.000000000000000,2.236067977499790","KW","F",1000,8,0,0
"balanced n, unequal SD",30,"30, 30, 30, 30",4,1,1.6,"0.00, 0.00, 0.00, 0.50","onepoint_0.5",214,202609494,"1.000000000000000,1.414213562373095,2.000000000000000,2.236067977499790","KW","W",1000,276,6,17
"balanced n, unequal SD",30,"30, 30, 30, 30",4,1,1.6,"0.00, 0.00, 0.00, 0.50","onepoint_0.5",214,202609494,"1.000000000000000,1.414213562373095,2.000000000000000,2.236067977499790","KW","KW",1000,716,0,0
"balanced n, unequal SD",30,"30, 30, 30, 30",5,2,6.6,"0.00, 0.00, 0.00, 0.50","onepoint_0.5",215,202609495,"1.000000000000000,1.414213562373095,2.000000000000000,2.236067977499790","F","F",1000,0,0,0
"balanced n, unequal SD",30,"30, 30, 30, 30",5,2,6.6,"0.00, 0.00, 0.00, 0.50","onepoint_0.5",215,202609495,"1.000000000000000,1.414213562373095,2.000000000000000,2.236067977499790","F","W",1000,3,1,0
"balanced n, unequal SD",30,"30, 30, 30, 30",5,2,6.6,"0.00, 0.00, 0.00, 0.50","onepoint_0.5",215,202609495,"1.000000000000000,1.414213562373095,2.000000000000000,2.236067977499790","F","KW",1000,997,77,91
"balanced n, unequal SD",30,"30, 30, 30, 30",5,2,6.6,"0.00, 0.00, 0.00, 0.50","onepoint_0.5",215,202609495,"1.000000000000000,1.414213562373095,2.000000000000000,2.236067977499790","W","F",1000,0,0,0
"balanced n, unequal SD",30,"30, 30, 30, 30",5,2,6.6,"0.00, 0.00, 0.00, 0.50","onepoint_0.5",215,202609495,"1.000000000000000,1.414213562373095,2.000000000000000,2.236067977499790","W","W",1000,3,0,0
"balanced n, unequal SD",30,"30, 30, 30, 30",5,2,6.6,"0.00, 0.00, 0.00, 0.50","onepoint_0.5",215,202609495,"1.000000000000000,1.414213562373095,2.000000000000000,2.236067977499790","W","KW",1000,997,40,117
"balanced n, unequal SD",30,"30, 30, 30, 30",5,2,6.6,"0.00, 0.00, 0.00, 0.50","onepoint_0.5",215,202609495,"1.000000000000000,1.414213562373095,2.000000000000000,2.236067977499790","KW","F",1000,0,0,0
"balanced n, unequal SD",30,"30, 30, 30, 30",5,2,6.6,"0.00, 0.00, 0.00, 0.50","onepoint_0.5",215,202609495,"1.000000000000000,1.414213562373095,2.000000000000000,2.236067977499790","KW","W",1000,3,0,0
"balanced n, unequal SD",30,"30, 30, 30, 30",5,2,6.6,"0.00, 0.00, 0.00, 0.50","onepoint_0.5",215,202609495,"1.000000000000000,1.414213562373095,2.000000000000000,2.236067977499790","KW","KW",1000,997,0,0
"balanced n, unequal SD",50,"50, 50, 50, 50",1,0,0,"0.00, 0.00, 0.00, 0.50","onepoint_0.5",216,202609496,"1.000000000000000,1.414213562373095,2.000000000000000,2.236067977499790","F","F",1000,1,0,0
"balanced n, unequal SD",50,"50, 50, 50, 50",1,0,0,"0.00, 0.00, 0.00, 0.50","onepoint_0.5",216,202609496,"1.000000000000000,1.414213562373095,2.000000000000000,2.236067977499790","F","W",1000,939,96,19
"balanced n, unequal SD",50,"50, 50, 50, 50",1,0,0,"0.00, 0.00, 0.00, 0.50","onepoint_0.5",216,202609496,"1.000000000000000,1.414213562373095,2.000000000000000,2.236067977499790","F","KW",1000,60,6,1
"balanced n, unequal SD",50,"50, 50, 50, 50",1,0,0,"0.00, 0.00, 0.00, 0.50","onepoint_0.5",216,202609496,"1.000000000000000,1.414213562373095,2.000000000000000,2.236067977499790","W","F",1000,1,0,0
"balanced n, unequal SD",50,"50, 50, 50, 50",1,0,0,"0.00, 0.00, 0.00, 0.50","onepoint_0.5",216,202609496,"1.000000000000000,1.414213562373095,2.000000000000000,2.236067977499790","W","W",1000,939,0,0
"balanced n, unequal SD",50,"50, 50, 50, 50",1,0,0,"0.00, 0.00, 0.00, 0.50","onepoint_0.5",216,202609496,"1.000000000000000,1.414213562373095,2.000000000000000,2.236067977499790","W","KW",1000,60,3,3
"balanced n, unequal SD",50,"50, 50, 50, 50",1,0,0,"0.00, 0.00, 0.00, 0.50","onepoint_0.5",216,202609496,"1.000000000000000,1.414213562373095,2.000000000000000,2.236067977499790","KW","F",1000,1,1,0
"balanced n, unequal SD",50,"50, 50, 50, 50",1,0,0,"0.00, 0.00, 0.00, 0.50","onepoint_0.5",216,202609496,"1.000000000000000,1.414213562373095,2.000000000000000,2.236067977499790","KW","W",1000,939,61,25
"balanced n, unequal SD",50,"50, 50, 50, 50",1,0,0,"0.00, 0.00, 0.00, 0.50","onepoint_0.5",216,202609496,"1.000000000000000,1.414213562373095,2.000000000000000,2.236067977499790","KW","KW",1000,60,0,0
"balanced n, unequal SD",50,"50, 50, 50, 50",2,0,6,"0.00, 0.00, 0.00, 0.50","onepoint_0.5",217,202609497,"1.000000000000000,1.414213562373095,2.000000000000000,2.236067977499790","F","F",1000,0,0,0
"balanced n, unequal SD",50,"50, 50, 50, 50",2,0,6,"0.00, 0.00, 0.00, 0.50","onepoint_0.5",217,202609497,"1.000000000000000,1.414213562373095,2.000000000000000,2.236067977499790","F","W",1000,72,7,1
"balanced n, unequal SD",50,"50, 50, 50, 50",2,0,6,"0.00, 0.00, 0.00, 0.50","onepoint_0.5",217,202609497,"1.000000000000000,1.414213562373095,2.000000000000000,2.236067977499790","F","KW",1000,928,42,112
"balanced n, unequal SD",50,"50, 50, 50, 50",2,0,6,"0.00, 0.00, 0.00, 0.50","onepoint_0.5",217,202609497,"1.000000000000000,1.414213562373095,2.000000000000000,2.236067977499790","W","F",1000,0,0,0
"balanced n, unequal SD",50,"50, 50, 50, 50",2,0,6,"0.00, 0.00, 0.00, 0.50","onepoint_0.5",217,202609497,"1.000000000000000,1.414213562373095,2.000000000000000,2.236067977499790","W","W",1000,72,0,0
"balanced n, unequal SD",50,"50, 50, 50, 50",2,0,6,"0.00, 0.00, 0.00, 0.50","onepoint_0.5",217,202609497,"1.000000000000000,1.414213562373095,2.000000000000000,2.236067977499790","W","KW",1000,928,13,158
"balanced n, unequal SD",50,"50, 50, 50, 50",2,0,6,"0.00, 0.00, 0.00, 0.50","onepoint_0.5",217,202609497,"1.000000000000000,1.414213562373095,2.000000000000000,2.236067977499790","KW","F",1000,0,0,0
"balanced n, unequal SD",50,"50, 50, 50, 50",2,0,6,"0.00, 0.00, 0.00, 0.50","onepoint_0.5",217,202609497,"1.000000000000000,1.414213562373095,2.000000000000000,2.236067977499790","KW","W",1000,72,6,2
"balanced n, unequal SD",50,"50, 50, 50, 50",2,0,6,"0.00, 0.00, 0.00, 0.50","onepoint_0.5",217,202609497,"1.000000000000000,1.414213562373095,2.000000000000000,2.236067977499790","KW","KW",1000,928,0,0
"balanced n, unequal SD",50,"50, 50, 50, 50",3,0.5,1,"0.00, 0.00, 0.00, 0.50","onepoint_0.5",218,202609498,"1.000000000000000,1.414213562373095,2.000000000000000,2.236067977499790","F","F",1000,1,0,0
"balanced n, unequal SD",50,"50, 50, 50, 50",3,0.5,1,"0.00, 0.00, 0.00, 0.50","onepoint_0.5",218,202609498,"1.000000000000000,1.414213562373095,2.000000000000000,2.236067977499790","F","W",1000,571,43,7
"balanced n, unequal SD",50,"50, 50, 50, 50",3,0.5,1,"0.00, 0.00, 0.00, 0.50","onepoint_0.5",218,202609498,"1.000000000000000,1.414213562373095,2.000000000000000,2.236067977499790","F","KW",1000,428,39,12
"balanced n, unequal SD",50,"50, 50, 50, 50",3,0.5,1,"0.00, 0.00, 0.00, 0.50","onepoint_0.5",218,202609498,"1.000000000000000,1.414213562373095,2.000000000000000,2.236067977499790","W","F",1000,1,0,0
"balanced n, unequal SD",50,"50, 50, 50, 50",3,0.5,1,"0.00, 0.00, 0.00, 0.50","onepoint_0.5",218,202609498,"1.000000000000000,1.414213562373095,2.000000000000000,2.236067977499790","W","W",1000,571,0,0
"balanced n, unequal SD",50,"50, 50, 50, 50",3,0.5,1,"0.00, 0.00, 0.00, 0.50","onepoint_0.5",218,202609498,"1.000000000000000,1.414213562373095,2.000000000000000,2.236067977499790","W","KW",1000,428,17,23
"balanced n, unequal SD",50,"50, 50, 50, 50",3,0.5,1,"0.00, 0.00, 0.00, 0.50","onepoint_0.5",218,202609498,"1.000000000000000,1.414213562373095,2.000000000000000,2.236067977499790","KW","F",1000,1,0,0
"balanced n, unequal SD",50,"50, 50, 50, 50",3,0.5,1,"0.00, 0.00, 0.00, 0.50","onepoint_0.5",218,202609498,"1.000000000000000,1.414213562373095,2.000000000000000,2.236067977499790","KW","W",1000,571,25,25
"balanced n, unequal SD",50,"50, 50, 50, 50",3,0.5,1,"0.00, 0.00, 0.00, 0.50","onepoint_0.5",218,202609498,"1.000000000000000,1.414213562373095,2.000000000000000,2.236067977499790","KW","KW",1000,428,0,0
"balanced n, unequal SD",50,"50, 50, 50, 50",4,1,1.6,"0.00, 0.00, 0.00, 0.50","onepoint_0.5",219,202609499,"1.000000000000000,1.414213562373095,2.000000000000000,2.236067977499790","F","F",1000,0,0,0
"balanced n, unequal SD",50,"50, 50, 50, 50",4,1,1.6,"0.00, 0.00, 0.00, 0.50","onepoint_0.5",219,202609499,"1.000000000000000,1.414213562373095,2.000000000000000,2.236067977499790","F","W",1000,100,11,3
"balanced n, unequal SD",50,"50, 50, 50, 50",4,1,1.6,"0.00, 0.00, 0.00, 0.50","onepoint_0.5",219,202609499,"1.000000000000000,1.414213562373095,2.000000000000000,2.236067977499790","F","KW",1000,900,104,32
"balanced n, unequal SD",50,"50, 50, 50, 50",4,1,1.6,"0.00, 0.00, 0.00, 0.50","onepoint_0.5",219,202609499,"1.000000000000000,1.414213562373095,2.000000000000000,2.236067977499790","W","F",1000,0,0,0
"balanced n, unequal SD",50,"50, 50, 50, 50",4,1,1.6,"0.00, 0.00, 0.00, 0.50","onepoint_0.5",219,202609499,"1.000000000000000,1.414213562373095,2.000000000000000,2.236067977499790","W","W",1000,100,0,0
"balanced n, unequal SD",50,"50, 50, 50, 50",4,1,1.6,"0.00, 0.00, 0.00, 0.50","onepoint_0.5",219,202609499,"1.000000000000000,1.414213562373095,2.000000000000000,2.236067977499790","W","KW",1000,900,46,51
"balanced n, unequal SD",50,"50, 50, 50, 50",4,1,1.6,"0.00, 0.00, 0.00, 0.50","onepoint_0.5",219,202609499,"1.000000000000000,1.414213562373095,2.000000000000000,2.236067977499790","KW","F",1000,0,0,0
"balanced n, unequal SD",50,"50, 50, 50, 50",4,1,1.6,"0.00, 0.00, 0.00, 0.50","onepoint_0.5",219,202609499,"1.000000000000000,1.414213562373095,2.000000000000000,2.236067977499790","KW","W",1000,100,4,7
"balanced n, unequal SD",50,"50, 50, 50, 50",4,1,1.6,"0.00, 0.00, 0.00, 0.50","onepoint_0.5",219,202609499,"1.000000000000000,1.414213562373095,2.000000000000000,2.236067977499790","KW","KW",1000,900,0,0
"balanced n, unequal SD",50,"50, 50, 50, 50",5,2,6.6,"0.00, 0.00, 0.00, 0.50","onepoint_0.5",220,202609500,"1.000000000000000,1.414213562373095,2.000000000000000,2.236067977499790","F","F",1000,0,0,0
"balanced n, unequal SD",50,"50, 50, 50, 50",5,2,6.6,"0.00, 0.00, 0.00, 0.50","onepoint_0.5",220,202609500,"1.000000000000000,1.414213562373095,2.000000000000000,2.236067977499790","F","W",1000,0,0,0
"balanced n, unequal SD",50,"50, 50, 50, 50",5,2,6.6,"0.00, 0.00, 0.00, 0.50","onepoint_0.5",220,202609500,"1.000000000000000,1.414213562373095,2.000000000000000,2.236067977499790","F","KW",1000,1000,104,103
"balanced n, unequal SD",50,"50, 50, 50, 50",5,2,6.6,"0.00, 0.00, 0.00, 0.50","onepoint_0.5",220,202609500,"1.000000000000000,1.414213562373095,2.000000000000000,2.236067977499790","W","F",1000,0,0,0
"balanced n, unequal SD",50,"50, 50, 50, 50",5,2,6.6,"0.00, 0.00, 0.00, 0.50","onepoint_0.5",220,202609500,"1.000000000000000,1.414213562373095,2.000000000000000,2.236067977499790","W","W",1000,0,0,0
"balanced n, unequal SD",50,"50, 50, 50, 50",5,2,6.6,"0.00, 0.00, 0.00, 0.50","onepoint_0.5",220,202609500,"1.000000000000000,1.414213562373095,2.000000000000000,2.236067977499790","W","KW",1000,1000,71,140
"balanced n, unequal SD",50,"50, 50, 50, 50",5,2,6.6,"0.00, 0.00, 0.00, 0.50","onepoint_0.5",220,202609500,"1.000000000000000,1.414213562373095,2.000000000000000,2.236067977499790","KW","F",1000,0,0,0
"balanced n, unequal SD",50,"50, 50, 50, 50",5,2,6.6,"0.00, 0.00, 0.00, 0.50","onepoint_0.5",220,202609500,"1.000000000000000,1.414213562373095,2.000000000000000,2.236067977499790","KW","W",1000,0,0,0
"balanced n, unequal SD",50,"50, 50, 50, 50",5,2,6.6,"0.00, 0.00, 0.00, 0.50","onepoint_0.5",220,202609500,"1.000000000000000,1.414213562373095,2.000000000000000,2.236067977499790","KW","KW",1000,1000,0,0
"balanced n, unequal SD",100,"100, 100, 100, 100",1,0,0,"0.00, 0.00, 0.00, 0.50","onepoint_0.5",221,202609501,"1.000000000000000,1.414213562373095,2.000000000000000,2.236067977499790","F","F",1000,0,0,0
"balanced n, unequal SD",100,"100, 100, 100, 100",1,0,0,"0.00, 0.00, 0.00, 0.50","onepoint_0.5",221,202609501,"1.000000000000000,1.414213562373095,2.000000000000000,2.236067977499790","F","W",1000,960,96,9
"balanced n, unequal SD",100,"100, 100, 100, 100",1,0,0,"0.00, 0.00, 0.00, 0.50","onepoint_0.5",221,202609501,"1.000000000000000,1.414213562373095,2.000000000000000,2.236067977499790","F","KW",1000,40,4,2
"balanced n, unequal SD",100,"100, 100, 100, 100",1,0,0,"0.00, 0.00, 0.00, 0.50","onepoint_0.5",221,202609501,"1.000000000000000,1.414213562373095,2.000000000000000,2.236067977499790","W","F",1000,0,0,0
"balanced n, unequal SD",100,"100, 100, 100, 100",1,0,0,"0.00, 0.00, 0.00, 0.50","onepoint_0.5",221,202609501,"1.000000000000000,1.414213562373095,2.000000000000000,2.236067977499790","W","W",1000,960,0,0
"balanced n, unequal SD",100,"100, 100, 100, 100",1,0,0,"0.00, 0.00, 0.00, 0.50","onepoint_0.5",221,202609501,"1.000000000000000,1.414213562373095,2.000000000000000,2.236067977499790","W","KW",1000,40,2,7
"balanced n, unequal SD",100,"100, 100, 100, 100",1,0,0,"0.00, 0.00, 0.00, 0.50","onepoint_0.5",221,202609501,"1.000000000000000,1.414213562373095,2.000000000000000,2.236067977499790","KW","F",1000,0,0,0
"balanced n, unequal SD",100,"100, 100, 100, 100",1,0,0,"0.00, 0.00, 0.00, 0.50","onepoint_0.5",221,202609501,"1.000000000000000,1.414213562373095,2.000000000000000,2.236067977499790","KW","W",1000,960,81,48
"balanced n, unequal SD",100,"100, 100, 100, 100",1,0,0,"0.00, 0.00, 0.00, 0.50","onepoint_0.5",221,202609501,"1.000000000000000,1.414213562373095,2.000000000000000,2.236067977499790","KW","KW",1000,40,0,0
"balanced n, unequal SD",100,"100, 100, 100, 100",2,0,6,"0.00, 0.00, 0.00, 0.50","onepoint_0.5",222,202609502,"1.000000000000000,1.414213562373095,2.000000000000000,2.236067977499790","F","F",1000,0,0,0
"balanced n, unequal SD",100,"100, 100, 100, 100",2,0,6,"0.00, 0.00, 0.00, 0.50","onepoint_0.5",222,202609502,"1.000000000000000,1.414213562373095,2.000000000000000,2.236067977499790","F","W",1000,4,1,0
"balanced n, unequal SD",100,"100, 100, 100, 100",2,0,6,"0.00, 0.00, 0.00, 0.50","onepoint_0.5",222,202609502,"1.000000000000000,1.414213562373095,2.000000000000000,2.236067977499790","F","KW",1000,996,29,176
"balanced n, unequal SD",100,"100, 100, 100, 100",2,0,6,"0.00, 0.00, 0.00, 0.50","onepoint_0.5",222,202609502,"1.000000000000000,1.414213562373095,2.000000000000000,2.236067977499790","W","F",1000,0,0,0
"balanced n, unequal SD",100,"100, 100, 100, 100",2,0,6,"0.00, 0.00, 0.00, 0.50","onepoint_0.5",222,202609502,"1.000000000000000,1.414213562373095,2.000000000000000,2.236067977499790","W","W",1000,4,0,0
"balanced n, unequal SD",100,"100, 100, 100, 100",2,0,6,"0.00, 0.00, 0.00, 0.50","onepoint_0.5",222,202609502,"1.000000000000000,1.414213562373095,2.000000000000000,2.236067977499790","W","KW",1000,996,13,258
"balanced n, unequal SD",100,"100, 100, 100, 100",2,0,6,"0.00, 0.00, 0.00, 0.50","onepoint_0.5",222,202609502,"1.000000000000000,1.414213562373095,2.000000000000000,2.236067977499790","KW","F",1000,0,0,0
"balanced n, unequal SD",100,"100, 100, 100, 100",2,0,6,"0.00, 0.00, 0.00, 0.50","onepoint_0.5",222,202609502,"1.000000000000000,1.414213562373095,2.000000000000000,2.236067977499790","KW","W",1000,4,1,0
"balanced n, unequal SD",100,"100, 100, 100, 100",2,0,6,"0.00, 0.00, 0.00, 0.50","onepoint_0.5",222,202609502,"1.000000000000000,1.414213562373095,2.000000000000000,2.236067977499790","KW","KW",1000,996,0,0
"balanced n, unequal SD",100,"100, 100, 100, 100",3,0.5,1,"0.00, 0.00, 0.00, 0.50","onepoint_0.5",223,202609503,"1.000000000000000,1.414213562373095,2.000000000000000,2.236067977499790","F","F",1000,0,0,0
"balanced n, unequal SD",100,"100, 100, 100, 100",3,0.5,1,"0.00, 0.00, 0.00, 0.50","onepoint_0.5",223,202609503,"1.000000000000000,1.414213562373095,2.000000000000000,2.236067977499790","F","W",1000,280,38,5
"balanced n, unequal SD",100,"100, 100, 100, 100",3,0.5,1,"0.00, 0.00, 0.00, 0.50","onepoint_0.5",223,202609503,"1.000000000000000,1.414213562373095,2.000000000000000,2.236067977499790","F","KW",1000,720,108,17
"balanced n, unequal SD",100,"100, 100, 100, 100",3,0.5,1,"0.00, 0.00, 0.00, 0.50","onepoint_0.5",223,202609503,"1.000000000000000,1.414213562373095,2.000000000000000,2.236067977499790","W","F",1000,0,0,0
"balanced n, unequal SD",100,"100, 100, 100, 100",3,0.5,1,"0.00, 0.00, 0.00, 0.50","onepoint_0.5",223,202609503,"1.000000000000000,1.414213562373095,2.000000000000000,2.236067977499790","W","W",1000,280,0,0
"balanced n, unequal SD",100,"100, 100, 100, 100",3,0.5,1,"0.00, 0.00, 0.00, 0.50","onepoint_0.5",223,202609503,"1.000000000000000,1.414213562373095,2.000000000000000,2.236067977499790","W","KW",1000,720,59,39
"balanced n, unequal SD",100,"100, 100, 100, 100",3,0.5,1,"0.00, 0.00, 0.00, 0.50","onepoint_0.5",223,202609503,"1.000000000000000,1.414213562373095,2.000000000000000,2.236067977499790","KW","F",1000,0,0,0
"balanced n, unequal SD",100,"100, 100, 100, 100",3,0.5,1,"0.00, 0.00, 0.00, 0.50","onepoint_0.5",223,202609503,"1.000000000000000,1.414213562373095,2.000000000000000,2.236067977499790","KW","W",1000,280,11,20
"balanced n, unequal SD",100,"100, 100, 100, 100",3,0.5,1,"0.00, 0.00, 0.00, 0.50","onepoint_0.5",223,202609503,"1.000000000000000,1.414213562373095,2.000000000000000,2.236067977499790","KW","KW",1000,720,0,0
"balanced n, unequal SD",100,"100, 100, 100, 100",4,1,1.6,"0.00, 0.00, 0.00, 0.50","onepoint_0.5",224,202609504,"1.000000000000000,1.414213562373095,2.000000000000000,2.236067977499790","F","F",1000,0,0,0
"balanced n, unequal SD",100,"100, 100, 100, 100",4,1,1.6,"0.00, 0.00, 0.00, 0.50","onepoint_0.5",224,202609504,"1.000000000000000,1.414213562373095,2.000000000000000,2.236067977499790","F","W",1000,1,0,0
"balanced n, unequal SD",100,"100, 100, 100, 100",4,1,1.6,"0.00, 0.00, 0.00, 0.50","onepoint_0.5",224,202609504,"1.000000000000000,1.414213562373095,2.000000000000000,2.236067977499790","F","KW",1000,999,210,11
"balanced n, unequal SD",100,"100, 100, 100, 100",4,1,1.6,"0.00, 0.00, 0.00, 0.50","onepoint_0.5",224,202609504,"1.000000000000000,1.414213562373095,2.000000000000000,2.236067977499790","W","F",1000,0,0,0
"balanced n, unequal SD",100,"100, 100, 100, 100",4,1,1.6,"0.00, 0.00, 0.00, 0.50","onepoint_0.5",224,202609504,"1.000000000000000,1.414213562373095,2.000000000000000,2.236067977499790","W","W",1000,1,0,0
"balanced n, unequal SD",100,"100, 100, 100, 100",4,1,1.6,"0.00, 0.00, 0.00, 0.50","onepoint_0.5",224,202609504,"1.000000000000000,1.414213562373095,2.000000000000000,2.236067977499790","W","KW",1000,999,130,46
"balanced n, unequal SD",100,"100, 100, 100, 100",4,1,1.6,"0.00, 0.00, 0.00, 0.50","onepoint_0.5",224,202609504,"1.000000000000000,1.414213562373095,2.000000000000000,2.236067977499790","KW","F",1000,0,0,0
"balanced n, unequal SD",100,"100, 100, 100, 100",4,1,1.6,"0.00, 0.00, 0.00, 0.50","onepoint_0.5",224,202609504,"1.000000000000000,1.414213562373095,2.000000000000000,2.236067977499790","KW","W",1000,1,0,0
"balanced n, unequal SD",100,"100, 100, 100, 100",4,1,1.6,"0.00, 0.00, 0.00, 0.50","onepoint_0.5",224,202609504,"1.000000000000000,1.414213562373095,2.000000000000000,2.236067977499790","KW","KW",1000,999,0,0
"balanced n, unequal SD",100,"100, 100, 100, 100",5,2,6.6,"0.00, 0.00, 0.00, 0.50","onepoint_0.5",225,202609505,"1.000000000000000,1.414213562373095,2.000000000000000,2.236067977499790","F","F",1000,0,0,0
"balanced n, unequal SD",100,"100, 100, 100, 100",5,2,6.6,"0.00, 0.00, 0.00, 0.50","onepoint_0.5",225,202609505,"1.000000000000000,1.414213562373095,2.000000000000000,2.236067977499790","F","W",1000,0,0,0
"balanced n, unequal SD",100,"100, 100, 100, 100",5,2,6.6,"0.00, 0.00, 0.00, 0.50","onepoint_0.5",225,202609505,"1.000000000000000,1.414213562373095,2.000000000000000,2.236067977499790","F","KW",1000,1000,140,163
"balanced n, unequal SD",100,"100, 100, 100, 100",5,2,6.6,"0.00, 0.00, 0.00, 0.50","onepoint_0.5",225,202609505,"1.000000000000000,1.414213562373095,2.000000000000000,2.236067977499790","W","F",1000,0,0,0
"balanced n, unequal SD",100,"100, 100, 100, 100",5,2,6.6,"0.00, 0.00, 0.00, 0.50","onepoint_0.5",225,202609505,"1.000000000000000,1.414213562373095,2.000000000000000,2.236067977499790","W","W",1000,0,0,0
"balanced n, unequal SD",100,"100, 100, 100, 100",5,2,6.6,"0.00, 0.00, 0.00, 0.50","onepoint_0.5",225,202609505,"1.000000000000000,1.414213562373095,2.000000000000000,2.236067977499790","W","KW",1000,1000,118,234
"balanced n, unequal SD",100,"100, 100, 100, 100",5,2,6.6,"0.00, 0.00, 0.00, 0.50","onepoint_0.5",225,202609505,"1.000000000000000,1.414213562373095,2.000000000000000,2.236067977499790","KW","F",1000,0,0,0
"balanced n, unequal SD",100,"100, 100, 100, 100",5,2,6.6,"0.00, 0.00, 0.00, 0.50","onepoint_0.5",225,202609505,"1.000000000000000,1.414213562373095,2.000000000000000,2.236067977499790","KW","W",1000,0,0,0
"balanced n, unequal SD",100,"100, 100, 100, 100",5,2,6.6,"0.00, 0.00, 0.00, 0.50","onepoint_0.5",225,202609505,"1.000000000000000,1.414213562373095,2.000000000000000,2.236067977499790","KW","KW",1000,1000,0,0
"unbalanced n, larger n with larger SD",10,"5, 8, 12, 15",1,0,0,"0.00, 0.00, 0.00, 0.50","onepoint_0.5",226,202609506,"1.000000000000000,1.414213562373095,2.000000000000000,2.236067977499790","F","F",1000,695,0,0
"unbalanced n, larger n with larger SD",10,"5, 8, 12, 15",1,0,0,"0.00, 0.00, 0.00, 0.50","onepoint_0.5",226,202609506,"1.000000000000000,1.414213562373095,2.000000000000000,2.236067977499790","F","W",1000,243,2,17
"unbalanced n, larger n with larger SD",10,"5, 8, 12, 15",1,0,0,"0.00, 0.00, 0.00, 0.50","onepoint_0.5",226,202609506,"1.000000000000000,1.414213562373095,2.000000000000000,2.236067977499790","F","KW",1000,62,1,0
"unbalanced n, larger n with larger SD",10,"5, 8, 12, 15",1,0,0,"0.00, 0.00, 0.00, 0.50","onepoint_0.5",226,202609506,"1.000000000000000,1.414213562373095,2.000000000000000,2.236067977499790","W","F",1000,695,17,11
"unbalanced n, larger n with larger SD",10,"5, 8, 12, 15",1,0,0,"0.00, 0.00, 0.00, 0.50","onepoint_0.5",226,202609506,"1.000000000000000,1.414213562373095,2.000000000000000,2.236067977499790","W","W",1000,243,0,0
"unbalanced n, larger n with larger SD",10,"5, 8, 12, 15",1,0,0,"0.00, 0.00, 0.00, 0.50","onepoint_0.5",226,202609506,"1.000000000000000,1.414213562373095,2.000000000000000,2.236067977499790","W","KW",1000,62,1,0
"unbalanced n, larger n with larger SD",10,"5, 8, 12, 15",1,0,0,"0.00, 0.00, 0.00, 0.50","onepoint_0.5",226,202609506,"1.000000000000000,1.414213562373095,2.000000000000000,2.236067977499790","KW","F",1000,695,6,9
"unbalanced n, larger n with larger SD",10,"5, 8, 12, 15",1,0,0,"0.00, 0.00, 0.00, 0.50","onepoint_0.5",226,202609506,"1.000000000000000,1.414213562373095,2.000000000000000,2.236067977499790","KW","W",1000,243,1,17
"unbalanced n, larger n with larger SD",10,"5, 8, 12, 15",1,0,0,"0.00, 0.00, 0.00, 0.50","onepoint_0.5",226,202609506,"1.000000000000000,1.414213562373095,2.000000000000000,2.236067977499790","KW","KW",1000,62,0,0
"unbalanced n, larger n with larger SD",10,"5, 8, 12, 15",2,0,6,"0.00, 0.00, 0.00, 0.50","onepoint_0.5",227,202609507,"1.000000000000000,1.414213562373095,2.000000000000000,2.236067977499790","F","F",1000,402,0,0
"unbalanced n, larger n with larger SD",10,"5, 8, 12, 15",2,0,6,"0.00, 0.00, 0.00, 0.50","onepoint_0.5",227,202609507,"1.000000000000000,1.414213562373095,2.000000000000000,2.236067977499790","F","W",1000,112,2,5
"unbalanced n, larger n with larger SD",10,"5, 8, 12, 15",2,0,6,"0.00, 0.00, 0.00, 0.50","onepoint_0.5",227,202609507,"1.000000000000000,1.414213562373095,2.000000000000000,2.236067977499790","F","KW",1000,486,2,17
"unbalanced n, larger n with larger SD",10,"5, 8, 12, 15",2,0,6,"0.00, 0.00, 0.00, 0.50","onepoint_0.5",227,202609507,"1.000000000000000,1.414213562373095,2.000000000000000,2.236067977499790","W","F",1000,402,10,12
"unbalanced n, larger n with larger SD",10,"5, 8, 12, 15",2,0,6,"0.00, 0.00, 0.00, 0.50","onepoint_0.5",227,202609507,"1.000000000000000,1.414213562373095,2.000000000000000,2.236067977499790","W","W",1000,112,0,0
"unbalanced n, larger n with larger SD",10,"5, 8, 12, 15",2,0,6,"0.00, 0.00, 0.00, 0.50","onepoint_0.5",227,202609507,"1.000000000000000,1.414213562373095,2.000000000000000,2.236067977499790","W","KW",1000,486,6,21
"unbalanced n, larger n with larger SD",10,"5, 8, 12, 15",2,0,6,"0.00, 0.00, 0.00, 0.50","onepoint_0.5",227,202609507,"1.000000000000000,1.414213562373095,2.000000000000000,2.236067977499790","KW","F",1000,402,6,5
"unbalanced n, larger n with larger SD",10,"5, 8, 12, 15",2,0,6,"0.00, 0.00, 0.00, 0.50","onepoint_0.5",227,202609507,"1.000000000000000,1.414213562373095,2.000000000000000,2.236067977499790","KW","W",1000,112,2,2
"unbalanced n, larger n with larger SD",10,"5, 8, 12, 15",2,0,6,"0.00, 0.00, 0.00, 0.50","onepoint_0.5",227,202609507,"1.000000000000000,1.414213562373095,2.000000000000000,2.236067977499790","KW","KW",1000,486,0,0
"unbalanced n, larger n with larger SD",10,"5, 8, 12, 15",3,0.5,1,"0.00, 0.00, 0.00, 0.50","onepoint_0.5",228,202609508,"1.000000000000000,1.414213562373095,2.000000000000000,2.236067977499790","F","F",1000,595,0,0
"unbalanced n, larger n with larger SD",10,"5, 8, 12, 15",3,0.5,1,"0.00, 0.00, 0.00, 0.50","onepoint_0.5",228,202609508,"1.000000000000000,1.414213562373095,2.000000000000000,2.236067977499790","F","W",1000,189,1,11
"unbalanced n, larger n with larger SD",10,"5, 8, 12, 15",3,0.5,1,"0.00, 0.00, 0.00, 0.50","onepoint_0.5",228,202609508,"1.000000000000000,1.414213562373095,2.000000000000000,2.236067977499790","F","KW",1000,216,0,3
"unbalanced n, larger n with larger SD",10,"5, 8, 12, 15",3,0.5,1,"0.00, 0.00, 0.00, 0.50","onepoint_0.5",228,202609508,"1.000000000000000,1.414213562373095,2.000000000000000,2.236067977499790","W","F",1000,595,16,10
"unbalanced n, larger n with larger SD",10,"5, 8, 12, 15",3,0.5,1,"0.00, 0.00, 0.00, 0.50","onepoint_0.5",228,202609508,"1.000000000000000,1.414213562373095,2.000000000000000,2.236067977499790","W","W",1000,189,0,0
"unbalanced n, larger n with larger SD",10,"5, 8, 12, 15",3,0.5,1,"0.00, 0.00, 0.00, 0.50","onepoint_0.5",228,202609508,"1.000000000000000,1.414213562373095,2.000000000000000,2.236067977499790","W","KW",1000,216,6,4
"unbalanced n, larger n with larger SD",10,"5, 8, 12, 15",3,0.5,1,"0.00, 0.00, 0.00, 0.50","onepoint_0.5",228,202609508,"1.000000000000000,1.414213562373095,2.000000000000000,2.236067977499790","KW","F",1000,595,7,6
"unbalanced n, larger n with larger SD",10,"5, 8, 12, 15",3,0.5,1,"0.00, 0.00, 0.00, 0.50","onepoint_0.5",228,202609508,"1.000000000000000,1.414213562373095,2.000000000000000,2.236067977499790","KW","W",1000,189,0,13
"unbalanced n, larger n with larger SD",10,"5, 8, 12, 15",3,0.5,1,"0.00, 0.00, 0.00, 0.50","onepoint_0.5",228,202609508,"1.000000000000000,1.414213562373095,2.000000000000000,2.236067977499790","KW","KW",1000,216,0,0
"unbalanced n, larger n with larger SD",10,"5, 8, 12, 15",4,1,1.6,"0.00, 0.00, 0.00, 0.50","onepoint_0.5",229,202609509,"1.000000000000000,1.414213562373095,2.000000000000000,2.236067977499790","F","F",1000,387,0,0
"unbalanced n, larger n with larger SD",10,"5, 8, 12, 15",4,1,1.6,"0.00, 0.00, 0.00, 0.50","onepoint_0.5",229,202609509,"1.000000000000000,1.414213562373095,2.000000000000000,2.236067977499790","F","W",1000,216,7,21
"unbalanced n, larger n with larger SD",10,"5, 8, 12, 15",4,1,1.6,"0.00, 0.00, 0.00, 0.50","onepoint_0.5",229,202609509,"1.000000000000000,1.414213562373095,2.000000000000000,2.236067977499790","F","KW",1000,397,1,13
"unbalanced n, larger n with larger SD",10,"5, 8, 12, 15",4,1,1.6,"0.00, 0.00, 0.00, 0.50","onepoint_0.5",229,202609509,"1.000000000000000,1.414213562373095,2.000000000000000,2.236067977499790","W","F",1000,387,8,4
"unbalanced n, larger n with larger SD",10,"5, 8, 12, 15",4,1,1.6,"0.00, 0.00, 0.00, 0.50","onepoint_0.5",229,202609509,"1.000000000000000,1.414213562373095,2.000000000000000,2.236067977499790","W","W",1000,216,0,0
"unbalanced n, larger n with larger SD",10,"5, 8, 12, 15",4,1,1.6,"0.00, 0.00, 0.00, 0.50","onepoint_0.5",229,202609509,"1.000000000000000,1.414213562373095,2.000000000000000,2.236067977499790","W","KW",1000,397,12,12
"unbalanced n, larger n with larger SD",10,"5, 8, 12, 15",4,1,1.6,"0.00, 0.00, 0.00, 0.50","onepoint_0.5",229,202609509,"1.000000000000000,1.414213562373095,2.000000000000000,2.236067977499790","KW","F",1000,387,3,5
"unbalanced n, larger n with larger SD",10,"5, 8, 12, 15",4,1,1.6,"0.00, 0.00, 0.00, 0.50","onepoint_0.5",229,202609509,"1.000000000000000,1.414213562373095,2.000000000000000,2.236067977499790","KW","W",1000,216,3,22
"unbalanced n, larger n with larger SD",10,"5, 8, 12, 15",4,1,1.6,"0.00, 0.00, 0.00, 0.50","onepoint_0.5",229,202609509,"1.000000000000000,1.414213562373095,2.000000000000000,2.236067977499790","KW","KW",1000,397,0,0
"unbalanced n, larger n with larger SD",10,"5, 8, 12, 15",5,2,6.6,"0.00, 0.00, 0.00, 0.50","onepoint_0.5",230,202609510,"1.000000000000000,1.414213562373095,2.000000000000000,2.236067977499790","F","F",1000,63,0,0
"unbalanced n, larger n with larger SD",10,"5, 8, 12, 15",5,2,6.6,"0.00, 0.00, 0.00, 0.50","onepoint_0.5",230,202609510,"1.000000000000000,1.414213562373095,2.000000000000000,2.236067977499790","F","W",1000,154,3,20
"unbalanced n, larger n with larger SD",10,"5, 8, 12, 15",5,2,6.6,"0.00, 0.00, 0.00, 0.50","onepoint_0.5",230,202609510,"1.000000000000000,1.414213562373095,2.000000000000000,2.236067977499790","F","KW",1000,783,4,24
"unbalanced n, larger n with larger SD",10,"5, 8, 12, 15",5,2,6.6,"0.00, 0.00, 0.00, 0.50","onepoint_0.5",230,202609510,"1.000000000000000,1.414213562373095,2.000000000000000,2.236067977499790","W","F",1000,63,2,2
"unbalanced n, larger n with larger SD",10,"5, 8, 12, 15",5,2,6.6,"0.00, 0.00, 0.00, 0.50","onepoint_0.5",230,202609510,"1.000000000000000,1.414213562373095,2.000000000000000,2.236067977499790","W","W",1000,154,0,0
"unbalanced n, larger n with larger SD",10,"5, 8, 12, 15",5,2,6.6,"0.00, 0.00, 0.00, 0.50","onepoint_0.5",230,202609510,"1.000000000000000,1.414213562373095,2.000000000000000,2.236067977499790","W","KW",1000,783,26,26
"unbalanced n, larger n with larger SD",10,"5, 8, 12, 15",5,2,6.6,"0.00, 0.00, 0.00, 0.50","onepoint_0.5",230,202609510,"1.000000000000000,1.414213562373095,2.000000000000000,2.236067977499790","KW","F",1000,63,0,2
"unbalanced n, larger n with larger SD",10,"5, 8, 12, 15",5,2,6.6,"0.00, 0.00, 0.00, 0.50","onepoint_0.5",230,202609510,"1.000000000000000,1.414213562373095,2.000000000000000,2.236067977499790","KW","W",1000,154,1,21
"unbalanced n, larger n with larger SD",10,"5, 8, 12, 15",5,2,6.6,"0.00, 0.00, 0.00, 0.50","onepoint_0.5",230,202609510,"1.000000000000000,1.414213562373095,2.000000000000000,2.236067977499790","KW","KW",1000,783,0,0
"unbalanced n, larger n with larger SD",20,"10, 16, 24, 30",1,0,0,"0.00, 0.00, 0.00, 0.50","onepoint_0.5",231,202609511,"1.000000000000000,1.414213562373095,2.000000000000000,2.236067977499790","F","F",1000,374,0,0
"unbalanced n, larger n with larger SD",20,"10, 16, 24, 30",1,0,0,"0.00, 0.00, 0.00, 0.50","onepoint_0.5",231,202609511,"1.000000000000000,1.414213562373095,2.000000000000000,2.236067977499790","F","W",1000,552,13,47
"unbalanced n, larger n with larger SD",20,"10, 16, 24, 30",1,0,0,"0.00, 0.00, 0.00, 0.50","onepoint_0.5",231,202609511,"1.000000000000000,1.414213562373095,2.000000000000000,2.236067977499790","F","KW",1000,74,0,4
"unbalanced n, larger n with larger SD",20,"10, 16, 24, 30",1,0,0,"0.00, 0.00, 0.00, 0.50","onepoint_0.5",231,202609511,"1.000000000000000,1.414213562373095,2.000000000000000,2.236067977499790","W","F",1000,374,8,7
"unbalanced n, larger n with larger SD",20,"10, 16, 24, 30",1,0,0,"0.00, 0.00, 0.00, 0.50","onepoint_0.5",231,202609511,"1.000000000000000,1.414213562373095,2.000000000000000,2.236067977499790","W","W",1000,552,0,0
"unbalanced n, larger n with larger SD",20,"10, 16, 24, 30",1,0,0,"0.00, 0.00, 0.00, 0.50","onepoint_0.5",231,202609511,"1.000000000000000,1.414213562373095,2.000000000000000,2.236067977499790","W","KW",1000,74,3,3
"unbalanced n, larger n with larger SD",20,"10, 16, 24, 30",1,0,0,"0.00, 0.00, 0.00, 0.50","onepoint_0.5",231,202609511,"1.000000000000000,1.414213562373095,2.000000000000000,2.236067977499790","KW","F",1000,374,10,7
"unbalanced n, larger n with larger SD",20,"10, 16, 24, 30",1,0,0,"0.00, 0.00, 0.00, 0.50","onepoint_0.5",231,202609511,"1.000000000000000,1.414213562373095,2.000000000000000,2.236067977499790","KW","W",1000,552,9,40
"unbalanced n, larger n with larger SD",20,"10, 16, 24, 30",1,0,0,"0.00, 0.00, 0.00, 0.50","onepoint_0.5",231,202609511,"1.000000000000000,1.414213562373095,2.000000000000000,2.236067977499790","KW","KW",1000,74,0,0
"unbalanced n, larger n with larger SD",20,"10, 16, 24, 30",2,0,6,"0.00, 0.00, 0.00, 0.50","onepoint_0.5",232,202609512,"1.000000000000000,1.414213562373095,2.000000000000000,2.236067977499790","F","F",1000,118,0,0
"unbalanced n, larger n with larger SD",20,"10, 16, 24, 30",2,0,6,"0.00, 0.00, 0.00, 0.50","onepoint_0.5",232,202609512,"1.000000000000000,1.414213562373095,2.000000000000000,2.236067977499790","F","W",1000,148,3,12
"unbalanced n, larger n with larger SD",20,"10, 16, 24, 30",2,0,6,"0.00, 0.00, 0.00, 0.50","onepoint_0.5",232,202609512,"1.000000000000000,1.414213562373095,2.000000000000000,2.236067977499790","F","KW",1000,734,10,49
"unbalanced n, larger n with larger SD",20,"10, 16, 24, 30",2,0,6,"0.00, 0.00, 0.00, 0.50","onepoint_0.5",232,202609512,"1.000000000000000,1.414213562373095,2.000000000000000,2.236067977499790","W","F",1000,118,1,3
"unbalanced n, larger n with larger SD",20,"10, 16, 24, 30",2,0,6,"0.00, 0.00, 0.00, 0.50","onepoint_0.5",232,202609512,"1.000000000000000,1.414213562373095,2.000000000000000,2.236067977499790","W","W",1000,148,0,0
"unbalanced n, larger n with larger SD",20,"10, 16, 24, 30",2,0,6,"0.00, 0.00, 0.00, 0.50","onepoint_0.5",232,202609512,"1.000000000000000,1.414213562373095,2.000000000000000,2.236067977499790","W","KW",1000,734,15,52
"unbalanced n, larger n with larger SD",20,"10, 16, 24, 30",2,0,6,"0.00, 0.00, 0.00, 0.50","onepoint_0.5",232,202609512,"1.000000000000000,1.414213562373095,2.000000000000000,2.236067977499790","KW","F",1000,118,3,3
"unbalanced n, larger n with larger SD",20,"10, 16, 24, 30",2,0,6,"0.00, 0.00, 0.00, 0.50","onepoint_0.5",232,202609512,"1.000000000000000,1.414213562373095,2.000000000000000,2.236067977499790","KW","W",1000,148,8,8
"unbalanced n, larger n with larger SD",20,"10, 16, 24, 30",2,0,6,"0.00, 0.00, 0.00, 0.50","onepoint_0.5",232,202609512,"1.000000000000000,1.414213562373095,2.000000000000000,2.236067977499790","KW","KW",1000,734,0,0
"unbalanced n, larger n with larger SD",20,"10, 16, 24, 30",3,0.5,1,"0.00, 0.00, 0.00, 0.50","onepoint_0.5",233,202609513,"1.000000000000000,1.414213562373095,2.000000000000000,2.236067977499790","F","F",1000,266,0,0
"unbalanced n, larger n with larger SD",20,"10, 16, 24, 30",3,0.5,1,"0.00, 0.00, 0.00, 0.50","onepoint_0.5",233,202609513,"1.000000000000000,1.414213562373095,2.000000000000000,2.236067977499790","F","W",1000,430,6,27
"unbalanced n, larger n with larger SD",20,"10, 16, 24, 30",3,0.5,1,"0.00, 0.00, 0.00, 0.50","onepoint_0.5",233,202609513,"1.000000000000000,1.414213562373095,2.000000000000000,2.236067977499790","F","KW",1000,304,7,11
"unbalanced n, larger n with larger SD",20,"10, 16, 24, 30",3,0.5,1,"0.00, 0.00, 0.00, 0.50","onepoint_0.5",233,202609513,"1.000000000000000,1.414213562373095,2.000000000000000,2.236067977499790","W","F",1000,266,3,4
"unbalanced n, larger n with larger SD",20,"10, 16, 24, 30",3,0.5,1,"0.00, 0.00, 0.00, 0.50","onepoint_0.5",233,202609513,"1.000000000000000,1.414213562373095,2.000000000000000,2.236067977499790","W","W",1000,430,0,0
"unbalanced n, larger n with larger SD",20,"10, 16, 24, 30",3,0.5,1,"0.00, 0.00, 0.00, 0.50","onepoint_0.5",233,202609513,"1.000000000000000,1.414213562373095,2.000000000000000,2.236067977499790","W","KW",1000,304,12,11
"unbalanced n, larger n with larger SD",20,"10, 16, 24, 30",3,0.5,1,"0.00, 0.00, 0.00, 0.50","onepoint_0.5",233,202609513,"1.000000000000000,1.414213562373095,2.000000000000000,2.236067977499790","KW","F",1000,266,3,1
"unbalanced n, larger n with larger SD",20,"10, 16, 24, 30",3,0.5,1,"0.00, 0.00, 0.00, 0.50","onepoint_0.5",233,202609513,"1.000000000000000,1.414213562373095,2.000000000000000,2.236067977499790","KW","W",1000,430,0,27
"unbalanced n, larger n with larger SD",20,"10, 16, 24, 30",3,0.5,1,"0.00, 0.00, 0.00, 0.50","onepoint_0.5",233,202609513,"1.000000000000000,1.414213562373095,2.000000000000000,2.236067977499790","KW","KW",1000,304,0,0
"unbalanced n, larger n with larger SD",20,"10, 16, 24, 30",4,1,1.6,"0.00, 0.00, 0.00, 0.50","onepoint_0.5",234,202609514,"1.000000000000000,1.414213562373095,2.000000000000000,2.236067977499790","F","F",1000,97,0,0
"unbalanced n, larger n with larger SD",20,"10, 16, 24, 30",4,1,1.6,"0.00, 0.00, 0.00, 0.50","onepoint_0.5",234,202609514,"1.000000000000000,1.414213562373095,2.000000000000000,2.236067977499790","F","W",1000,357,6,25
"unbalanced n, larger n with larger SD",20,"10, 16, 24, 30",4,1,1.6,"0.00, 0.00, 0.00, 0.50","onepoint_0.5",234,202609514,"1.000000000000000,1.414213562373095,2.000000000000000,2.236067977499790","F","KW",1000,546,12,17
"unbalanced n, larger n with larger SD",20,"10, 16, 24, 30",4,1,1.6,"0.00, 0.00, 0.00, 0.50","onepoint_0.5",234,202609514,"1.000000000000000,1.414213562373095,2.000000000000000,2.236067977499790","W","F",1000,97,0,2
"unbalanced n, larger n with larger SD",20,"10, 16, 24, 30",4,1,1.6,"0.00, 0.00, 0.00, 0.50","onepoint_0.5",234,202609514,"1.000000000000000,1.414213562373095,2.000000000000000,2.236067977499790","W","W",1000,357,0,0
"unbalanced n, larger n with larger SD",20,"10, 16, 24, 30",4,1,1.6,"0.00, 0.00, 0.00, 0.50","onepoint_0.5",234,202609514,"1.000000000000000,1.414213562373095,2.000000000000000,2.236067977499790","W","KW",1000,546,26,11
"unbalanced n, larger n with larger SD",20,"10, 16, 24, 30",4,1,1.6,"0.00, 0.00, 0.00, 0.50","onepoint_0.5",234,202609514,"1.000000000000000,1.414213562373095,2.000000000000000,2.236067977499790","KW","F",1000,97,3,1
"unbalanced n, larger n with larger SD",20,"10, 16, 24, 30",4,1,1.6,"0.00, 0.00, 0.00, 0.50","onepoint_0.5",234,202609514,"1.000000000000000,1.414213562373095,2.000000000000000,2.236067977499790","KW","W",1000,357,0,34
"unbalanced n, larger n with larger SD",20,"10, 16, 24, 30",4,1,1.6,"0.00, 0.00, 0.00, 0.50","onepoint_0.5",234,202609514,"1.000000000000000,1.414213562373095,2.000000000000000,2.236067977499790","KW","KW",1000,546,0,0
"unbalanced n, larger n with larger SD",20,"10, 16, 24, 30",5,2,6.6,"0.00, 0.00, 0.00, 0.50","onepoint_0.5",235,202609515,"1.000000000000000,1.414213562373095,2.000000000000000,2.236067977499790","F","F",1000,1,0,0
"unbalanced n, larger n with larger SD",20,"10, 16, 24, 30",5,2,6.6,"0.00, 0.00, 0.00, 0.50","onepoint_0.5",235,202609515,"1.000000000000000,1.414213562373095,2.000000000000000,2.236067977499790","F","W",1000,23,2,2
"unbalanced n, larger n with larger SD",20,"10, 16, 24, 30",5,2,6.6,"0.00, 0.00, 0.00, 0.50","onepoint_0.5",235,202609515,"1.000000000000000,1.414213562373095,2.000000000000000,2.236067977499790","F","KW",1000,976,15,52
"unbalanced n, larger n with larger SD",20,"10, 16, 24, 30",5,2,6.6,"0.00, 0.00, 0.00, 0.50","onepoint_0.5",235,202609515,"1.000000000000000,1.414213562373095,2.000000000000000,2.236067977499790","W","F",1000,1,0,0
"unbalanced n, larger n with larger SD",20,"10, 16, 24, 30",5,2,6.6,"0.00, 0.00, 0.00, 0.50","onepoint_0.5",235,202609515,"1.000000000000000,1.414213562373095,2.000000000000000,2.236067977499790","W","W",1000,23,0,0
"unbalanced n, larger n with larger SD",20,"10, 16, 24, 30",5,2,6.6,"0.00, 0.00, 0.00, 0.50","onepoint_0.5",235,202609515,"1.000000000000000,1.414213562373095,2.000000000000000,2.236067977499790","W","KW",1000,976,65,43
"unbalanced n, larger n with larger SD",20,"10, 16, 24, 30",5,2,6.6,"0.00, 0.00, 0.00, 0.50","onepoint_0.5",235,202609515,"1.000000000000000,1.414213562373095,2.000000000000000,2.236067977499790","KW","F",1000,1,0,0
"unbalanced n, larger n with larger SD",20,"10, 16, 24, 30",5,2,6.6,"0.00, 0.00, 0.00, 0.50","onepoint_0.5",235,202609515,"1.000000000000000,1.414213562373095,2.000000000000000,2.236067977499790","KW","W",1000,23,0,3
"unbalanced n, larger n with larger SD",20,"10, 16, 24, 30",5,2,6.6,"0.00, 0.00, 0.00, 0.50","onepoint_0.5",235,202609515,"1.000000000000000,1.414213562373095,2.000000000000000,2.236067977499790","KW","KW",1000,976,0,0
"unbalanced n, larger n with larger SD",30,"15, 24, 36, 45",1,0,0,"0.00, 0.00, 0.00, 0.50","onepoint_0.5",236,202609516,"1.000000000000000,1.414213562373095,2.000000000000000,2.236067977499790","F","F",1000,154,0,0
"unbalanced n, larger n with larger SD",30,"15, 24, 36, 45",1,0,0,"0.00, 0.00, 0.00, 0.50","onepoint_0.5",236,202609516,"1.000000000000000,1.414213562373095,2.000000000000000,2.236067977499790","F","W",1000,800,24,41
"unbalanced n, larger n with larger SD",30,"15, 24, 36, 45",1,0,0,"0.00, 0.00, 0.00, 0.50","onepoint_0.5",236,202609516,"1.000000000000000,1.414213562373095,2.000000000000000,2.236067977499790","F","KW",1000,46,4,4
"unbalanced n, larger n with larger SD",30,"15, 24, 36, 45",1,0,0,"0.00, 0.00, 0.00, 0.50","onepoint_0.5",236,202609516,"1.000000000000000,1.414213562373095,2.000000000000000,2.236067977499790","W","F",1000,154,3,2
"unbalanced n, larger n with larger SD",30,"15, 24, 36, 45",1,0,0,"0.00, 0.00, 0.00, 0.50","onepoint_0.5",236,202609516,"1.000000000000000,1.414213562373095,2.000000000000000,2.236067977499790","W","W",1000,800,0,0
"unbalanced n, larger n with larger SD",30,"15, 24, 36, 45",1,0,0,"0.00, 0.00, 0.00, 0.50","onepoint_0.5",236,202609516,"1.000000000000000,1.414213562373095,2.000000000000000,2.236067977499790","W","KW",1000,46,3,4
"unbalanced n, larger n with larger SD",30,"15, 24, 36, 45",1,0,0,"0.00, 0.00, 0.00, 0.50","onepoint_0.5",236,202609516,"1.000000000000000,1.414213562373095,2.000000000000000,2.236067977499790","KW","F",1000,154,4,5
"unbalanced n, larger n with larger SD",30,"15, 24, 36, 45",1,0,0,"0.00, 0.00, 0.00, 0.50","onepoint_0.5",236,202609516,"1.000000000000000,1.414213562373095,2.000000000000000,2.236067977499790","KW","W",1000,800,13,48
"unbalanced n, larger n with larger SD",30,"15, 24, 36, 45",1,0,0,"0.00, 0.00, 0.00, 0.50","onepoint_0.5",236,202609516,"1.000000000000000,1.414213562373095,2.000000000000000,2.236067977499790","KW","KW",1000,46,0,0
"unbalanced n, larger n with larger SD",30,"15, 24, 36, 45",2,0,6,"0.00, 0.00, 0.00, 0.50","onepoint_0.5",237,202609517,"1.000000000000000,1.414213562373095,2.000000000000000,2.236067977499790","F","F",1000,26,0,0
"unbalanced n, larger n with larger SD",30,"15, 24, 36, 45",2,0,6,"0.00, 0.00, 0.00, 0.50","onepoint_0.5",237,202609517,"1.000000000000000,1.414213562373095,2.000000000000000,2.236067977499790","F","W",1000,128,5,6
"unbalanced n, larger n with larger SD",30,"15, 24, 36, 45",2,0,6,"0.00, 0.00, 0.00, 0.50","onepoint_0.5",237,202609517,"1.000000000000000,1.414213562373095,2.000000000000000,2.236067977499790","F","KW",1000,846,21,81
"unbalanced n, larger n with larger SD",30,"15, 24, 36, 45",2,0,6,"0.00, 0.00, 0.00, 0.50","onepoint_0.5",237,202609517,"1.000000000000000,1.414213562373095,2.000000000000000,2.236067977499790","W","F",1000,26,0,1
"unbalanced n, larger n with larger SD",30,"15, 24, 36, 45",2,0,6,"0.00, 0.00, 0.00, 0.50","onepoint_0.5",237,202609517,"1.000000000000000,1.414213562373095,2.000000000000000,2.236067977499790","W","W",1000,128,0,0
"unbalanced n, larger n with larger SD",30,"15, 24, 36, 45",2,0,6,"0.00, 0.00, 0.00, 0.50","onepoint_0.5",237,202609517,"1.000000000000000,1.414213562373095,2.000000000000000,2.236067977499790","W","KW",1000,846,22,86
"unbalanced n, larger n with larger SD",30,"15, 24, 36, 45",2,0,6,"0.00, 0.00, 0.00, 0.50","onepoint_0.5",237,202609517,"1.000000000000000,1.414213562373095,2.000000000000000,2.236067977499790","KW","F",1000,26,0,2
"unbalanced n, larger n with larger SD",30,"15, 24, 36, 45",2,0,6,"0.00, 0.00, 0.00, 0.50","onepoint_0.5",237,202609517,"1.000000000000000,1.414213562373095,2.000000000000000,2.236067977499790","KW","W",1000,128,11,6
"unbalanced n, larger n with larger SD",30,"15, 24, 36, 45",2,0,6,"0.00, 0.00, 0.00, 0.50","onepoint_0.5",237,202609517,"1.000000000000000,1.414213562373095,2.000000000000000,2.236067977499790","KW","KW",1000,846,0,0
"unbalanced n, larger n with larger SD",30,"15, 24, 36, 45",3,0.5,1,"0.00, 0.00, 0.00, 0.50","onepoint_0.5",238,202609518,"1.000000000000000,1.414213562373095,2.000000000000000,2.236067977499790","F","F",1000,98,0,0
"unbalanced n, larger n with larger SD",30,"15, 24, 36, 45",3,0.5,1,"0.00, 0.00, 0.00, 0.50","onepoint_0.5",238,202609518,"1.000000000000000,1.414213562373095,2.000000000000000,2.236067977499790","F","W",1000,562,18,31
"unbalanced n, larger n with larger SD",30,"15, 24, 36, 45",3,0.5,1,"0.00, 0.00, 0.00, 0.50","onepoint_0.5",238,202609518,"1.000000000000000,1.414213562373095,2.000000000000000,2.236067977499790","F","KW",1000,340,9,8
"unbalanced n, larger n with larger SD",30,"15, 24, 36, 45",3,0.5,1,"0.00, 0.00, 0.00, 0.50","onepoint_0.5",238,202609518,"1.000000000000000,1.414213562373095,2.000000000000000,2.236067977499790","W","F",1000,98,4,3
"unbalanced n, larger n with larger SD",30,"15, 24, 36, 45",3,0.5,1,"0.00, 0.00, 0.00, 0.50","onepoint_0.5",238,202609518,"1.000000000000000,1.414213562373095,2.000000000000000,2.236067977499790","W","W",1000,562,0,0
"unbalanced n, larger n with larger SD",30,"15, 24, 36, 45",3,0.5,1,"0.00, 0.00, 0.00, 0.50","onepoint_0.5",238,202609518,"1.000000000000000,1.414213562373095,2.000000000000000,2.236067977499790","W","KW",1000,340,17,5
"unbalanced n, larger n with larger SD",30,"15, 24, 36, 45",3,0.5,1,"0.00, 0.00, 0.00, 0.50","onepoint_0.5",238,202609518,"1.000000000000000,1.414213562373095,2.000000000000000,2.236067977499790","KW","F",1000,98,2,0
"unbalanced n, larger n with larger SD",30,"15, 24, 36, 45",3,0.5,1,"0.00, 0.00, 0.00, 0.50","onepoint_0.5",238,202609518,"1.000000000000000,1.414213562373095,2.000000000000000,2.236067977499790","KW","W",1000,562,15,37
"unbalanced n, larger n with larger SD",30,"15, 24, 36, 45",3,0.5,1,"0.00, 0.00, 0.00, 0.50","onepoint_0.5",238,202609518,"1.000000000000000,1.414213562373095,2.000000000000000,2.236067977499790","KW","KW",1000,340,0,0
"unbalanced n, larger n with larger SD",30,"15, 24, 36, 45",4,1,1.6,"0.00, 0.00, 0.00, 0.50","onepoint_0.5",239,202609519,"1.000000000000000,1.414213562373095,2.000000000000000,2.236067977499790","F","F",1000,16,0,0
"unbalanced n, larger n with larger SD",30,"15, 24, 36, 45",4,1,1.6,"0.00, 0.00, 0.00, 0.50","onepoint_0.5",239,202609519,"1.000000000000000,1.414213562373095,2.000000000000000,2.236067977499790","F","W",1000,231,7,12
"unbalanced n, larger n with larger SD",30,"15, 24, 36, 45",4,1,1.6,"0.00, 0.00, 0.00, 0.50","onepoint_0.5",239,202609519,"1.000000000000000,1.414213562373095,2.000000000000000,2.236067977499790","F","KW",1000,753,29,8
"unbalanced n, larger n with larger SD",30,"15, 24, 36, 45",4,1,1.6,"0.00, 0.00, 0.00, 0.50","onepoint_0.5",239,202609519,"1.000000000000000,1.414213562373095,2.000000000000000,2.236067977499790","W","F",1000,16,0,0
"unbalanced n, larger n with larger SD",30,"15, 24, 36, 45",4,1,1.6,"0.00, 0.00, 0.00, 0.50","onepoint_0.5",239,202609519,"1.000000000000000,1.414213562373095,2.000000000000000,2.236067977499790","W","W",1000,231,0,0
"unbalanced n, larger n with larger SD",30,"15, 24, 36, 45",4,1,1.6,"0.00, 0.00, 0.00, 0.50","onepoint_0.5",239,202609519,"1.000000000000000,1.414213562373095,2.000000000000000,2.236067977499790","W","KW",1000,753,54,16
"unbalanced n, larger n with larger SD",30,"15, 24, 36, 45",4,1,1.6,"0.00, 0.00, 0.00, 0.50","onepoint_0.5",239,202609519,"1.000000000000000,1.414213562373095,2.000000000000000,2.236067977499790","KW","F",1000,16,0,0
"unbalanced n, larger n with larger SD",30,"15, 24, 36, 45",4,1,1.6,"0.00, 0.00, 0.00, 0.50","onepoint_0.5",239,202609519,"1.000000000000000,1.414213562373095,2.000000000000000,2.236067977499790","KW","W",1000,231,2,19
"unbalanced n, larger n with larger SD",30,"15, 24, 36, 45",4,1,1.6,"0.00, 0.00, 0.00, 0.50","onepoint_0.5",239,202609519,"1.000000000000000,1.414213562373095,2.000000000000000,2.236067977499790","KW","KW",1000,753,0,0
"unbalanced n, larger n with larger SD",30,"15, 24, 36, 45",5,2,6.6,"0.00, 0.00, 0.00, 0.50","onepoint_0.5",240,202609520,"1.000000000000000,1.414213562373095,2.000000000000000,2.236067977499790","F","F",1000,0,0,0
"unbalanced n, larger n with larger SD",30,"15, 24, 36, 45",5,2,6.6,"0.00, 0.00, 0.00, 0.50","onepoint_0.5",240,202609520,"1.000000000000000,1.414213562373095,2.000000000000000,2.236067977499790","F","W",1000,0,0,0
"unbalanced n, larger n with larger SD",30,"15, 24, 36, 45",5,2,6.6,"0.00, 0.00, 0.00, 0.50","onepoint_0.5",240,202609520,"1.000000000000000,1.414213562373095,2.000000000000000,2.236067977499790","F","KW",1000,1000,33,60
"unbalanced n, larger n with larger SD",30,"15, 24, 36, 45",5,2,6.6,"0.00, 0.00, 0.00, 0.50","onepoint_0.5",240,202609520,"1.000000000000000,1.414213562373095,2.000000000000000,2.236067977499790","W","F",1000,0,0,0
"unbalanced n, larger n with larger SD",30,"15, 24, 36, 45",5,2,6.6,"0.00, 0.00, 0.00, 0.50","onepoint_0.5",240,202609520,"1.000000000000000,1.414213562373095,2.000000000000000,2.236067977499790","W","W",1000,0,0,0
"unbalanced n, larger n with larger SD",30,"15, 24, 36, 45",5,2,6.6,"0.00, 0.00, 0.00, 0.50","onepoint_0.5",240,202609520,"1.000000000000000,1.414213562373095,2.000000000000000,2.236067977499790","W","KW",1000,1000,89,53
"unbalanced n, larger n with larger SD",30,"15, 24, 36, 45",5,2,6.6,"0.00, 0.00, 0.00, 0.50","onepoint_0.5",240,202609520,"1.000000000000000,1.414213562373095,2.000000000000000,2.236067977499790","KW","F",1000,0,0,0
"unbalanced n, larger n with larger SD",30,"15, 24, 36, 45",5,2,6.6,"0.00, 0.00, 0.00, 0.50","onepoint_0.5",240,202609520,"1.000000000000000,1.414213562373095,2.000000000000000,2.236067977499790","KW","W",1000,0,0,0
"unbalanced n, larger n with larger SD",30,"15, 24, 36, 45",5,2,6.6,"0.00, 0.00, 0.00, 0.50","onepoint_0.5",240,202609520,"1.000000000000000,1.414213562373095,2.000000000000000,2.236067977499790","KW","KW",1000,1000,0,0
"unbalanced n, larger n with larger SD",50,"25, 40, 60, 75",1,0,0,"0.00, 0.00, 0.00, 0.50","onepoint_0.5",241,202609521,"1.000000000000000,1.414213562373095,2.000000000000000,2.236067977499790","F","F",1000,6,0,0
"unbalanced n, larger n with larger SD",50,"25, 40, 60, 75",1,0,0,"0.00, 0.00, 0.00, 0.50","onepoint_0.5",241,202609521,"1.000000000000000,1.414213562373095,2.000000000000000,2.236067977499790","F","W",1000,943,30,59
"unbalanced n, larger n with larger SD",50,"25, 40, 60, 75",1,0,0,"0.00, 0.00, 0.00, 0.50","onepoint_0.5",241,202609521,"1.000000000000000,1.414213562373095,2.000000000000000,2.236067977499790","F","KW",1000,51,2,3
"unbalanced n, larger n with larger SD",50,"25, 40, 60, 75",1,0,0,"0.00, 0.00, 0.00, 0.50","onepoint_0.5",241,202609521,"1.000000000000000,1.414213562373095,2.000000000000000,2.236067977499790","W","F",1000,6,0,0
"unbalanced n, larger n with larger SD",50,"25, 40, 60, 75",1,0,0,"0.00, 0.00, 0.00, 0.50","onepoint_0.5",241,202609521,"1.000000000000000,1.414213562373095,2.000000000000000,2.236067977499790","W","W",1000,943,0,0
"unbalanced n, larger n with larger SD",50,"25, 40, 60, 75",1,0,0,"0.00, 0.00, 0.00, 0.50","onepoint_0.5",241,202609521,"1.000000000000000,1.414213562373095,2.000000000000000,2.236067977499790","W","KW",1000,51,2,4
"unbalanced n, larger n with larger SD",50,"25, 40, 60, 75",1,0,0,"0.00, 0.00, 0.00, 0.50","onepoint_0.5",241,202609521,"1.000000000000000,1.414213562373095,2.000000000000000,2.236067977499790","KW","F",1000,6,0,0
"unbalanced n, larger n with larger SD",50,"25, 40, 60, 75",1,0,0,"0.00, 0.00, 0.00, 0.50","onepoint_0.5",241,202609521,"1.000000000000000,1.414213562373095,2.000000000000000,2.236067977499790","KW","W",1000,943,27,55
"unbalanced n, larger n with larger SD",50,"25, 40, 60, 75",1,0,0,"0.00, 0.00, 0.00, 0.50","onepoint_0.5",241,202609521,"1.000000000000000,1.414213562373095,2.000000000000000,2.236067977499790","KW","KW",1000,51,0,0
"unbalanced n, larger n with larger SD",50,"25, 40, 60, 75",2,0,6,"0.00, 0.00, 0.00, 0.50","onepoint_0.5",242,202609522,"1.000000000000000,1.414213562373095,2.000000000000000,2.236067977499790","F","F",1000,2,0,0
"unbalanced n, larger n with larger SD",50,"25, 40, 60, 75",2,0,6,"0.00, 0.00, 0.00, 0.50","onepoint_0.5",242,202609522,"1.000000000000000,1.414213562373095,2.000000000000000,2.236067977499790","F","W",1000,59,2,4
"unbalanced n, larger n with larger SD",50,"25, 40, 60, 75",2,0,6,"0.00, 0.00, 0.00, 0.50","onepoint_0.5",242,202609522,"1.000000000000000,1.414213562373095,2.000000000000000,2.236067977499790","F","KW",1000,939,24,145
"unbalanced n, larger n with larger SD",50,"25, 40, 60, 75",2,0,6,"0.00, 0.00, 0.00, 0.50","onepoint_0.5",242,202609522,"1.000000000000000,1.414213562373095,2.000000000000000,2.236067977499790","W","F",1000,2,0,0
"unbalanced n, larger n with larger SD",50,"25, 40, 60, 75",2,0,6,"0.00, 0.00, 0.00, 0.50","onepoint_0.5",242,202609522,"1.000000000000000,1.414213562373095,2.000000000000000,2.236067977499790","W","W",1000,59,0,0
"unbalanced n, larger n with larger SD",50,"25, 40, 60, 75",2,0,6,"0.00, 0.00, 0.00, 0.50","onepoint_0.5",242,202609522,"1.000000000000000,1.414213562373095,2.000000000000000,2.236067977499790","W","KW",1000,939,36,142
"unbalanced n, larger n with larger SD",50,"25, 40, 60, 75",2,0,6,"0.00, 0.00, 0.00, 0.50","onepoint_0.5",242,202609522,"1.000000000000000,1.414213562373095,2.000000000000000,2.236067977499790","KW","F",1000,2,0,1
"unbalanced n, larger n with larger SD",50,"25, 40, 60, 75",2,0,6,"0.00, 0.00, 0.00, 0.50","onepoint_0.5",242,202609522,"1.000000000000000,1.414213562373095,2.000000000000000,2.236067977499790","KW","W",1000,59,3,3
"unbalanced n, larger n with larger SD",50,"25, 40, 60, 75",2,0,6,"0.00, 0.00, 0.00, 0.50","onepoint_0.5",242,202609522,"1.000000000000000,1.414213562373095,2.000000000000000,2.236067977499790","KW","KW",1000,939,0,0
"unbalanced n, larger n with larger SD",50,"25, 40, 60, 75",3,0.5,1,"0.00, 0.00, 0.00, 0.50","onepoint_0.5",243,202609523,"1.000000000000000,1.414213562373095,2.000000000000000,2.236067977499790","F","F",1000,8,0,0
"unbalanced n, larger n with larger SD",50,"25, 40, 60, 75",3,0.5,1,"0.00, 0.00, 0.00, 0.50","onepoint_0.5",243,202609523,"1.000000000000000,1.414213562373095,2.000000000000000,2.236067977499790","F","W",1000,562,21,45
"unbalanced n, larger n with larger SD",50,"25, 40, 60, 75",3,0.5,1,"0.00, 0.00, 0.00, 0.50","onepoint_0.5",243,202609523,"1.000000000000000,1.414213562373095,2.000000000000000,2.236067977499790","F","KW",1000,430,26,11
"unbalanced n, larger n with larger SD",50,"25, 40, 60, 75",3,0.5,1,"0.00, 0.00, 0.00, 0.50","onepoint_0.5",243,202609523,"1.000000000000000,1.414213562373095,2.000000000000000,2.236067977499790","W","F",1000,8,0,2
"unbalanced n, larger n with larger SD",50,"25, 40, 60, 75",3,0.5,1,"0.00, 0.00, 0.00, 0.50","onepoint_0.5",243,202609523,"1.000000000000000,1.414213562373095,2.000000000000000,2.236067977499790","W","W",1000,562,0,0
"unbalanced n, larger n with larger SD",50,"25, 40, 60, 75",3,0.5,1,"0.00, 0.00, 0.00, 0.50","onepoint_0.5",243,202609523,"1.000000000000000,1.414213562373095,2.000000000000000,2.236067977499790","W","KW",1000,430,42,12
"unbalanced n, larger n with larger SD",50,"25, 40, 60, 75",3,0.5,1,"0.00, 0.00, 0.00, 0.50","onepoint_0.5",243,202609523,"1.000000000000000,1.414213562373095,2.000000000000000,2.236067977499790","KW","F",1000,8,0,1
"unbalanced n, larger n with larger SD",50,"25, 40, 60, 75",3,0.5,1,"0.00, 0.00, 0.00, 0.50","onepoint_0.5",243,202609523,"1.000000000000000,1.414213562373095,2.000000000000000,2.236067977499790","KW","W",1000,562,11,52
"unbalanced n, larger n with larger SD",50,"25, 40, 60, 75",3,0.5,1,"0.00, 0.00, 0.00, 0.50","onepoint_0.5",243,202609523,"1.000000000000000,1.414213562373095,2.000000000000000,2.236067977499790","KW","KW",1000,430,0,0
"unbalanced n, larger n with larger SD",50,"25, 40, 60, 75",4,1,1.6,"0.00, 0.00, 0.00, 0.50","onepoint_0.5",244,202609524,"1.000000000000000,1.414213562373095,2.000000000000000,2.236067977499790","F","F",1000,0,0,0
"unbalanced n, larger n with larger SD",50,"25, 40, 60, 75",4,1,1.6,"0.00, 0.00, 0.00, 0.50","onepoint_0.5",244,202609524,"1.000000000000000,1.414213562373095,2.000000000000000,2.236067977499790","F","W",1000,66,2,4
"unbalanced n, larger n with larger SD",50,"25, 40, 60, 75",4,1,1.6,"0.00, 0.00, 0.00, 0.50","onepoint_0.5",244,202609524,"1.000000000000000,1.414213562373095,2.000000000000000,2.236067977499790","F","KW",1000,934,67,19
"unbalanced n, larger n with larger SD",50,"25, 40, 60, 75",4,1,1.6,"0.00, 0.00, 0.00, 0.50","onepoint_0.5",244,202609524,"1.000000000000000,1.414213562373095,2.000000000000000,2.236067977499790","W","F",1000,0,0,0
"unbalanced n, larger n with larger SD",50,"25, 40, 60, 75",4,1,1.6,"0.00, 0.00, 0.00, 0.50","onepoint_0.5",244,202609524,"1.000000000000000,1.414213562373095,2.000000000000000,2.236067977499790","W","W",1000,66,0,0
"unbalanced n, larger n with larger SD",50,"25, 40, 60, 75",4,1,1.6,"0.00, 0.00, 0.00, 0.50","onepoint_0.5",244,202609524,"1.000000000000000,1.414213562373095,2.000000000000000,2.236067977499790","W","KW",1000,934,111,20
"unbalanced n, larger n with larger SD",50,"25, 40, 60, 75",4,1,1.6,"0.00, 0.00, 0.00, 0.50","onepoint_0.5",244,202609524,"1.000000000000000,1.414213562373095,2.000000000000000,2.236067977499790","KW","F",1000,0,0,0
"unbalanced n, larger n with larger SD",50,"25, 40, 60, 75",4,1,1.6,"0.00, 0.00, 0.00, 0.50","onepoint_0.5",244,202609524,"1.000000000000000,1.414213562373095,2.000000000000000,2.236067977499790","KW","W",1000,66,1,10
"unbalanced n, larger n with larger SD",50,"25, 40, 60, 75",4,1,1.6,"0.00, 0.00, 0.00, 0.50","onepoint_0.5",244,202609524,"1.000000000000000,1.414213562373095,2.000000000000000,2.236067977499790","KW","KW",1000,934,0,0
"unbalanced n, larger n with larger SD",50,"25, 40, 60, 75",5,2,6.6,"0.00, 0.00, 0.00, 0.50","onepoint_0.5",245,202609525,"1.000000000000000,1.414213562373095,2.000000000000000,2.236067977499790","F","F",1000,0,0,0
"unbalanced n, larger n with larger SD",50,"25, 40, 60, 75",5,2,6.6,"0.00, 0.00, 0.00, 0.50","onepoint_0.5",245,202609525,"1.000000000000000,1.414213562373095,2.000000000000000,2.236067977499790","F","W",1000,0,0,0
"unbalanced n, larger n with larger SD",50,"25, 40, 60, 75",5,2,6.6,"0.00, 0.00, 0.00, 0.50","onepoint_0.5",245,202609525,"1.000000000000000,1.414213562373095,2.000000000000000,2.236067977499790","F","KW",1000,1000,76,99
"unbalanced n, larger n with larger SD",50,"25, 40, 60, 75",5,2,6.6,"0.00, 0.00, 0.00, 0.50","onepoint_0.5",245,202609525,"1.000000000000000,1.414213562373095,2.000000000000000,2.236067977499790","W","F",1000,0,0,0
"unbalanced n, larger n with larger SD",50,"25, 40, 60, 75",5,2,6.6,"0.00, 0.00, 0.00, 0.50","onepoint_0.5",245,202609525,"1.000000000000000,1.414213562373095,2.000000000000000,2.236067977499790","W","W",1000,0,0,0
"unbalanced n, larger n with larger SD",50,"25, 40, 60, 75",5,2,6.6,"0.00, 0.00, 0.00, 0.50","onepoint_0.5",245,202609525,"1.000000000000000,1.414213562373095,2.000000000000000,2.236067977499790","W","KW",1000,1000,131,102
"unbalanced n, larger n with larger SD",50,"25, 40, 60, 75",5,2,6.6,"0.00, 0.00, 0.00, 0.50","onepoint_0.5",245,202609525,"1.000000000000000,1.414213562373095,2.000000000000000,2.236067977499790","KW","F",1000,0,0,0
"unbalanced n, larger n with larger SD",50,"25, 40, 60, 75",5,2,6.6,"0.00, 0.00, 0.00, 0.50","onepoint_0.5",245,202609525,"1.000000000000000,1.414213562373095,2.000000000000000,2.236067977499790","KW","W",1000,0,0,0
"unbalanced n, larger n with larger SD",50,"25, 40, 60, 75",5,2,6.6,"0.00, 0.00, 0.00, 0.50","onepoint_0.5",245,202609525,"1.000000000000000,1.414213562373095,2.000000000000000,2.236067977499790","KW","KW",1000,1000,0,0
"unbalanced n, larger n with larger SD",100,"50, 80, 120, 150",1,0,0,"0.00, 0.00, 0.00, 0.50","onepoint_0.5",246,202609526,"1.000000000000000,1.414213562373095,2.000000000000000,2.236067977499790","F","F",1000,0,0,0
"unbalanced n, larger n with larger SD",100,"50, 80, 120, 150",1,0,0,"0.00, 0.00, 0.00, 0.50","onepoint_0.5",246,202609526,"1.000000000000000,1.414213562373095,2.000000000000000,2.236067977499790","F","W",1000,937,36,49
"unbalanced n, larger n with larger SD",100,"50, 80, 120, 150",1,0,0,"0.00, 0.00, 0.00, 0.50","onepoint_0.5",246,202609526,"1.000000000000000,1.414213562373095,2.000000000000000,2.236067977499790","F","KW",1000,63,9,8
"unbalanced n, larger n with larger SD",100,"50, 80, 120, 150",1,0,0,"0.00, 0.00, 0.00, 0.50","onepoint_0.5",246,202609526,"1.000000000000000,1.414213562373095,2.000000000000000,2.236067977499790","W","F",1000,0,0,0
"unbalanced n, larger n with larger SD",100,"50, 80, 120, 150",1,0,0,"0.00, 0.00, 0.00, 0.50","onepoint_0.5",246,202609526,"1.000000000000000,1.414213562373095,2.000000000000000,2.236067977499790","W","W",1000,937,0,0
"unbalanced n, larger n with larger SD",100,"50, 80, 120, 150",1,0,0,"0.00, 0.00, 0.00, 0.50","onepoint_0.5",246,202609526,"1.000000000000000,1.414213562373095,2.000000000000000,2.236067977499790","W","KW",1000,63,7,7
"unbalanced n, larger n with larger SD",100,"50, 80, 120, 150",1,0,0,"0.00, 0.00, 0.00, 0.50","onepoint_0.5",246,202609526,"1.000000000000000,1.414213562373095,2.000000000000000,2.236067977499790","KW","F",1000,0,0,0
"unbalanced n, larger n with larger SD",100,"50, 80, 120, 150",1,0,0,"0.00, 0.00, 0.00, 0.50","onepoint_0.5",246,202609526,"1.000000000000000,1.414213562373095,2.000000000000000,2.236067977499790","KW","W",1000,937,36,66
"unbalanced n, larger n with larger SD",100,"50, 80, 120, 150",1,0,0,"0.00, 0.00, 0.00, 0.50","onepoint_0.5",246,202609526,"1.000000000000000,1.414213562373095,2.000000000000000,2.236067977499790","KW","KW",1000,63,0,0
"unbalanced n, larger n with larger SD",100,"50, 80, 120, 150",2,0,6,"0.00, 0.00, 0.00, 0.50","onepoint_0.5",247,202609527,"1.000000000000000,1.414213562373095,2.000000000000000,2.236067977499790","F","F",1000,0,0,0
"unbalanced n, larger n with larger SD",100,"50, 80, 120, 150",2,0,6,"0.00, 0.00, 0.00, 0.50","onepoint_0.5",247,202609527,"1.000000000000000,1.414213562373095,2.000000000000000,2.236067977499790","F","W",1000,5,1,0
"unbalanced n, larger n with larger SD",100,"50, 80, 120, 150",2,0,6,"0.00, 0.00, 0.00, 0.50","onepoint_0.5",247,202609527,"1.000000000000000,1.414213562373095,2.000000000000000,2.236067977499790","F","KW",1000,995,14,248
"unbalanced n, larger n with larger SD",100,"50, 80, 120, 150",2,0,6,"0.00, 0.00, 0.00, 0.50","onepoint_0.5",247,202609527,"1.000000000000000,1.414213562373095,2.000000000000000,2.236067977499790","W","F",1000,0,0,0
"unbalanced n, larger n with larger SD",100,"50, 80, 120, 150",2,0,6,"0.00, 0.00, 0.00, 0.50","onepoint_0.5",247,202609527,"1.000000000000000,1.414213562373095,2.000000000000000,2.236067977499790","W","W",1000,5,0,0
"unbalanced n, larger n with larger SD",100,"50, 80, 120, 150",2,0,6,"0.00, 0.00, 0.00, 0.50","onepoint_0.5",247,202609527,"1.000000000000000,1.414213562373095,2.000000000000000,2.236067977499790","W","KW",1000,995,13,228
"unbalanced n, larger n with larger SD",100,"50, 80, 120, 150",2,0,6,"0.00, 0.00, 0.00, 0.50","onepoint_0.5",247,202609527,"1.000000000000000,1.414213562373095,2.000000000000000,2.236067977499790","KW","F",1000,0,0,0
"unbalanced n, larger n with larger SD",100,"50, 80, 120, 150",2,0,6,"0.00, 0.00, 0.00, 0.50","onepoint_0.5",247,202609527,"1.000000000000000,1.414213562373095,2.000000000000000,2.236067977499790","KW","W",1000,5,1,0
"unbalanced n, larger n with larger SD",100,"50, 80, 120, 150",2,0,6,"0.00, 0.00, 0.00, 0.50","onepoint_0.5",247,202609527,"1.000000000000000,1.414213562373095,2.000000000000000,2.236067977499790","KW","KW",1000,995,0,0
"unbalanced n, larger n with larger SD",100,"50, 80, 120, 150",3,0.5,1,"0.00, 0.00, 0.00, 0.50","onepoint_0.5",248,202609528,"1.000000000000000,1.414213562373095,2.000000000000000,2.236067977499790","F","F",1000,0,0,0
"unbalanced n, larger n with larger SD",100,"50, 80, 120, 150",3,0.5,1,"0.00, 0.00, 0.00, 0.50","onepoint_0.5",248,202609528,"1.000000000000000,1.414213562373095,2.000000000000000,2.236067977499790","F","W",1000,275,13,14
"unbalanced n, larger n with larger SD",100,"50, 80, 120, 150",3,0.5,1,"0.00, 0.00, 0.00, 0.50","onepoint_0.5",248,202609528,"1.000000000000000,1.414213562373095,2.000000000000000,2.236067977499790","F","KW",1000,725,90,12
"unbalanced n, larger n with larger SD",100,"50, 80, 120, 150",3,0.5,1,"0.00, 0.00, 0.00, 0.50","onepoint_0.5",248,202609528,"1.000000000000000,1.414213562373095,2.000000000000000,2.236067977499790","W","F",1000,0,0,0
"unbalanced n, larger n with larger SD",100,"50, 80, 120, 150",3,0.5,1,"0.00, 0.00, 0.00, 0.50","onepoint_0.5",248,202609528,"1.000000000000000,1.414213562373095,2.000000000000000,2.236067977499790","W","W",1000,275,0,0
"unbalanced n, larger n with larger SD",100,"50, 80, 120, 150",3,0.5,1,"0.00, 0.00, 0.00, 0.50","onepoint_0.5",248,202609528,"1.000000000000000,1.414213562373095,2.000000000000000,2.236067977499790","W","KW",1000,725,115,15
"unbalanced n, larger n with larger SD",100,"50, 80, 120, 150",3,0.5,1,"0.00, 0.00, 0.00, 0.50","onepoint_0.5",248,202609528,"1.000000000000000,1.414213562373095,2.000000000000000,2.236067977499790","KW","F",1000,0,0,0
"unbalanced n, larger n with larger SD",100,"50, 80, 120, 150",3,0.5,1,"0.00, 0.00, 0.00, 0.50","onepoint_0.5",248,202609528,"1.000000000000000,1.414213562373095,2.000000000000000,2.236067977499790","KW","W",1000,275,6,23
"unbalanced n, larger n with larger SD",100,"50, 80, 120, 150",3,0.5,1,"0.00, 0.00, 0.00, 0.50","onepoint_0.5",248,202609528,"1.000000000000000,1.414213562373095,2.000000000000000,2.236067977499790","KW","KW",1000,725,0,0
"unbalanced n, larger n with larger SD",100,"50, 80, 120, 150",4,1,1.6,"0.00, 0.00, 0.00, 0.50","onepoint_0.5",249,202609529,"1.000000000000000,1.414213562373095,2.000000000000000,2.236067977499790","F","F",1000,0,0,0
"unbalanced n, larger n with larger SD",100,"50, 80, 120, 150",4,1,1.6,"0.00, 0.00, 0.00, 0.50","onepoint_0.5",249,202609529,"1.000000000000000,1.414213562373095,2.000000000000000,2.236067977499790","F","W",1000,1,0,0
"unbalanced n, larger n with larger SD",100,"50, 80, 120, 150",4,1,1.6,"0.00, 0.00, 0.00, 0.50","onepoint_0.5",249,202609529,"1.000000000000000,1.414213562373095,2.000000000000000,2.236067977499790","F","KW",1000,999,177,28
"unbalanced n, larger n with larger SD",100,"50, 80, 120, 150",4,1,1.6,"0.00, 0.00, 0.00, 0.50","onepoint_0.5",249,202609529,"1.000000000000000,1.414213562373095,2.000000000000000,2.236067977499790","W","F",1000,0,0,0
"unbalanced n, larger n with larger SD",100,"50, 80, 120, 150",4,1,1.6,"0.00, 0.00, 0.00, 0.50","onepoint_0.5",249,202609529,"1.000000000000000,1.414213562373095,2.000000000000000,2.236067977499790","W","W",1000,1,0,0
"unbalanced n, larger n with larger SD",100,"50, 80, 120, 150",4,1,1.6,"0.00, 0.00, 0.00, 0.50","onepoint_0.5",249,202609529,"1.000000000000000,1.414213562373095,2.000000000000000,2.236067977499790","W","KW",1000,999,221,26
"unbalanced n, larger n with larger SD",100,"50, 80, 120, 150",4,1,1.6,"0.00, 0.00, 0.00, 0.50","onepoint_0.5",249,202609529,"1.000000000000000,1.414213562373095,2.000000000000000,2.236067977499790","KW","F",1000,0,0,0
"unbalanced n, larger n with larger SD",100,"50, 80, 120, 150",4,1,1.6,"0.00, 0.00, 0.00, 0.50","onepoint_0.5",249,202609529,"1.000000000000000,1.414213562373095,2.000000000000000,2.236067977499790","KW","W",1000,1,0,0
"unbalanced n, larger n with larger SD",100,"50, 80, 120, 150",4,1,1.6,"0.00, 0.00, 0.00, 0.50","onepoint_0.5",249,202609529,"1.000000000000000,1.414213562373095,2.000000000000000,2.236067977499790","KW","KW",1000,999,0,0
"unbalanced n, larger n with larger SD",100,"50, 80, 120, 150",5,2,6.6,"0.00, 0.00, 0.00, 0.50","onepoint_0.5",250,202609530,"1.000000000000000,1.414213562373095,2.000000000000000,2.236067977499790","F","F",1000,0,0,0
"unbalanced n, larger n with larger SD",100,"50, 80, 120, 150",5,2,6.6,"0.00, 0.00, 0.00, 0.50","onepoint_0.5",250,202609530,"1.000000000000000,1.414213562373095,2.000000000000000,2.236067977499790","F","W",1000,0,0,0
"unbalanced n, larger n with larger SD",100,"50, 80, 120, 150",5,2,6.6,"0.00, 0.00, 0.00, 0.50","onepoint_0.5",250,202609530,"1.000000000000000,1.414213562373095,2.000000000000000,2.236067977499790","F","KW",1000,1000,112,131
"unbalanced n, larger n with larger SD",100,"50, 80, 120, 150",5,2,6.6,"0.00, 0.00, 0.00, 0.50","onepoint_0.5",250,202609530,"1.000000000000000,1.414213562373095,2.000000000000000,2.236067977499790","W","F",1000,0,0,0
"unbalanced n, larger n with larger SD",100,"50, 80, 120, 150",5,2,6.6,"0.00, 0.00, 0.00, 0.50","onepoint_0.5",250,202609530,"1.000000000000000,1.414213562373095,2.000000000000000,2.236067977499790","W","W",1000,0,0,0
"unbalanced n, larger n with larger SD",100,"50, 80, 120, 150",5,2,6.6,"0.00, 0.00, 0.00, 0.50","onepoint_0.5",250,202609530,"1.000000000000000,1.414213562373095,2.000000000000000,2.236067977499790","W","KW",1000,1000,183,138
"unbalanced n, larger n with larger SD",100,"50, 80, 120, 150",5,2,6.6,"0.00, 0.00, 0.00, 0.50","onepoint_0.5",250,202609530,"1.000000000000000,1.414213562373095,2.000000000000000,2.236067977499790","KW","F",1000,0,0,0
"unbalanced n, larger n with larger SD",100,"50, 80, 120, 150",5,2,6.6,"0.00, 0.00, 0.00, 0.50","onepoint_0.5",250,202609530,"1.000000000000000,1.414213562373095,2.000000000000000,2.236067977499790","KW","W",1000,0,0,0
"unbalanced n, larger n with larger SD",100,"50, 80, 120, 150",5,2,6.6,"0.00, 0.00, 0.00, 0.50","onepoint_0.5",250,202609530,"1.000000000000000,1.414213562373095,2.000000000000000,2.236067977499790","KW","KW",1000,1000,0,0
"unbalanced n, larger n with smaller SD",10,"5, 8, 12, 15",1,0,0,"0.00, 0.00, 0.00, 0.50","onepoint_0.5",251,202609531,"2.236067977499790,2.000000000000000,1.414213562373095,1.000000000000000","F","F",1000,434,0,0
"unbalanced n, larger n with smaller SD",10,"5, 8, 12, 15",1,0,0,"0.00, 0.00, 0.00, 0.50","onepoint_0.5",251,202609531,"2.236067977499790,2.000000000000000,1.414213562373095,1.000000000000000","F","W",1000,500,50,14
"unbalanced n, larger n with smaller SD",10,"5, 8, 12, 15",1,0,0,"0.00, 0.00, 0.00, 0.50","onepoint_0.5",251,202609531,"2.236067977499790,2.000000000000000,1.414213562373095,1.000000000000000","F","KW",1000,66,1,6
"unbalanced n, larger n with smaller SD",10,"5, 8, 12, 15",1,0,0,"0.00, 0.00, 0.00, 0.50","onepoint_0.5",251,202609531,"2.236067977499790,2.000000000000000,1.414213562373095,1.000000000000000","W","F",1000,434,5,50
"unbalanced n, larger n with smaller SD",10,"5, 8, 12, 15",1,0,0,"0.00, 0.00, 0.00, 0.50","onepoint_0.5",251,202609531,"2.236067977499790,2.000000000000000,1.414213562373095,1.000000000000000","W","W",1000,500,0,0
"unbalanced n, larger n with smaller SD",10,"5, 8, 12, 15",1,0,0,"0.00, 0.00, 0.00, 0.50","onepoint_0.5",251,202609531,"2.236067977499790,2.000000000000000,1.414213562373095,1.000000000000000","W","KW",1000,66,1,9
"unbalanced n, larger n with smaller SD",10,"5, 8, 12, 15",1,0,0,"0.00, 0.00, 0.00, 0.50","onepoint_0.5",251,202609531,"2.236067977499790,2.000000000000000,1.414213562373095,1.000000000000000","KW","F",1000,434,7,31
"unbalanced n, larger n with smaller SD",10,"5, 8, 12, 15",1,0,0,"0.00, 0.00, 0.00, 0.50","onepoint_0.5",251,202609531,"2.236067977499790,2.000000000000000,1.414213562373095,1.000000000000000","KW","W",1000,500,17,9
"unbalanced n, larger n with smaller SD",10,"5, 8, 12, 15",1,0,0,"0.00, 0.00, 0.00, 0.50","onepoint_0.5",251,202609531,"2.236067977499790,2.000000000000000,1.414213562373095,1.000000000000000","KW","KW",1000,66,0,0
"unbalanced n, larger n with smaller SD",10,"5, 8, 12, 15",2,0,6,"0.00, 0.00, 0.00, 0.50","onepoint_0.5",252,202609532,"2.236067977499790,2.000000000000000,1.414213562373095,1.000000000000000","F","F",1000,277,0,0
"unbalanced n, larger n with smaller SD",10,"5, 8, 12, 15",2,0,6,"0.00, 0.00, 0.00, 0.50","onepoint_0.5",252,202609532,"2.236067977499790,2.000000000000000,1.414213562373095,1.000000000000000","F","W",1000,340,37,18
"unbalanced n, larger n with smaller SD",10,"5, 8, 12, 15",2,0,6,"0.00, 0.00, 0.00, 0.50","onepoint_0.5",252,202609532,"2.236067977499790,2.000000000000000,1.414213562373095,1.000000000000000","F","KW",1000,383,8,41
"unbalanced n, larger n with smaller SD",10,"5, 8, 12, 15",2,0,6,"0.00, 0.00, 0.00, 0.50","onepoint_0.5",252,202609532,"2.236067977499790,2.000000000000000,1.414213562373095,1.000000000000000","W","F",1000,277,1,32
"unbalanced n, larger n with smaller SD",10,"5, 8, 12, 15",2,0,6,"0.00, 0.00, 0.00, 0.50","onepoint_0.5",252,202609532,"2.236067977499790,2.000000000000000,1.414213562373095,1.000000000000000","W","W",1000,340,0,0
"unbalanced n, larger n with smaller SD",10,"5, 8, 12, 15",2,0,6,"0.00, 0.00, 0.00, 0.50","onepoint_0.5",252,202609532,"2.236067977499790,2.000000000000000,1.414213562373095,1.000000000000000","W","KW",1000,383,5,49
"unbalanced n, larger n with smaller SD",10,"5, 8, 12, 15",2,0,6,"0.00, 0.00, 0.00, 0.50","onepoint_0.5",252,202609532,"2.236067977499790,2.000000000000000,1.414213562373095,1.000000000000000","KW","F",1000,277,5,17
"unbalanced n, larger n with smaller SD",10,"5, 8, 12, 15",2,0,6,"0.00, 0.00, 0.00, 0.50","onepoint_0.5",252,202609532,"2.236067977499790,2.000000000000000,1.414213562373095,1.000000000000000","KW","W",1000,340,22,6
"unbalanced n, larger n with smaller SD",10,"5, 8, 12, 15",2,0,6,"0.00, 0.00, 0.00, 0.50","onepoint_0.5",252,202609532,"2.236067977499790,2.000000000000000,1.414213562373095,1.000000000000000","KW","KW",1000,383,0,0
"unbalanced n, larger n with smaller SD",10,"5, 8, 12, 15",3,0.5,1,"0.00, 0.00, 0.00, 0.50","onepoint_0.5",253,202609533,"2.236067977499790,2.000000000000000,1.414213562373095,1.000000000000000","F","F",1000,362,0,0
"unbalanced n, larger n with smaller SD",10,"5, 8, 12, 15",3,0.5,1,"0.00, 0.00, 0.00, 0.50","onepoint_0.5",253,202609533,"2.236067977499790,2.000000000000000,1.414213562373095,1.000000000000000","F","W",1000,502,29,21
"unbalanced n, larger n with smaller SD",10,"5, 8, 12, 15",3,0.5,1,"0.00, 0.00, 0.00, 0.50","onepoint_0.5",253,202609533,"2.236067977499790,2.000000000000000,1.414213562373095,1.000000000000000","F","KW",1000,136,4,14
"unbalanced n, larger n with smaller SD",10,"5, 8, 12, 15",3,0.5,1,"0.00, 0.00, 0.00, 0.50","onepoint_0.5",253,202609533,"2.236067977499790,2.000000000000000,1.414213562373095,1.000000000000000","W","F",1000,362,8,36
"unbalanced n, larger n with smaller SD",10,"5, 8, 12, 15",3,0.5,1,"0.00, 0.00, 0.00, 0.50","onepoint_0.5",253,202609533,"2.236067977499790,2.000000000000000,1.414213562373095,1.000000000000000","W","W",1000,502,0,0
"unbalanced n, larger n with smaller SD",10,"5, 8, 12, 15",3,0.5,1,"0.00, 0.00, 0.00, 0.50","onepoint_0.5",253,202609533,"2.236067977499790,2.000000000000000,1.414213562373095,1.000000000000000","W","KW",1000,136,3,18
"unbalanced n, larger n with smaller SD",10,"5, 8, 12, 15",3,0.5,1,"0.00, 0.00, 0.00, 0.50","onepoint_0.5",253,202609533,"2.236067977499790,2.000000000000000,1.414213562373095,1.000000000000000","KW","F",1000,362,11,15
"unbalanced n, larger n with smaller SD",10,"5, 8, 12, 15",3,0.5,1,"0.00, 0.00, 0.00, 0.50","onepoint_0.5",253,202609533,"2.236067977499790,2.000000000000000,1.414213562373095,1.000000000000000","KW","W",1000,502,12,15
"unbalanced n, larger n with smaller SD",10,"5, 8, 12, 15",3,0.5,1,"0.00, 0.00, 0.00, 0.50","onepoint_0.5",253,202609533,"2.236067977499790,2.000000000000000,1.414213562373095,1.000000000000000","KW","KW",1000,136,0,0
"unbalanced n, larger n with smaller SD",10,"5, 8, 12, 15",4,1,1.6,"0.00, 0.00, 0.00, 0.50","onepoint_0.5",254,202609534,"2.236067977499790,2.000000000000000,1.414213562373095,1.000000000000000","F","F",1000,218,0,0
"unbalanced n, larger n with smaller SD",10,"5, 8, 12, 15",4,1,1.6,"0.00, 0.00, 0.00, 0.50","onepoint_0.5",254,202609534,"2.236067977499790,2.000000000000000,1.414213562373095,1.000000000000000","F","W",1000,494,29,30
"unbalanced n, larger n with smaller SD",10,"5, 8, 12, 15",4,1,1.6,"0.00, 0.00, 0.00, 0.50","onepoint_0.5",254,202609534,"2.236067977499790,2.000000000000000,1.414213562373095,1.000000000000000","F","KW",1000,288,5,32
"unbalanced n, larger n with smaller SD",10,"5, 8, 12, 15",4,1,1.6,"0.00, 0.00, 0.00, 0.50","onepoint_0.5",254,202609534,"2.236067977499790,2.000000000000000,1.414213562373095,1.000000000000000","W","F",1000,218,8,21
"unbalanced n, larger n with smaller SD",10,"5, 8, 12, 15",4,1,1.6,"0.00, 0.00, 0.00, 0.50","onepoint_0.5",254,202609534,"2.236067977499790,2.000000000000000,1.414213562373095,1.000000000000000","W","W",1000,494,0,0
"unbalanced n, larger n with smaller SD",10,"5, 8, 12, 15",4,1,1.6,"0.00, 0.00, 0.00, 0.50","onepoint_0.5",254,202609534,"2.236067977499790,2.000000000000000,1.414213562373095,1.000000000000000","W","KW",1000,288,3,33
"unbalanced n, larger n with smaller SD",10,"5, 8, 12, 15",4,1,1.6,"0.00, 0.00, 0.00, 0.50","onepoint_0.5",254,202609534,"2.236067977499790,2.000000000000000,1.414213562373095,1.000000000000000","KW","F",1000,218,7,13
"unbalanced n, larger n with smaller SD",10,"5, 8, 12, 15",4,1,1.6,"0.00, 0.00, 0.00, 0.50","onepoint_0.5",254,202609534,"2.236067977499790,2.000000000000000,1.414213562373095,1.000000000000000","KW","W",1000,494,18,18
"unbalanced n, larger n with smaller SD",10,"5, 8, 12, 15",4,1,1.6,"0.00, 0.00, 0.00, 0.50","onepoint_0.5",254,202609534,"2.236067977499790,2.000000000000000,1.414213562373095,1.000000000000000","KW","KW",1000,288,0,0
"unbalanced n, larger n with smaller SD",10,"5, 8, 12, 15",5,2,6.6,"0.00, 0.00, 0.00, 0.50","onepoint_0.5",255,202609535,"2.236067977499790,2.000000000000000,1.414213562373095,1.000000000000000","F","F",1000,60,0,0
"unbalanced n, larger n with smaller SD",10,"5, 8, 12, 15",5,2,6.6,"0.00, 0.00, 0.00, 0.50","onepoint_0.5",255,202609535,"2.236067977499790,2.000000000000000,1.414213562373095,1.000000000000000","F","W",1000,252,10,29
"unbalanced n, larger n with smaller SD",10,"5, 8, 12, 15",5,2,6.6,"0.00, 0.00, 0.00, 0.50","onepoint_0.5",255,202609535,"2.236067977499790,2.000000000000000,1.414213562373095,1.000000000000000","F","KW",1000,688,6,165
"unbalanced n, larger n with smaller SD",10,"5, 8, 12, 15",5,2,6.6,"0.00, 0.00, 0.00, 0.50","onepoint_0.5",255,202609535,"2.236067977499790,2.000000000000000,1.414213562373095,1.000000000000000","W","F",1000,60,2,7
"unbalanced n, larger n with smaller SD",10,"5, 8, 12, 15",5,2,6.6,"0.00, 0.00, 0.00, 0.50","onepoint_0.5",255,202609535,"2.236067977499790,2.000000000000000,1.414213562373095,1.000000000000000","W","W",1000,252,0,0
"unbalanced n, larger n with smaller SD",10,"5, 8, 12, 15",5,2,6.6,"0.00, 0.00, 0.00, 0.50","onepoint_0.5",255,202609535,"2.236067977499790,2.000000000000000,1.414213562373095,1.000000000000000","W","KW",1000,688,7,125
"unbalanced n, larger n with smaller SD",10,"5, 8, 12, 15",5,2,6.6,"0.00, 0.00, 0.00, 0.50","onepoint_0.5",255,202609535,"2.236067977499790,2.000000000000000,1.414213562373095,1.000000000000000","KW","F",1000,60,1,3
"unbalanced n, larger n with smaller SD",10,"5, 8, 12, 15",5,2,6.6,"0.00, 0.00, 0.00, 0.50","onepoint_0.5",255,202609535,"2.236067977499790,2.000000000000000,1.414213562373095,1.000000000000000","KW","W",1000,252,9,9
"unbalanced n, larger n with smaller SD",10,"5, 8, 12, 15",5,2,6.6,"0.00, 0.00, 0.00, 0.50","onepoint_0.5",255,202609535,"2.236067977499790,2.000000000000000,1.414213562373095,1.000000000000000","KW","KW",1000,688,0,0
"unbalanced n, larger n with smaller SD",20,"10, 16, 24, 30",1,0,0,"0.00, 0.00, 0.00, 0.50","onepoint_0.5",256,202609536,"2.236067977499790,2.000000000000000,1.414213562373095,1.000000000000000","F","F",1000,123,0,0
"unbalanced n, larger n with smaller SD",20,"10, 16, 24, 30",1,0,0,"0.00, 0.00, 0.00, 0.50","onepoint_0.5",256,202609536,"2.236067977499790,2.000000000000000,1.414213562373095,1.000000000000000","F","W",1000,811,60,21
"unbalanced n, larger n with smaller SD",20,"10, 16, 24, 30",1,0,0,"0.00, 0.00, 0.00, 0.50","onepoint_0.5",256,202609536,"2.236067977499790,2.000000000000000,1.414213562373095,1.000000000000000","F","KW",1000,66,4,4
"unbalanced n, larger n with smaller SD",20,"10, 16, 24, 30",1,0,0,"0.00, 0.00, 0.00, 0.50","onepoint_0.5",256,202609536,"2.236067977499790,2.000000000000000,1.414213562373095,1.000000000000000","W","F",1000,123,1,8
"unbalanced n, larger n with smaller SD",20,"10, 16, 24, 30",1,0,0,"0.00, 0.00, 0.00, 0.50","onepoint_0.5",256,202609536,"2.236067977499790,2.000000000000000,1.414213562373095,1.000000000000000","W","W",1000,811,0,0
"unbalanced n, larger n with smaller SD",20,"10, 16, 24, 30",1,0,0,"0.00, 0.00, 0.00, 0.50","onepoint_0.5",256,202609536,"2.236067977499790,2.000000000000000,1.414213562373095,1.000000000000000","W","KW",1000,66,1,6
"unbalanced n, larger n with smaller SD",20,"10, 16, 24, 30",1,0,0,"0.00, 0.00, 0.00, 0.50","onepoint_0.5",256,202609536,"2.236067977499790,2.000000000000000,1.414213562373095,1.000000000000000","KW","F",1000,123,2,5
"unbalanced n, larger n with smaller SD",20,"10, 16, 24, 30",1,0,0,"0.00, 0.00, 0.00, 0.50","onepoint_0.5",256,202609536,"2.236067977499790,2.000000000000000,1.414213562373095,1.000000000000000","KW","W",1000,811,34,18
"unbalanced n, larger n with smaller SD",20,"10, 16, 24, 30",1,0,0,"0.00, 0.00, 0.00, 0.50","onepoint_0.5",256,202609536,"2.236067977499790,2.000000000000000,1.414213562373095,1.000000000000000","KW","KW",1000,66,0,0
"unbalanced n, larger n with smaller SD",20,"10, 16, 24, 30",2,0,6,"0.00, 0.00, 0.00, 0.50","onepoint_0.5",257,202609537,"2.236067977499790,2.000000000000000,1.414213562373095,1.000000000000000","F","F",1000,57,0,0
"unbalanced n, larger n with smaller SD",20,"10, 16, 24, 30",2,0,6,"0.00, 0.00, 0.00, 0.50","onepoint_0.5",257,202609537,"2.236067977499790,2.000000000000000,1.414213562373095,1.000000000000000","F","W",1000,287,33,21
"unbalanced n, larger n with smaller SD",20,"10, 16, 24, 30",2,0,6,"0.00, 0.00, 0.00, 0.50","onepoint_0.5",257,202609537,"2.236067977499790,2.000000000000000,1.414213562373095,1.000000000000000","F","KW",1000,656,23,103
"unbalanced n, larger n with smaller SD",20,"10, 16, 24, 30",2,0,6,"0.00, 0.00, 0.00, 0.50","onepoint_0.5",257,202609537,"2.236067977499790,2.000000000000000,1.414213562373095,1.000000000000000","W","F",1000,57,1,3
"unbalanced n, larger n with smaller SD",20,"10, 16, 24, 30",2,0,6,"0.00, 0.00, 0.00, 0.50","onepoint_0.5",257,202609537,"2.236067977499790,2.000000000000000,1.414213562373095,1.000000000000000","W","W",1000,287,0,0
"unbalanced n, larger n with smaller SD",20,"10, 16, 24, 30",2,0,6,"0.00, 0.00, 0.00, 0.50","onepoint_0.5",257,202609537,"2.236067977499790,2.000000000000000,1.414213562373095,1.000000000000000","W","KW",1000,656,5,96
"unbalanced n, larger n with smaller SD",20,"10, 16, 24, 30",2,0,6,"0.00, 0.00, 0.00, 0.50","onepoint_0.5",257,202609537,"2.236067977499790,2.000000000000000,1.414213562373095,1.000000000000000","KW","F",1000,57,1,3
"unbalanced n, larger n with smaller SD",20,"10, 16, 24, 30",2,0,6,"0.00, 0.00, 0.00, 0.50","onepoint_0.5",257,202609537,"2.236067977499790,2.000000000000000,1.414213562373095,1.000000000000000","KW","W",1000,287,25,9
"unbalanced n, larger n with smaller SD",20,"10, 16, 24, 30",2,0,6,"0.00, 0.00, 0.00, 0.50","onepoint_0.5",257,202609537,"2.236067977499790,2.000000000000000,1.414213562373095,1.000000000000000","KW","KW",1000,656,0,0
"unbalanced n, larger n with smaller SD",20,"10, 16, 24, 30",3,0.5,1,"0.00, 0.00, 0.00, 0.50","onepoint_0.5",258,202609538,"2.236067977499790,2.000000000000000,1.414213562373095,1.000000000000000","F","F",1000,97,0,0
"unbalanced n, larger n with smaller SD",20,"10, 16, 24, 30",3,0.5,1,"0.00, 0.00, 0.00, 0.50","onepoint_0.5",258,202609538,"2.236067977499790,2.000000000000000,1.414213562373095,1.000000000000000","F","W",1000,642,41,36
"unbalanced n, larger n with smaller SD",20,"10, 16, 24, 30",3,0.5,1,"0.00, 0.00, 0.00, 0.50","onepoint_0.5",258,202609538,"2.236067977499790,2.000000000000000,1.414213562373095,1.000000000000000","F","KW",1000,261,3,34
"unbalanced n, larger n with smaller SD",20,"10, 16, 24, 30",3,0.5,1,"0.00, 0.00, 0.00, 0.50","onepoint_0.5",258,202609538,"2.236067977499790,2.000000000000000,1.414213562373095,1.000000000000000","W","F",1000,97,3,11
"unbalanced n, larger n with smaller SD",20,"10, 16, 24, 30",3,0.5,1,"0.00, 0.00, 0.00, 0.50","onepoint_0.5",258,202609538,"2.236067977499790,2.000000000000000,1.414213562373095,1.000000000000000","W","W",1000,642,0,0
"unbalanced n, larger n with smaller SD",20,"10, 16, 24, 30",3,0.5,1,"0.00, 0.00, 0.00, 0.50","onepoint_0.5",258,202609538,"2.236067977499790,2.000000000000000,1.414213562373095,1.000000000000000","W","KW",1000,261,3,36
"unbalanced n, larger n with smaller SD",20,"10, 16, 24, 30",3,0.5,1,"0.00, 0.00, 0.00, 0.50","onepoint_0.5",258,202609538,"2.236067977499790,2.000000000000000,1.414213562373095,1.000000000000000","KW","F",1000,97,4,8
"unbalanced n, larger n with smaller SD",20,"10, 16, 24, 30",3,0.5,1,"0.00, 0.00, 0.00, 0.50","onepoint_0.5",258,202609538,"2.236067977499790,2.000000000000000,1.414213562373095,1.000000000000000","KW","W",1000,642,38,19
"unbalanced n, larger n with smaller SD",20,"10, 16, 24, 30",3,0.5,1,"0.00, 0.00, 0.00, 0.50","onepoint_0.5",258,202609538,"2.236067977499790,2.000000000000000,1.414213562373095,1.000000000000000","KW","KW",1000,261,0,0
"unbalanced n, larger n with smaller SD",20,"10, 16, 24, 30",4,1,1.6,"0.00, 0.00, 0.00, 0.50","onepoint_0.5",259,202609539,"2.236067977499790,2.000000000000000,1.414213562373095,1.000000000000000","F","F",1000,42,0,0
"unbalanced n, larger n with smaller SD",20,"10, 16, 24, 30",4,1,1.6,"0.00, 0.00, 0.00, 0.50","onepoint_0.5",259,202609539,"2.236067977499790,2.000000000000000,1.414213562373095,1.000000000000000","F","W",1000,454,21,31
"unbalanced n, larger n with smaller SD",20,"10, 16, 24, 30",4,1,1.6,"0.00, 0.00, 0.00, 0.50","onepoint_0.5",259,202609539,"2.236067977499790,2.000000000000000,1.414213562373095,1.000000000000000","F","KW",1000,504,4,99
"unbalanced n, larger n with smaller SD",20,"10, 16, 24, 30",4,1,1.6,"0.00, 0.00, 0.00, 0.50","onepoint_0.5",259,202609539,"2.236067977499790,2.000000000000000,1.414213562373095,1.000000000000000","W","F",1000,42,1,1
"unbalanced n, larger n with smaller SD",20,"10, 16, 24, 30",4,1,1.6,"0.00, 0.00, 0.00, 0.50","onepoint_0.5",259,202609539,"2.236067977499790,2.000000000000000,1.414213562373095,1.000000000000000","W","W",1000,454,0,0
"unbalanced n, larger n with smaller SD",20,"10, 16, 24, 30",4,1,1.6,"0.00, 0.00, 0.00, 0.50","onepoint_0.5",259,202609539,"2.236067977499790,2.000000000000000,1.414213562373095,1.000000000000000","W","KW",1000,504,11,80
"unbalanced n, larger n with smaller SD",20,"10, 16, 24, 30",4,1,1.6,"0.00, 0.00, 0.00, 0.50","onepoint_0.5",259,202609539,"2.236067977499790,2.000000000000000,1.414213562373095,1.000000000000000","KW","F",1000,42,1,2
"unbalanced n, larger n with smaller SD",20,"10, 16, 24, 30",4,1,1.6,"0.00, 0.00, 0.00, 0.50","onepoint_0.5",259,202609539,"2.236067977499790,2.000000000000000,1.414213562373095,1.000000000000000","KW","W",1000,454,38,10
"unbalanced n, larger n with smaller SD",20,"10, 16, 24, 30",4,1,1.6,"0.00, 0.00, 0.00, 0.50","onepoint_0.5",259,202609539,"2.236067977499790,2.000000000000000,1.414213562373095,1.000000000000000","KW","KW",1000,504,0,0
"unbalanced n, larger n with smaller SD",20,"10, 16, 24, 30",5,2,6.6,"0.00, 0.00, 0.00, 0.50","onepoint_0.5",260,202609540,"2.236067977499790,2.000000000000000,1.414213562373095,1.000000000000000","F","F",1000,0,0,0
"unbalanced n, larger n with smaller SD",20,"10, 16, 24, 30",5,2,6.6,"0.00, 0.00, 0.00, 0.50","onepoint_0.5",260,202609540,"2.236067977499790,2.000000000000000,1.414213562373095,1.000000000000000","F","W",1000,33,0,8
"unbalanced n, larger n with smaller SD",20,"10, 16, 24, 30",5,2,6.6,"0.00, 0.00, 0.00, 0.50","onepoint_0.5",260,202609540,"2.236067977499790,2.000000000000000,1.414213562373095,1.000000000000000","F","KW",1000,967,7,360
"unbalanced n, larger n with smaller SD",20,"10, 16, 24, 30",5,2,6.6,"0.00, 0.00, 0.00, 0.50","onepoint_0.5",260,202609540,"2.236067977499790,2.000000000000000,1.414213562373095,1.000000000000000","W","F",1000,0,0,0
"unbalanced n, larger n with smaller SD",20,"10, 16, 24, 30",5,2,6.6,"0.00, 0.00, 0.00, 0.50","onepoint_0.5",260,202609540,"2.236067977499790,2.000000000000000,1.414213562373095,1.000000000000000","W","W",1000,33,0,0
"unbalanced n, larger n with smaller SD",20,"10, 16, 24, 30",5,2,6.6,"0.00, 0.00, 0.00, 0.50","onepoint_0.5",260,202609540,"2.236067977499790,2.000000000000000,1.414213562373095,1.000000000000000","W","KW",1000,967,6,294
"unbalanced n, larger n with smaller SD",20,"10, 16, 24, 30",5,2,6.6,"0.00, 0.00, 0.00, 0.50","onepoint_0.5",260,202609540,"2.236067977499790,2.000000000000000,1.414213562373095,1.000000000000000","KW","F",1000,0,0,0
"unbalanced n, larger n with smaller SD",20,"10, 16, 24, 30",5,2,6.6,"0.00, 0.00, 0.00, 0.50","onepoint_0.5",260,202609540,"2.236067977499790,2.000000000000000,1.414213562373095,1.000000000000000","KW","W",1000,33,0,3
"unbalanced n, larger n with smaller SD",20,"10, 16, 24, 30",5,2,6.6,"0.00, 0.00, 0.00, 0.50","onepoint_0.5",260,202609540,"2.236067977499790,2.000000000000000,1.414213562373095,1.000000000000000","KW","KW",1000,967,0,0
"unbalanced n, larger n with smaller SD",30,"15, 24, 36, 45",1,0,0,"0.00, 0.00, 0.00, 0.50","onepoint_0.5",261,202609541,"2.236067977499790,2.000000000000000,1.414213562373095,1.000000000000000","F","F",1000,28,0,0
"unbalanced n, larger n with smaller SD",30,"15, 24, 36, 45",1,0,0,"0.00, 0.00, 0.00, 0.50","onepoint_0.5",261,202609541,"2.236067977499790,2.000000000000000,1.414213562373095,1.000000000000000","F","W",1000,905,61,64
"unbalanced n, larger n with smaller SD",30,"15, 24, 36, 45",1,0,0,"0.00, 0.00, 0.00, 0.50","onepoint_0.5",261,202609541,"2.236067977499790,2.000000000000000,1.414213562373095,1.000000000000000","F","KW",1000,67,3,6
"unbalanced n, larger n with smaller SD",30,"15, 24, 36, 45",1,0,0,"0.00, 0.00, 0.00, 0.50","onepoint_0.5",261,202609541,"2.236067977499790,2.000000000000000,1.414213562373095,1.000000000000000","W","F",1000,28,0,3
"unbalanced n, larger n with smaller SD",30,"15, 24, 36, 45",1,0,0,"0.00, 0.00, 0.00, 0.50","onepoint_0.5",261,202609541,"2.236067977499790,2.000000000000000,1.414213562373095,1.000000000000000","W","W",1000,905,0,0
"unbalanced n, larger n with smaller SD",30,"15, 24, 36, 45",1,0,0,"0.00, 0.00, 0.00, 0.50","onepoint_0.5",261,202609541,"2.236067977499790,2.000000000000000,1.414213562373095,1.000000000000000","W","KW",1000,67,4,10
"unbalanced n, larger n with smaller SD",30,"15, 24, 36, 45",1,0,0,"0.00, 0.00, 0.00, 0.50","onepoint_0.5",261,202609541,"2.236067977499790,2.000000000000000,1.414213562373095,1.000000000000000","KW","F",1000,28,2,3
"unbalanced n, larger n with smaller SD",30,"15, 24, 36, 45",1,0,0,"0.00, 0.00, 0.00, 0.50","onepoint_0.5",261,202609541,"2.236067977499790,2.000000000000000,1.414213562373095,1.000000000000000","KW","W",1000,905,42,54
"unbalanced n, larger n with smaller SD",30,"15, 24, 36, 45",1,0,0,"0.00, 0.00, 0.00, 0.50","onepoint_0.5",261,202609541,"2.236067977499790,2.000000000000000,1.414213562373095,1.000000000000000","KW","KW",1000,67,0,0
"unbalanced n, larger n with smaller SD",30,"15, 24, 36, 45",2,0,6,"0.00, 0.00, 0.00, 0.50","onepoint_0.5",262,202609542,"2.236067977499790,2.000000000000000,1.414213562373095,1.000000000000000","F","F",1000,14,0,0
"unbalanced n, larger n with smaller SD",30,"15, 24, 36, 45",2,0,6,"0.00, 0.00, 0.00, 0.50","onepoint_0.5",262,202609542,"2.236067977499790,2.000000000000000,1.414213562373095,1.000000000000000","F","W",1000,196,16,19
"unbalanced n, larger n with smaller SD",30,"15, 24, 36, 45",2,0,6,"0.00, 0.00, 0.00, 0.50","onepoint_0.5",262,202609542,"2.236067977499790,2.000000000000000,1.414213562373095,1.000000000000000","F","KW",1000,790,21,154
"unbalanced n, larger n with smaller SD",30,"15, 24, 36, 45",2,0,6,"0.00, 0.00, 0.00, 0.50","onepoint_0.5",262,202609542,"2.236067977499790,2.000000000000000,1.414213562373095,1.000000000000000","W","F",1000,14,1,0
"unbalanced n, larger n with smaller SD",30,"15, 24, 36, 45",2,0,6,"0.00, 0.00, 0.00, 0.50","onepoint_0.5",262,202609542,"2.236067977499790,2.000000000000000,1.414213562373095,1.000000000000000","W","W",1000,196,0,0
"unbalanced n, larger n with smaller SD",30,"15, 24, 36, 45",2,0,6,"0.00, 0.00, 0.00, 0.50","onepoint_0.5",262,202609542,"2.236067977499790,2.000000000000000,1.414213562373095,1.000000000000000","W","KW",1000,790,12,143
"unbalanced n, larger n with smaller SD",30,"15, 24, 36, 45",2,0,6,"0.00, 0.00, 0.00, 0.50","onepoint_0.5",262,202609542,"2.236067977499790,2.000000000000000,1.414213562373095,1.000000000000000","KW","F",1000,14,1,0
"unbalanced n, larger n with smaller SD",30,"15, 24, 36, 45",2,0,6,"0.00, 0.00, 0.00, 0.50","onepoint_0.5",262,202609542,"2.236067977499790,2.000000000000000,1.414213562373095,1.000000000000000","KW","W",1000,196,20,7
"unbalanced n, larger n with smaller SD",30,"15, 24, 36, 45",2,0,6,"0.00, 0.00, 0.00, 0.50","onepoint_0.5",262,202609542,"2.236067977499790,2.000000000000000,1.414213562373095,1.000000000000000","KW","KW",1000,790,0,0
"unbalanced n, larger n with smaller SD",30,"15, 24, 36, 45",3,0.5,1,"0.00, 0.00, 0.00, 0.50","onepoint_0.5",263,202609543,"2.236067977499790,2.000000000000000,1.414213562373095,1.000000000000000","F","F",1000,19,0,0
"unbalanced n, larger n with smaller SD",30,"15, 24, 36, 45",3,0.5,1,"0.00, 0.00, 0.00, 0.50","onepoint_0.5",263,202609543,"2.236067977499790,2.000000000000000,1.414213562373095,1.000000000000000","F","W",1000,704,40,57
"unbalanced n, larger n with smaller SD",30,"15, 24, 36, 45",3,0.5,1,"0.00, 0.00, 0.00, 0.50","onepoint_0.5",263,202609543,"2.236067977499790,2.000000000000000,1.414213562373095,1.000000000000000","F","KW",1000,277,5,52
"unbalanced n, larger n with smaller SD",30,"15, 24, 36, 45",3,0.5,1,"0.00, 0.00, 0.00, 0.50","onepoint_0.5",263,202609543,"2.236067977499790,2.000000000000000,1.414213562373095,1.000000000000000","W","F",1000,19,0,0
"unbalanced n, larger n with smaller SD",30,"15, 24, 36, 45",3,0.5,1,"0.00, 0.00, 0.00, 0.50","onepoint_0.5",263,202609543,"2.236067977499790,2.000000000000000,1.414213562373095,1.000000000000000","W","W",1000,704,0,0
"unbalanced n, larger n with smaller SD",30,"15, 24, 36, 45",3,0.5,1,"0.00, 0.00, 0.00, 0.50","onepoint_0.5",263,202609543,"2.236067977499790,2.000000000000000,1.414213562373095,1.000000000000000","W","KW",1000,277,2,43
"unbalanced n, larger n with smaller SD",30,"15, 24, 36, 45",3,0.5,1,"0.00, 0.00, 0.00, 0.50","onepoint_0.5",263,202609543,"2.236067977499790,2.000000000000000,1.414213562373095,1.000000000000000","KW","F",1000,19,0,0
"unbalanced n, larger n with smaller SD",30,"15, 24, 36, 45",3,0.5,1,"0.00, 0.00, 0.00, 0.50","onepoint_0.5",263,202609543,"2.236067977499790,2.000000000000000,1.414213562373095,1.000000000000000","KW","W",1000,704,66,21
"unbalanced n, larger n with smaller SD",30,"15, 24, 36, 45",3,0.5,1,"0.00, 0.00, 0.00, 0.50","onepoint_0.5",263,202609543,"2.236067977499790,2.000000000000000,1.414213562373095,1.000000000000000","KW","KW",1000,277,0,0
"unbalanced n, larger n with smaller SD",30,"15, 24, 36, 45",4,1,1.6,"0.00, 0.00, 0.00, 0.50","onepoint_0.5",264,202609544,"2.236067977499790,2.000000000000000,1.414213562373095,1.000000000000000","F","F",1000,6,0,0
"unbalanced n, larger n with smaller SD",30,"15, 24, 36, 45",4,1,1.6,"0.00, 0.00, 0.00, 0.50","onepoint_0.5",264,202609544,"2.236067977499790,2.000000000000000,1.414213562373095,1.000000000000000","F","W",1000,281,11,31
"unbalanced n, larger n with smaller SD",30,"15, 24, 36, 45",4,1,1.6,"0.00, 0.00, 0.00, 0.50","onepoint_0.5",264,202609544,"2.236067977499790,2.000000000000000,1.414213562373095,1.000000000000000","F","KW",1000,713,8,191
"unbalanced n, larger n with smaller SD",30,"15, 24, 36, 45",4,1,1.6,"0.00, 0.00, 0.00, 0.50","onepoint_0.5",264,202609544,"2.236067977499790,2.000000000000000,1.414213562373095,1.000000000000000","W","F",1000,6,1,0
"unbalanced n, larger n with smaller SD",30,"15, 24, 36, 45",4,1,1.6,"0.00, 0.00, 0.00, 0.50","onepoint_0.5",264,202609544,"2.236067977499790,2.000000000000000,1.414213562373095,1.000000000000000","W","W",1000,281,0,0
"unbalanced n, larger n with smaller SD",30,"15, 24, 36, 45",4,1,1.6,"0.00, 0.00, 0.00, 0.50","onepoint_0.5",264,202609544,"2.236067977499790,2.000000000000000,1.414213562373095,1.000000000000000","W","KW",1000,713,10,140
"unbalanced n, larger n with smaller SD",30,"15, 24, 36, 45",4,1,1.6,"0.00, 0.00, 0.00, 0.50","onepoint_0.5",264,202609544,"2.236067977499790,2.000000000000000,1.414213562373095,1.000000000000000","KW","F",1000,6,0,0
"unbalanced n, larger n with smaller SD",30,"15, 24, 36, 45",4,1,1.6,"0.00, 0.00, 0.00, 0.50","onepoint_0.5",264,202609544,"2.236067977499790,2.000000000000000,1.414213562373095,1.000000000000000","KW","W",1000,281,28,9
"unbalanced n, larger n with smaller SD",30,"15, 24, 36, 45",4,1,1.6,"0.00, 0.00, 0.00, 0.50","onepoint_0.5",264,202609544,"2.236067977499790,2.000000000000000,1.414213562373095,1.000000000000000","KW","KW",1000,713,0,0
"unbalanced n, larger n with smaller SD",30,"15, 24, 36, 45",5,2,6.6,"0.00, 0.00, 0.00, 0.50","onepoint_0.5",265,202609545,"2.236067977499790,2.000000000000000,1.414213562373095,1.000000000000000","F","F",1000,0,0,0
"unbalanced n, larger n with smaller SD",30,"15, 24, 36, 45",5,2,6.6,"0.00, 0.00, 0.00, 0.50","onepoint_0.5",265,202609545,"2.236067977499790,2.000000000000000,1.414213562373095,1.000000000000000","F","W",1000,0,0,0
"unbalanced n, larger n with smaller SD",30,"15, 24, 36, 45",5,2,6.6,"0.00, 0.00, 0.00, 0.50","onepoint_0.5",265,202609545,"2.236067977499790,2.000000000000000,1.414213562373095,1.000000000000000","F","KW",1000,1000,2,475
"unbalanced n, larger n with smaller SD",30,"15, 24, 36, 45",5,2,6.6,"0.00, 0.00, 0.00, 0.50","onepoint_0.5",265,202609545,"2.236067977499790,2.000000000000000,1.414213562373095,1.000000000000000","W","F",1000,0,0,0
"unbalanced n, larger n with smaller SD",30,"15, 24, 36, 45",5,2,6.6,"0.00, 0.00, 0.00, 0.50","onepoint_0.5",265,202609545,"2.236067977499790,2.000000000000000,1.414213562373095,1.000000000000000","W","W",1000,0,0,0
"unbalanced n, larger n with smaller SD",30,"15, 24, 36, 45",5,2,6.6,"0.00, 0.00, 0.00, 0.50","onepoint_0.5",265,202609545,"2.236067977499790,2.000000000000000,1.414213562373095,1.000000000000000","W","KW",1000,1000,1,370
"unbalanced n, larger n with smaller SD",30,"15, 24, 36, 45",5,2,6.6,"0.00, 0.00, 0.00, 0.50","onepoint_0.5",265,202609545,"2.236067977499790,2.000000000000000,1.414213562373095,1.000000000000000","KW","F",1000,0,0,0
"unbalanced n, larger n with smaller SD",30,"15, 24, 36, 45",5,2,6.6,"0.00, 0.00, 0.00, 0.50","onepoint_0.5",265,202609545,"2.236067977499790,2.000000000000000,1.414213562373095,1.000000000000000","KW","W",1000,0,0,0
"unbalanced n, larger n with smaller SD",30,"15, 24, 36, 45",5,2,6.6,"0.00, 0.00, 0.00, 0.50","onepoint_0.5",265,202609545,"2.236067977499790,2.000000000000000,1.414213562373095,1.000000000000000","KW","KW",1000,1000,0,0
"unbalanced n, larger n with smaller SD",50,"25, 40, 60, 75",1,0,0,"0.00, 0.00, 0.00, 0.50","onepoint_0.5",266,202609546,"2.236067977499790,2.000000000000000,1.414213562373095,1.000000000000000","F","F",1000,2,0,0
"unbalanced n, larger n with smaller SD",50,"25, 40, 60, 75",1,0,0,"0.00, 0.00, 0.00, 0.50","onepoint_0.5",266,202609546,"2.236067977499790,2.000000000000000,1.414213562373095,1.000000000000000","F","W",1000,954,38,96
"unbalanced n, larger n with smaller SD",50,"25, 40, 60, 75",1,0,0,"0.00, 0.00, 0.00, 0.50","onepoint_0.5",266,202609546,"2.236067977499790,2.000000000000000,1.414213562373095,1.000000000000000","F","KW",1000,44,3,5
"unbalanced n, larger n with smaller SD",50,"25, 40, 60, 75",1,0,0,"0.00, 0.00, 0.00, 0.50","onepoint_0.5",266,202609546,"2.236067977499790,2.000000000000000,1.414213562373095,1.000000000000000","W","F",1000,2,0,0
"unbalanced n, larger n with smaller SD",50,"25, 40, 60, 75",1,0,0,"0.00, 0.00, 0.00, 0.50","onepoint_0.5",266,202609546,"2.236067977499790,2.000000000000000,1.414213562373095,1.000000000000000","W","W",1000,954,0,0
"unbalanced n, larger n with smaller SD",50,"25, 40, 60, 75",1,0,0,"0.00, 0.00, 0.00, 0.50","onepoint_0.5",266,202609546,"2.236067977499790,2.000000000000000,1.414213562373095,1.000000000000000","W","KW",1000,44,2,1
"unbalanced n, larger n with smaller SD",50,"25, 40, 60, 75",1,0,0,"0.00, 0.00, 0.00, 0.50","onepoint_0.5",266,202609546,"2.236067977499790,2.000000000000000,1.414213562373095,1.000000000000000","KW","F",1000,2,0,0
"unbalanced n, larger n with smaller SD",50,"25, 40, 60, 75",1,0,0,"0.00, 0.00, 0.00, 0.50","onepoint_0.5",266,202609546,"2.236067977499790,2.000000000000000,1.414213562373095,1.000000000000000","KW","W",1000,954,34,74
"unbalanced n, larger n with smaller SD",50,"25, 40, 60, 75",1,0,0,"0.00, 0.00, 0.00, 0.50","onepoint_0.5",266,202609546,"2.236067977499790,2.000000000000000,1.414213562373095,1.000000000000000","KW","KW",1000,44,0,0
"unbalanced n, larger n with smaller SD",50,"25, 40, 60, 75",2,0,6,"0.00, 0.00, 0.00, 0.50","onepoint_0.5",267,202609547,"2.236067977499790,2.000000000000000,1.414213562373095,1.000000000000000","F","F",1000,0,0,0
"unbalanced n, larger n with smaller SD",50,"25, 40, 60, 75",2,0,6,"0.00, 0.00, 0.00, 0.50","onepoint_0.5",267,202609547,"2.236067977499790,2.000000000000000,1.414213562373095,1.000000000000000","F","W",1000,72,5,7
"unbalanced n, larger n with smaller SD",50,"25, 40, 60, 75",2,0,6,"0.00, 0.00, 0.00, 0.50","onepoint_0.5",267,202609547,"2.236067977499790,2.000000000000000,1.414213562373095,1.000000000000000","F","KW",1000,928,22,233
"unbalanced n, larger n with smaller SD",50,"25, 40, 60, 75",2,0,6,"0.00, 0.00, 0.00, 0.50","onepoint_0.5",267,202609547,"2.236067977499790,2.000000000000000,1.414213562373095,1.000000000000000","W","F",1000,0,0,0
"unbalanced n, larger n with smaller SD",50,"25, 40, 60, 75",2,0,6,"0.00, 0.00, 0.00, 0.50","onepoint_0.5",267,202609547,"2.236067977499790,2.000000000000000,1.414213562373095,1.000000000000000","W","W",1000,72,0,0
"unbalanced n, larger n with smaller SD",50,"25, 40, 60, 75",2,0,6,"0.00, 0.00, 0.00, 0.50","onepoint_0.5",267,202609547,"2.236067977499790,2.000000000000000,1.414213562373095,1.000000000000000","W","KW",1000,928,14,154
"unbalanced n, larger n with smaller SD",50,"25, 40, 60, 75",2,0,6,"0.00, 0.00, 0.00, 0.50","onepoint_0.5",267,202609547,"2.236067977499790,2.000000000000000,1.414213562373095,1.000000000000000","KW","F",1000,0,0,0
"unbalanced n, larger n with smaller SD",50,"25, 40, 60, 75",2,0,6,"0.00, 0.00, 0.00, 0.50","onepoint_0.5",267,202609547,"2.236067977499790,2.000000000000000,1.414213562373095,1.000000000000000","KW","W",1000,72,9,1
"unbalanced n, larger n with smaller SD",50,"25, 40, 60, 75",2,0,6,"0.00, 0.00, 0.00, 0.50","onepoint_0.5",267,202609547,"2.236067977499790,2.000000000000000,1.414213562373095,1.000000000000000","KW","KW",1000,928,0,0
"unbalanced n, larger n with smaller SD",50,"25, 40, 60, 75",3,0.5,1,"0.00, 0.00, 0.00, 0.50","onepoint_0.5",268,202609548,"2.236067977499790,2.000000000000000,1.414213562373095,1.000000000000000","F","F",1000,2,0,0
"unbalanced n, larger n with smaller SD",50,"25, 40, 60, 75",3,0.5,1,"0.00, 0.00, 0.00, 0.50","onepoint_0.5",268,202609548,"2.236067977499790,2.000000000000000,1.414213562373095,1.000000000000000","F","W",1000,572,19,60
"unbalanced n, larger n with smaller SD",50,"25, 40, 60, 75",3,0.5,1,"0.00, 0.00, 0.00, 0.50","onepoint_0.5",268,202609548,"2.236067977499790,2.000000000000000,1.414213562373095,1.000000000000000","F","KW",1000,426,7,107
"unbalanced n, larger n with smaller SD",50,"25, 40, 60, 75",3,0.5,1,"0.00, 0.00, 0.00, 0.50","onepoint_0.5",268,202609548,"2.236067977499790,2.000000000000000,1.414213562373095,1.000000000000000","W","F",1000,2,0,0
"unbalanced n, larger n with smaller SD",50,"25, 40, 60, 75",3,0.5,1,"0.00, 0.00, 0.00, 0.50","onepoint_0.5",268,202609548,"2.236067977499790,2.000000000000000,1.414213562373095,1.000000000000000","W","W",1000,572,0,0
"unbalanced n, larger n with smaller SD",50,"25, 40, 60, 75",3,0.5,1,"0.00, 0.00, 0.00, 0.50","onepoint_0.5",268,202609548,"2.236067977499790,2.000000000000000,1.414213562373095,1.000000000000000","W","KW",1000,426,2,71
"unbalanced n, larger n with smaller SD",50,"25, 40, 60, 75",3,0.5,1,"0.00, 0.00, 0.00, 0.50","onepoint_0.5",268,202609548,"2.236067977499790,2.000000000000000,1.414213562373095,1.000000000000000","KW","F",1000,2,0,0
"unbalanced n, larger n with smaller SD",50,"25, 40, 60, 75",3,0.5,1,"0.00, 0.00, 0.00, 0.50","onepoint_0.5",268,202609548,"2.236067977499790,2.000000000000000,1.414213562373095,1.000000000000000","KW","W",1000,572,42,12
"unbalanced n, larger n with smaller SD",50,"25, 40, 60, 75",3,0.5,1,"0.00, 0.00, 0.00, 0.50","onepoint_0.5",268,202609548,"2.236067977499790,2.000000000000000,1.414213562373095,1.000000000000000","KW","KW",1000,426,0,0
"unbalanced n, larger n with smaller SD",50,"25, 40, 60, 75",4,1,1.6,"0.00, 0.00, 0.00, 0.50","onepoint_0.5",269,202609549,"2.236067977499790,2.000000000000000,1.414213562373095,1.000000000000000","F","F",1000,0,0,0
"unbalanced n, larger n with smaller SD",50,"25, 40, 60, 75",4,1,1.6,"0.00, 0.00, 0.00, 0.50","onepoint_0.5",269,202609549,"2.236067977499790,2.000000000000000,1.414213562373095,1.000000000000000","F","W",1000,66,3,9
"unbalanced n, larger n with smaller SD",50,"25, 40, 60, 75",4,1,1.6,"0.00, 0.00, 0.00, 0.50","onepoint_0.5",269,202609549,"2.236067977499790,2.000000000000000,1.414213562373095,1.000000000000000","F","KW",1000,934,6,291
"unbalanced n, larger n with smaller SD",50,"25, 40, 60, 75",4,1,1.6,"0.00, 0.00, 0.00, 0.50","onepoint_0.5",269,202609549,"2.236067977499790,2.000000000000000,1.414213562373095,1.000000000000000","W","F",1000,0,0,0
"unbalanced n, larger n with smaller SD",50,"25, 40, 60, 75",4,1,1.6,"0.00, 0.00, 0.00, 0.50","onepoint_0.5",269,202609549,"2.236067977499790,2.000000000000000,1.414213562373095,1.000000000000000","W","W",1000,66,0,0
"unbalanced n, larger n with smaller SD",50,"25, 40, 60, 75",4,1,1.6,"0.00, 0.00, 0.00, 0.50","onepoint_0.5",269,202609549,"2.236067977499790,2.000000000000000,1.414213562373095,1.000000000000000","W","KW",1000,934,3,200
"unbalanced n, larger n with smaller SD",50,"25, 40, 60, 75",4,1,1.6,"0.00, 0.00, 0.00, 0.50","onepoint_0.5",269,202609549,"2.236067977499790,2.000000000000000,1.414213562373095,1.000000000000000","KW","F",1000,0,0,0
"unbalanced n, larger n with smaller SD",50,"25, 40, 60, 75",4,1,1.6,"0.00, 0.00, 0.00, 0.50","onepoint_0.5",269,202609549,"2.236067977499790,2.000000000000000,1.414213562373095,1.000000000000000","KW","W",1000,66,12,0
"unbalanced n, larger n with smaller SD",50,"25, 40, 60, 75",4,1,1.6,"0.00, 0.00, 0.00, 0.50","onepoint_0.5",269,202609549,"2.236067977499790,2.000000000000000,1.414213562373095,1.000000000000000","KW","KW",1000,934,0,0
"unbalanced n, larger n with smaller SD",50,"25, 40, 60, 75",5,2,6.6,"0.00, 0.00, 0.00, 0.50","onepoint_0.5",270,202609550,"2.236067977499790,2.000000000000000,1.414213562373095,1.000000000000000","F","F",1000,0,0,0
"unbalanced n, larger n with smaller SD",50,"25, 40, 60, 75",5,2,6.6,"0.00, 0.00, 0.00, 0.50","onepoint_0.5",270,202609550,"2.236067977499790,2.000000000000000,1.414213562373095,1.000000000000000","F","W",1000,0,0,0
"unbalanced n, larger n with smaller SD",50,"25, 40, 60, 75",5,2,6.6,"0.00, 0.00, 0.00, 0.50","onepoint_0.5",270,202609550,"2.236067977499790,2.000000000000000,1.414213562373095,1.000000000000000","F","KW",1000,1000,1,434
"unbalanced n, larger n with smaller SD",50,"25, 40, 60, 75",5,2,6.6,"0.00, 0.00, 0.00, 0.50","onepoint_0.5",270,202609550,"2.236067977499790,2.000000000000000,1.414213562373095,1.000000000000000","W","F",1000,0,0,0
"unbalanced n, larger n with smaller SD",50,"25, 40, 60, 75",5,2,6.6,"0.00, 0.00, 0.00, 0.50","onepoint_0.5",270,202609550,"2.236067977499790,2.000000000000000,1.414213562373095,1.000000000000000","W","W",1000,0,0,0
"unbalanced n, larger n with smaller SD",50,"25, 40, 60, 75",5,2,6.6,"0.00, 0.00, 0.00, 0.50","onepoint_0.5",270,202609550,"2.236067977499790,2.000000000000000,1.414213562373095,1.000000000000000","W","KW",1000,1000,0,325
"unbalanced n, larger n with smaller SD",50,"25, 40, 60, 75",5,2,6.6,"0.00, 0.00, 0.00, 0.50","onepoint_0.5",270,202609550,"2.236067977499790,2.000000000000000,1.414213562373095,1.000000000000000","KW","F",1000,0,0,0
"unbalanced n, larger n with smaller SD",50,"25, 40, 60, 75",5,2,6.6,"0.00, 0.00, 0.00, 0.50","onepoint_0.5",270,202609550,"2.236067977499790,2.000000000000000,1.414213562373095,1.000000000000000","KW","W",1000,0,0,0
"unbalanced n, larger n with smaller SD",50,"25, 40, 60, 75",5,2,6.6,"0.00, 0.00, 0.00, 0.50","onepoint_0.5",270,202609550,"2.236067977499790,2.000000000000000,1.414213562373095,1.000000000000000","KW","KW",1000,1000,0,0
"unbalanced n, larger n with smaller SD",100,"50, 80, 120, 150",1,0,0,"0.00, 0.00, 0.00, 0.50","onepoint_0.5",271,202609551,"2.236067977499790,2.000000000000000,1.414213562373095,1.000000000000000","F","F",1000,0,0,0
"unbalanced n, larger n with smaller SD",100,"50, 80, 120, 150",1,0,0,"0.00, 0.00, 0.00, 0.50","onepoint_0.5",271,202609551,"2.236067977499790,2.000000000000000,1.414213562373095,1.000000000000000","F","W",1000,947,6,59
"unbalanced n, larger n with smaller SD",100,"50, 80, 120, 150",1,0,0,"0.00, 0.00, 0.00, 0.50","onepoint_0.5",271,202609551,"2.236067977499790,2.000000000000000,1.414213562373095,1.000000000000000","F","KW",1000,53,0,4
"unbalanced n, larger n with smaller SD",100,"50, 80, 120, 150",1,0,0,"0.00, 0.00, 0.00, 0.50","onepoint_0.5",271,202609551,"2.236067977499790,2.000000000000000,1.414213562373095,1.000000000000000","W","F",1000,0,0,0
"unbalanced n, larger n with smaller SD",100,"50, 80, 120, 150",1,0,0,"0.00, 0.00, 0.00, 0.50","onepoint_0.5",271,202609551,"2.236067977499790,2.000000000000000,1.414213562373095,1.000000000000000","W","W",1000,947,0,0
"unbalanced n, larger n with smaller SD",100,"50, 80, 120, 150",1,0,0,"0.00, 0.00, 0.00, 0.50","onepoint_0.5",271,202609551,"2.236067977499790,2.000000000000000,1.414213562373095,1.000000000000000","W","KW",1000,53,0,0
"unbalanced n, larger n with smaller SD",100,"50, 80, 120, 150",1,0,0,"0.00, 0.00, 0.00, 0.50","onepoint_0.5",271,202609551,"2.236067977499790,2.000000000000000,1.414213562373095,1.000000000000000","KW","F",1000,0,0,0
"unbalanced n, larger n with smaller SD",100,"50, 80, 120, 150",1,0,0,"0.00, 0.00, 0.00, 0.50","onepoint_0.5",271,202609551,"2.236067977499790,2.000000000000000,1.414213562373095,1.000000000000000","KW","W",1000,947,12,42
"unbalanced n, larger n with smaller SD",100,"50, 80, 120, 150",1,0,0,"0.00, 0.00, 0.00, 0.50","onepoint_0.5",271,202609551,"2.236067977499790,2.000000000000000,1.414213562373095,1.000000000000000","KW","KW",1000,53,0,0
"unbalanced n, larger n with smaller SD",100,"50, 80, 120, 150",2,0,6,"0.00, 0.00, 0.00, 0.50","onepoint_0.5",272,202609552,"2.236067977499790,2.000000000000000,1.414213562373095,1.000000000000000","F","F",1000,0,0,0
"unbalanced n, larger n with smaller SD",100,"50, 80, 120, 150",2,0,6,"0.00, 0.00, 0.00, 0.50","onepoint_0.5",272,202609552,"2.236067977499790,2.000000000000000,1.414213562373095,1.000000000000000","F","W",1000,0,0,0
"unbalanced n, larger n with smaller SD",100,"50, 80, 120, 150",2,0,6,"0.00, 0.00, 0.00, 0.50","onepoint_0.5",272,202609552,"2.236067977499790,2.000000000000000,1.414213562373095,1.000000000000000","F","KW",1000,1000,1,147
"unbalanced n, larger n with smaller SD",100,"50, 80, 120, 150",2,0,6,"0.00, 0.00, 0.00, 0.50","onepoint_0.5",272,202609552,"2.236067977499790,2.000000000000000,1.414213562373095,1.000000000000000","W","F",1000,0,0,0
"unbalanced n, larger n with smaller SD",100,"50, 80, 120, 150",2,0,6,"0.00, 0.00, 0.00, 0.50","onepoint_0.5",272,202609552,"2.236067977499790,2.000000000000000,1.414213562373095,1.000000000000000","W","W",1000,0,0,0
"unbalanced n, larger n with smaller SD",100,"50, 80, 120, 150",2,0,6,"0.00, 0.00, 0.00, 0.50","onepoint_0.5",272,202609552,"2.236067977499790,2.000000000000000,1.414213562373095,1.000000000000000","W","KW",1000,1000,0,98
"unbalanced n, larger n with smaller SD",100,"50, 80, 120, 150",2,0,6,"0.00, 0.00, 0.00, 0.50","onepoint_0.5",272,202609552,"2.236067977499790,2.000000000000000,1.414213562373095,1.000000000000000","KW","F",1000,0,0,0
"unbalanced n, larger n with smaller SD",100,"50, 80, 120, 150",2,0,6,"0.00, 0.00, 0.00, 0.50","onepoint_0.5",272,202609552,"2.236067977499790,2.000000000000000,1.414213562373095,1.000000000000000","KW","W",1000,0,0,0
"unbalanced n, larger n with smaller SD",100,"50, 80, 120, 150",2,0,6,"0.00, 0.00, 0.00, 0.50","onepoint_0.5",272,202609552,"2.236067977499790,2.000000000000000,1.414213562373095,1.000000000000000","KW","KW",1000,1000,0,0
"unbalanced n, larger n with smaller SD",100,"50, 80, 120, 150",3,0.5,1,"0.00, 0.00, 0.00, 0.50","onepoint_0.5",273,202609553,"2.236067977499790,2.000000000000000,1.414213562373095,1.000000000000000","F","F",1000,0,0,0
"unbalanced n, larger n with smaller SD",100,"50, 80, 120, 150",3,0.5,1,"0.00, 0.00, 0.00, 0.50","onepoint_0.5",273,202609553,"2.236067977499790,2.000000000000000,1.414213562373095,1.000000000000000","F","W",1000,297,4,25
"unbalanced n, larger n with smaller SD",100,"50, 80, 120, 150",3,0.5,1,"0.00, 0.00, 0.00, 0.50","onepoint_0.5",273,202609553,"2.236067977499790,2.000000000000000,1.414213562373095,1.000000000000000","F","KW",1000,703,1,78
"unbalanced n, larger n with smaller SD",100,"50, 80, 120, 150",3,0.5,1,"0.00, 0.00, 0.00, 0.50","onepoint_0.5",273,202609553,"2.236067977499790,2.000000000000000,1.414213562373095,1.000000000000000","W","F",1000,0,0,0
"unbalanced n, larger n with smaller SD",100,"50, 80, 120, 150",3,0.5,1,"0.00, 0.00, 0.00, 0.50","onepoint_0.5",273,202609553,"2.236067977499790,2.000000000000000,1.414213562373095,1.000000000000000","W","W",1000,297,0,0
"unbalanced n, larger n with smaller SD",100,"50, 80, 120, 150",3,0.5,1,"0.00, 0.00, 0.00, 0.50","onepoint_0.5",273,202609553,"2.236067977499790,2.000000000000000,1.414213562373095,1.000000000000000","W","KW",1000,703,1,47
"unbalanced n, larger n with smaller SD",100,"50, 80, 120, 150",3,0.5,1,"0.00, 0.00, 0.00, 0.50","onepoint_0.5",273,202609553,"2.236067977499790,2.000000000000000,1.414213562373095,1.000000000000000","KW","F",1000,0,0,0
"unbalanced n, larger n with smaller SD",100,"50, 80, 120, 150",3,0.5,1,"0.00, 0.00, 0.00, 0.50","onepoint_0.5",273,202609553,"2.236067977499790,2.000000000000000,1.414213562373095,1.000000000000000","KW","W",1000,297,11,0
"unbalanced n, larger n with smaller SD",100,"50, 80, 120, 150",3,0.5,1,"0.00, 0.00, 0.00, 0.50","onepoint_0.5",273,202609553,"2.236067977499790,2.000000000000000,1.414213562373095,1.000000000000000","KW","KW",1000,703,0,0
"unbalanced n, larger n with smaller SD",100,"50, 80, 120, 150",4,1,1.6,"0.00, 0.00, 0.00, 0.50","onepoint_0.5",274,202609554,"2.236067977499790,2.000000000000000,1.414213562373095,1.000000000000000","F","F",1000,0,0,0
"unbalanced n, larger n with smaller SD",100,"50, 80, 120, 150",4,1,1.6,"0.00, 0.00, 0.00, 0.50","onepoint_0.5",274,202609554,"2.236067977499790,2.000000000000000,1.414213562373095,1.000000000000000","F","W",1000,1,0,0
"unbalanced n, larger n with smaller SD",100,"50, 80, 120, 150",4,1,1.6,"0.00, 0.00, 0.00, 0.50","onepoint_0.5",274,202609554,"2.236067977499790,2.000000000000000,1.414213562373095,1.000000000000000","F","KW",1000,999,0,168
"unbalanced n, larger n with smaller SD",100,"50, 80, 120, 150",4,1,1.6,"0.00, 0.00, 0.00, 0.50","onepoint_0.5",274,202609554,"2.236067977499790,2.000000000000000,1.414213562373095,1.000000000000000","W","F",1000,0,0,0
"unbalanced n, larger n with smaller SD",100,"50, 80, 120, 150",4,1,1.6,"0.00, 0.00, 0.00, 0.50","onepoint_0.5",274,202609554,"2.236067977499790,2.000000000000000,1.414213562373095,1.000000000000000","W","W",1000,1,0,0
"unbalanced n, larger n with smaller SD",100,"50, 80, 120, 150",4,1,1.6,"0.00, 0.00, 0.00, 0.50","onepoint_0.5",274,202609554,"2.236067977499790,2.000000000000000,1.414213562373095,1.000000000000000","W","KW",1000,999,0,89
"unbalanced n, larger n with smaller SD",100,"50, 80, 120, 150",4,1,1.6,"0.00, 0.00, 0.00, 0.50","onepoint_0.5",274,202609554,"2.236067977499790,2.000000000000000,1.414213562373095,1.000000000000000","KW","F",1000,0,0,0
"unbalanced n, larger n with smaller SD",100,"50, 80, 120, 150",4,1,1.6,"0.00, 0.00, 0.00, 0.50","onepoint_0.5",274,202609554,"2.236067977499790,2.000000000000000,1.414213562373095,1.000000000000000","KW","W",1000,1,0,0
"unbalanced n, larger n with smaller SD",100,"50, 80, 120, 150",4,1,1.6,"0.00, 0.00, 0.00, 0.50","onepoint_0.5",274,202609554,"2.236067977499790,2.000000000000000,1.414213562373095,1.000000000000000","KW","KW",1000,999,0,0
"unbalanced n, larger n with smaller SD",100,"50, 80, 120, 150",5,2,6.6,"0.00, 0.00, 0.00, 0.50","onepoint_0.5",275,202609555,"2.236067977499790,2.000000000000000,1.414213562373095,1.000000000000000","F","F",1000,0,0,0
"unbalanced n, larger n with smaller SD",100,"50, 80, 120, 150",5,2,6.6,"0.00, 0.00, 0.00, 0.50","onepoint_0.5",275,202609555,"2.236067977499790,2.000000000000000,1.414213562373095,1.000000000000000","F","W",1000,0,0,0
"unbalanced n, larger n with smaller SD",100,"50, 80, 120, 150",5,2,6.6,"0.00, 0.00, 0.00, 0.50","onepoint_0.5",275,202609555,"2.236067977499790,2.000000000000000,1.414213562373095,1.000000000000000","F","KW",1000,1000,0,183
"unbalanced n, larger n with smaller SD",100,"50, 80, 120, 150",5,2,6.6,"0.00, 0.00, 0.00, 0.50","onepoint_0.5",275,202609555,"2.236067977499790,2.000000000000000,1.414213562373095,1.000000000000000","W","F",1000,0,0,0
"unbalanced n, larger n with smaller SD",100,"50, 80, 120, 150",5,2,6.6,"0.00, 0.00, 0.00, 0.50","onepoint_0.5",275,202609555,"2.236067977499790,2.000000000000000,1.414213562373095,1.000000000000000","W","W",1000,0,0,0
"unbalanced n, larger n with smaller SD",100,"50, 80, 120, 150",5,2,6.6,"0.00, 0.00, 0.00, 0.50","onepoint_0.5",275,202609555,"2.236067977499790,2.000000000000000,1.414213562373095,1.000000000000000","W","KW",1000,1000,0,92
"unbalanced n, larger n with smaller SD",100,"50, 80, 120, 150",5,2,6.6,"0.00, 0.00, 0.00, 0.50","onepoint_0.5",275,202609555,"2.236067977499790,2.000000000000000,1.414213562373095,1.000000000000000","KW","F",1000,0,0,0
"unbalanced n, larger n with smaller SD",100,"50, 80, 120, 150",5,2,6.6,"0.00, 0.00, 0.00, 0.50","onepoint_0.5",275,202609555,"2.236067977499790,2.000000000000000,1.414213562373095,1.000000000000000","KW","W",1000,0,0,0
"unbalanced n, larger n with smaller SD",100,"50, 80, 120, 150",5,2,6.6,"0.00, 0.00, 0.00, 0.50","onepoint_0.5",275,202609555,"2.236067977499790,2.000000000000000,1.414213562373095,1.000000000000000","KW","KW",1000,1000,0,0
"balanced n, equal SD",10,"10, 10, 10, 10",1,0,0,"0.00, 0.00, 0.00, 1.00","onepoint_1",276,202609556,"1,1,1,1","F","F",1000,895,0,0
"balanced n, equal SD",10,"10, 10, 10, 10",1,0,0,"0.00, 0.00, 0.00, 1.00","onepoint_1",276,202609556,"1,1,1,1","F","W",1000,59,4,6
"balanced n, equal SD",10,"10, 10, 10, 10",1,0,0,"0.00, 0.00, 0.00, 1.00","onepoint_1",276,202609556,"1,1,1,1","F","KW",1000,46,5,0
"balanced n, equal SD",10,"10, 10, 10, 10",1,0,0,"0.00, 0.00, 0.00, 1.00","onepoint_1",276,202609556,"1,1,1,1","W","F",1000,895,29,70
"balanced n, equal SD",10,"10, 10, 10, 10",1,0,0,"0.00, 0.00, 0.00, 1.00","onepoint_1",276,202609556,"1,1,1,1","W","W",1000,59,0,0
"balanced n, equal SD",10,"10, 10, 10, 10",1,0,0,"0.00, 0.00, 0.00, 1.00","onepoint_1",276,202609556,"1,1,1,1","W","KW",1000,46,3,3
"balanced n, equal SD",10,"10, 10, 10, 10",1,0,0,"0.00, 0.00, 0.00, 1.00","onepoint_1",276,202609556,"1,1,1,1","KW","F",1000,895,16,61
"balanced n, equal SD",10,"10, 10, 10, 10",1,0,0,"0.00, 0.00, 0.00, 1.00","onepoint_1",276,202609556,"1,1,1,1","KW","W",1000,59,0,6
"balanced n, equal SD",10,"10, 10, 10, 10",1,0,0,"0.00, 0.00, 0.00, 1.00","onepoint_1",276,202609556,"1,1,1,1","KW","KW",1000,46,0,0
"balanced n, equal SD",10,"10, 10, 10, 10",2,0,6,"0.00, 0.00, 0.00, 1.00","onepoint_1",277,202609557,"1,1,1,1","F","F",1000,499,0,0
"balanced n, equal SD",10,"10, 10, 10, 10",2,0,6,"0.00, 0.00, 0.00, 1.00","onepoint_1",277,202609557,"1,1,1,1","F","W",1000,70,3,13
"balanced n, equal SD",10,"10, 10, 10, 10",2,0,6,"0.00, 0.00, 0.00, 1.00","onepoint_1",277,202609557,"1,1,1,1","F","KW",1000,431,6,94
"balanced n, equal SD",10,"10, 10, 10, 10",2,0,6,"0.00, 0.00, 0.00, 1.00","onepoint_1",277,202609557,"1,1,1,1","W","F",1000,499,23,45
"balanced n, equal SD",10,"10, 10, 10, 10",2,0,6,"0.00, 0.00, 0.00, 1.00","onepoint_1",277,202609557,"1,1,1,1","W","W",1000,70,0,0
"balanced n, equal SD",10,"10, 10, 10, 10",2,0,6,"0.00, 0.00, 0.00, 1.00","onepoint_1",277,202609557,"1,1,1,1","W","KW",1000,431,5,79
"balanced n, equal SD",10,"10, 10, 10, 10",2,0,6,"0.00, 0.00, 0.00, 1.00","onepoint_1",277,202609557,"1,1,1,1","KW","F",1000,499,25,26
"balanced n, equal SD",10,"10, 10, 10, 10",2,0,6,"0.00, 0.00, 0.00, 1.00","onepoint_1",277,202609557,"1,1,1,1","KW","W",1000,70,1,7
"balanced n, equal SD",10,"10, 10, 10, 10",2,0,6,"0.00, 0.00, 0.00, 1.00","onepoint_1",277,202609557,"1,1,1,1","KW","KW",1000,431,0,0
"balanced n, equal SD",10,"10, 10, 10, 10",3,0.5,1,"0.00, 0.00, 0.00, 1.00","onepoint_1",278,202609558,"1,1,1,1","F","F",1000,759,0,0
"balanced n, equal SD",10,"10, 10, 10, 10",3,0.5,1,"0.00, 0.00, 0.00, 1.00","onepoint_1",278,202609558,"1,1,1,1","F","W",1000,70,6,7
"balanced n, equal SD",10,"10, 10, 10, 10",3,0.5,1,"0.00, 0.00, 0.00, 1.00","onepoint_1",278,202609558,"1,1,1,1","F","KW",1000,171,3,18
"balanced n, equal SD",10,"10, 10, 10, 10",3,0.5,1,"0.00, 0.00, 0.00, 1.00","onepoint_1",278,202609558,"1,1,1,1","W","F",1000,759,32,59
"balanced n, equal SD",10,"10, 10, 10, 10",3,0.5,1,"0.00, 0.00, 0.00, 1.00","onepoint_1",278,202609558,"1,1,1,1","W","W",1000,70,0,0
"balanced n, equal SD",10,"10, 10, 10, 10",3,0.5,1,"0.00, 0.00, 0.00, 1.00","onepoint_1",278,202609558,"1,1,1,1","W","KW",1000,171,4,22
"balanced n, equal SD",10,"10, 10, 10, 10",3,0.5,1,"0.00, 0.00, 0.00, 1.00","onepoint_1",278,202609558,"1,1,1,1","KW","F",1000,759,17,55
"balanced n, equal SD",10,"10, 10, 10, 10",3,0.5,1,"0.00, 0.00, 0.00, 1.00","onepoint_1",278,202609558,"1,1,1,1","KW","W",1000,70,2,5
"balanced n, equal SD",10,"10, 10, 10, 10",3,0.5,1,"0.00, 0.00, 0.00, 1.00","onepoint_1",278,202609558,"1,1,1,1","KW","KW",1000,171,0,0
"balanced n, equal SD",10,"10, 10, 10, 10",4,1,1.6,"0.00, 0.00, 0.00, 1.00","onepoint_1",279,202609559,"1,1,1,1","F","F",1000,499,0,0
"balanced n, equal SD",10,"10, 10, 10, 10",4,1,1.6,"0.00, 0.00, 0.00, 1.00","onepoint_1",279,202609559,"1,1,1,1","F","W",1000,102,7,18
"balanced n, equal SD",10,"10, 10, 10, 10",4,1,1.6,"0.00, 0.00, 0.00, 1.00","onepoint_1",279,202609559,"1,1,1,1","F","KW",1000,399,13,42
"balanced n, equal SD",10,"10, 10, 10, 10",4,1,1.6,"0.00, 0.00, 0.00, 1.00","onepoint_1",279,202609559,"1,1,1,1","W","F",1000,499,26,26
"balanced n, equal SD",10,"10, 10, 10, 10",4,1,1.6,"0.00, 0.00, 0.00, 1.00","onepoint_1",279,202609559,"1,1,1,1","W","W",1000,102,0,0
"balanced n, equal SD",10,"10, 10, 10, 10",4,1,1.6,"0.00, 0.00, 0.00, 1.00","onepoint_1",279,202609559,"1,1,1,1","W","KW",1000,399,8,30
"balanced n, equal SD",10,"10, 10, 10, 10",4,1,1.6,"0.00, 0.00, 0.00, 1.00","onepoint_1",279,202609559,"1,1,1,1","KW","F",1000,499,9,28
"balanced n, equal SD",10,"10, 10, 10, 10",4,1,1.6,"0.00, 0.00, 0.00, 1.00","onepoint_1",279,202609559,"1,1,1,1","KW","W",1000,102,1,13
"balanced n, equal SD",10,"10, 10, 10, 10",4,1,1.6,"0.00, 0.00, 0.00, 1.00","onepoint_1",279,202609559,"1,1,1,1","KW","KW",1000,399,0,0
"balanced n, equal SD",10,"10, 10, 10, 10",5,2,6.6,"0.00, 0.00, 0.00, 1.00","onepoint_1",280,202609560,"1,1,1,1","F","F",1000,81,0,0
"balanced n, equal SD",10,"10, 10, 10, 10",5,2,6.6,"0.00, 0.00, 0.00, 1.00","onepoint_1",280,202609560,"1,1,1,1","F","W",1000,106,0,20
"balanced n, equal SD",10,"10, 10, 10, 10",5,2,6.6,"0.00, 0.00, 0.00, 1.00","onepoint_1",280,202609560,"1,1,1,1","F","KW",1000,813,9,189
"balanced n, equal SD",10,"10, 10, 10, 10",5,2,6.6,"0.00, 0.00, 0.00, 1.00","onepoint_1",280,202609560,"1,1,1,1","W","F",1000,81,7,2
"balanced n, equal SD",10,"10, 10, 10, 10",5,2,6.6,"0.00, 0.00, 0.00, 1.00","onepoint_1",280,202609560,"1,1,1,1","W","W",1000,106,0,0
"balanced n, equal SD",10,"10, 10, 10, 10",5,2,6.6,"0.00, 0.00, 0.00, 1.00","onepoint_1",280,202609560,"1,1,1,1","W","KW",1000,813,29,123
"balanced n, equal SD",10,"10, 10, 10, 10",5,2,6.6,"0.00, 0.00, 0.00, 1.00","onepoint_1",280,202609560,"1,1,1,1","KW","F",1000,81,4,3
"balanced n, equal SD",10,"10, 10, 10, 10",5,2,6.6,"0.00, 0.00, 0.00, 1.00","onepoint_1",280,202609560,"1,1,1,1","KW","W",1000,106,0,12
"balanced n, equal SD",10,"10, 10, 10, 10",5,2,6.6,"0.00, 0.00, 0.00, 1.00","onepoint_1",280,202609560,"1,1,1,1","KW","KW",1000,813,0,0
"balanced n, equal SD",20,"20, 20, 20, 20",1,0,0,"0.00, 0.00, 0.00, 1.00","onepoint_1",281,202609561,"1,1,1,1","F","F",1000,896,0,0
"balanced n, equal SD",20,"20, 20, 20, 20",1,0,0,"0.00, 0.00, 0.00, 1.00","onepoint_1",281,202609561,"1,1,1,1","F","W",1000,50,3,3
"balanced n, equal SD",20,"20, 20, 20, 20",1,0,0,"0.00, 0.00, 0.00, 1.00","onepoint_1",281,202609561,"1,1,1,1","F","KW",1000,54,0,0
"balanced n, equal SD",20,"20, 20, 20, 20",1,0,0,"0.00, 0.00, 0.00, 1.00","onepoint_1",281,202609561,"1,1,1,1","W","F",1000,896,5,31
"balanced n, equal SD",20,"20, 20, 20, 20",1,0,0,"0.00, 0.00, 0.00, 1.00","onepoint_1",281,202609561,"1,1,1,1","W","W",1000,50,0,0
"balanced n, equal SD",20,"20, 20, 20, 20",1,0,0,"0.00, 0.00, 0.00, 1.00","onepoint_1",281,202609561,"1,1,1,1","W","KW",1000,54,0,3
"balanced n, equal SD",20,"20, 20, 20, 20",1,0,0,"0.00, 0.00, 0.00, 1.00","onepoint_1",281,202609561,"1,1,1,1","KW","F",1000,896,3,20
"balanced n, equal SD",20,"20, 20, 20, 20",1,0,0,"0.00, 0.00, 0.00, 1.00","onepoint_1",281,202609561,"1,1,1,1","KW","W",1000,50,1,4
"balanced n, equal SD",20,"20, 20, 20, 20",1,0,0,"0.00, 0.00, 0.00, 1.00","onepoint_1",281,202609561,"1,1,1,1","KW","KW",1000,54,0,0
"balanced n, equal SD",20,"20, 20, 20, 20",2,0,6,"0.00, 0.00, 0.00, 1.00","onepoint_1",282,202609562,"1,1,1,1","F","F",1000,222,0,0
"balanced n, equal SD",20,"20, 20, 20, 20",2,0,6,"0.00, 0.00, 0.00, 1.00","onepoint_1",282,202609562,"1,1,1,1","F","W",1000,56,2,0
"balanced n, equal SD",20,"20, 20, 20, 20",2,0,6,"0.00, 0.00, 0.00, 1.00","onepoint_1",282,202609562,"1,1,1,1","F","KW",1000,722,0,60
"balanced n, equal SD",20,"20, 20, 20, 20",2,0,6,"0.00, 0.00, 0.00, 1.00","onepoint_1",282,202609562,"1,1,1,1","W","F",1000,222,3,7
"balanced n, equal SD",20,"20, 20, 20, 20",2,0,6,"0.00, 0.00, 0.00, 1.00","onepoint_1",282,202609562,"1,1,1,1","W","W",1000,56,0,0
"balanced n, equal SD",20,"20, 20, 20, 20",2,0,6,"0.00, 0.00, 0.00, 1.00","onepoint_1",282,202609562,"1,1,1,1","W","KW",1000,722,0,61
"balanced n, equal SD",20,"20, 20, 20, 20",2,0,6,"0.00, 0.00, 0.00, 1.00","onepoint_1",282,202609562,"1,1,1,1","KW","F",1000,222,5,1
"balanced n, equal SD",20,"20, 20, 20, 20",2,0,6,"0.00, 0.00, 0.00, 1.00","onepoint_1",282,202609562,"1,1,1,1","KW","W",1000,56,3,0
"balanced n, equal SD",20,"20, 20, 20, 20",2,0,6,"0.00, 0.00, 0.00, 1.00","onepoint_1",282,202609562,"1,1,1,1","KW","KW",1000,722,0,0
"balanced n, equal SD",20,"20, 20, 20, 20",3,0.5,1,"0.00, 0.00, 0.00, 1.00","onepoint_1",283,202609563,"1,1,1,1","F","F",1000,666,0,0
"balanced n, equal SD",20,"20, 20, 20, 20",3,0.5,1,"0.00, 0.00, 0.00, 1.00","onepoint_1",283,202609563,"1,1,1,1","F","W",1000,62,1,2
"balanced n, equal SD",20,"20, 20, 20, 20",3,0.5,1,"0.00, 0.00, 0.00, 1.00","onepoint_1",283,202609563,"1,1,1,1","F","KW",1000,272,1,12
"balanced n, equal SD",20,"20, 20, 20, 20",3,0.5,1,"0.00, 0.00, 0.00, 1.00","onepoint_1",283,202609563,"1,1,1,1","W","F",1000,666,15,16
"balanced n, equal SD",20,"20, 20, 20, 20",3,0.5,1,"0.00, 0.00, 0.00, 1.00","onepoint_1",283,202609563,"1,1,1,1","W","W",1000,62,0,0
"balanced n, equal SD",20,"20, 20, 20, 20",3,0.5,1,"0.00, 0.00, 0.00, 1.00","onepoint_1",283,202609563,"1,1,1,1","W","KW",1000,272,1,11
"balanced n, equal SD",20,"20, 20, 20, 20",3,0.5,1,"0.00, 0.00, 0.00, 1.00","onepoint_1",283,202609563,"1,1,1,1","KW","F",1000,666,15,17
"balanced n, equal SD",20,"20, 20, 20, 20",3,0.5,1,"0.00, 0.00, 0.00, 1.00","onepoint_1",283,202609563,"1,1,1,1","KW","W",1000,62,2,4
"balanced n, equal SD",20,"20, 20, 20, 20",3,0.5,1,"0.00, 0.00, 0.00, 1.00","onepoint_1",283,202609563,"1,1,1,1","KW","KW",1000,272,0,0
"balanced n, equal SD",20,"20, 20, 20, 20",4,1,1.6,"0.00, 0.00, 0.00, 1.00","onepoint_1",284,202609564,"1,1,1,1","F","F",1000,151,0,0
"balanced n, equal SD",20,"20, 20, 20, 20",4,1,1.6,"0.00, 0.00, 0.00, 1.00","onepoint_1",284,202609564,"1,1,1,1","F","W",1000,71,0,4
"balanced n, equal SD",20,"20, 20, 20, 20",4,1,1.6,"0.00, 0.00, 0.00, 1.00","onepoint_1",284,202609564,"1,1,1,1","F","KW",1000,778,3,45
"balanced n, equal SD",20,"20, 20, 20, 20",4,1,1.6,"0.00, 0.00, 0.00, 1.00","onepoint_1",284,202609564,"1,1,1,1","W","F",1000,151,1,2
"balanced n, equal SD",20,"20, 20, 20, 20",4,1,1.6,"0.00, 0.00, 0.00, 1.00","onepoint_1",284,202609564,"1,1,1,1","W","W",1000,71,0,0
"balanced n, equal SD",20,"20, 20, 20, 20",4,1,1.6,"0.00, 0.00, 0.00, 1.00","onepoint_1",284,202609564,"1,1,1,1","W","KW",1000,778,5,26
"balanced n, equal SD",20,"20, 20, 20, 20",4,1,1.6,"0.00, 0.00, 0.00, 1.00","onepoint_1",284,202609564,"1,1,1,1","KW","F",1000,151,2,2
"balanced n, equal SD",20,"20, 20, 20, 20",4,1,1.6,"0.00, 0.00, 0.00, 1.00","onepoint_1",284,202609564,"1,1,1,1","KW","W",1000,71,0,0
"balanced n, equal SD",20,"20, 20, 20, 20",4,1,1.6,"0.00, 0.00, 0.00, 1.00","onepoint_1",284,202609564,"1,1,1,1","KW","KW",1000,778,0,0
"balanced n, equal SD",20,"20, 20, 20, 20",5,2,6.6,"0.00, 0.00, 0.00, 1.00","onepoint_1",285,202609565,"1,1,1,1","F","F",1000,2,0,0
"balanced n, equal SD",20,"20, 20, 20, 20",5,2,6.6,"0.00, 0.00, 0.00, 1.00","onepoint_1",285,202609565,"1,1,1,1","F","W",1000,16,0,0
"balanced n, equal SD",20,"20, 20, 20, 20",5,2,6.6,"0.00, 0.00, 0.00, 1.00","onepoint_1",285,202609565,"1,1,1,1","F","KW",1000,982,0,90
"balanced n, equal SD",20,"20, 20, 20, 20",5,2,6.6,"0.00, 0.00, 0.00, 1.00","onepoint_1",285,202609565,"1,1,1,1","W","F",1000,2,0,0
"balanced n, equal SD",20,"20, 20, 20, 20",5,2,6.6,"0.00, 0.00, 0.00, 1.00","onepoint_1",285,202609565,"1,1,1,1","W","W",1000,16,0,0
"balanced n, equal SD",20,"20, 20, 20, 20",5,2,6.6,"0.00, 0.00, 0.00, 1.00","onepoint_1",285,202609565,"1,1,1,1","W","KW",1000,982,0,38
"balanced n, equal SD",20,"20, 20, 20, 20",5,2,6.6,"0.00, 0.00, 0.00, 1.00","onepoint_1",285,202609565,"1,1,1,1","KW","F",1000,2,0,0
"balanced n, equal SD",20,"20, 20, 20, 20",5,2,6.6,"0.00, 0.00, 0.00, 1.00","onepoint_1",285,202609565,"1,1,1,1","KW","W",1000,16,0,0
"balanced n, equal SD",20,"20, 20, 20, 20",5,2,6.6,"0.00, 0.00, 0.00, 1.00","onepoint_1",285,202609565,"1,1,1,1","KW","KW",1000,982,0,0
"balanced n, equal SD",30,"30, 30, 30, 30",1,0,0,"0.00, 0.00, 0.00, 1.00","onepoint_1",286,202609566,"1,1,1,1","F","F",1000,914,0,0
"balanced n, equal SD",30,"30, 30, 30, 30",1,0,0,"0.00, 0.00, 0.00, 1.00","onepoint_1",286,202609566,"1,1,1,1","F","W",1000,46,0,0
"balanced n, equal SD",30,"30, 30, 30, 30",1,0,0,"0.00, 0.00, 0.00, 1.00","onepoint_1",286,202609566,"1,1,1,1","F","KW",1000,40,0,0
"balanced n, equal SD",30,"30, 30, 30, 30",1,0,0,"0.00, 0.00, 0.00, 1.00","onepoint_1",286,202609566,"1,1,1,1","W","F",1000,914,1,6
"balanced n, equal SD",30,"30, 30, 30, 30",1,0,0,"0.00, 0.00, 0.00, 1.00","onepoint_1",286,202609566,"1,1,1,1","W","W",1000,46,0,0
"balanced n, equal SD",30,"30, 30, 30, 30",1,0,0,"0.00, 0.00, 0.00, 1.00","onepoint_1",286,202609566,"1,1,1,1","W","KW",1000,40,0,0
"balanced n, equal SD",30,"30, 30, 30, 30",1,0,0,"0.00, 0.00, 0.00, 1.00","onepoint_1",286,202609566,"1,1,1,1","KW","F",1000,914,2,8
"balanced n, equal SD",30,"30, 30, 30, 30",1,0,0,"0.00, 0.00, 0.00, 1.00","onepoint_1",286,202609566,"1,1,1,1","KW","W",1000,46,0,0
"balanced n, equal SD",30,"30, 30, 30, 30",1,0,0,"0.00, 0.00, 0.00, 1.00","onepoint_1",286,202609566,"1,1,1,1","KW","KW",1000,40,0,0
"balanced n, equal SD",30,"30, 30, 30, 30",2,0,6,"0.00, 0.00, 0.00, 1.00","onepoint_1",287,202609567,"1,1,1,1","F","F",1000,106,0,0
"balanced n, equal SD",30,"30, 30, 30, 30",2,0,6,"0.00, 0.00, 0.00, 1.00","onepoint_1",287,202609567,"1,1,1,1","F","W",1000,24,0,0
"balanced n, equal SD",30,"30, 30, 30, 30",2,0,6,"0.00, 0.00, 0.00, 1.00","onepoint_1",287,202609567,"1,1,1,1","F","KW",1000,870,0,25
"balanced n, equal SD",30,"30, 30, 30, 30",2,0,6,"0.00, 0.00, 0.00, 1.00","onepoint_1",287,202609567,"1,1,1,1","W","F",1000,106,0,1
"balanced n, equal SD",30,"30, 30, 30, 30",2,0,6,"0.00, 0.00, 0.00, 1.00","onepoint_1",287,202609567,"1,1,1,1","W","W",1000,24,0,0
"balanced n, equal SD",30,"30, 30, 30, 30",2,0,6,"0.00, 0.00, 0.00, 1.00","onepoint_1",287,202609567,"1,1,1,1","W","KW",1000,870,0,30
"balanced n, equal SD",30,"30, 30, 30, 30",2,0,6,"0.00, 0.00, 0.00, 1.00","onepoint_1",287,202609567,"1,1,1,1","KW","F",1000,106,0,0
"balanced n, equal SD",30,"30, 30, 30, 30",2,0,6,"0.00, 0.00, 0.00, 1.00","onepoint_1",287,202609567,"1,1,1,1","KW","W",1000,24,2,0
"balanced n, equal SD",30,"30, 30, 30, 30",2,0,6,"0.00, 0.00, 0.00, 1.00","onepoint_1",287,202609567,"1,1,1,1","KW","KW",1000,870,0,0
"balanced n, equal SD",30,"30, 30, 30, 30",3,0.5,1,"0.00, 0.00, 0.00, 1.00","onepoint_1",288,202609568,"1,1,1,1","F","F",1000,564,0,0
"balanced n, equal SD",30,"30, 30, 30, 30",3,0.5,1,"0.00, 0.00, 0.00, 1.00","onepoint_1",288,202609568,"1,1,1,1","F","W",1000,42,0,0
"balanced n, equal SD",30,"30, 30, 30, 30",3,0.5,1,"0.00, 0.00, 0.00, 1.00","onepoint_1",288,202609568,"1,1,1,1","F","KW",1000,394,1,2
"balanced n, equal SD",30,"30, 30, 30, 30",3,0.5,1,"0.00, 0.00, 0.00, 1.00","onepoint_1",288,202609568,"1,1,1,1","W","F",1000,564,2,0
"balanced n, equal SD",30,"30, 30, 30, 30",3,0.5,1,"0.00, 0.00, 0.00, 1.00","onepoint_1",288,202609568,"1,1,1,1","W","W",1000,42,0,0
"balanced n, equal SD",30,"30, 30, 30, 30",3,0.5,1,"0.00, 0.00, 0.00, 1.00","onepoint_1",288,202609568,"1,1,1,1","W","KW",1000,394,0,1
"balanced n, equal SD",30,"30, 30, 30, 30",3,0.5,1,"0.00, 0.00, 0.00, 1.00","onepoint_1",288,202609568,"1,1,1,1","KW","F",1000,564,0,0
"balanced n, equal SD",30,"30, 30, 30, 30",3,0.5,1,"0.00, 0.00, 0.00, 1.00","onepoint_1",288,202609568,"1,1,1,1","KW","W",1000,42,0,1
"balanced n, equal SD",30,"30, 30, 30, 30",3,0.5,1,"0.00, 0.00, 0.00, 1.00","onepoint_1",288,202609568,"1,1,1,1","KW","KW",1000,394,0,0
"balanced n, equal SD",30,"30, 30, 30, 30",4,1,1.6,"0.00, 0.00, 0.00, 1.00","onepoint_1",289,202609569,"1,1,1,1","F","F",1000,33,0,0
"balanced n, equal SD",30,"30, 30, 30, 30",4,1,1.6,"0.00, 0.00, 0.00, 1.00","onepoint_1",289,202609569,"1,1,1,1","F","W",1000,37,0,0
"balanced n, equal SD",30,"30, 30, 30, 30",4,1,1.6,"0.00, 0.00, 0.00, 1.00","onepoint_1",289,202609569,"1,1,1,1","F","KW",1000,930,0,16
"balanced n, equal SD",30,"30, 30, 30, 30",4,1,1.6,"0.00, 0.00, 0.00, 1.00","onepoint_1",289,202609569,"1,1,1,1","W","F",1000,33,0,0
"balanced n, equal SD",30,"30, 30, 30, 30",4,1,1.6,"0.00, 0.00, 0.00, 1.00","onepoint_1",289,202609569,"1,1,1,1","W","W",1000,37,0,0
"balanced n, equal SD",30,"30, 30, 30, 30",4,1,1.6,"0.00, 0.00, 0.00, 1.00","onepoint_1",289,202609569,"1,1,1,1","W","KW",1000,930,0,4
"balanced n, equal SD",30,"30, 30, 30, 30",4,1,1.6,"0.00, 0.00, 0.00, 1.00","onepoint_1",289,202609569,"1,1,1,1","KW","F",1000,33,0,0
"balanced n, equal SD",30,"30, 30, 30, 30",4,1,1.6,"0.00, 0.00, 0.00, 1.00","onepoint_1",289,202609569,"1,1,1,1","KW","W",1000,37,0,0
"balanced n, equal SD",30,"30, 30, 30, 30",4,1,1.6,"0.00, 0.00, 0.00, 1.00","onepoint_1",289,202609569,"1,1,1,1","KW","KW",1000,930,0,0
"balanced n, equal SD",30,"30, 30, 30, 30",5,2,6.6,"0.00, 0.00, 0.00, 1.00","onepoint_1",290,202609570,"1,1,1,1","F","F",1000,0,0,0
"balanced n, equal SD",30,"30, 30, 30, 30",5,2,6.6,"0.00, 0.00, 0.00, 1.00","onepoint_1",290,202609570,"1,1,1,1","F","W",1000,0,0,0
"balanced n, equal SD",30,"30, 30, 30, 30",5,2,6.6,"0.00, 0.00, 0.00, 1.00","onepoint_1",290,202609570,"1,1,1,1","F","KW",1000,1000,0,17
"balanced n, equal SD",30,"30, 30, 30, 30",5,2,6.6,"0.00, 0.00, 0.00, 1.00","onepoint_1",290,202609570,"1,1,1,1","W","F",1000,0,0,0
"balanced n, equal SD",30,"30, 30, 30, 30",5,2,6.6,"0.00, 0.00, 0.00, 1.00","onepoint_1",290,202609570,"1,1,1,1","W","W",1000,0,0,0
"balanced n, equal SD",30,"30, 30, 30, 30",5,2,6.6,"0.00, 0.00, 0.00, 1.00","onepoint_1",290,202609570,"1,1,1,1","W","KW",1000,1000,0,2
"balanced n, equal SD",30,"30, 30, 30, 30",5,2,6.6,"0.00, 0.00, 0.00, 1.00","onepoint_1",290,202609570,"1,1,1,1","KW","F",1000,0,0,0
"balanced n, equal SD",30,"30, 30, 30, 30",5,2,6.6,"0.00, 0.00, 0.00, 1.00","onepoint_1",290,202609570,"1,1,1,1","KW","W",1000,0,0,0
"balanced n, equal SD",30,"30, 30, 30, 30",5,2,6.6,"0.00, 0.00, 0.00, 1.00","onepoint_1",290,202609570,"1,1,1,1","KW","KW",1000,1000,0,0
"balanced n, equal SD",50,"50, 50, 50, 50",1,0,0,"0.00, 0.00, 0.00, 1.00","onepoint_1",291,202609571,"1,1,1,1","F","F",1000,913,0,0
"balanced n, equal SD",50,"50, 50, 50, 50",1,0,0,"0.00, 0.00, 0.00, 1.00","onepoint_1",291,202609571,"1,1,1,1","F","W",1000,43,0,0
"balanced n, equal SD",50,"50, 50, 50, 50",1,0,0,"0.00, 0.00, 0.00, 1.00","onepoint_1",291,202609571,"1,1,1,1","F","KW",1000,44,0,0
"balanced n, equal SD",50,"50, 50, 50, 50",1,0,0,"0.00, 0.00, 0.00, 1.00","onepoint_1",291,202609571,"1,1,1,1","W","F",1000,913,1,0
"balanced n, equal SD",50,"50, 50, 50, 50",1,0,0,"0.00, 0.00, 0.00, 1.00","onepoint_1",291,202609571,"1,1,1,1","W","W",1000,43,0,0
"balanced n, equal SD",50,"50, 50, 50, 50",1,0,0,"0.00, 0.00, 0.00, 1.00","onepoint_1",291,202609571,"1,1,1,1","W","KW",1000,44,0,0
"balanced n, equal SD",50,"50, 50, 50, 50",1,0,0,"0.00, 0.00, 0.00, 1.00","onepoint_1",291,202609571,"1,1,1,1","KW","F",1000,913,0,1
"balanced n, equal SD",50,"50, 50, 50, 50",1,0,0,"0.00, 0.00, 0.00, 1.00","onepoint_1",291,202609571,"1,1,1,1","KW","W",1000,43,0,0
"balanced n, equal SD",50,"50, 50, 50, 50",1,0,0,"0.00, 0.00, 0.00, 1.00","onepoint_1",291,202609571,"1,1,1,1","KW","KW",1000,44,0,0
"balanced n, equal SD",50,"50, 50, 50, 50",2,0,6,"0.00, 0.00, 0.00, 1.00","onepoint_1",292,202609572,"1,1,1,1","F","F",1000,8,0,0
"balanced n, equal SD",50,"50, 50, 50, 50",2,0,6,"0.00, 0.00, 0.00, 1.00","onepoint_1",292,202609572,"1,1,1,1","F","W",1000,9,0,0
"balanced n, equal SD",50,"50, 50, 50, 50",2,0,6,"0.00, 0.00, 0.00, 1.00","onepoint_1",292,202609572,"1,1,1,1","F","KW",1000,983,0,1
"balanced n, equal SD",50,"50, 50, 50, 50",2,0,6,"0.00, 0.00, 0.00, 1.00","onepoint_1",292,202609572,"1,1,1,1","W","F",1000,8,0,0
"balanced n, equal SD",50,"50, 50, 50, 50",2,0,6,"0.00, 0.00, 0.00, 1.00","onepoint_1",292,202609572,"1,1,1,1","W","W",1000,9,0,0
"balanced n, equal SD",50,"50, 50, 50, 50",2,0,6,"0.00, 0.00, 0.00, 1.00","onepoint_1",292,202609572,"1,1,1,1","W","KW",1000,983,0,1
"balanced n, equal SD",50,"50, 50, 50, 50",2,0,6,"0.00, 0.00, 0.00, 1.00","onepoint_1",292,202609572,"1,1,1,1","KW","F",1000,8,0,0
"balanced n, equal SD",50,"50, 50, 50, 50",2,0,6,"0.00, 0.00, 0.00, 1.00","onepoint_1",292,202609572,"1,1,1,1","KW","W",1000,9,0,0
"balanced n, equal SD",50,"50, 50, 50, 50",2,0,6,"0.00, 0.00, 0.00, 1.00","onepoint_1",292,202609572,"1,1,1,1","KW","KW",1000,983,0,0
"balanced n, equal SD",50,"50, 50, 50, 50",3,0.5,1,"0.00, 0.00, 0.00, 1.00","onepoint_1",293,202609573,"1,1,1,1","F","F",1000,327,0,0
"balanced n, equal SD",50,"50, 50, 50, 50",3,0.5,1,"0.00, 0.00, 0.00, 1.00","onepoint_1",293,202609573,"1,1,1,1","F","W",1000,44,0,0
"balanced n, equal SD",50,"50, 50, 50, 50",3,0.5,1,"0.00, 0.00, 0.00, 1.00","onepoint_1",293,202609573,"1,1,1,1","F","KW",1000,629,0,0
"balanced n, equal SD",50,"50, 50, 50, 50",3,0.5,1,"0.00, 0.00, 0.00, 1.00","onepoint_1",293,202609573,"1,1,1,1","W","F",1000,327,0,0
"balanced n, equal SD",50,"50, 50, 50, 50",3,0.5,1,"0.00, 0.00, 0.00, 1.00","onepoint_1",293,202609573,"1,1,1,1","W","W",1000,44,0,0
"balanced n, equal SD",50,"50, 50, 50, 50",3,0.5,1,"0.00, 0.00, 0.00, 1.00","onepoint_1",293,202609573,"1,1,1,1","W","KW",1000,629,0,0
"balanced n, equal SD",50,"50, 50, 50, 50",3,0.5,1,"0.00, 0.00, 0.00, 1.00","onepoint_1",293,202609573,"1,1,1,1","KW","F",1000,327,0,0
"balanced n, equal SD",50,"50, 50, 50, 50",3,0.5,1,"0.00, 0.00, 0.00, 1.00","onepoint_1",293,202609573,"1,1,1,1","KW","W",1000,44,0,0
"balanced n, equal SD",50,"50, 50, 50, 50",3,0.5,1,"0.00, 0.00, 0.00, 1.00","onepoint_1",293,202609573,"1,1,1,1","KW","KW",1000,629,0,0
"balanced n, equal SD",50,"50, 50, 50, 50",4,1,1.6,"0.00, 0.00, 0.00, 1.00","onepoint_1",294,202609574,"1,1,1,1","F","F",1000,2,0,0
"balanced n, equal SD",50,"50, 50, 50, 50",4,1,1.6,"0.00, 0.00, 0.00, 1.00","onepoint_1",294,202609574,"1,1,1,1","F","W",1000,11,0,0
"balanced n, equal SD",50,"50, 50, 50, 50",4,1,1.6,"0.00, 0.00, 0.00, 1.00","onepoint_1",294,202609574,"1,1,1,1","F","KW",1000,987,0,0
"balanced n, equal SD",50,"50, 50, 50, 50",4,1,1.6,"0.00, 0.00, 0.00, 1.00","onepoint_1",294,202609574,"1,1,1,1","W","F",1000,2,0,0
"balanced n, equal SD",50,"50, 50, 50, 50",4,1,1.6,"0.00, 0.00, 0.00, 1.00","onepoint_1",294,202609574,"1,1,1,1","W","W",1000,11,0,0
"balanced n, equal SD",50,"50, 50, 50, 50",4,1,1.6,"0.00, 0.00, 0.00, 1.00","onepoint_1",294,202609574,"1,1,1,1","W","KW",1000,987,0,0
"balanced n, equal SD",50,"50, 50, 50, 50",4,1,1.6,"0.00, 0.00, 0.00, 1.00","onepoint_1",294,202609574,"1,1,1,1","KW","F",1000,2,0,0
"balanced n, equal SD",50,"50, 50, 50, 50",4,1,1.6,"0.00, 0.00, 0.00, 1.00","onepoint_1",294,202609574,"1,1,1,1","KW","W",1000,11,0,0
"balanced n, equal SD",50,"50, 50, 50, 50",4,1,1.6,"0.00, 0.00, 0.00, 1.00","onepoint_1",294,202609574,"1,1,1,1","KW","KW",1000,987,0,0
"balanced n, equal SD",50,"50, 50, 50, 50",5,2,6.6,"0.00, 0.00, 0.00, 1.00","onepoint_1",295,202609575,"1,1,1,1","F","F",1000,0,0,0
"balanced n, equal SD",50,"50, 50, 50, 50",5,2,6.6,"0.00, 0.00, 0.00, 1.00","onepoint_1",295,202609575,"1,1,1,1","F","W",1000,0,0,0
"balanced n, equal SD",50,"50, 50, 50, 50",5,2,6.6,"0.00, 0.00, 0.00, 1.00","onepoint_1",295,202609575,"1,1,1,1","F","KW",1000,1000,0,0
"balanced n, equal SD",50,"50, 50, 50, 50",5,2,6.6,"0.00, 0.00, 0.00, 1.00","onepoint_1",295,202609575,"1,1,1,1","W","F",1000,0,0,0
"balanced n, equal SD",50,"50, 50, 50, 50",5,2,6.6,"0.00, 0.00, 0.00, 1.00","onepoint_1",295,202609575,"1,1,1,1","W","W",1000,0,0,0
"balanced n, equal SD",50,"50, 50, 50, 50",5,2,6.6,"0.00, 0.00, 0.00, 1.00","onepoint_1",295,202609575,"1,1,1,1","W","KW",1000,1000,0,0
"balanced n, equal SD",50,"50, 50, 50, 50",5,2,6.6,"0.00, 0.00, 0.00, 1.00","onepoint_1",295,202609575,"1,1,1,1","KW","F",1000,0,0,0
"balanced n, equal SD",50,"50, 50, 50, 50",5,2,6.6,"0.00, 0.00, 0.00, 1.00","onepoint_1",295,202609575,"1,1,1,1","KW","W",1000,0,0,0
"balanced n, equal SD",50,"50, 50, 50, 50",5,2,6.6,"0.00, 0.00, 0.00, 1.00","onepoint_1",295,202609575,"1,1,1,1","KW","KW",1000,1000,0,0
"balanced n, equal SD",100,"100, 100, 100, 100",1,0,0,"0.00, 0.00, 0.00, 1.00","onepoint_1",296,202609576,"1,1,1,1","F","F",1000,909,0,0
"balanced n, equal SD",100,"100, 100, 100, 100",1,0,0,"0.00, 0.00, 0.00, 1.00","onepoint_1",296,202609576,"1,1,1,1","F","W",1000,53,0,0
"balanced n, equal SD",100,"100, 100, 100, 100",1,0,0,"0.00, 0.00, 0.00, 1.00","onepoint_1",296,202609576,"1,1,1,1","F","KW",1000,38,0,0
"balanced n, equal SD",100,"100, 100, 100, 100",1,0,0,"0.00, 0.00, 0.00, 1.00","onepoint_1",296,202609576,"1,1,1,1","W","F",1000,909,0,0
"balanced n, equal SD",100,"100, 100, 100, 100",1,0,0,"0.00, 0.00, 0.00, 1.00","onepoint_1",296,202609576,"1,1,1,1","W","W",1000,53,0,0
"balanced n, equal SD",100,"100, 100, 100, 100",1,0,0,"0.00, 0.00, 0.00, 1.00","onepoint_1",296,202609576,"1,1,1,1","W","KW",1000,38,0,0
"balanced n, equal SD",100,"100, 100, 100, 100",1,0,0,"0.00, 0.00, 0.00, 1.00","onepoint_1",296,202609576,"1,1,1,1","KW","F",1000,909,0,0
"balanced n, equal SD",100,"100, 100, 100, 100",1,0,0,"0.00, 0.00, 0.00, 1.00","onepoint_1",296,202609576,"1,1,1,1","KW","W",1000,53,0,0
"balanced n, equal SD",100,"100, 100, 100, 100",1,0,0,"0.00, 0.00, 0.00, 1.00","onepoint_1",296,202609576,"1,1,1,1","KW","KW",1000,38,0,0
"balanced n, equal SD",100,"100, 100, 100, 100",2,0,6,"0.00, 0.00, 0.00, 1.00","onepoint_1",297,202609577,"1,1,1,1","F","F",1000,1,0,0
"balanced n, equal SD",100,"100, 100, 100, 100",2,0,6,"0.00, 0.00, 0.00, 1.00","onepoint_1",297,202609577,"1,1,1,1","F","W",1000,0,0,0
"balanced n, equal SD",100,"100, 100, 100, 100",2,0,6,"0.00, 0.00, 0.00, 1.00","onepoint_1",297,202609577,"1,1,1,1","F","KW",1000,999,0,0
"balanced n, equal SD",100,"100, 100, 100, 100",2,0,6,"0.00, 0.00, 0.00, 1.00","onepoint_1",297,202609577,"1,1,1,1","W","F",1000,1,0,0
"balanced n, equal SD",100,"100, 100, 100, 100",2,0,6,"0.00, 0.00, 0.00, 1.00","onepoint_1",297,202609577,"1,1,1,1","W","W",1000,0,0,0
"balanced n, equal SD",100,"100, 100, 100, 100",2,0,6,"0.00, 0.00, 0.00, 1.00","onepoint_1",297,202609577,"1,1,1,1","W","KW",1000,999,0,0
"balanced n, equal SD",100,"100, 100, 100, 100",2,0,6,"0.00, 0.00, 0.00, 1.00","onepoint_1",297,202609577,"1,1,1,1","KW","F",1000,1,0,0
"balanced n, equal SD",100,"100, 100, 100, 100",2,0,6,"0.00, 0.00, 0.00, 1.00","onepoint_1",297,202609577,"1,1,1,1","KW","W",1000,0,0,0
"balanced n, equal SD",100,"100, 100, 100, 100",2,0,6,"0.00, 0.00, 0.00, 1.00","onepoint_1",297,202609577,"1,1,1,1","KW","KW",1000,999,0,0
"balanced n, equal SD",100,"100, 100, 100, 100",3,0.5,1,"0.00, 0.00, 0.00, 1.00","onepoint_1",298,202609578,"1,1,1,1","F","F",1000,93,0,0
"balanced n, equal SD",100,"100, 100, 100, 100",3,0.5,1,"0.00, 0.00, 0.00, 1.00","onepoint_1",298,202609578,"1,1,1,1","F","W",1000,25,0,0
"balanced n, equal SD",100,"100, 100, 100, 100",3,0.5,1,"0.00, 0.00, 0.00, 1.00","onepoint_1",298,202609578,"1,1,1,1","F","KW",1000,882,0,0
"balanced n, equal SD",100,"100, 100, 100, 100",3,0.5,1,"0.00, 0.00, 0.00, 1.00","onepoint_1",298,202609578,"1,1,1,1","W","F",1000,93,0,0
"balanced n, equal SD",100,"100, 100, 100, 100",3,0.5,1,"0.00, 0.00, 0.00, 1.00","onepoint_1",298,202609578,"1,1,1,1","W","W",1000,25,0,0
"balanced n, equal SD",100,"100, 100, 100, 100",3,0.5,1,"0.00, 0.00, 0.00, 1.00","onepoint_1",298,202609578,"1,1,1,1","W","KW",1000,882,0,0
"balanced n, equal SD",100,"100, 100, 100, 100",3,0.5,1,"0.00, 0.00, 0.00, 1.00","onepoint_1",298,202609578,"1,1,1,1","KW","F",1000,93,0,0
"balanced n, equal SD",100,"100, 100, 100, 100",3,0.5,1,"0.00, 0.00, 0.00, 1.00","onepoint_1",298,202609578,"1,1,1,1","KW","W",1000,25,0,0
"balanced n, equal SD",100,"100, 100, 100, 100",3,0.5,1,"0.00, 0.00, 0.00, 1.00","onepoint_1",298,202609578,"1,1,1,1","KW","KW",1000,882,0,0
"balanced n, equal SD",100,"100, 100, 100, 100",4,1,1.6,"0.00, 0.00, 0.00, 1.00","onepoint_1",299,202609579,"1,1,1,1","F","F",1000,0,0,0
"balanced n, equal SD",100,"100, 100, 100, 100",4,1,1.6,"0.00, 0.00, 0.00, 1.00","onepoint_1",299,202609579,"1,1,1,1","F","W",1000,0,0,0
"balanced n, equal SD",100,"100, 100, 100, 100",4,1,1.6,"0.00, 0.00, 0.00, 1.00","onepoint_1",299,202609579,"1,1,1,1","F","KW",1000,1000,0,0
"balanced n, equal SD",100,"100, 100, 100, 100",4,1,1.6,"0.00, 0.00, 0.00, 1.00","onepoint_1",299,202609579,"1,1,1,1","W","F",1000,0,0,0
"balanced n, equal SD",100,"100, 100, 100, 100",4,1,1.6,"0.00, 0.00, 0.00, 1.00","onepoint_1",299,202609579,"1,1,1,1","W","W",1000,0,0,0
"balanced n, equal SD",100,"100, 100, 100, 100",4,1,1.6,"0.00, 0.00, 0.00, 1.00","onepoint_1",299,202609579,"1,1,1,1","W","KW",1000,1000,0,0
"balanced n, equal SD",100,"100, 100, 100, 100",4,1,1.6,"0.00, 0.00, 0.00, 1.00","onepoint_1",299,202609579,"1,1,1,1","KW","F",1000,0,0,0
"balanced n, equal SD",100,"100, 100, 100, 100",4,1,1.6,"0.00, 0.00, 0.00, 1.00","onepoint_1",299,202609579,"1,1,1,1","KW","W",1000,0,0,0
"balanced n, equal SD",100,"100, 100, 100, 100",4,1,1.6,"0.00, 0.00, 0.00, 1.00","onepoint_1",299,202609579,"1,1,1,1","KW","KW",1000,1000,0,0
"balanced n, equal SD",100,"100, 100, 100, 100",5,2,6.6,"0.00, 0.00, 0.00, 1.00","onepoint_1",300,202609580,"1,1,1,1","F","F",1000,0,0,0
"balanced n, equal SD",100,"100, 100, 100, 100",5,2,6.6,"0.00, 0.00, 0.00, 1.00","onepoint_1",300,202609580,"1,1,1,1","F","W",1000,0,0,0
"balanced n, equal SD",100,"100, 100, 100, 100",5,2,6.6,"0.00, 0.00, 0.00, 1.00","onepoint_1",300,202609580,"1,1,1,1","F","KW",1000,1000,0,0
"balanced n, equal SD",100,"100, 100, 100, 100",5,2,6.6,"0.00, 0.00, 0.00, 1.00","onepoint_1",300,202609580,"1,1,1,1","W","F",1000,0,0,0
"balanced n, equal SD",100,"100, 100, 100, 100",5,2,6.6,"0.00, 0.00, 0.00, 1.00","onepoint_1",300,202609580,"1,1,1,1","W","W",1000,0,0,0
"balanced n, equal SD",100,"100, 100, 100, 100",5,2,6.6,"0.00, 0.00, 0.00, 1.00","onepoint_1",300,202609580,"1,1,1,1","W","KW",1000,1000,0,0
"balanced n, equal SD",100,"100, 100, 100, 100",5,2,6.6,"0.00, 0.00, 0.00, 1.00","onepoint_1",300,202609580,"1,1,1,1","KW","F",1000,0,0,0
"balanced n, equal SD",100,"100, 100, 100, 100",5,2,6.6,"0.00, 0.00, 0.00, 1.00","onepoint_1",300,202609580,"1,1,1,1","KW","W",1000,0,0,0
"balanced n, equal SD",100,"100, 100, 100, 100",5,2,6.6,"0.00, 0.00, 0.00, 1.00","onepoint_1",300,202609580,"1,1,1,1","KW","KW",1000,1000,0,0
"unbalanced n, equal SD",10,"5, 8, 12, 15",1,0,0,"0.00, 0.00, 0.00, 1.00","onepoint_1",301,202609581,"1,1,1,1","F","F",1000,869,0,0
"unbalanced n, equal SD",10,"5, 8, 12, 15",1,0,0,"0.00, 0.00, 0.00, 1.00","onepoint_1",301,202609581,"1,1,1,1","F","W",1000,79,8,6
"unbalanced n, equal SD",10,"5, 8, 12, 15",1,0,0,"0.00, 0.00, 0.00, 1.00","onepoint_1",301,202609581,"1,1,1,1","F","KW",1000,52,1,3
"unbalanced n, equal SD",10,"5, 8, 12, 15",1,0,0,"0.00, 0.00, 0.00, 1.00","onepoint_1",301,202609581,"1,1,1,1","W","F",1000,869,7,110
"unbalanced n, equal SD",10,"5, 8, 12, 15",1,0,0,"0.00, 0.00, 0.00, 1.00","onepoint_1",301,202609581,"1,1,1,1","W","W",1000,79,0,0
"unbalanced n, equal SD",10,"5, 8, 12, 15",1,0,0,"0.00, 0.00, 0.00, 1.00","onepoint_1",301,202609581,"1,1,1,1","W","KW",1000,52,2,7
"unbalanced n, equal SD",10,"5, 8, 12, 15",1,0,0,"0.00, 0.00, 0.00, 1.00","onepoint_1",301,202609581,"1,1,1,1","KW","F",1000,869,11,64
"unbalanced n, equal SD",10,"5, 8, 12, 15",1,0,0,"0.00, 0.00, 0.00, 1.00","onepoint_1",301,202609581,"1,1,1,1","KW","W",1000,79,1,9
"unbalanced n, equal SD",10,"5, 8, 12, 15",1,0,0,"0.00, 0.00, 0.00, 1.00","onepoint_1",301,202609581,"1,1,1,1","KW","KW",1000,52,0,0
"unbalanced n, equal SD",10,"5, 8, 12, 15",2,0,6,"0.00, 0.00, 0.00, 1.00","onepoint_1",302,202609582,"1,1,1,1","F","F",1000,508,0,0
"unbalanced n, equal SD",10,"5, 8, 12, 15",2,0,6,"0.00, 0.00, 0.00, 1.00","onepoint_1",302,202609582,"1,1,1,1","F","W",1000,80,4,6
"unbalanced n, equal SD",10,"5, 8, 12, 15",2,0,6,"0.00, 0.00, 0.00, 1.00","onepoint_1",302,202609582,"1,1,1,1","F","KW",1000,412,1,81
"unbalanced n, equal SD",10,"5, 8, 12, 15",2,0,6,"0.00, 0.00, 0.00, 1.00","onepoint_1",302,202609582,"1,1,1,1","W","F",1000,508,5,49
"unbalanced n, equal SD",10,"5, 8, 12, 15",2,0,6,"0.00, 0.00, 0.00, 1.00","onepoint_1",302,202609582,"1,1,1,1","W","W",1000,80,0,0
"unbalanced n, equal SD",10,"5, 8, 12, 15",2,0,6,"0.00, 0.00, 0.00, 1.00","onepoint_1",302,202609582,"1,1,1,1","W","KW",1000,412,1,95
"unbalanced n, equal SD",10,"5, 8, 12, 15",2,0,6,"0.00, 0.00, 0.00, 1.00","onepoint_1",302,202609582,"1,1,1,1","KW","F",1000,508,15,13
"unbalanced n, equal SD",10,"5, 8, 12, 15",2,0,6,"0.00, 0.00, 0.00, 1.00","onepoint_1",302,202609582,"1,1,1,1","KW","W",1000,80,5,1
"unbalanced n, equal SD",10,"5, 8, 12, 15",2,0,6,"0.00, 0.00, 0.00, 1.00","onepoint_1",302,202609582,"1,1,1,1","KW","KW",1000,412,0,0
"unbalanced n, equal SD",10,"5, 8, 12, 15",3,0.5,1,"0.00, 0.00, 0.00, 1.00","onepoint_1",303,202609583,"1,1,1,1","F","F",1000,765,0,0
"unbalanced n, equal SD",10,"5, 8, 12, 15",3,0.5,1,"0.00, 0.00, 0.00, 1.00","onepoint_1",303,202609583,"1,1,1,1","F","W",1000,59,1,9
"unbalanced n, equal SD",10,"5, 8, 12, 15",3,0.5,1,"0.00, 0.00, 0.00, 1.00","onepoint_1",303,202609583,"1,1,1,1","F","KW",1000,176,1,17
"unbalanced n, equal SD",10,"5, 8, 12, 15",3,0.5,1,"0.00, 0.00, 0.00, 1.00","onepoint_1",303,202609583,"1,1,1,1","W","F",1000,765,14,66
"unbalanced n, equal SD",10,"5, 8, 12, 15",3,0.5,1,"0.00, 0.00, 0.00, 1.00","onepoint_1",303,202609583,"1,1,1,1","W","W",1000,59,0,0
"unbalanced n, equal SD",10,"5, 8, 12, 15",3,0.5,1,"0.00, 0.00, 0.00, 1.00","onepoint_1",303,202609583,"1,1,1,1","W","KW",1000,176,1,21
"unbalanced n, equal SD",10,"5, 8, 12, 15",3,0.5,1,"0.00, 0.00, 0.00, 1.00","onepoint_1",303,202609583,"1,1,1,1","KW","F",1000,765,14,38
"unbalanced n, equal SD",10,"5, 8, 12, 15",3,0.5,1,"0.00, 0.00, 0.00, 1.00","onepoint_1",303,202609583,"1,1,1,1","KW","W",1000,59,0,6
"unbalanced n, equal SD",10,"5, 8, 12, 15",3,0.5,1,"0.00, 0.00, 0.00, 1.00","onepoint_1",303,202609583,"1,1,1,1","KW","KW",1000,176,0,0
"unbalanced n, equal SD",10,"5, 8, 12, 15",4,1,1.6,"0.00, 0.00, 0.00, 1.00","onepoint_1",304,202609584,"1,1,1,1","F","F",1000,497,0,0
"unbalanced n, equal SD",10,"5, 8, 12, 15",4,1,1.6,"0.00, 0.00, 0.00, 1.00","onepoint_1",304,202609584,"1,1,1,1","F","W",1000,107,3,8
"unbalanced n, equal SD",10,"5, 8, 12, 15",4,1,1.6,"0.00, 0.00, 0.00, 1.00","onepoint_1",304,202609584,"1,1,1,1","F","KW",1000,396,3,47
"unbalanced n, equal SD",10,"5, 8, 12, 15",4,1,1.6,"0.00, 0.00, 0.00, 1.00","onepoint_1",304,202609584,"1,1,1,1","W","F",1000,497,14,32
"unbalanced n, equal SD",10,"5, 8, 12, 15",4,1,1.6,"0.00, 0.00, 0.00, 1.00","onepoint_1",304,202609584,"1,1,1,1","W","W",1000,107,0,0
"unbalanced n, equal SD",10,"5, 8, 12, 15",4,1,1.6,"0.00, 0.00, 0.00, 1.00","onepoint_1",304,202609584,"1,1,1,1","W","KW",1000,396,6,57
"unbalanced n, equal SD",10,"5, 8, 12, 15",4,1,1.6,"0.00, 0.00, 0.00, 1.00","onepoint_1",304,202609584,"1,1,1,1","KW","F",1000,497,10,19
"unbalanced n, equal SD",10,"5, 8, 12, 15",4,1,1.6,"0.00, 0.00, 0.00, 1.00","onepoint_1",304,202609584,"1,1,1,1","KW","W",1000,107,3,6
"unbalanced n, equal SD",10,"5, 8, 12, 15",4,1,1.6,"0.00, 0.00, 0.00, 1.00","onepoint_1",304,202609584,"1,1,1,1","KW","KW",1000,396,0,0
"unbalanced n, equal SD",10,"5, 8, 12, 15",5,2,6.6,"0.00, 0.00, 0.00, 1.00","onepoint_1",305,202609585,"1,1,1,1","F","F",1000,92,0,0
"unbalanced n, equal SD",10,"5, 8, 12, 15",5,2,6.6,"0.00, 0.00, 0.00, 1.00","onepoint_1",305,202609585,"1,1,1,1","F","W",1000,105,1,11
"unbalanced n, equal SD",10,"5, 8, 12, 15",5,2,6.6,"0.00, 0.00, 0.00, 1.00","onepoint_1",305,202609585,"1,1,1,1","F","KW",1000,803,3,147
"unbalanced n, equal SD",10,"5, 8, 12, 15",5,2,6.6,"0.00, 0.00, 0.00, 1.00","onepoint_1",305,202609585,"1,1,1,1","W","F",1000,92,0,1
"unbalanced n, equal SD",10,"5, 8, 12, 15",5,2,6.6,"0.00, 0.00, 0.00, 1.00","onepoint_1",305,202609585,"1,1,1,1","W","W",1000,105,0,0
"unbalanced n, equal SD",10,"5, 8, 12, 15",5,2,6.6,"0.00, 0.00, 0.00, 1.00","onepoint_1",305,202609585,"1,1,1,1","W","KW",1000,803,7,108
"unbalanced n, equal SD",10,"5, 8, 12, 15",5,2,6.6,"0.00, 0.00, 0.00, 1.00","onepoint_1",305,202609585,"1,1,1,1","KW","F",1000,92,1,2
"unbalanced n, equal SD",10,"5, 8, 12, 15",5,2,6.6,"0.00, 0.00, 0.00, 1.00","onepoint_1",305,202609585,"1,1,1,1","KW","W",1000,105,4,4
"unbalanced n, equal SD",10,"5, 8, 12, 15",5,2,6.6,"0.00, 0.00, 0.00, 1.00","onepoint_1",305,202609585,"1,1,1,1","KW","KW",1000,803,0,0
"unbalanced n, equal SD",20,"10, 16, 24, 30",1,0,0,"0.00, 0.00, 0.00, 1.00","onepoint_1",306,202609586,"1,1,1,1","F","F",1000,900,0,0
"unbalanced n, equal SD",20,"10, 16, 24, 30",1,0,0,"0.00, 0.00, 0.00, 1.00","onepoint_1",306,202609586,"1,1,1,1","F","W",1000,50,3,0
"unbalanced n, equal SD",20,"10, 16, 24, 30",1,0,0,"0.00, 0.00, 0.00, 1.00","onepoint_1",306,202609586,"1,1,1,1","F","KW",1000,50,2,1
"unbalanced n, equal SD",20,"10, 16, 24, 30",1,0,0,"0.00, 0.00, 0.00, 1.00","onepoint_1",306,202609586,"1,1,1,1","W","F",1000,900,2,12
"unbalanced n, equal SD",20,"10, 16, 24, 30",1,0,0,"0.00, 0.00, 0.00, 1.00","onepoint_1",306,202609586,"1,1,1,1","W","W",1000,50,0,0
"unbalanced n, equal SD",20,"10, 16, 24, 30",1,0,0,"0.00, 0.00, 0.00, 1.00","onepoint_1",306,202609586,"1,1,1,1","W","KW",1000,50,1,2
"unbalanced n, equal SD",20,"10, 16, 24, 30",1,0,0,"0.00, 0.00, 0.00, 1.00","onepoint_1",306,202609586,"1,1,1,1","KW","F",1000,900,2,13
"unbalanced n, equal SD",20,"10, 16, 24, 30",1,0,0,"0.00, 0.00, 0.00, 1.00","onepoint_1",306,202609586,"1,1,1,1","KW","W",1000,50,2,0
"unbalanced n, equal SD",20,"10, 16, 24, 30",1,0,0,"0.00, 0.00, 0.00, 1.00","onepoint_1",306,202609586,"1,1,1,1","KW","KW",1000,50,0,0
"unbalanced n, equal SD",20,"10, 16, 24, 30",2,0,6,"0.00, 0.00, 0.00, 1.00","onepoint_1",307,202609587,"1,1,1,1","F","F",1000,253,0,0
"unbalanced n, equal SD",20,"10, 16, 24, 30",2,0,6,"0.00, 0.00, 0.00, 1.00","onepoint_1",307,202609587,"1,1,1,1","F","W",1000,40,0,2
"unbalanced n, equal SD",20,"10, 16, 24, 30",2,0,6,"0.00, 0.00, 0.00, 1.00","onepoint_1",307,202609587,"1,1,1,1","F","KW",1000,707,0,31
"unbalanced n, equal SD",20,"10, 16, 24, 30",2,0,6,"0.00, 0.00, 0.00, 1.00","onepoint_1",307,202609587,"1,1,1,1","W","F",1000,253,2,0
"unbalanced n, equal SD",20,"10, 16, 24, 30",2,0,6,"0.00, 0.00, 0.00, 1.00","onepoint_1",307,202609587,"1,1,1,1","W","W",1000,40,0,0
"unbalanced n, equal SD",20,"10, 16, 24, 30",2,0,6,"0.00, 0.00, 0.00, 1.00","onepoint_1",307,202609587,"1,1,1,1","W","KW",1000,707,0,25
"unbalanced n, equal SD",20,"10, 16, 24, 30",2,0,6,"0.00, 0.00, 0.00, 1.00","onepoint_1",307,202609587,"1,1,1,1","KW","F",1000,253,6,0
"unbalanced n, equal SD",20,"10, 16, 24, 30",2,0,6,"0.00, 0.00, 0.00, 1.00","onepoint_1",307,202609587,"1,1,1,1","KW","W",1000,40,1,0
"unbalanced n, equal SD",20,"10, 16, 24, 30",2,0,6,"0.00, 0.00, 0.00, 1.00","onepoint_1",307,202609587,"1,1,1,1","KW","KW",1000,707,0,0
"unbalanced n, equal SD",20,"10, 16, 24, 30",3,0.5,1,"0.00, 0.00, 0.00, 1.00","onepoint_1",308,202609588,"1,1,1,1","F","F",1000,612,0,0
"unbalanced n, equal SD",20,"10, 16, 24, 30",3,0.5,1,"0.00, 0.00, 0.00, 1.00","onepoint_1",308,202609588,"1,1,1,1","F","W",1000,72,0,2
"unbalanced n, equal SD",20,"10, 16, 24, 30",3,0.5,1,"0.00, 0.00, 0.00, 1.00","onepoint_1",308,202609588,"1,1,1,1","F","KW",1000,316,0,10
"unbalanced n, equal SD",20,"10, 16, 24, 30",3,0.5,1,"0.00, 0.00, 0.00, 1.00","onepoint_1",308,202609588,"1,1,1,1","W","F",1000,612,2,5
"unbalanced n, equal SD",20,"10, 16, 24, 30",3,0.5,1,"0.00, 0.00, 0.00, 1.00","onepoint_1",308,202609588,"1,1,1,1","W","W",1000,72,0,0
"unbalanced n, equal SD",20,"10, 16, 24, 30",3,0.5,1,"0.00, 0.00, 0.00, 1.00","onepoint_1",308,202609588,"1,1,1,1","W","KW",1000,316,0,10
"unbalanced n, equal SD",20,"10, 16, 24, 30",3,0.5,1,"0.00, 0.00, 0.00, 1.00","onepoint_1",308,202609588,"1,1,1,1","KW","F",1000,612,4,5
"unbalanced n, equal SD",20,"10, 16, 24, 30",3,0.5,1,"0.00, 0.00, 0.00, 1.00","onepoint_1",308,202609588,"1,1,1,1","KW","W",1000,72,1,0
"unbalanced n, equal SD",20,"10, 16, 24, 30",3,0.5,1,"0.00, 0.00, 0.00, 1.00","onepoint_1",308,202609588,"1,1,1,1","KW","KW",1000,316,0,0
"unbalanced n, equal SD",20,"10, 16, 24, 30",4,1,1.6,"0.00, 0.00, 0.00, 1.00","onepoint_1",309,202609589,"1,1,1,1","F","F",1000,176,0,0
"unbalanced n, equal SD",20,"10, 16, 24, 30",4,1,1.6,"0.00, 0.00, 0.00, 1.00","onepoint_1",309,202609589,"1,1,1,1","F","W",1000,64,0,5
"unbalanced n, equal SD",20,"10, 16, 24, 30",4,1,1.6,"0.00, 0.00, 0.00, 1.00","onepoint_1",309,202609589,"1,1,1,1","F","KW",1000,760,2,22
"unbalanced n, equal SD",20,"10, 16, 24, 30",4,1,1.6,"0.00, 0.00, 0.00, 1.00","onepoint_1",309,202609589,"1,1,1,1","W","F",1000,176,0,0
"unbalanced n, equal SD",20,"10, 16, 24, 30",4,1,1.6,"0.00, 0.00, 0.00, 1.00","onepoint_1",309,202609589,"1,1,1,1","W","W",1000,64,0,0
"unbalanced n, equal SD",20,"10, 16, 24, 30",4,1,1.6,"0.00, 0.00, 0.00, 1.00","onepoint_1",309,202609589,"1,1,1,1","W","KW",1000,760,0,12
"unbalanced n, equal SD",20,"10, 16, 24, 30",4,1,1.6,"0.00, 0.00, 0.00, 1.00","onepoint_1",309,202609589,"1,1,1,1","KW","F",1000,176,1,0
"unbalanced n, equal SD",20,"10, 16, 24, 30",4,1,1.6,"0.00, 0.00, 0.00, 1.00","onepoint_1",309,202609589,"1,1,1,1","KW","W",1000,64,0,1
"unbalanced n, equal SD",20,"10, 16, 24, 30",4,1,1.6,"0.00, 0.00, 0.00, 1.00","onepoint_1",309,202609589,"1,1,1,1","KW","KW",1000,760,0,0
"unbalanced n, equal SD",20,"10, 16, 24, 30",5,2,6.6,"0.00, 0.00, 0.00, 1.00","onepoint_1",310,202609590,"1,1,1,1","F","F",1000,1,0,0
"unbalanced n, equal SD",20,"10, 16, 24, 30",5,2,6.6,"0.00, 0.00, 0.00, 1.00","onepoint_1",310,202609590,"1,1,1,1","F","W",1000,10,0,0
"unbalanced n, equal SD",20,"10, 16, 24, 30",5,2,6.6,"0.00, 0.00, 0.00, 1.00","onepoint_1",310,202609590,"1,1,1,1","F","KW",1000,989,0,41
"unbalanced n, equal SD",20,"10, 16, 24, 30",5,2,6.6,"0.00, 0.00, 0.00, 1.00","onepoint_1",310,202609590,"1,1,1,1","W","F",1000,1,0,0
"unbalanced n, equal SD",20,"10, 16, 24, 30",5,2,6.6,"0.00, 0.00, 0.00, 1.00","onepoint_1",310,202609590,"1,1,1,1","W","W",1000,10,0,0
"unbalanced n, equal SD",20,"10, 16, 24, 30",5,2,6.6,"0.00, 0.00, 0.00, 1.00","onepoint_1",310,202609590,"1,1,1,1","W","KW",1000,989,0,29
"unbalanced n, equal SD",20,"10, 16, 24, 30",5,2,6.6,"0.00, 0.00, 0.00, 1.00","onepoint_1",310,202609590,"1,1,1,1","KW","F",1000,1,0,0
"unbalanced n, equal SD",20,"10, 16, 24, 30",5,2,6.6,"0.00, 0.00, 0.00, 1.00","onepoint_1",310,202609590,"1,1,1,1","KW","W",1000,10,0,0
"unbalanced n, equal SD",20,"10, 16, 24, 30",5,2,6.6,"0.00, 0.00, 0.00, 1.00","onepoint_1",310,202609590,"1,1,1,1","KW","KW",1000,989,0,0
"unbalanced n, equal SD",30,"15, 24, 36, 45",1,0,0,"0.00, 0.00, 0.00, 1.00","onepoint_1",311,202609591,"1,1,1,1","F","F",1000,910,0,0
"unbalanced n, equal SD",30,"15, 24, 36, 45",1,0,0,"0.00, 0.00, 0.00, 1.00","onepoint_1",311,202609591,"1,1,1,1","F","W",1000,49,0,0
"unbalanced n, equal SD",30,"15, 24, 36, 45",1,0,0,"0.00, 0.00, 0.00, 1.00","onepoint_1",311,202609591,"1,1,1,1","F","KW",1000,41,1,0
"unbalanced n, equal SD",30,"15, 24, 36, 45",1,0,0,"0.00, 0.00, 0.00, 1.00","onepoint_1",311,202609591,"1,1,1,1","W","F",1000,910,1,1
"unbalanced n, equal SD",30,"15, 24, 36, 45",1,0,0,"0.00, 0.00, 0.00, 1.00","onepoint_1",311,202609591,"1,1,1,1","W","W",1000,49,0,0
"unbalanced n, equal SD",30,"15, 24, 36, 45",1,0,0,"0.00, 0.00, 0.00, 1.00","onepoint_1",311,202609591,"1,1,1,1","W","KW",1000,41,0,0
"unbalanced n, equal SD",30,"15, 24, 36, 45",1,0,0,"0.00, 0.00, 0.00, 1.00","onepoint_1",311,202609591,"1,1,1,1","KW","F",1000,910,0,1
"unbalanced n, equal SD",30,"15, 24, 36, 45",1,0,0,"0.00, 0.00, 0.00, 1.00","onepoint_1",311,202609591,"1,1,1,1","KW","W",1000,49,0,0
"unbalanced n, equal SD",30,"15, 24, 36, 45",1,0,0,"0.00, 0.00, 0.00, 1.00","onepoint_1",311,202609591,"1,1,1,1","KW","KW",1000,41,0,0
"unbalanced n, equal SD",30,"15, 24, 36, 45",2,0,6,"0.00, 0.00, 0.00, 1.00","onepoint_1",312,202609592,"1,1,1,1","F","F",1000,104,0,0
"unbalanced n, equal SD",30,"15, 24, 36, 45",2,0,6,"0.00, 0.00, 0.00, 1.00","onepoint_1",312,202609592,"1,1,1,1","F","W",1000,22,0,0
"unbalanced n, equal SD",30,"15, 24, 36, 45",2,0,6,"0.00, 0.00, 0.00, 1.00","onepoint_1",312,202609592,"1,1,1,1","F","KW",1000,874,0,6
"unbalanced n, equal SD",30,"15, 24, 36, 45",2,0,6,"0.00, 0.00, 0.00, 1.00","onepoint_1",312,202609592,"1,1,1,1","W","F",1000,104,0,0
"unbalanced n, equal SD",30,"15, 24, 36, 45",2,0,6,"0.00, 0.00, 0.00, 1.00","onepoint_1",312,202609592,"1,1,1,1","W","W",1000,22,0,0
"unbalanced n, equal SD",30,"15, 24, 36, 45",2,0,6,"0.00, 0.00, 0.00, 1.00","onepoint_1",312,202609592,"1,1,1,1","W","KW",1000,874,0,7
"unbalanced n, equal SD",30,"15, 24, 36, 45",2,0,6,"0.00, 0.00, 0.00, 1.00","onepoint_1",312,202609592,"1,1,1,1","KW","F",1000,104,0,0
"unbalanced n, equal SD",30,"15, 24, 36, 45",2,0,6,"0.00, 0.00, 0.00, 1.00","onepoint_1",312,202609592,"1,1,1,1","KW","W",1000,22,0,0
"unbalanced n, equal SD",30,"15, 24, 36, 45",2,0,6,"0.00, 0.00, 0.00, 1.00","onepoint_1",312,202609592,"1,1,1,1","KW","KW",1000,874,0,0
"unbalanced n, equal SD",30,"15, 24, 36, 45",3,0.5,1,"0.00, 0.00, 0.00, 1.00","onepoint_1",313,202609593,"1,1,1,1","F","F",1000,522,0,0
"unbalanced n, equal SD",30,"15, 24, 36, 45",3,0.5,1,"0.00, 0.00, 0.00, 1.00","onepoint_1",313,202609593,"1,1,1,1","F","W",1000,57,0,0
"unbalanced n, equal SD",30,"15, 24, 36, 45",3,0.5,1,"0.00, 0.00, 0.00, 1.00","onepoint_1",313,202609593,"1,1,1,1","F","KW",1000,421,0,0
"unbalanced n, equal SD",30,"15, 24, 36, 45",3,0.5,1,"0.00, 0.00, 0.00, 1.00","onepoint_1",313,202609593,"1,1,1,1","W","F",1000,522,0,0
"unbalanced n, equal SD",30,"15, 24, 36, 45",3,0.5,1,"0.00, 0.00, 0.00, 1.00","onepoint_1",313,202609593,"1,1,1,1","W","W",1000,57,0,0
"unbalanced n, equal SD",30,"15, 24, 36, 45",3,0.5,1,"0.00, 0.00, 0.00, 1.00","onepoint_1",313,202609593,"1,1,1,1","W","KW",1000,421,0,0
"unbalanced n, equal SD",30,"15, 24, 36, 45",3,0.5,1,"0.00, 0.00, 0.00, 1.00","onepoint_1",313,202609593,"1,1,1,1","KW","F",1000,522,2,1
"unbalanced n, equal SD",30,"15, 24, 36, 45",3,0.5,1,"0.00, 0.00, 0.00, 1.00","onepoint_1",313,202609593,"1,1,1,1","KW","W",1000,57,0,0
"unbalanced n, equal SD",30,"15, 24, 36, 45",3,0.5,1,"0.00, 0.00, 0.00, 1.00","onepoint_1",313,202609593,"1,1,1,1","KW","KW",1000,421,0,0
"unbalanced n, equal SD",30,"15, 24, 36, 45",4,1,1.6,"0.00, 0.00, 0.00, 1.00","onepoint_1",314,202609594,"1,1,1,1","F","F",1000,47,0,0
"unbalanced n, equal SD",30,"15, 24, 36, 45",4,1,1.6,"0.00, 0.00, 0.00, 1.00","onepoint_1",314,202609594,"1,1,1,1","F","W",1000,32,0,0
"unbalanced n, equal SD",30,"15, 24, 36, 45",4,1,1.6,"0.00, 0.00, 0.00, 1.00","onepoint_1",314,202609594,"1,1,1,1","F","KW",1000,921,0,2
"unbalanced n, equal SD",30,"15, 24, 36, 45",4,1,1.6,"0.00, 0.00, 0.00, 1.00","onepoint_1",314,202609594,"1,1,1,1","W","F",1000,47,0,0
"unbalanced n, equal SD",30,"15, 24, 36, 45",4,1,1.6,"0.00, 0.00, 0.00, 1.00","onepoint_1",314,202609594,"1,1,1,1","W","W",1000,32,0,0
"unbalanced n, equal SD",30,"15, 24, 36, 45",4,1,1.6,"0.00, 0.00, 0.00, 1.00","onepoint_1",314,202609594,"1,1,1,1","W","KW",1000,921,0,1
"unbalanced n, equal SD",30,"15, 24, 36, 45",4,1,1.6,"0.00, 0.00, 0.00, 1.00","onepoint_1",314,202609594,"1,1,1,1","KW","F",1000,47,0,0
"unbalanced n, equal SD",30,"15, 24, 36, 45",4,1,1.6,"0.00, 0.00, 0.00, 1.00","onepoint_1",314,202609594,"1,1,1,1","KW","W",1000,32,0,0
"unbalanced n, equal SD",30,"15, 24, 36, 45",4,1,1.6,"0.00, 0.00, 0.00, 1.00","onepoint_1",314,202609594,"1,1,1,1","KW","KW",1000,921,0,0
"unbalanced n, equal SD",30,"15, 24, 36, 45",5,2,6.6,"0.00, 0.00, 0.00, 1.00","onepoint_1",315,202609595,"1,1,1,1","F","F",1000,0,0,0
"unbalanced n, equal SD",30,"15, 24, 36, 45",5,2,6.6,"0.00, 0.00, 0.00, 1.00","onepoint_1",315,202609595,"1,1,1,1","F","W",1000,0,0,0
"unbalanced n, equal SD",30,"15, 24, 36, 45",5,2,6.6,"0.00, 0.00, 0.00, 1.00","onepoint_1",315,202609595,"1,1,1,1","F","KW",1000,1000,0,6
"unbalanced n, equal SD",30,"15, 24, 36, 45",5,2,6.6,"0.00, 0.00, 0.00, 1.00","onepoint_1",315,202609595,"1,1,1,1","W","F",1000,0,0,0
"unbalanced n, equal SD",30,"15, 24, 36, 45",5,2,6.6,"0.00, 0.00, 0.00, 1.00","onepoint_1",315,202609595,"1,1,1,1","W","W",1000,0,0,0
"unbalanced n, equal SD",30,"15, 24, 36, 45",5,2,6.6,"0.00, 0.00, 0.00, 1.00","onepoint_1",315,202609595,"1,1,1,1","W","KW",1000,1000,0,0
"unbalanced n, equal SD",30,"15, 24, 36, 45",5,2,6.6,"0.00, 0.00, 0.00, 1.00","onepoint_1",315,202609595,"1,1,1,1","KW","F",1000,0,0,0
"unbalanced n, equal SD",30,"15, 24, 36, 45",5,2,6.6,"0.00, 0.00, 0.00, 1.00","onepoint_1",315,202609595,"1,1,1,1","KW","W",1000,0,0,0
"unbalanced n, equal SD",30,"15, 24, 36, 45",5,2,6.6,"0.00, 0.00, 0.00, 1.00","onepoint_1",315,202609595,"1,1,1,1","KW","KW",1000,1000,0,0
"unbalanced n, equal SD",50,"25, 40, 60, 75",1,0,0,"0.00, 0.00, 0.00, 1.00","onepoint_1",316,202609596,"1,1,1,1","F","F",1000,892,0,0
"unbalanced n, equal SD",50,"25, 40, 60, 75",1,0,0,"0.00, 0.00, 0.00, 1.00","onepoint_1",316,202609596,"1,1,1,1","F","W",1000,60,0,0
"unbalanced n, equal SD",50,"25, 40, 60, 75",1,0,0,"0.00, 0.00, 0.00, 1.00","onepoint_1",316,202609596,"1,1,1,1","F","KW",1000,48,0,0
"unbalanced n, equal SD",50,"25, 40, 60, 75",1,0,0,"0.00, 0.00, 0.00, 1.00","onepoint_1",316,202609596,"1,1,1,1","W","F",1000,892,0,0
"unbalanced n, equal SD",50,"25, 40, 60, 75",1,0,0,"0.00, 0.00, 0.00, 1.00","onepoint_1",316,202609596,"1,1,1,1","W","W",1000,60,0,0
"unbalanced n, equal SD",50,"25, 40, 60, 75",1,0,0,"0.00, 0.00, 0.00, 1.00","onepoint_1",316,202609596,"1,1,1,1","W","KW",1000,48,0,0
"unbalanced n, equal SD",50,"25, 40, 60, 75",1,0,0,"0.00, 0.00, 0.00, 1.00","onepoint_1",316,202609596,"1,1,1,1","KW","F",1000,892,0,0
"unbalanced n, equal SD",50,"25, 40, 60, 75",1,0,0,"0.00, 0.00, 0.00, 1.00","onepoint_1",316,202609596,"1,1,1,1","KW","W",1000,60,0,0
"unbalanced n, equal SD",50,"25, 40, 60, 75",1,0,0,"0.00, 0.00, 0.00, 1.00","onepoint_1",316,202609596,"1,1,1,1","KW","KW",1000,48,0,0
"unbalanced n, equal SD",50,"25, 40, 60, 75",2,0,6,"0.00, 0.00, 0.00, 1.00","onepoint_1",317,202609597,"1,1,1,1","F","F",1000,15,0,0
"unbalanced n, equal SD",50,"25, 40, 60, 75",2,0,6,"0.00, 0.00, 0.00, 1.00","onepoint_1",317,202609597,"1,1,1,1","F","W",1000,7,0,0
"unbalanced n, equal SD",50,"25, 40, 60, 75",2,0,6,"0.00, 0.00, 0.00, 1.00","onepoint_1",317,202609597,"1,1,1,1","F","KW",1000,978,0,0
"unbalanced n, equal SD",50,"25, 40, 60, 75",2,0,6,"0.00, 0.00, 0.00, 1.00","onepoint_1",317,202609597,"1,1,1,1","W","F",1000,15,0,0
"unbalanced n, equal SD",50,"25, 40, 60, 75",2,0,6,"0.00, 0.00, 0.00, 1.00","onepoint_1",317,202609597,"1,1,1,1","W","W",1000,7,0,0
"unbalanced n, equal SD",50,"25, 40, 60, 75",2,0,6,"0.00, 0.00, 0.00, 1.00","onepoint_1",317,202609597,"1,1,1,1","W","KW",1000,978,0,0
"unbalanced n, equal SD",50,"25, 40, 60, 75",2,0,6,"0.00, 0.00, 0.00, 1.00","onepoint_1",317,202609597,"1,1,1,1","KW","F",1000,15,0,0
"unbalanced n, equal SD",50,"25, 40, 60, 75",2,0,6,"0.00, 0.00, 0.00, 1.00","onepoint_1",317,202609597,"1,1,1,1","KW","W",1000,7,0,0
"unbalanced n, equal SD",50,"25, 40, 60, 75",2,0,6,"0.00, 0.00, 0.00, 1.00","onepoint_1",317,202609597,"1,1,1,1","KW","KW",1000,978,0,0
"unbalanced n, equal SD",50,"25, 40, 60, 75",3,0.5,1,"0.00, 0.00, 0.00, 1.00","onepoint_1",318,202609598,"1,1,1,1","F","F",1000,316,0,0
"unbalanced n, equal SD",50,"25, 40, 60, 75",3,0.5,1,"0.00, 0.00, 0.00, 1.00","onepoint_1",318,202609598,"1,1,1,1","F","W",1000,38,0,0
"unbalanced n, equal SD",50,"25, 40, 60, 75",3,0.5,1,"0.00, 0.00, 0.00, 1.00","onepoint_1",318,202609598,"1,1,1,1","F","KW",1000,646,0,0
"unbalanced n, equal SD",50,"25, 40, 60, 75",3,0.5,1,"0.00, 0.00, 0.00, 1.00","onepoint_1",318,202609598,"1,1,1,1","W","F",1000,316,0,0
"unbalanced n, equal SD",50,"25, 40, 60, 75",3,0.5,1,"0.00, 0.00, 0.00, 1.00","onepoint_1",318,202609598,"1,1,1,1","W","W",1000,38,0,0
"unbalanced n, equal SD",50,"25, 40, 60, 75",3,0.5,1,"0.00, 0.00, 0.00, 1.00","onepoint_1",318,202609598,"1,1,1,1","W","KW",1000,646,0,0
"unbalanced n, equal SD",50,"25, 40, 60, 75",3,0.5,1,"0.00, 0.00, 0.00, 1.00","onepoint_1",318,202609598,"1,1,1,1","KW","F",1000,316,0,0
"unbalanced n, equal SD",50,"25, 40, 60, 75",3,0.5,1,"0.00, 0.00, 0.00, 1.00","onepoint_1",318,202609598,"1,1,1,1","KW","W",1000,38,0,0
"unbalanced n, equal SD",50,"25, 40, 60, 75",3,0.5,1,"0.00, 0.00, 0.00, 1.00","onepoint_1",318,202609598,"1,1,1,1","KW","KW",1000,646,0,0
"unbalanced n, equal SD",50,"25, 40, 60, 75",4,1,1.6,"0.00, 0.00, 0.00, 1.00","onepoint_1",319,202609599,"1,1,1,1","F","F",1000,1,0,0
"unbalanced n, equal SD",50,"25, 40, 60, 75",4,1,1.6,"0.00, 0.00, 0.00, 1.00","onepoint_1",319,202609599,"1,1,1,1","F","W",1000,9,0,0
"unbalanced n, equal SD",50,"25, 40, 60, 75",4,1,1.6,"0.00, 0.00, 0.00, 1.00","onepoint_1",319,202609599,"1,1,1,1","F","KW",1000,990,0,0
"unbalanced n, equal SD",50,"25, 40, 60, 75",4,1,1.6,"0.00, 0.00, 0.00, 1.00","onepoint_1",319,202609599,"1,1,1,1","W","F",1000,1,0,0
"unbalanced n, equal SD",50,"25, 40, 60, 75",4,1,1.6,"0.00, 0.00, 0.00, 1.00","onepoint_1",319,202609599,"1,1,1,1","W","W",1000,9,0,0
"unbalanced n, equal SD",50,"25, 40, 60, 75",4,1,1.6,"0.00, 0.00, 0.00, 1.00","onepoint_1",319,202609599,"1,1,1,1","W","KW",1000,990,0,0
"unbalanced n, equal SD",50,"25, 40, 60, 75",4,1,1.6,"0.00, 0.00, 0.00, 1.00","onepoint_1",319,202609599,"1,1,1,1","KW","F",1000,1,0,0
"unbalanced n, equal SD",50,"25, 40, 60, 75",4,1,1.6,"0.00, 0.00, 0.00, 1.00","onepoint_1",319,202609599,"1,1,1,1","KW","W",1000,9,0,0
"unbalanced n, equal SD",50,"25, 40, 60, 75",4,1,1.6,"0.00, 0.00, 0.00, 1.00","onepoint_1",319,202609599,"1,1,1,1","KW","KW",1000,990,0,0
"unbalanced n, equal SD",50,"25, 40, 60, 75",5,2,6.6,"0.00, 0.00, 0.00, 1.00","onepoint_1",320,202609600,"1,1,1,1","F","F",1000,0,0,0
"unbalanced n, equal SD",50,"25, 40, 60, 75",5,2,6.6,"0.00, 0.00, 0.00, 1.00","onepoint_1",320,202609600,"1,1,1,1","F","W",1000,0,0,0
"unbalanced n, equal SD",50,"25, 40, 60, 75",5,2,6.6,"0.00, 0.00, 0.00, 1.00","onepoint_1",320,202609600,"1,1,1,1","F","KW",1000,1000,0,0
"unbalanced n, equal SD",50,"25, 40, 60, 75",5,2,6.6,"0.00, 0.00, 0.00, 1.00","onepoint_1",320,202609600,"1,1,1,1","W","F",1000,0,0,0
"unbalanced n, equal SD",50,"25, 40, 60, 75",5,2,6.6,"0.00, 0.00, 0.00, 1.00","onepoint_1",320,202609600,"1,1,1,1","W","W",1000,0,0,0
"unbalanced n, equal SD",50,"25, 40, 60, 75",5,2,6.6,"0.00, 0.00, 0.00, 1.00","onepoint_1",320,202609600,"1,1,1,1","W","KW",1000,1000,0,0
"unbalanced n, equal SD",50,"25, 40, 60, 75",5,2,6.6,"0.00, 0.00, 0.00, 1.00","onepoint_1",320,202609600,"1,1,1,1","KW","F",1000,0,0,0
"unbalanced n, equal SD",50,"25, 40, 60, 75",5,2,6.6,"0.00, 0.00, 0.00, 1.00","onepoint_1",320,202609600,"1,1,1,1","KW","W",1000,0,0,0
"unbalanced n, equal SD",50,"25, 40, 60, 75",5,2,6.6,"0.00, 0.00, 0.00, 1.00","onepoint_1",320,202609600,"1,1,1,1","KW","KW",1000,1000,0,0
"unbalanced n, equal SD",100,"50, 80, 120, 150",1,0,0,"0.00, 0.00, 0.00, 1.00","onepoint_1",321,202609601,"1,1,1,1","F","F",1000,901,0,0
"unbalanced n, equal SD",100,"50, 80, 120, 150",1,0,0,"0.00, 0.00, 0.00, 1.00","onepoint_1",321,202609601,"1,1,1,1","F","W",1000,42,0,0
"unbalanced n, equal SD",100,"50, 80, 120, 150",1,0,0,"0.00, 0.00, 0.00, 1.00","onepoint_1",321,202609601,"1,1,1,1","F","KW",1000,57,0,0
"unbalanced n, equal SD",100,"50, 80, 120, 150",1,0,0,"0.00, 0.00, 0.00, 1.00","onepoint_1",321,202609601,"1,1,1,1","W","F",1000,901,0,0
"unbalanced n, equal SD",100,"50, 80, 120, 150",1,0,0,"0.00, 0.00, 0.00, 1.00","onepoint_1",321,202609601,"1,1,1,1","W","W",1000,42,0,0
"unbalanced n, equal SD",100,"50, 80, 120, 150",1,0,0,"0.00, 0.00, 0.00, 1.00","onepoint_1",321,202609601,"1,1,1,1","W","KW",1000,57,0,0
"unbalanced n, equal SD",100,"50, 80, 120, 150",1,0,0,"0.00, 0.00, 0.00, 1.00","onepoint_1",321,202609601,"1,1,1,1","KW","F",1000,901,0,0
"unbalanced n, equal SD",100,"50, 80, 120, 150",1,0,0,"0.00, 0.00, 0.00, 1.00","onepoint_1",321,202609601,"1,1,1,1","KW","W",1000,42,0,0
"unbalanced n, equal SD",100,"50, 80, 120, 150",1,0,0,"0.00, 0.00, 0.00, 1.00","onepoint_1",321,202609601,"1,1,1,1","KW","KW",1000,57,0,0
"unbalanced n, equal SD",100,"50, 80, 120, 150",2,0,6,"0.00, 0.00, 0.00, 1.00","onepoint_1",322,202609602,"1,1,1,1","F","F",1000,0,0,0
"unbalanced n, equal SD",100,"50, 80, 120, 150",2,0,6,"0.00, 0.00, 0.00, 1.00","onepoint_1",322,202609602,"1,1,1,1","F","W",1000,0,0,0
"unbalanced n, equal SD",100,"50, 80, 120, 150",2,0,6,"0.00, 0.00, 0.00, 1.00","onepoint_1",322,202609602,"1,1,1,1","F","KW",1000,1000,0,0
"unbalanced n, equal SD",100,"50, 80, 120, 150",2,0,6,"0.00, 0.00, 0.00, 1.00","onepoint_1",322,202609602,"1,1,1,1","W","F",1000,0,0,0
"unbalanced n, equal SD",100,"50, 80, 120, 150",2,0,6,"0.00, 0.00, 0.00, 1.00","onepoint_1",322,202609602,"1,1,1,1","W","W",1000,0,0,0
"unbalanced n, equal SD",100,"50, 80, 120, 150",2,0,6,"0.00, 0.00, 0.00, 1.00","onepoint_1",322,202609602,"1,1,1,1","W","KW",1000,1000,0,0
"unbalanced n, equal SD",100,"50, 80, 120, 150",2,0,6,"0.00, 0.00, 0.00, 1.00","onepoint_1",322,202609602,"1,1,1,1","KW","F",1000,0,0,0
"unbalanced n, equal SD",100,"50, 80, 120, 150",2,0,6,"0.00, 0.00, 0.00, 1.00","onepoint_1",322,202609602,"1,1,1,1","KW","W",1000,0,0,0
"unbalanced n, equal SD",100,"50, 80, 120, 150",2,0,6,"0.00, 0.00, 0.00, 1.00","onepoint_1",322,202609602,"1,1,1,1","KW","KW",1000,1000,0,0
"unbalanced n, equal SD",100,"50, 80, 120, 150",3,0.5,1,"0.00, 0.00, 0.00, 1.00","onepoint_1",323,202609603,"1,1,1,1","F","F",1000,80,0,0
"unbalanced n, equal SD",100,"50, 80, 120, 150",3,0.5,1,"0.00, 0.00, 0.00, 1.00","onepoint_1",323,202609603,"1,1,1,1","F","W",1000,15,0,0
"unbalanced n, equal SD",100,"50, 80, 120, 150",3,0.5,1,"0.00, 0.00, 0.00, 1.00","onepoint_1",323,202609603,"1,1,1,1","F","KW",1000,905,0,0
"unbalanced n, equal SD",100,"50, 80, 120, 150",3,0.5,1,"0.00, 0.00, 0.00, 1.00","onepoint_1",323,202609603,"1,1,1,1","W","F",1000,80,0,0
"unbalanced n, equal SD",100,"50, 80, 120, 150",3,0.5,1,"0.00, 0.00, 0.00, 1.00","onepoint_1",323,202609603,"1,1,1,1","W","W",1000,15,0,0
"unbalanced n, equal SD",100,"50, 80, 120, 150",3,0.5,1,"0.00, 0.00, 0.00, 1.00","onepoint_1",323,202609603,"1,1,1,1","W","KW",1000,905,0,0
"unbalanced n, equal SD",100,"50, 80, 120, 150",3,0.5,1,"0.00, 0.00, 0.00, 1.00","onepoint_1",323,202609603,"1,1,1,1","KW","F",1000,80,0,0
"unbalanced n, equal SD",100,"50, 80, 120, 150",3,0.5,1,"0.00, 0.00, 0.00, 1.00","onepoint_1",323,202609603,"1,1,1,1","KW","W",1000,15,0,0
"unbalanced n, equal SD",100,"50, 80, 120, 150",3,0.5,1,"0.00, 0.00, 0.00, 1.00","onepoint_1",323,202609603,"1,1,1,1","KW","KW",1000,905,0,0
"unbalanced n, equal SD",100,"50, 80, 120, 150",4,1,1.6,"0.00, 0.00, 0.00, 1.00","onepoint_1",324,202609604,"1,1,1,1","F","F",1000,0,0,0
"unbalanced n, equal SD",100,"50, 80, 120, 150",4,1,1.6,"0.00, 0.00, 0.00, 1.00","onepoint_1",324,202609604,"1,1,1,1","F","W",1000,0,0,0
"unbalanced n, equal SD",100,"50, 80, 120, 150",4,1,1.6,"0.00, 0.00, 0.00, 1.00","onepoint_1",324,202609604,"1,1,1,1","F","KW",1000,1000,0,0
"unbalanced n, equal SD",100,"50, 80, 120, 150",4,1,1.6,"0.00, 0.00, 0.00, 1.00","onepoint_1",324,202609604,"1,1,1,1","W","F",1000,0,0,0
"unbalanced n, equal SD",100,"50, 80, 120, 150",4,1,1.6,"0.00, 0.00, 0.00, 1.00","onepoint_1",324,202609604,"1,1,1,1","W","W",1000,0,0,0
"unbalanced n, equal SD",100,"50, 80, 120, 150",4,1,1.6,"0.00, 0.00, 0.00, 1.00","onepoint_1",324,202609604,"1,1,1,1","W","KW",1000,1000,0,0
"unbalanced n, equal SD",100,"50, 80, 120, 150",4,1,1.6,"0.00, 0.00, 0.00, 1.00","onepoint_1",324,202609604,"1,1,1,1","KW","F",1000,0,0,0
"unbalanced n, equal SD",100,"50, 80, 120, 150",4,1,1.6,"0.00, 0.00, 0.00, 1.00","onepoint_1",324,202609604,"1,1,1,1","KW","W",1000,0,0,0
"unbalanced n, equal SD",100,"50, 80, 120, 150",4,1,1.6,"0.00, 0.00, 0.00, 1.00","onepoint_1",324,202609604,"1,1,1,1","KW","KW",1000,1000,0,0
"unbalanced n, equal SD",100,"50, 80, 120, 150",5,2,6.6,"0.00, 0.00, 0.00, 1.00","onepoint_1",325,202609605,"1,1,1,1","F","F",1000,0,0,0
"unbalanced n, equal SD",100,"50, 80, 120, 150",5,2,6.6,"0.00, 0.00, 0.00, 1.00","onepoint_1",325,202609605,"1,1,1,1","F","W",1000,0,0,0
"unbalanced n, equal SD",100,"50, 80, 120, 150",5,2,6.6,"0.00, 0.00, 0.00, 1.00","onepoint_1",325,202609605,"1,1,1,1","F","KW",1000,1000,0,0
"unbalanced n, equal SD",100,"50, 80, 120, 150",5,2,6.6,"0.00, 0.00, 0.00, 1.00","onepoint_1",325,202609605,"1,1,1,1","W","F",1000,0,0,0
"unbalanced n, equal SD",100,"50, 80, 120, 150",5,2,6.6,"0.00, 0.00, 0.00, 1.00","onepoint_1",325,202609605,"1,1,1,1","W","W",1000,0,0,0
"unbalanced n, equal SD",100,"50, 80, 120, 150",5,2,6.6,"0.00, 0.00, 0.00, 1.00","onepoint_1",325,202609605,"1,1,1,1","W","KW",1000,1000,0,0
"unbalanced n, equal SD",100,"50, 80, 120, 150",5,2,6.6,"0.00, 0.00, 0.00, 1.00","onepoint_1",325,202609605,"1,1,1,1","KW","F",1000,0,0,0
"unbalanced n, equal SD",100,"50, 80, 120, 150",5,2,6.6,"0.00, 0.00, 0.00, 1.00","onepoint_1",325,202609605,"1,1,1,1","KW","W",1000,0,0,0
"unbalanced n, equal SD",100,"50, 80, 120, 150",5,2,6.6,"0.00, 0.00, 0.00, 1.00","onepoint_1",325,202609605,"1,1,1,1","KW","KW",1000,1000,0,0
"balanced n, unequal SD",10,"10, 10, 10, 10",1,0,0,"0.00, 0.00, 0.00, 1.00","onepoint_1",326,202609606,"1.000000000000000,1.414213562373095,2.000000000000000,2.236067977499790","F","F",1000,487,0,0
"balanced n, unequal SD",10,"10, 10, 10, 10",1,0,0,"0.00, 0.00, 0.00, 1.00","onepoint_1",326,202609606,"1.000000000000000,1.414213562373095,2.000000000000000,2.236067977499790","F","W",1000,427,30,8
"balanced n, unequal SD",10,"10, 10, 10, 10",1,0,0,"0.00, 0.00, 0.00, 1.00","onepoint_1",326,202609606,"1.000000000000000,1.414213562373095,2.000000000000000,2.236067977499790","F","KW",1000,86,2,11
"balanced n, unequal SD",10,"10, 10, 10, 10",1,0,0,"0.00, 0.00, 0.00, 1.00","onepoint_1",326,202609606,"1.000000000000000,1.414213562373095,2.000000000000000,2.236067977499790","W","F",1000,487,9,47
"balanced n, unequal SD",10,"10, 10, 10, 10",1,0,0,"0.00, 0.00, 0.00, 1.00","onepoint_1",326,202609606,"1.000000000000000,1.414213562373095,2.000000000000000,2.236067977499790","W","W",1000,427,0,0
"balanced n, unequal SD",10,"10, 10, 10, 10",1,0,0,"0.00, 0.00, 0.00, 1.00","onepoint_1",326,202609606,"1.000000000000000,1.414213562373095,2.000000000000000,2.236067977499790","W","KW",1000,86,2,15
"balanced n, unequal SD",10,"10, 10, 10, 10",1,0,0,"0.00, 0.00, 0.00, 1.00","onepoint_1",326,202609606,"1.000000000000000,1.414213562373095,2.000000000000000,2.236067977499790","KW","F",1000,487,7,36
"balanced n, unequal SD",10,"10, 10, 10, 10",1,0,0,"0.00, 0.00, 0.00, 1.00","onepoint_1",326,202609606,"1.000000000000000,1.414213562373095,2.000000000000000,2.236067977499790","KW","W",1000,427,13,10
"balanced n, unequal SD",10,"10, 10, 10, 10",1,0,0,"0.00, 0.00, 0.00, 1.00","onepoint_1",326,202609606,"1.000000000000000,1.414213562373095,2.000000000000000,2.236067977499790","KW","KW",1000,86,0,0
"balanced n, unequal SD",10,"10, 10, 10, 10",2,0,6,"0.00, 0.00, 0.00, 1.00","onepoint_1",327,202609607,"1.000000000000000,1.414213562373095,2.000000000000000,2.236067977499790","F","F",1000,297,0,0
"balanced n, unequal SD",10,"10, 10, 10, 10",2,0,6,"0.00, 0.00, 0.00, 1.00","onepoint_1",327,202609607,"1.000000000000000,1.414213562373095,2.000000000000000,2.236067977499790","F","W",1000,253,32,11
"balanced n, unequal SD",10,"10, 10, 10, 10",2,0,6,"0.00, 0.00, 0.00, 1.00","onepoint_1",327,202609607,"1.000000000000000,1.414213562373095,2.000000000000000,2.236067977499790","F","KW",1000,450,16,69
"balanced n, unequal SD",10,"10, 10, 10, 10",2,0,6,"0.00, 0.00, 0.00, 1.00","onepoint_1",327,202609607,"1.000000000000000,1.414213562373095,2.000000000000000,2.236067977499790","W","F",1000,297,2,29
"balanced n, unequal SD",10,"10, 10, 10, 10",2,0,6,"0.00, 0.00, 0.00, 1.00","onepoint_1",327,202609607,"1.000000000000000,1.414213562373095,2.000000000000000,2.236067977499790","W","W",1000,253,0,0
"balanced n, unequal SD",10,"10, 10, 10, 10",2,0,6,"0.00, 0.00, 0.00, 1.00","onepoint_1",327,202609607,"1.000000000000000,1.414213562373095,2.000000000000000,2.236067977499790","W","KW",1000,450,7,87
"balanced n, unequal SD",10,"10, 10, 10, 10",2,0,6,"0.00, 0.00, 0.00, 1.00","onepoint_1",327,202609607,"1.000000000000000,1.414213562373095,2.000000000000000,2.236067977499790","KW","F",1000,297,3,21
"balanced n, unequal SD",10,"10, 10, 10, 10",2,0,6,"0.00, 0.00, 0.00, 1.00","onepoint_1",327,202609607,"1.000000000000000,1.414213562373095,2.000000000000000,2.236067977499790","KW","W",1000,253,15,6
"balanced n, unequal SD",10,"10, 10, 10, 10",2,0,6,"0.00, 0.00, 0.00, 1.00","onepoint_1",327,202609607,"1.000000000000000,1.414213562373095,2.000000000000000,2.236067977499790","KW","KW",1000,450,0,0
"balanced n, unequal SD",10,"10, 10, 10, 10",3,0.5,1,"0.00, 0.00, 0.00, 1.00","onepoint_1",328,202609608,"1.000000000000000,1.414213562373095,2.000000000000000,2.236067977499790","F","F",1000,436,0,0
"balanced n, unequal SD",10,"10, 10, 10, 10",3,0.5,1,"0.00, 0.00, 0.00, 1.00","onepoint_1",328,202609608,"1.000000000000000,1.414213562373095,2.000000000000000,2.236067977499790","F","W",1000,390,34,7
"balanced n, unequal SD",10,"10, 10, 10, 10",3,0.5,1,"0.00, 0.00, 0.00, 1.00","onepoint_1",328,202609608,"1.000000000000000,1.414213562373095,2.000000000000000,2.236067977499790","F","KW",1000,174,1,7
"balanced n, unequal SD",10,"10, 10, 10, 10",3,0.5,1,"0.00, 0.00, 0.00, 1.00","onepoint_1",328,202609608,"1.000000000000000,1.414213562373095,2.000000000000000,2.236067977499790","W","F",1000,436,2,37
"balanced n, unequal SD",10,"10, 10, 10, 10",3,0.5,1,"0.00, 0.00, 0.00, 1.00","onepoint_1",328,202609608,"1.000000000000000,1.414213562373095,2.000000000000000,2.236067977499790","W","W",1000,390,0,0
"balanced n, unequal SD",10,"10, 10, 10, 10",3,0.5,1,"0.00, 0.00, 0.00, 1.00","onepoint_1",328,202609608,"1.000000000000000,1.414213562373095,2.000000000000000,2.236067977499790","W","KW",1000,174,4,16
"balanced n, unequal SD",10,"10, 10, 10, 10",3,0.5,1,"0.00, 0.00, 0.00, 1.00","onepoint_1",328,202609608,"1.000000000000000,1.414213562373095,2.000000000000000,2.236067977499790","KW","F",1000,436,1,23
"balanced n, unequal SD",10,"10, 10, 10, 10",3,0.5,1,"0.00, 0.00, 0.00, 1.00","onepoint_1",328,202609608,"1.000000000000000,1.414213562373095,2.000000000000000,2.236067977499790","KW","W",1000,390,6,10
"balanced n, unequal SD",10,"10, 10, 10, 10",3,0.5,1,"0.00, 0.00, 0.00, 1.00","onepoint_1",328,202609608,"1.000000000000000,1.414213562373095,2.000000000000000,2.236067977499790","KW","KW",1000,174,0,0
"balanced n, unequal SD",10,"10, 10, 10, 10",4,1,1.6,"0.00, 0.00, 0.00, 1.00","onepoint_1",329,202609609,"1.000000000000000,1.414213562373095,2.000000000000000,2.236067977499790","F","F",1000,264,0,0
"balanced n, unequal SD",10,"10, 10, 10, 10",4,1,1.6,"0.00, 0.00, 0.00, 1.00","onepoint_1",329,202609609,"1.000000000000000,1.414213562373095,2.000000000000000,2.236067977499790","F","W",1000,400,56,12
"balanced n, unequal SD",10,"10, 10, 10, 10",4,1,1.6,"0.00, 0.00, 0.00, 1.00","onepoint_1",329,202609609,"1.000000000000000,1.414213562373095,2.000000000000000,2.236067977499790","F","KW",1000,336,7,20
"balanced n, unequal SD",10,"10, 10, 10, 10",4,1,1.6,"0.00, 0.00, 0.00, 1.00","onepoint_1",329,202609609,"1.000000000000000,1.414213562373095,2.000000000000000,2.236067977499790","W","F",1000,264,6,20
"balanced n, unequal SD",10,"10, 10, 10, 10",4,1,1.6,"0.00, 0.00, 0.00, 1.00","onepoint_1",329,202609609,"1.000000000000000,1.414213562373095,2.000000000000000,2.236067977499790","W","W",1000,400,0,0
"balanced n, unequal SD",10,"10, 10, 10, 10",4,1,1.6,"0.00, 0.00, 0.00, 1.00","onepoint_1",329,202609609,"1.000000000000000,1.414213562373095,2.000000000000000,2.236067977499790","W","KW",1000,336,7,24
"balanced n, unequal SD",10,"10, 10, 10, 10",4,1,1.6,"0.00, 0.00, 0.00, 1.00","onepoint_1",329,202609609,"1.000000000000000,1.414213562373095,2.000000000000000,2.236067977499790","KW","F",1000,264,4,14
"balanced n, unequal SD",10,"10, 10, 10, 10",4,1,1.6,"0.00, 0.00, 0.00, 1.00","onepoint_1",329,202609609,"1.000000000000000,1.414213562373095,2.000000000000000,2.236067977499790","KW","W",1000,400,21,20
"balanced n, unequal SD",10,"10, 10, 10, 10",4,1,1.6,"0.00, 0.00, 0.00, 1.00","onepoint_1",329,202609609,"1.000000000000000,1.414213562373095,2.000000000000000,2.236067977499790","KW","KW",1000,336,0,0
"balanced n, unequal SD",10,"10, 10, 10, 10",5,2,6.6,"0.00, 0.00, 0.00, 1.00","onepoint_1",330,202609610,"1.000000000000000,1.414213562373095,2.000000000000000,2.236067977499790","F","F",1000,54,0,0
"balanced n, unequal SD",10,"10, 10, 10, 10",5,2,6.6,"0.00, 0.00, 0.00, 1.00","onepoint_1",330,202609610,"1.000000000000000,1.414213562373095,2.000000000000000,2.236067977499790","F","W",1000,226,34,20
"balanced n, unequal SD",10,"10, 10, 10, 10",5,2,6.6,"0.00, 0.00, 0.00, 1.00","onepoint_1",330,202609610,"1.000000000000000,1.414213562373095,2.000000000000000,2.236067977499790","F","KW",1000,720,25,53
"balanced n, unequal SD",10,"10, 10, 10, 10",5,2,6.6,"0.00, 0.00, 0.00, 1.00","onepoint_1",330,202609610,"1.000000000000000,1.414213562373095,2.000000000000000,2.236067977499790","W","F",1000,54,1,7
"balanced n, unequal SD",10,"10, 10, 10, 10",5,2,6.6,"0.00, 0.00, 0.00, 1.00","onepoint_1",330,202609610,"1.000000000000000,1.414213562373095,2.000000000000000,2.236067977499790","W","W",1000,226,0,0
"balanced n, unequal SD",10,"10, 10, 10, 10",5,2,6.6,"0.00, 0.00, 0.00, 1.00","onepoint_1",330,202609610,"1.000000000000000,1.414213562373095,2.000000000000000,2.236067977499790","W","KW",1000,720,20,68
"balanced n, unequal SD",10,"10, 10, 10, 10",5,2,6.6,"0.00, 0.00, 0.00, 1.00","onepoint_1",330,202609610,"1.000000000000000,1.414213562373095,2.000000000000000,2.236067977499790","KW","F",1000,54,0,6
"balanced n, unequal SD",10,"10, 10, 10, 10",5,2,6.6,"0.00, 0.00, 0.00, 1.00","onepoint_1",330,202609610,"1.000000000000000,1.414213562373095,2.000000000000000,2.236067977499790","KW","W",1000,226,9,17
"balanced n, unequal SD",10,"10, 10, 10, 10",5,2,6.6,"0.00, 0.00, 0.00, 1.00","onepoint_1",330,202609610,"1.000000000000000,1.414213562373095,2.000000000000000,2.236067977499790","KW","KW",1000,720,0,0
"balanced n, unequal SD",20,"20, 20, 20, 20",1,0,0,"0.00, 0.00, 0.00, 1.00","onepoint_1",331,202609611,"1.000000000000000,1.414213562373095,2.000000000000000,2.236067977499790","F","F",1000,161,0,0
"balanced n, unequal SD",20,"20, 20, 20, 20",1,0,0,"0.00, 0.00, 0.00, 1.00","onepoint_1",331,202609611,"1.000000000000000,1.414213562373095,2.000000000000000,2.236067977499790","F","W",1000,750,92,17
"balanced n, unequal SD",20,"20, 20, 20, 20",1,0,0,"0.00, 0.00, 0.00, 1.00","onepoint_1",331,202609611,"1.000000000000000,1.414213562373095,2.000000000000000,2.236067977499790","F","KW",1000,89,5,4
"balanced n, unequal SD",20,"20, 20, 20, 20",1,0,0,"0.00, 0.00, 0.00, 1.00","onepoint_1",331,202609611,"1.000000000000000,1.414213562373095,2.000000000000000,2.236067977499790","W","F",1000,161,1,18
"balanced n, unequal SD",20,"20, 20, 20, 20",1,0,0,"0.00, 0.00, 0.00, 1.00","onepoint_1",331,202609611,"1.000000000000000,1.414213562373095,2.000000000000000,2.236067977499790","W","W",1000,750,0,0
"balanced n, unequal SD",20,"20, 20, 20, 20",1,0,0,"0.00, 0.00, 0.00, 1.00","onepoint_1",331,202609611,"1.000000000000000,1.414213562373095,2.000000000000000,2.236067977499790","W","KW",1000,89,2,10
"balanced n, unequal SD",20,"20, 20, 20, 20",1,0,0,"0.00, 0.00, 0.00, 1.00","onepoint_1",331,202609611,"1.000000000000000,1.414213562373095,2.000000000000000,2.236067977499790","KW","F",1000,161,1,14
"balanced n, unequal SD",20,"20, 20, 20, 20",1,0,0,"0.00, 0.00, 0.00, 1.00","onepoint_1",331,202609611,"1.000000000000000,1.414213562373095,2.000000000000000,2.236067977499790","KW","W",1000,750,46,22
"balanced n, unequal SD",20,"20, 20, 20, 20",1,0,0,"0.00, 0.00, 0.00, 1.00","onepoint_1",331,202609611,"1.000000000000000,1.414213562373095,2.000000000000000,2.236067977499790","KW","KW",1000,89,0,0
"balanced n, unequal SD",20,"20, 20, 20, 20",2,0,6,"0.00, 0.00, 0.00, 1.00","onepoint_1",332,202609612,"1.000000000000000,1.414213562373095,2.000000000000000,2.236067977499790","F","F",1000,66,0,0
"balanced n, unequal SD",20,"20, 20, 20, 20",2,0,6,"0.00, 0.00, 0.00, 1.00","onepoint_1",332,202609612,"1.000000000000000,1.414213562373095,2.000000000000000,2.236067977499790","F","W",1000,268,39,6
"balanced n, unequal SD",20,"20, 20, 20, 20",2,0,6,"0.00, 0.00, 0.00, 1.00","onepoint_1",332,202609612,"1.000000000000000,1.414213562373095,2.000000000000000,2.236067977499790","F","KW",1000,666,32,108
"balanced n, unequal SD",20,"20, 20, 20, 20",2,0,6,"0.00, 0.00, 0.00, 1.00","onepoint_1",332,202609612,"1.000000000000000,1.414213562373095,2.000000000000000,2.236067977499790","W","F",1000,66,0,6
"balanced n, unequal SD",20,"20, 20, 20, 20",2,0,6,"0.00, 0.00, 0.00, 1.00","onepoint_1",332,202609612,"1.000000000000000,1.414213562373095,2.000000000000000,2.236067977499790","W","W",1000,268,0,0
"balanced n, unequal SD",20,"20, 20, 20, 20",2,0,6,"0.00, 0.00, 0.00, 1.00","onepoint_1",332,202609612,"1.000000000000000,1.414213562373095,2.000000000000000,2.236067977499790","W","KW",1000,666,10,146
"balanced n, unequal SD",20,"20, 20, 20, 20",2,0,6,"0.00, 0.00, 0.00, 1.00","onepoint_1",332,202609612,"1.000000000000000,1.414213562373095,2.000000000000000,2.236067977499790","KW","F",1000,66,1,2
"balanced n, unequal SD",20,"20, 20, 20, 20",2,0,6,"0.00, 0.00, 0.00, 1.00","onepoint_1",332,202609612,"1.000000000000000,1.414213562373095,2.000000000000000,2.236067977499790","KW","W",1000,268,36,5
"balanced n, unequal SD",20,"20, 20, 20, 20",2,0,6,"0.00, 0.00, 0.00, 1.00","onepoint_1",332,202609612,"1.000000000000000,1.414213562373095,2.000000000000000,2.236067977499790","KW","KW",1000,666,0,0
"balanced n, unequal SD",20,"20, 20, 20, 20",3,0.5,1,"0.00, 0.00, 0.00, 1.00","onepoint_1",333,202609613,"1.000000000000000,1.414213562373095,2.000000000000000,2.236067977499790","F","F",1000,122,0,0
"balanced n, unequal SD",20,"20, 20, 20, 20",3,0.5,1,"0.00, 0.00, 0.00, 1.00","onepoint_1",333,202609613,"1.000000000000000,1.414213562373095,2.000000000000000,2.236067977499790","F","W",1000,636,75,14
"balanced n, unequal SD",20,"20, 20, 20, 20",3,0.5,1,"0.00, 0.00, 0.00, 1.00","onepoint_1",333,202609613,"1.000000000000000,1.414213562373095,2.000000000000000,2.236067977499790","F","KW",1000,242,19,16
"balanced n, unequal SD",20,"20, 20, 20, 20",3,0.5,1,"0.00, 0.00, 0.00, 1.00","onepoint_1",333,202609613,"1.000000000000000,1.414213562373095,2.000000000000000,2.236067977499790","W","F",1000,122,0,11
"balanced n, unequal SD",20,"20, 20, 20, 20",3,0.5,1,"0.00, 0.00, 0.00, 1.00","onepoint_1",333,202609613,"1.000000000000000,1.414213562373095,2.000000000000000,2.236067977499790","W","W",1000,636,0,0
"balanced n, unequal SD",20,"20, 20, 20, 20",3,0.5,1,"0.00, 0.00, 0.00, 1.00","onepoint_1",333,202609613,"1.000000000000000,1.414213562373095,2.000000000000000,2.236067977499790","W","KW",1000,242,4,23
"balanced n, unequal SD",20,"20, 20, 20, 20",3,0.5,1,"0.00, 0.00, 0.00, 1.00","onepoint_1",333,202609613,"1.000000000000000,1.414213562373095,2.000000000000000,2.236067977499790","KW","F",1000,122,4,6
"balanced n, unequal SD",20,"20, 20, 20, 20",3,0.5,1,"0.00, 0.00, 0.00, 1.00","onepoint_1",333,202609613,"1.000000000000000,1.414213562373095,2.000000000000000,2.236067977499790","KW","W",1000,636,34,27
"balanced n, unequal SD",20,"20, 20, 20, 20",3,0.5,1,"0.00, 0.00, 0.00, 1.00","onepoint_1",333,202609613,"1.000000000000000,1.414213562373095,2.000000000000000,2.236067977499790","KW","KW",1000,242,0,0
"balanced n, unequal SD",20,"20, 20, 20, 20",4,1,1.6,"0.00, 0.00, 0.00, 1.00","onepoint_1",334,202609614,"1.000000000000000,1.414213562373095,2.000000000000000,2.236067977499790","F","F",1000,62,0,0
"balanced n, unequal SD",20,"20, 20, 20, 20",4,1,1.6,"0.00, 0.00, 0.00, 1.00","onepoint_1",334,202609614,"1.000000000000000,1.414213562373095,2.000000000000000,2.236067977499790","F","W",1000,443,75,15
"balanced n, unequal SD",20,"20, 20, 20, 20",4,1,1.6,"0.00, 0.00, 0.00, 1.00","onepoint_1",334,202609614,"1.000000000000000,1.414213562373095,2.000000000000000,2.236067977499790","F","KW",1000,495,38,18
"balanced n, unequal SD",20,"20, 20, 20, 20",4,1,1.6,"0.00, 0.00, 0.00, 1.00","onepoint_1",334,202609614,"1.000000000000000,1.414213562373095,2.000000000000000,2.236067977499790","W","F",1000,62,1,7
"balanced n, unequal SD",20,"20, 20, 20, 20",4,1,1.6,"0.00, 0.00, 0.00, 1.00","onepoint_1",334,202609614,"1.000000000000000,1.414213562373095,2.000000000000000,2.236067977499790","W","W",1000,443,0,0
"balanced n, unequal SD",20,"20, 20, 20, 20",4,1,1.6,"0.00, 0.00, 0.00, 1.00","onepoint_1",334,202609614,"1.000000000000000,1.414213562373095,2.000000000000000,2.236067977499790","W","KW",1000,495,15,45
"balanced n, unequal SD",20,"20, 20, 20, 20",4,1,1.6,"0.00, 0.00, 0.00, 1.00","onepoint_1",334,202609614,"1.000000000000000,1.414213562373095,2.000000000000000,2.236067977499790","KW","F",1000,62,1,5
"balanced n, unequal SD",20,"20, 20, 20, 20",4,1,1.6,"0.00, 0.00, 0.00, 1.00","onepoint_1",334,202609614,"1.000000000000000,1.414213562373095,2.000000000000000,2.236067977499790","KW","W",1000,443,18,33
"balanced n, unequal SD",20,"20, 20, 20, 20",4,1,1.6,"0.00, 0.00, 0.00, 1.00","onepoint_1",334,202609614,"1.000000000000000,1.414213562373095,2.000000000000000,2.236067977499790","KW","KW",1000,495,0,0
"balanced n, unequal SD",20,"20, 20, 20, 20",5,2,6.6,"0.00, 0.00, 0.00, 1.00","onepoint_1",335,202609615,"1.000000000000000,1.414213562373095,2.000000000000000,2.236067977499790","F","F",1000,1,0,0
"balanced n, unequal SD",20,"20, 20, 20, 20",5,2,6.6,"0.00, 0.00, 0.00, 1.00","onepoint_1",335,202609615,"1.000000000000000,1.414213562373095,2.000000000000000,2.236067977499790","F","W",1000,38,5,0
"balanced n, unequal SD",20,"20, 20, 20, 20",5,2,6.6,"0.00, 0.00, 0.00, 1.00","onepoint_1",335,202609615,"1.000000000000000,1.414213562373095,2.000000000000000,2.236067977499790","F","KW",1000,961,79,102
"balanced n, unequal SD",20,"20, 20, 20, 20",5,2,6.6,"0.00, 0.00, 0.00, 1.00","onepoint_1",335,202609615,"1.000000000000000,1.414213562373095,2.000000000000000,2.236067977499790","W","F",1000,1,0,0
"balanced n, unequal SD",20,"20, 20, 20, 20",5,2,6.6,"0.00, 0.00, 0.00, 1.00","onepoint_1",335,202609615,"1.000000000000000,1.414213562373095,2.000000000000000,2.236067977499790","W","W",1000,38,0,0
"balanced n, unequal SD",20,"20, 20, 20, 20",5,2,6.6,"0.00, 0.00, 0.00, 1.00","onepoint_1",335,202609615,"1.000000000000000,1.414213562373095,2.000000000000000,2.236067977499790","W","KW",1000,961,54,161
"balanced n, unequal SD",20,"20, 20, 20, 20",5,2,6.6,"0.00, 0.00, 0.00, 1.00","onepoint_1",335,202609615,"1.000000000000000,1.414213562373095,2.000000000000000,2.236067977499790","KW","F",1000,1,0,0
"balanced n, unequal SD",20,"20, 20, 20, 20",5,2,6.6,"0.00, 0.00, 0.00, 1.00","onepoint_1",335,202609615,"1.000000000000000,1.414213562373095,2.000000000000000,2.236067977499790","KW","W",1000,38,3,2
"balanced n, unequal SD",20,"20, 20, 20, 20",5,2,6.6,"0.00, 0.00, 0.00, 1.00","onepoint_1",335,202609615,"1.000000000000000,1.414213562373095,2.000000000000000,2.236067977499790","KW","KW",1000,961,0,0
"balanced n, unequal SD",30,"30, 30, 30, 30",1,0,0,"0.00, 0.00, 0.00, 1.00","onepoint_1",336,202609616,"1.000000000000000,1.414213562373095,2.000000000000000,2.236067977499790","F","F",1000,42,0,0
"balanced n, unequal SD",30,"30, 30, 30, 30",1,0,0,"0.00, 0.00, 0.00, 1.00","onepoint_1",336,202609616,"1.000000000000000,1.414213562373095,2.000000000000000,2.236067977499790","F","W",1000,913,130,16
"balanced n, unequal SD",30,"30, 30, 30, 30",1,0,0,"0.00, 0.00, 0.00, 1.00","onepoint_1",336,202609616,"1.000000000000000,1.414213562373095,2.000000000000000,2.236067977499790","F","KW",1000,45,4,1
"balanced n, unequal SD",30,"30, 30, 30, 30",1,0,0,"0.00, 0.00, 0.00, 1.00","onepoint_1",336,202609616,"1.000000000000000,1.414213562373095,2.000000000000000,2.236067977499790","W","F",1000,42,1,7
"balanced n, unequal SD",30,"30, 30, 30, 30",1,0,0,"0.00, 0.00, 0.00, 1.00","onepoint_1",336,202609616,"1.000000000000000,1.414213562373095,2.000000000000000,2.236067977499790","W","W",1000,913,0,0
"balanced n, unequal SD",30,"30, 30, 30, 30",1,0,0,"0.00, 0.00, 0.00, 1.00","onepoint_1",336,202609616,"1.000000000000000,1.414213562373095,2.000000000000000,2.236067977499790","W","KW",1000,45,3,1
"balanced n, unequal SD",30,"30, 30, 30, 30",1,0,0,"0.00, 0.00, 0.00, 1.00","onepoint_1",336,202609616,"1.000000000000000,1.414213562373095,2.000000000000000,2.236067977499790","KW","F",1000,42,1,2
"balanced n, unequal SD",30,"30, 30, 30, 30",1,0,0,"0.00, 0.00, 0.00, 1.00","onepoint_1",336,202609616,"1.000000000000000,1.414213562373095,2.000000000000000,2.236067977499790","KW","W",1000,913,65,26
"balanced n, unequal SD",30,"30, 30, 30, 30",1,0,0,"0.00, 0.00, 0.00, 1.00","onepoint_1",336,202609616,"1.000000000000000,1.414213562373095,2.000000000000000,2.236067977499790","KW","KW",1000,45,0,0
"balanced n, unequal SD",30,"30, 30, 30, 30",2,0,6,"0.00, 0.00, 0.00, 1.00","onepoint_1",337,202609617,"1.000000000000000,1.414213562373095,2.000000000000000,2.236067977499790","F","F",1000,7,0,0
"balanced n, unequal SD",30,"30, 30, 30, 30",2,0,6,"0.00, 0.00, 0.00, 1.00","onepoint_1",337,202609617,"1.000000000000000,1.414213562373095,2.000000000000000,2.236067977499790","F","W",1000,205,24,8
"balanced n, unequal SD",30,"30, 30, 30, 30",2,0,6,"0.00, 0.00, 0.00, 1.00","onepoint_1",337,202609617,"1.000000000000000,1.414213562373095,2.000000000000000,2.236067977499790","F","KW",1000,788,23,129
"balanced n, unequal SD",30,"30, 30, 30, 30",2,0,6,"0.00, 0.00, 0.00, 1.00","onepoint_1",337,202609617,"1.000000000000000,1.414213562373095,2.000000000000000,2.236067977499790","W","F",1000,7,0,1
"balanced n, unequal SD",30,"30, 30, 30, 30",2,0,6,"0.00, 0.00, 0.00, 1.00","onepoint_1",337,202609617,"1.000000000000000,1.414213562373095,2.000000000000000,2.236067977499790","W","W",1000,205,0,0
"balanced n, unequal SD",30,"30, 30, 30, 30",2,0,6,"0.00, 0.00, 0.00, 1.00","onepoint_1",337,202609617,"1.000000000000000,1.414213562373095,2.000000000000000,2.236067977499790","W","KW",1000,788,7,191
"balanced n, unequal SD",30,"30, 30, 30, 30",2,0,6,"0.00, 0.00, 0.00, 1.00","onepoint_1",337,202609617,"1.000000000000000,1.414213562373095,2.000000000000000,2.236067977499790","KW","F",1000,7,0,1
"balanced n, unequal SD",30,"30, 30, 30, 30",2,0,6,"0.00, 0.00, 0.00, 1.00","onepoint_1",337,202609617,"1.000000000000000,1.414213562373095,2.000000000000000,2.236067977499790","KW","W",1000,205,34,4
"balanced n, unequal SD",30,"30, 30, 30, 30",2,0,6,"0.00, 0.00, 0.00, 1.00","onepoint_1",337,202609617,"1.000000000000000,1.414213562373095,2.000000000000000,2.236067977499790","KW","KW",1000,788,0,0
"balanced n, unequal SD",30,"30, 30, 30, 30",3,0.5,1,"0.00, 0.00, 0.00, 1.00","onepoint_1",338,202609618,"1.000000000000000,1.414213562373095,2.000000000000000,2.236067977499790","F","F",1000,23,0,0
"balanced n, unequal SD",30,"30, 30, 30, 30",3,0.5,1,"0.00, 0.00, 0.00, 1.00","onepoint_1",338,202609618,"1.000000000000000,1.414213562373095,2.000000000000000,2.236067977499790","F","W",1000,654,81,17
"balanced n, unequal SD",30,"30, 30, 30, 30",3,0.5,1,"0.00, 0.00, 0.00, 1.00","onepoint_1",338,202609618,"1.000000000000000,1.414213562373095,2.000000000000000,2.236067977499790","F","KW",1000,323,42,11
"balanced n, unequal SD",30,"30, 30, 30, 30",3,0.5,1,"0.00, 0.00, 0.00, 1.00","onepoint_1",338,202609618,"1.000000000000000,1.414213562373095,2.000000000000000,2.236067977499790","W","F",1000,23,0,4
"balanced n, unequal SD",30,"30, 30, 30, 30",3,0.5,1,"0.00, 0.00, 0.00, 1.00","onepoint_1",338,202609618,"1.000000000000000,1.414213562373095,2.000000000000000,2.236067977499790","W","W",1000,654,0,0
"balanced n, unequal SD",30,"30, 30, 30, 30",3,0.5,1,"0.00, 0.00, 0.00, 1.00","onepoint_1",338,202609618,"1.000000000000000,1.414213562373095,2.000000000000000,2.236067977499790","W","KW",1000,323,15,34
"balanced n, unequal SD",30,"30, 30, 30, 30",3,0.5,1,"0.00, 0.00, 0.00, 1.00","onepoint_1",338,202609618,"1.000000000000000,1.414213562373095,2.000000000000000,2.236067977499790","KW","F",1000,23,0,2
"balanced n, unequal SD",30,"30, 30, 30, 30",3,0.5,1,"0.00, 0.00, 0.00, 1.00","onepoint_1",338,202609618,"1.000000000000000,1.414213562373095,2.000000000000000,2.236067977499790","KW","W",1000,654,40,53
"balanced n, unequal SD",30,"30, 30, 30, 30",3,0.5,1,"0.00, 0.00, 0.00, 1.00","onepoint_1",338,202609618,"1.000000000000000,1.414213562373095,2.000000000000000,2.236067977499790","KW","KW",1000,323,0,0
"balanced n, unequal SD",30,"30, 30, 30, 30",4,1,1.6,"0.00, 0.00, 0.00, 1.00","onepoint_1",339,202609619,"1.000000000000000,1.414213562373095,2.000000000000000,2.236067977499790","F","F",1000,1,0,0
"balanced n, unequal SD",30,"30, 30, 30, 30",4,1,1.6,"0.00, 0.00, 0.00, 1.00","onepoint_1",339,202609619,"1.000000000000000,1.414213562373095,2.000000000000000,2.236067977499790","F","W",1000,306,36,5
"balanced n, unequal SD",30,"30, 30, 30, 30",4,1,1.6,"0.00, 0.00, 0.00, 1.00","onepoint_1",339,202609619,"1.000000000000000,1.414213562373095,2.000000000000000,2.236067977499790","F","KW",1000,693,100,24
"balanced n, unequal SD",30,"30, 30, 30, 30",4,1,1.6,"0.00, 0.00, 0.00, 1.00","onepoint_1",339,202609619,"1.000000000000000,1.414213562373095,2.000000000000000,2.236067977499790","W","F",1000,1,0,0
"balanced n, unequal SD",30,"30, 30, 30, 30",4,1,1.6,"0.00, 0.00, 0.00, 1.00","onepoint_1",339,202609619,"1.000000000000000,1.414213562373095,2.000000000000000,2.236067977499790","W","W",1000,306,0,0
"balanced n, unequal SD",30,"30, 30, 30, 30",4,1,1.6,"0.00, 0.00, 0.00, 1.00","onepoint_1",339,202609619,"1.000000000000000,1.414213562373095,2.000000000000000,2.236067977499790","W","KW",1000,693,44,56
"balanced n, unequal SD",30,"30, 30, 30, 30",4,1,1.6,"0.00, 0.00, 0.00, 1.00","onepoint_1",339,202609619,"1.000000000000000,1.414213562373095,2.000000000000000,2.236067977499790","KW","F",1000,1,0,0
"balanced n, unequal SD",30,"30, 30, 30, 30",4,1,1.6,"0.00, 0.00, 0.00, 1.00","onepoint_1",339,202609619,"1.000000000000000,1.414213562373095,2.000000000000000,2.236067977499790","KW","W",1000,306,8,34
"balanced n, unequal SD",30,"30, 30, 30, 30",4,1,1.6,"0.00, 0.00, 0.00, 1.00","onepoint_1",339,202609619,"1.000000000000000,1.414213562373095,2.000000000000000,2.236067977499790","KW","KW",1000,693,0,0
"balanced n, unequal SD",30,"30, 30, 30, 30",5,2,6.6,"0.00, 0.00, 0.00, 1.00","onepoint_1",340,202609620,"1.000000000000000,1.414213562373095,2.000000000000000,2.236067977499790","F","F",1000,0,0,0
"balanced n, unequal SD",30,"30, 30, 30, 30",5,2,6.6,"0.00, 0.00, 0.00, 1.00","onepoint_1",340,202609620,"1.000000000000000,1.414213562373095,2.000000000000000,2.236067977499790","F","W",1000,3,1,0
"balanced n, unequal SD",30,"30, 30, 30, 30",5,2,6.6,"0.00, 0.00, 0.00, 1.00","onepoint_1",340,202609620,"1.000000000000000,1.414213562373095,2.000000000000000,2.236067977499790","F","KW",1000,997,75,104
"balanced n, unequal SD",30,"30, 30, 30, 30",5,2,6.6,"0.00, 0.00, 0.00, 1.00","onepoint_1",340,202609620,"1.000000000000000,1.414213562373095,2.000000000000000,2.236067977499790","W","F",1000,0,0,0
"balanced n, unequal SD",30,"30, 30, 30, 30",5,2,6.6,"0.00, 0.00, 0.00, 1.00","onepoint_1",340,202609620,"1.000000000000000,1.414213562373095,2.000000000000000,2.236067977499790","W","W",1000,3,0,0
"balanced n, unequal SD",30,"30, 30, 30, 30",5,2,6.6,"0.00, 0.00, 0.00, 1.00","onepoint_1",340,202609620,"1.000000000000000,1.414213562373095,2.000000000000000,2.236067977499790","W","KW",1000,997,50,163
"balanced n, unequal SD",30,"30, 30, 30, 30",5,2,6.6,"0.00, 0.00, 0.00, 1.00","onepoint_1",340,202609620,"1.000000000000000,1.414213562373095,2.000000000000000,2.236067977499790","KW","F",1000,0,0,0
"balanced n, unequal SD",30,"30, 30, 30, 30",5,2,6.6,"0.00, 0.00, 0.00, 1.00","onepoint_1",340,202609620,"1.000000000000000,1.414213562373095,2.000000000000000,2.236067977499790","KW","W",1000,3,0,0
"balanced n, unequal SD",30,"30, 30, 30, 30",5,2,6.6,"0.00, 0.00, 0.00, 1.00","onepoint_1",340,202609620,"1.000000000000000,1.414213562373095,2.000000000000000,2.236067977499790","KW","KW",1000,997,0,0
"balanced n, unequal SD",50,"50, 50, 50, 50",1,0,0,"0.00, 0.00, 0.00, 1.00","onepoint_1",341,202609621,"1.000000000000000,1.414213562373095,2.000000000000000,2.236067977499790","F","F",1000,0,0,0
"balanced n, unequal SD",50,"50, 50, 50, 50",1,0,0,"0.00, 0.00, 0.00, 1.00","onepoint_1",341,202609621,"1.000000000000000,1.414213562373095,2.000000000000000,2.236067977499790","F","W",1000,961,109,8
"balanced n, unequal SD",50,"50, 50, 50, 50",1,0,0,"0.00, 0.00, 0.00, 1.00","onepoint_1",341,202609621,"1.000000000000000,1.414213562373095,2.000000000000000,2.236067977499790","F","KW",1000,39,3,1
"balanced n, unequal SD",50,"50, 50, 50, 50",1,0,0,"0.00, 0.00, 0.00, 1.00","onepoint_1",341,202609621,"1.000000000000000,1.414213562373095,2.000000000000000,2.236067977499790","W","F",1000,0,0,0
"balanced n, unequal SD",50,"50, 50, 50, 50",1,0,0,"0.00, 0.00, 0.00, 1.00","onepoint_1",341,202609621,"1.000000000000000,1.414213562373095,2.000000000000000,2.236067977499790","W","W",1000,961,0,0
"balanced n, unequal SD",50,"50, 50, 50, 50",1,0,0,"0.00, 0.00, 0.00, 1.00","onepoint_1",341,202609621,"1.000000000000000,1.414213562373095,2.000000000000000,2.236067977499790","W","KW",1000,39,2,2
"balanced n, unequal SD",50,"50, 50, 50, 50",1,0,0,"0.00, 0.00, 0.00, 1.00","onepoint_1",341,202609621,"1.000000000000000,1.414213562373095,2.000000000000000,2.236067977499790","KW","F",1000,0,0,0
"balanced n, unequal SD",50,"50, 50, 50, 50",1,0,0,"0.00, 0.00, 0.00, 1.00","onepoint_1",341,202609621,"1.000000000000000,1.414213562373095,2.000000000000000,2.236067977499790","KW","W",1000,961,54,36
"balanced n, unequal SD",50,"50, 50, 50, 50",1,0,0,"0.00, 0.00, 0.00, 1.00","onepoint_1",341,202609621,"1.000000000000000,1.414213562373095,2.000000000000000,2.236067977499790","KW","KW",1000,39,0,0
"balanced n, unequal SD",50,"50, 50, 50, 50",2,0,6,"0.00, 0.00, 0.00, 1.00","onepoint_1",342,202609622,"1.000000000000000,1.414213562373095,2.000000000000000,2.236067977499790","F","F",1000,1,0,0
"balanced n, unequal SD",50,"50, 50, 50, 50",2,0,6,"0.00, 0.00, 0.00, 1.00","onepoint_1",342,202609622,"1.000000000000000,1.414213562373095,2.000000000000000,2.236067977499790","F","W",1000,77,7,0
"balanced n, unequal SD",50,"50, 50, 50, 50",2,0,6,"0.00, 0.00, 0.00, 1.00","onepoint_1",342,202609622,"1.000000000000000,1.414213562373095,2.000000000000000,2.236067977499790","F","KW",1000,922,7,117
"balanced n, unequal SD",50,"50, 50, 50, 50",2,0,6,"0.00, 0.00, 0.00, 1.00","onepoint_1",342,202609622,"1.000000000000000,1.414213562373095,2.000000000000000,2.236067977499790","W","F",1000,1,0,0
"balanced n, unequal SD",50,"50, 50, 50, 50",2,0,6,"0.00, 0.00, 0.00, 1.00","onepoint_1",342,202609622,"1.000000000000000,1.414213562373095,2.000000000000000,2.236067977499790","W","W",1000,77,0,0
"balanced n, unequal SD",50,"50, 50, 50, 50",2,0,6,"0.00, 0.00, 0.00, 1.00","onepoint_1",342,202609622,"1.000000000000000,1.414213562373095,2.000000000000000,2.236067977499790","W","KW",1000,922,2,190
"balanced n, unequal SD",50,"50, 50, 50, 50",2,0,6,"0.00, 0.00, 0.00, 1.00","onepoint_1",342,202609622,"1.000000000000000,1.414213562373095,2.000000000000000,2.236067977499790","KW","F",1000,1,0,0
"balanced n, unequal SD",50,"50, 50, 50, 50",2,0,6,"0.00, 0.00, 0.00, 1.00","onepoint_1",342,202609622,"1.000000000000000,1.414213562373095,2.000000000000000,2.236067977499790","KW","W",1000,77,11,0
"balanced n, unequal SD",50,"50, 50, 50, 50",2,0,6,"0.00, 0.00, 0.00, 1.00","onepoint_1",342,202609622,"1.000000000000000,1.414213562373095,2.000000000000000,2.236067977499790","KW","KW",1000,922,0,0
"balanced n, unequal SD",50,"50, 50, 50, 50",3,0.5,1,"0.00, 0.00, 0.00, 1.00","onepoint_1",343,202609623,"1.000000000000000,1.414213562373095,2.000000000000000,2.236067977499790","F","F",1000,0,0,0
"balanced n, unequal SD",50,"50, 50, 50, 50",3,0.5,1,"0.00, 0.00, 0.00, 1.00","onepoint_1",343,202609623,"1.000000000000000,1.414213562373095,2.000000000000000,2.236067977499790","F","W",1000,562,49,8
"balanced n, unequal SD",50,"50, 50, 50, 50",3,0.5,1,"0.00, 0.00, 0.00, 1.00","onepoint_1",343,202609623,"1.000000000000000,1.414213562373095,2.000000000000000,2.236067977499790","F","KW",1000,438,55,11
"balanced n, unequal SD",50,"50, 50, 50, 50",3,0.5,1,"0.00, 0.00, 0.00, 1.00","onepoint_1",343,202609623,"1.000000000000000,1.414213562373095,2.000000000000000,2.236067977499790","W","F",1000,0,0,0
"balanced n, unequal SD",50,"50, 50, 50, 50",3,0.5,1,"0.00, 0.00, 0.00, 1.00","onepoint_1",343,202609623,"1.000000000000000,1.414213562373095,2.000000000000000,2.236067977499790","W","W",1000,562,0,0
"balanced n, unequal SD",50,"50, 50, 50, 50",3,0.5,1,"0.00, 0.00, 0.00, 1.00","onepoint_1",343,202609623,"1.000000000000000,1.414213562373095,2.000000000000000,2.236067977499790","W","KW",1000,438,28,33
"balanced n, unequal SD",50,"50, 50, 50, 50",3,0.5,1,"0.00, 0.00, 0.00, 1.00","onepoint_1",343,202609623,"1.000000000000000,1.414213562373095,2.000000000000000,2.236067977499790","KW","F",1000,0,0,0
"balanced n, unequal SD",50,"50, 50, 50, 50",3,0.5,1,"0.00, 0.00, 0.00, 1.00","onepoint_1",343,202609623,"1.000000000000000,1.414213562373095,2.000000000000000,2.236067977499790","KW","W",1000,562,20,28
"balanced n, unequal SD",50,"50, 50, 50, 50",3,0.5,1,"0.00, 0.00, 0.00, 1.00","onepoint_1",343,202609623,"1.000000000000000,1.414213562373095,2.000000000000000,2.236067977499790","KW","KW",1000,438,0,0
"balanced n, unequal SD",50,"50, 50, 50, 50",4,1,1.6,"0.00, 0.00, 0.00, 1.00","onepoint_1",344,202609624,"1.000000000000000,1.414213562373095,2.000000000000000,2.236067977499790","F","F",1000,0,0,0
"balanced n, unequal SD",50,"50, 50, 50, 50",4,1,1.6,"0.00, 0.00, 0.00, 1.00","onepoint_1",344,202609624,"1.000000000000000,1.414213562373095,2.000000000000000,2.236067977499790","F","W",1000,77,6,2
"balanced n, unequal SD",50,"50, 50, 50, 50",4,1,1.6,"0.00, 0.00, 0.00, 1.00","onepoint_1",344,202609624,"1.000000000000000,1.414213562373095,2.000000000000000,2.236067977499790","F","KW",1000,923,122,10
"balanced n, unequal SD",50,"50, 50, 50, 50",4,1,1.6,"0.00, 0.00, 0.00, 1.00","onepoint_1",344,202609624,"1.000000000000000,1.414213562373095,2.000000000000000,2.236067977499790","W","F",1000,0,0,0
"balanced n, unequal SD",50,"50, 50, 50, 50",4,1,1.6,"0.00, 0.00, 0.00, 1.00","onepoint_1",344,202609624,"1.000000000000000,1.414213562373095,2.000000000000000,2.236067977499790","W","W",1000,77,0,0
"balanced n, unequal SD",50,"50, 50, 50, 50",4,1,1.6,"0.00, 0.00, 0.00, 1.00","onepoint_1",344,202609624,"1.000000000000000,1.414213562373095,2.000000000000000,2.236067977499790","W","KW",1000,923,82,44
"balanced n, unequal SD",50,"50, 50, 50, 50",4,1,1.6,"0.00, 0.00, 0.00, 1.00","onepoint_1",344,202609624,"1.000000000000000,1.414213562373095,2.000000000000000,2.236067977499790","KW","F",1000,0,0,0
"balanced n, unequal SD",50,"50, 50, 50, 50",4,1,1.6,"0.00, 0.00, 0.00, 1.00","onepoint_1",344,202609624,"1.000000000000000,1.414213562373095,2.000000000000000,2.236067977499790","KW","W",1000,77,0,6
"balanced n, unequal SD",50,"50, 50, 50, 50",4,1,1.6,"0.00, 0.00, 0.00, 1.00","onepoint_1",344,202609624,"1.000000000000000,1.414213562373095,2.000000000000000,2.236067977499790","KW","KW",1000,923,0,0
"balanced n, unequal SD",50,"50, 50, 50, 50",5,2,6.6,"0.00, 0.00, 0.00, 1.00","onepoint_1",345,202609625,"1.000000000000000,1.414213562373095,2.000000000000000,2.236067977499790","F","F",1000,0,0,0
"balanced n, unequal SD",50,"50, 50, 50, 50",5,2,6.6,"0.00, 0.00, 0.00, 1.00","onepoint_1",345,202609625,"1.000000000000000,1.414213562373095,2.000000000000000,2.236067977499790","F","W",1000,1,0,0
"balanced n, unequal SD",50,"50, 50, 50, 50",5,2,6.6,"0.00, 0.00, 0.00, 1.00","onepoint_1",345,202609625,"1.000000000000000,1.414213562373095,2.000000000000000,2.236067977499790","F","KW",1000,999,72,81
"balanced n, unequal SD",50,"50, 50, 50, 50",5,2,6.6,"0.00, 0.00, 0.00, 1.00","onepoint_1",345,202609625,"1.000000000000000,1.414213562373095,2.000000000000000,2.236067977499790","W","F",1000,0,0,0
"balanced n, unequal SD",50,"50, 50, 50, 50",5,2,6.6,"0.00, 0.00, 0.00, 1.00","onepoint_1",345,202609625,"1.000000000000000,1.414213562373095,2.000000000000000,2.236067977499790","W","W",1000,1,0,0
"balanced n, unequal SD",50,"50, 50, 50, 50",5,2,6.6,"0.00, 0.00, 0.00, 1.00","onepoint_1",345,202609625,"1.000000000000000,1.414213562373095,2.000000000000000,2.236067977499790","W","KW",1000,999,54,116
"balanced n, unequal SD",50,"50, 50, 50, 50",5,2,6.6,"0.00, 0.00, 0.00, 1.00","onepoint_1",345,202609625,"1.000000000000000,1.414213562373095,2.000000000000000,2.236067977499790","KW","F",1000,0,0,0
"balanced n, unequal SD",50,"50, 50, 50, 50",5,2,6.6,"0.00, 0.00, 0.00, 1.00","onepoint_1",345,202609625,"1.000000000000000,1.414213562373095,2.000000000000000,2.236067977499790","KW","W",1000,1,0,0
"balanced n, unequal SD",50,"50, 50, 50, 50",5,2,6.6,"0.00, 0.00, 0.00, 1.00","onepoint_1",345,202609625,"1.000000000000000,1.414213562373095,2.000000000000000,2.236067977499790","KW","KW",1000,999,0,0
"balanced n, unequal SD",100,"100, 100, 100, 100",1,0,0,"0.00, 0.00, 0.00, 1.00","onepoint_1",346,202609626,"1.000000000000000,1.414213562373095,2.000000000000000,2.236067977499790","F","F",1000,0,0,0
"balanced n, unequal SD",100,"100, 100, 100, 100",1,0,0,"0.00, 0.00, 0.00, 1.00","onepoint_1",346,202609626,"1.000000000000000,1.414213562373095,2.000000000000000,2.236067977499790","F","W",1000,964,21,1
"balanced n, unequal SD",100,"100, 100, 100, 100",1,0,0,"0.00, 0.00, 0.00, 1.00","onepoint_1",346,202609626,"1.000000000000000,1.414213562373095,2.000000000000000,2.236067977499790","F","KW",1000,36,0,1
"balanced n, unequal SD",100,"100, 100, 100, 100",1,0,0,"0.00, 0.00, 0.00, 1.00","onepoint_1",346,202609626,"1.000000000000000,1.414213562373095,2.000000000000000,2.236067977499790","W","F",1000,0,0,0
"balanced n, unequal SD",100,"100, 100, 100, 100",1,0,0,"0.00, 0.00, 0.00, 1.00","onepoint_1",346,202609626,"1.000000000000000,1.414213562373095,2.000000000000000,2.236067977499790","W","W",1000,964,0,0
"balanced n, unequal SD",100,"100, 100, 100, 100",1,0,0,"0.00, 0.00, 0.00, 1.00","onepoint_1",346,202609626,"1.000000000000000,1.414213562373095,2.000000000000000,2.236067977499790","W","KW",1000,36,0,1
"balanced n, unequal SD",100,"100, 100, 100, 100",1,0,0,"0.00, 0.00, 0.00, 1.00","onepoint_1",346,202609626,"1.000000000000000,1.414213562373095,2.000000000000000,2.236067977499790","KW","F",1000,0,0,0
"balanced n, unequal SD",100,"100, 100, 100, 100",1,0,0,"0.00, 0.00, 0.00, 1.00","onepoint_1",346,202609626,"1.000000000000000,1.414213562373095,2.000000000000000,2.236067977499790","KW","W",1000,964,10,8
"balanced n, unequal SD",100,"100, 100, 100, 100",1,0,0,"0.00, 0.00, 0.00, 1.00","onepoint_1",346,202609626,"1.000000000000000,1.414213562373095,2.000000000000000,2.236067977499790","KW","KW",1000,36,0,0
"balanced n, unequal SD",100,"100, 100, 100, 100",2,0,6,"0.00, 0.00, 0.00, 1.00","onepoint_1",347,202609627,"1.000000000000000,1.414213562373095,2.000000000000000,2.236067977499790","F","F",1000,0,0,0
"balanced n, unequal SD",100,"100, 100, 100, 100",2,0,6,"0.00, 0.00, 0.00, 1.00","onepoint_1",347,202609627,"1.000000000000000,1.414213562373095,2.000000000000000,2.236067977499790","F","W",1000,3,0,0
"balanced n, unequal SD",100,"100, 100, 100, 100",2,0,6,"0.00, 0.00, 0.00, 1.00","onepoint_1",347,202609627,"1.000000000000000,1.414213562373095,2.000000000000000,2.236067977499790","F","KW",1000,997,0,18
"balanced n, unequal SD",100,"100, 100, 100, 100",2,0,6,"0.00, 0.00, 0.00, 1.00","onepoint_1",347,202609627,"1.000000000000000,1.414213562373095,2.000000000000000,2.236067977499790","W","F",1000,0,0,0
"balanced n, unequal SD",100,"100, 100, 100, 100",2,0,6,"0.00, 0.00, 0.00, 1.00","onepoint_1",347,202609627,"1.000000000000000,1.414213562373095,2.000000000000000,2.236067977499790","W","W",1000,3,0,0
"balanced n, unequal SD",100,"100, 100, 100, 100",2,0,6,"0.00, 0.00, 0.00, 1.00","onepoint_1",347,202609627,"1.000000000000000,1.414213562373095,2.000000000000000,2.236067977499790","W","KW",1000,997,0,46
"balanced n, unequal SD",100,"100, 100, 100, 100",2,0,6,"0.00, 0.00, 0.00, 1.00","onepoint_1",347,202609627,"1.000000000000000,1.414213562373095,2.000000000000000,2.236067977499790","KW","F",1000,0,0,0
"balanced n, unequal SD",100,"100, 100, 100, 100",2,0,6,"0.00, 0.00, 0.00, 1.00","onepoint_1",347,202609627,"1.000000000000000,1.414213562373095,2.000000000000000,2.236067977499790","KW","W",1000,3,0,0
"balanced n, unequal SD",100,"100, 100, 100, 100",2,0,6,"0.00, 0.00, 0.00, 1.00","onepoint_1",347,202609627,"1.000000000000000,1.414213562373095,2.000000000000000,2.236067977499790","KW","KW",1000,997,0,0
"balanced n, unequal SD",100,"100, 100, 100, 100",3,0.5,1,"0.00, 0.00, 0.00, 1.00","onepoint_1",348,202609628,"1.000000000000000,1.414213562373095,2.000000000000000,2.236067977499790","F","F",1000,0,0,0
"balanced n, unequal SD",100,"100, 100, 100, 100",3,0.5,1,"0.00, 0.00, 0.00, 1.00","onepoint_1",348,202609628,"1.000000000000000,1.414213562373095,2.000000000000000,2.236067977499790","F","W",1000,300,8,1
"balanced n, unequal SD",100,"100, 100, 100, 100",3,0.5,1,"0.00, 0.00, 0.00, 1.00","onepoint_1",348,202609628,"1.000000000000000,1.414213562373095,2.000000000000000,2.236067977499790","F","KW",1000,700,18,0
"balanced n, unequal SD",100,"100, 100, 100, 100",3,0.5,1,"0.00, 0.00, 0.00, 1.00","onepoint_1",348,202609628,"1.000000000000000,1.414213562373095,2.000000000000000,2.236067977499790","W","F",1000,0,0,0
"balanced n, unequal SD",100,"100, 100, 100, 100",3,0.5,1,"0.00, 0.00, 0.00, 1.00","onepoint_1",348,202609628,"1.000000000000000,1.414213562373095,2.000000000000000,2.236067977499790","W","W",1000,300,0,0
"balanced n, unequal SD",100,"100, 100, 100, 100",3,0.5,1,"0.00, 0.00, 0.00, 1.00","onepoint_1",348,202609628,"1.000000000000000,1.414213562373095,2.000000000000000,2.236067977499790","W","KW",1000,700,10,7
"balanced n, unequal SD",100,"100, 100, 100, 100",3,0.5,1,"0.00, 0.00, 0.00, 1.00","onepoint_1",348,202609628,"1.000000000000000,1.414213562373095,2.000000000000000,2.236067977499790","KW","F",1000,0,0,0
"balanced n, unequal SD",100,"100, 100, 100, 100",3,0.5,1,"0.00, 0.00, 0.00, 1.00","onepoint_1",348,202609628,"1.000000000000000,1.414213562373095,2.000000000000000,2.236067977499790","KW","W",1000,300,3,6
"balanced n, unequal SD",100,"100, 100, 100, 100",3,0.5,1,"0.00, 0.00, 0.00, 1.00","onepoint_1",348,202609628,"1.000000000000000,1.414213562373095,2.000000000000000,2.236067977499790","KW","KW",1000,700,0,0
"balanced n, unequal SD",100,"100, 100, 100, 100",4,1,1.6,"0.00, 0.00, 0.00, 1.00","onepoint_1",349,202609629,"1.000000000000000,1.414213562373095,2.000000000000000,2.236067977499790","F","F",1000,0,0,0
"balanced n, unequal SD",100,"100, 100, 100, 100",4,1,1.6,"0.00, 0.00, 0.00, 1.00","onepoint_1",349,202609629,"1.000000000000000,1.414213562373095,2.000000000000000,2.236067977499790","F","W",1000,1,0,0
"balanced n, unequal SD",100,"100, 100, 100, 100",4,1,1.6,"0.00, 0.00, 0.00, 1.00","onepoint_1",349,202609629,"1.000000000000000,1.414213562373095,2.000000000000000,2.236067977499790","F","KW",1000,999,51,2
"balanced n, unequal SD",100,"100, 100, 100, 100",4,1,1.6,"0.00, 0.00, 0.00, 1.00","onepoint_1",349,202609629,"1.000000000000000,1.414213562373095,2.000000000000000,2.236067977499790","W","F",1000,0,0,0
"balanced n, unequal SD",100,"100, 100, 100, 100",4,1,1.6,"0.00, 0.00, 0.00, 1.00","onepoint_1",349,202609629,"1.000000000000000,1.414213562373095,2.000000000000000,2.236067977499790","W","W",1000,1,0,0
"balanced n, unequal SD",100,"100, 100, 100, 100",4,1,1.6,"0.00, 0.00, 0.00, 1.00","onepoint_1",349,202609629,"1.000000000000000,1.414213562373095,2.000000000000000,2.236067977499790","W","KW",1000,999,42,5
"balanced n, unequal SD",100,"100, 100, 100, 100",4,1,1.6,"0.00, 0.00, 0.00, 1.00","onepoint_1",349,202609629,"1.000000000000000,1.414213562373095,2.000000000000000,2.236067977499790","KW","F",1000,0,0,0
"balanced n, unequal SD",100,"100, 100, 100, 100",4,1,1.6,"0.00, 0.00, 0.00, 1.00","onepoint_1",349,202609629,"1.000000000000000,1.414213562373095,2.000000000000000,2.236067977499790","KW","W",1000,1,0,0
"balanced n, unequal SD",100,"100, 100, 100, 100",4,1,1.6,"0.00, 0.00, 0.00, 1.00","onepoint_1",349,202609629,"1.000000000000000,1.414213562373095,2.000000000000000,2.236067977499790","KW","KW",1000,999,0,0
"balanced n, unequal SD",100,"100, 100, 100, 100",5,2,6.6,"0.00, 0.00, 0.00, 1.00","onepoint_1",350,202609630,"1.000000000000000,1.414213562373095,2.000000000000000,2.236067977499790","F","F",1000,0,0,0
"balanced n, unequal SD",100,"100, 100, 100, 100",5,2,6.6,"0.00, 0.00, 0.00, 1.00","onepoint_1",350,202609630,"1.000000000000000,1.414213562373095,2.000000000000000,2.236067977499790","F","W",1000,0,0,0
"balanced n, unequal SD",100,"100, 100, 100, 100",5,2,6.6,"0.00, 0.00, 0.00, 1.00","onepoint_1",350,202609630,"1.000000000000000,1.414213562373095,2.000000000000000,2.236067977499790","F","KW",1000,1000,8,8
"balanced n, unequal SD",100,"100, 100, 100, 100",5,2,6.6,"0.00, 0.00, 0.00, 1.00","onepoint_1",350,202609630,"1.000000000000000,1.414213562373095,2.000000000000000,2.236067977499790","W","F",1000,0,0,0
"balanced n, unequal SD",100,"100, 100, 100, 100",5,2,6.6,"0.00, 0.00, 0.00, 1.00","onepoint_1",350,202609630,"1.000000000000000,1.414213562373095,2.000000000000000,2.236067977499790","W","W",1000,0,0,0
"balanced n, unequal SD",100,"100, 100, 100, 100",5,2,6.6,"0.00, 0.00, 0.00, 1.00","onepoint_1",350,202609630,"1.000000000000000,1.414213562373095,2.000000000000000,2.236067977499790","W","KW",1000,1000,8,14
"balanced n, unequal SD",100,"100, 100, 100, 100",5,2,6.6,"0.00, 0.00, 0.00, 1.00","onepoint_1",350,202609630,"1.000000000000000,1.414213562373095,2.000000000000000,2.236067977499790","KW","F",1000,0,0,0
"balanced n, unequal SD",100,"100, 100, 100, 100",5,2,6.6,"0.00, 0.00, 0.00, 1.00","onepoint_1",350,202609630,"1.000000000000000,1.414213562373095,2.000000000000000,2.236067977499790","KW","W",1000,0,0,0
"balanced n, unequal SD",100,"100, 100, 100, 100",5,2,6.6,"0.00, 0.00, 0.00, 1.00","onepoint_1",350,202609630,"1.000000000000000,1.414213562373095,2.000000000000000,2.236067977499790","KW","KW",1000,1000,0,0
"unbalanced n, larger n with larger SD",10,"5, 8, 12, 15",1,0,0,"0.00, 0.00, 0.00, 1.00","onepoint_1",351,202609631,"1.000000000000000,1.414213562373095,2.000000000000000,2.236067977499790","F","F",1000,694,0,0
"unbalanced n, larger n with larger SD",10,"5, 8, 12, 15",1,0,0,"0.00, 0.00, 0.00, 1.00","onepoint_1",351,202609631,"1.000000000000000,1.414213562373095,2.000000000000000,2.236067977499790","F","W",1000,231,12,22
"unbalanced n, larger n with larger SD",10,"5, 8, 12, 15",1,0,0,"0.00, 0.00, 0.00, 1.00","onepoint_1",351,202609631,"1.000000000000000,1.414213562373095,2.000000000000000,2.236067977499790","F","KW",1000,75,3,5
"unbalanced n, larger n with larger SD",10,"5, 8, 12, 15",1,0,0,"0.00, 0.00, 0.00, 1.00","onepoint_1",351,202609631,"1.000000000000000,1.414213562373095,2.000000000000000,2.236067977499790","W","F",1000,694,32,32
"unbalanced n, larger n with larger SD",10,"5, 8, 12, 15",1,0,0,"0.00, 0.00, 0.00, 1.00","onepoint_1",351,202609631,"1.000000000000000,1.414213562373095,2.000000000000000,2.236067977499790","W","W",1000,231,0,0
"unbalanced n, larger n with larger SD",10,"5, 8, 12, 15",1,0,0,"0.00, 0.00, 0.00, 1.00","onepoint_1",351,202609631,"1.000000000000000,1.414213562373095,2.000000000000000,2.236067977499790","W","KW",1000,75,3,6
"unbalanced n, larger n with larger SD",10,"5, 8, 12, 15",1,0,0,"0.00, 0.00, 0.00, 1.00","onepoint_1",351,202609631,"1.000000000000000,1.414213562373095,2.000000000000000,2.236067977499790","KW","F",1000,694,11,18
"unbalanced n, larger n with larger SD",10,"5, 8, 12, 15",1,0,0,"0.00, 0.00, 0.00, 1.00","onepoint_1",351,202609631,"1.000000000000000,1.414213562373095,2.000000000000000,2.236067977499790","KW","W",1000,231,2,29
"unbalanced n, larger n with larger SD",10,"5, 8, 12, 15",1,0,0,"0.00, 0.00, 0.00, 1.00","onepoint_1",351,202609631,"1.000000000000000,1.414213562373095,2.000000000000000,2.236067977499790","KW","KW",1000,75,0,0
"unbalanced n, larger n with larger SD",10,"5, 8, 12, 15",2,0,6,"0.00, 0.00, 0.00, 1.00","onepoint_1",352,202609632,"1.000000000000000,1.414213562373095,2.000000000000000,2.236067977499790","F","F",1000,412,0,0
"unbalanced n, larger n with larger SD",10,"5, 8, 12, 15",2,0,6,"0.00, 0.00, 0.00, 1.00","onepoint_1",352,202609632,"1.000000000000000,1.414213562373095,2.000000000000000,2.236067977499790","F","W",1000,128,5,14
"unbalanced n, larger n with larger SD",10,"5, 8, 12, 15",2,0,6,"0.00, 0.00, 0.00, 1.00","onepoint_1",352,202609632,"1.000000000000000,1.414213562373095,2.000000000000000,2.236067977499790","F","KW",1000,460,2,71
"unbalanced n, larger n with larger SD",10,"5, 8, 12, 15",2,0,6,"0.00, 0.00, 0.00, 1.00","onepoint_1",352,202609632,"1.000000000000000,1.414213562373095,2.000000000000000,2.236067977499790","W","F",1000,412,15,33
"unbalanced n, larger n with larger SD",10,"5, 8, 12, 15",2,0,6,"0.00, 0.00, 0.00, 1.00","onepoint_1",352,202609632,"1.000000000000000,1.414213562373095,2.000000000000000,2.236067977499790","W","W",1000,128,0,0
"unbalanced n, larger n with larger SD",10,"5, 8, 12, 15",2,0,6,"0.00, 0.00, 0.00, 1.00","onepoint_1",352,202609632,"1.000000000000000,1.414213562373095,2.000000000000000,2.236067977499790","W","KW",1000,460,8,69
"unbalanced n, larger n with larger SD",10,"5, 8, 12, 15",2,0,6,"0.00, 0.00, 0.00, 1.00","onepoint_1",352,202609632,"1.000000000000000,1.414213562373095,2.000000000000000,2.236067977499790","KW","F",1000,412,16,13
"unbalanced n, larger n with larger SD",10,"5, 8, 12, 15",2,0,6,"0.00, 0.00, 0.00, 1.00","onepoint_1",352,202609632,"1.000000000000000,1.414213562373095,2.000000000000000,2.236067977499790","KW","W",1000,128,8,11
"unbalanced n, larger n with larger SD",10,"5, 8, 12, 15",2,0,6,"0.00, 0.00, 0.00, 1.00","onepoint_1",352,202609632,"1.000000000000000,1.414213562373095,2.000000000000000,2.236067977499790","KW","KW",1000,460,0,0
"unbalanced n, larger n with larger SD",10,"5, 8, 12, 15",3,0.5,1,"0.00, 0.00, 0.00, 1.00","onepoint_1",353,202609633,"1.000000000000000,1.414213562373095,2.000000000000000,2.236067977499790","F","F",1000,584,0,0
"unbalanced n, larger n with larger SD",10,"5, 8, 12, 15",3,0.5,1,"0.00, 0.00, 0.00, 1.00","onepoint_1",353,202609633,"1.000000000000000,1.414213562373095,2.000000000000000,2.236067977499790","F","W",1000,211,14,15
"unbalanced n, larger n with larger SD",10,"5, 8, 12, 15",3,0.5,1,"0.00, 0.00, 0.00, 1.00","onepoint_1",353,202609633,"1.000000000000000,1.414213562373095,2.000000000000000,2.236067977499790","F","KW",1000,205,2,16
"unbalanced n, larger n with larger SD",10,"5, 8, 12, 15",3,0.5,1,"0.00, 0.00, 0.00, 1.00","onepoint_1",353,202609633,"1.000000000000000,1.414213562373095,2.000000000000000,2.236067977499790","W","F",1000,584,25,31
"unbalanced n, larger n with larger SD",10,"5, 8, 12, 15",3,0.5,1,"0.00, 0.00, 0.00, 1.00","onepoint_1",353,202609633,"1.000000000000000,1.414213562373095,2.000000000000000,2.236067977499790","W","W",1000,211,0,0
"unbalanced n, larger n with larger SD",10,"5, 8, 12, 15",3,0.5,1,"0.00, 0.00, 0.00, 1.00","onepoint_1",353,202609633,"1.000000000000000,1.414213562373095,2.000000000000000,2.236067977499790","W","KW",1000,205,8,16
"unbalanced n, larger n with larger SD",10,"5, 8, 12, 15",3,0.5,1,"0.00, 0.00, 0.00, 1.00","onepoint_1",353,202609633,"1.000000000000000,1.414213562373095,2.000000000000000,2.236067977499790","KW","F",1000,584,14,18
"unbalanced n, larger n with larger SD",10,"5, 8, 12, 15",3,0.5,1,"0.00, 0.00, 0.00, 1.00","onepoint_1",353,202609633,"1.000000000000000,1.414213562373095,2.000000000000000,2.236067977499790","KW","W",1000,211,3,17
"unbalanced n, larger n with larger SD",10,"5, 8, 12, 15",3,0.5,1,"0.00, 0.00, 0.00, 1.00","onepoint_1",353,202609633,"1.000000000000000,1.414213562373095,2.000000000000000,2.236067977499790","KW","KW",1000,205,0,0
"unbalanced n, larger n with larger SD",10,"5, 8, 12, 15",4,1,1.6,"0.00, 0.00, 0.00, 1.00","onepoint_1",354,202609634,"1.000000000000000,1.414213562373095,2.000000000000000,2.236067977499790","F","F",1000,393,0,0
"unbalanced n, larger n with larger SD",10,"5, 8, 12, 15",4,1,1.6,"0.00, 0.00, 0.00, 1.00","onepoint_1",354,202609634,"1.000000000000000,1.414213562373095,2.000000000000000,2.236067977499790","F","W",1000,226,17,29
"unbalanced n, larger n with larger SD",10,"5, 8, 12, 15",4,1,1.6,"0.00, 0.00, 0.00, 1.00","onepoint_1",354,202609634,"1.000000000000000,1.414213562373095,2.000000000000000,2.236067977499790","F","KW",1000,381,5,18
"unbalanced n, larger n with larger SD",10,"5, 8, 12, 15",4,1,1.6,"0.00, 0.00, 0.00, 1.00","onepoint_1",354,202609634,"1.000000000000000,1.414213562373095,2.000000000000000,2.236067977499790","W","F",1000,393,18,20
"unbalanced n, larger n with larger SD",10,"5, 8, 12, 15",4,1,1.6,"0.00, 0.00, 0.00, 1.00","onepoint_1",354,202609634,"1.000000000000000,1.414213562373095,2.000000000000000,2.236067977499790","W","W",1000,226,0,0
"unbalanced n, larger n with larger SD",10,"5, 8, 12, 15",4,1,1.6,"0.00, 0.00, 0.00, 1.00","onepoint_1",354,202609634,"1.000000000000000,1.414213562373095,2.000000000000000,2.236067977499790","W","KW",1000,381,24,27
"unbalanced n, larger n with larger SD",10,"5, 8, 12, 15",4,1,1.6,"0.00, 0.00, 0.00, 1.00","onepoint_1",354,202609634,"1.000000000000000,1.414213562373095,2.000000000000000,2.236067977499790","KW","F",1000,393,0,10
"unbalanced n, larger n with larger SD",10,"5, 8, 12, 15",4,1,1.6,"0.00, 0.00, 0.00, 1.00","onepoint_1",354,202609634,"1.000000000000000,1.414213562373095,2.000000000000000,2.236067977499790","KW","W",1000,226,4,33
"unbalanced n, larger n with larger SD",10,"5, 8, 12, 15",4,1,1.6,"0.00, 0.00, 0.00, 1.00","onepoint_1",354,202609634,"1.000000000000000,1.414213562373095,2.000000000000000,2.236067977499790","KW","KW",1000,381,0,0
"unbalanced n, larger n with larger SD",10,"5, 8, 12, 15",5,2,6.6,"0.00, 0.00, 0.00, 1.00","onepoint_1",355,202609635,"1.000000000000000,1.414213562373095,2.000000000000000,2.236067977499790","F","F",1000,65,0,0
"unbalanced n, larger n with larger SD",10,"5, 8, 12, 15",5,2,6.6,"0.00, 0.00, 0.00, 1.00","onepoint_1",355,202609635,"1.000000000000000,1.414213562373095,2.000000000000000,2.236067977499790","F","W",1000,153,10,24
"unbalanced n, larger n with larger SD",10,"5, 8, 12, 15",5,2,6.6,"0.00, 0.00, 0.00, 1.00","onepoint_1",355,202609635,"1.000000000000000,1.414213562373095,2.000000000000000,2.236067977499790","F","KW",1000,782,11,75
"unbalanced n, larger n with larger SD",10,"5, 8, 12, 15",5,2,6.6,"0.00, 0.00, 0.00, 1.00","onepoint_1",355,202609635,"1.000000000000000,1.414213562373095,2.000000000000000,2.236067977499790","W","F",1000,65,7,2
"unbalanced n, larger n with larger SD",10,"5, 8, 12, 15",5,2,6.6,"0.00, 0.00, 0.00, 1.00","onepoint_1",355,202609635,"1.000000000000000,1.414213562373095,2.000000000000000,2.236067977499790","W","W",1000,153,0,0
"unbalanced n, larger n with larger SD",10,"5, 8, 12, 15",5,2,6.6,"0.00, 0.00, 0.00, 1.00","onepoint_1",355,202609635,"1.000000000000000,1.414213562373095,2.000000000000000,2.236067977499790","W","KW",1000,782,38,79
"unbalanced n, larger n with larger SD",10,"5, 8, 12, 15",5,2,6.6,"0.00, 0.00, 0.00, 1.00","onepoint_1",355,202609635,"1.000000000000000,1.414213562373095,2.000000000000000,2.236067977499790","KW","F",1000,65,1,4
"unbalanced n, larger n with larger SD",10,"5, 8, 12, 15",5,2,6.6,"0.00, 0.00, 0.00, 1.00","onepoint_1",355,202609635,"1.000000000000000,1.414213562373095,2.000000000000000,2.236067977499790","KW","W",1000,153,4,26
"unbalanced n, larger n with larger SD",10,"5, 8, 12, 15",5,2,6.6,"0.00, 0.00, 0.00, 1.00","onepoint_1",355,202609635,"1.000000000000000,1.414213562373095,2.000000000000000,2.236067977499790","KW","KW",1000,782,0,0
"unbalanced n, larger n with larger SD",20,"10, 16, 24, 30",1,0,0,"0.00, 0.00, 0.00, 1.00","onepoint_1",356,202609636,"1.000000000000000,1.414213562373095,2.000000000000000,2.236067977499790","F","F",1000,380,0,0
"unbalanced n, larger n with larger SD",20,"10, 16, 24, 30",1,0,0,"0.00, 0.00, 0.00, 1.00","onepoint_1",356,202609636,"1.000000000000000,1.414213562373095,2.000000000000000,2.236067977499790","F","W",1000,556,22,25
"unbalanced n, larger n with larger SD",20,"10, 16, 24, 30",1,0,0,"0.00, 0.00, 0.00, 1.00","onepoint_1",356,202609636,"1.000000000000000,1.414213562373095,2.000000000000000,2.236067977499790","F","KW",1000,64,1,7
"unbalanced n, larger n with larger SD",20,"10, 16, 24, 30",1,0,0,"0.00, 0.00, 0.00, 1.00","onepoint_1",356,202609636,"1.000000000000000,1.414213562373095,2.000000000000000,2.236067977499790","W","F",1000,380,11,23
"unbalanced n, larger n with larger SD",20,"10, 16, 24, 30",1,0,0,"0.00, 0.00, 0.00, 1.00","onepoint_1",356,202609636,"1.000000000000000,1.414213562373095,2.000000000000000,2.236067977499790","W","W",1000,556,0,0
"unbalanced n, larger n with larger SD",20,"10, 16, 24, 30",1,0,0,"0.00, 0.00, 0.00, 1.00","onepoint_1",356,202609636,"1.000000000000000,1.414213562373095,2.000000000000000,2.236067977499790","W","KW",1000,64,2,4
"unbalanced n, larger n with larger SD",20,"10, 16, 24, 30",1,0,0,"0.00, 0.00, 0.00, 1.00","onepoint_1",356,202609636,"1.000000000000000,1.414213562373095,2.000000000000000,2.236067977499790","KW","F",1000,380,19,22
"unbalanced n, larger n with larger SD",20,"10, 16, 24, 30",1,0,0,"0.00, 0.00, 0.00, 1.00","onepoint_1",356,202609636,"1.000000000000000,1.414213562373095,2.000000000000000,2.236067977499790","KW","W",1000,556,15,42
"unbalanced n, larger n with larger SD",20,"10, 16, 24, 30",1,0,0,"0.00, 0.00, 0.00, 1.00","onepoint_1",356,202609636,"1.000000000000000,1.414213562373095,2.000000000000000,2.236067977499790","KW","KW",1000,64,0,0
"unbalanced n, larger n with larger SD",20,"10, 16, 24, 30",2,0,6,"0.00, 0.00, 0.00, 1.00","onepoint_1",357,202609637,"1.000000000000000,1.414213562373095,2.000000000000000,2.236067977499790","F","F",1000,116,0,0
"unbalanced n, larger n with larger SD",20,"10, 16, 24, 30",2,0,6,"0.00, 0.00, 0.00, 1.00","onepoint_1",357,202609637,"1.000000000000000,1.414213562373095,2.000000000000000,2.236067977499790","F","W",1000,162,7,11
"unbalanced n, larger n with larger SD",20,"10, 16, 24, 30",2,0,6,"0.00, 0.00, 0.00, 1.00","onepoint_1",357,202609637,"1.000000000000000,1.414213562373095,2.000000000000000,2.236067977499790","F","KW",1000,722,7,170
"unbalanced n, larger n with larger SD",20,"10, 16, 24, 30",2,0,6,"0.00, 0.00, 0.00, 1.00","onepoint_1",357,202609637,"1.000000000000000,1.414213562373095,2.000000000000000,2.236067977499790","W","F",1000,116,3,5
"unbalanced n, larger n with larger SD",20,"10, 16, 24, 30",2,0,6,"0.00, 0.00, 0.00, 1.00","onepoint_1",357,202609637,"1.000000000000000,1.414213562373095,2.000000000000000,2.236067977499790","W","W",1000,162,0,0
"unbalanced n, larger n with larger SD",20,"10, 16, 24, 30",2,0,6,"0.00, 0.00, 0.00, 1.00","onepoint_1",357,202609637,"1.000000000000000,1.414213562373095,2.000000000000000,2.236067977499790","W","KW",1000,722,10,168
"unbalanced n, larger n with larger SD",20,"10, 16, 24, 30",2,0,6,"0.00, 0.00, 0.00, 1.00","onepoint_1",357,202609637,"1.000000000000000,1.414213562373095,2.000000000000000,2.236067977499790","KW","F",1000,116,3,1
"unbalanced n, larger n with larger SD",20,"10, 16, 24, 30",2,0,6,"0.00, 0.00, 0.00, 1.00","onepoint_1",357,202609637,"1.000000000000000,1.414213562373095,2.000000000000000,2.236067977499790","KW","W",1000,162,14,8
"unbalanced n, larger n with larger SD",20,"10, 16, 24, 30",2,0,6,"0.00, 0.00, 0.00, 1.00","onepoint_1",357,202609637,"1.000000000000000,1.414213562373095,2.000000000000000,2.236067977499790","KW","KW",1000,722,0,0
"unbalanced n, larger n with larger SD",20,"10, 16, 24, 30",3,0.5,1,"0.00, 0.00, 0.00, 1.00","onepoint_1",358,202609638,"1.000000000000000,1.414213562373095,2.000000000000000,2.236067977499790","F","F",1000,283,0,0
"unbalanced n, larger n with larger SD",20,"10, 16, 24, 30",3,0.5,1,"0.00, 0.00, 0.00, 1.00","onepoint_1",358,202609638,"1.000000000000000,1.414213562373095,2.000000000000000,2.236067977499790","F","W",1000,429,23,39
"unbalanced n, larger n with larger SD",20,"10, 16, 24, 30",3,0.5,1,"0.00, 0.00, 0.00, 1.00","onepoint_1",358,202609638,"1.000000000000000,1.414213562373095,2.000000000000000,2.236067977499790","F","KW",1000,288,13,19
"unbalanced n, larger n with larger SD",20,"10, 16, 24, 30",3,0.5,1,"0.00, 0.00, 0.00, 1.00","onepoint_1",358,202609638,"1.000000000000000,1.414213562373095,2.000000000000000,2.236067977499790","W","F",1000,283,5,14
"unbalanced n, larger n with larger SD",20,"10, 16, 24, 30",3,0.5,1,"0.00, 0.00, 0.00, 1.00","onepoint_1",358,202609638,"1.000000000000000,1.414213562373095,2.000000000000000,2.236067977499790","W","W",1000,429,0,0
"unbalanced n, larger n with larger SD",20,"10, 16, 24, 30",3,0.5,1,"0.00, 0.00, 0.00, 1.00","onepoint_1",358,202609638,"1.000000000000000,1.414213562373095,2.000000000000000,2.236067977499790","W","KW",1000,288,16,18
"unbalanced n, larger n with larger SD",20,"10, 16, 24, 30",3,0.5,1,"0.00, 0.00, 0.00, 1.00","onepoint_1",358,202609638,"1.000000000000000,1.414213562373095,2.000000000000000,2.236067977499790","KW","F",1000,283,6,13
"unbalanced n, larger n with larger SD",20,"10, 16, 24, 30",3,0.5,1,"0.00, 0.00, 0.00, 1.00","onepoint_1",358,202609638,"1.000000000000000,1.414213562373095,2.000000000000000,2.236067977499790","KW","W",1000,429,10,49
"unbalanced n, larger n with larger SD",20,"10, 16, 24, 30",3,0.5,1,"0.00, 0.00, 0.00, 1.00","onepoint_1",358,202609638,"1.000000000000000,1.414213562373095,2.000000000000000,2.236067977499790","KW","KW",1000,288,0,0
"unbalanced n, larger n with larger SD",20,"10, 16, 24, 30",4,1,1.6,"0.00, 0.00, 0.00, 1.00","onepoint_1",359,202609639,"1.000000000000000,1.414213562373095,2.000000000000000,2.236067977499790","F","F",1000,80,0,0
"unbalanced n, larger n with larger SD",20,"10, 16, 24, 30",4,1,1.6,"0.00, 0.00, 0.00, 1.00","onepoint_1",359,202609639,"1.000000000000000,1.414213562373095,2.000000000000000,2.236067977499790","F","W",1000,319,20,39
"unbalanced n, larger n with larger SD",20,"10, 16, 24, 30",4,1,1.6,"0.00, 0.00, 0.00, 1.00","onepoint_1",359,202609639,"1.000000000000000,1.414213562373095,2.000000000000000,2.236067977499790","F","KW",1000,601,47,25
"unbalanced n, larger n with larger SD",20,"10, 16, 24, 30",4,1,1.6,"0.00, 0.00, 0.00, 1.00","onepoint_1",359,202609639,"1.000000000000000,1.414213562373095,2.000000000000000,2.236067977499790","W","F",1000,80,5,3
"unbalanced n, larger n with larger SD",20,"10, 16, 24, 30",4,1,1.6,"0.00, 0.00, 0.00, 1.00","onepoint_1",359,202609639,"1.000000000000000,1.414213562373095,2.000000000000000,2.236067977499790","W","W",1000,319,0,0
"unbalanced n, larger n with larger SD",20,"10, 16, 24, 30",4,1,1.6,"0.00, 0.00, 0.00, 1.00","onepoint_1",359,202609639,"1.000000000000000,1.414213562373095,2.000000000000000,2.236067977499790","W","KW",1000,601,53,26
"unbalanced n, larger n with larger SD",20,"10, 16, 24, 30",4,1,1.6,"0.00, 0.00, 0.00, 1.00","onepoint_1",359,202609639,"1.000000000000000,1.414213562373095,2.000000000000000,2.236067977499790","KW","F",1000,80,2,3
"unbalanced n, larger n with larger SD",20,"10, 16, 24, 30",4,1,1.6,"0.00, 0.00, 0.00, 1.00","onepoint_1",359,202609639,"1.000000000000000,1.414213562373095,2.000000000000000,2.236067977499790","KW","W",1000,319,3,60
"unbalanced n, larger n with larger SD",20,"10, 16, 24, 30",4,1,1.6,"0.00, 0.00, 0.00, 1.00","onepoint_1",359,202609639,"1.000000000000000,1.414213562373095,2.000000000000000,2.236067977499790","KW","KW",1000,601,0,0
"unbalanced n, larger n with larger SD",20,"10, 16, 24, 30",5,2,6.6,"0.00, 0.00, 0.00, 1.00","onepoint_1",360,202609640,"1.000000000000000,1.414213562373095,2.000000000000000,2.236067977499790","F","F",1000,0,0,0
"unbalanced n, larger n with larger SD",20,"10, 16, 24, 30",5,2,6.6,"0.00, 0.00, 0.00, 1.00","onepoint_1",360,202609640,"1.000000000000000,1.414213562373095,2.000000000000000,2.236067977499790","F","W",1000,23,0,3
"unbalanced n, larger n with larger SD",20,"10, 16, 24, 30",5,2,6.6,"0.00, 0.00, 0.00, 1.00","onepoint_1",360,202609640,"1.000000000000000,1.414213562373095,2.000000000000000,2.236067977499790","F","KW",1000,977,26,146
"unbalanced n, larger n with larger SD",20,"10, 16, 24, 30",5,2,6.6,"0.00, 0.00, 0.00, 1.00","onepoint_1",360,202609640,"1.000000000000000,1.414213562373095,2.000000000000000,2.236067977499790","W","F",1000,0,0,0
"unbalanced n, larger n with larger SD",20,"10, 16, 24, 30",5,2,6.6,"0.00, 0.00, 0.00, 1.00","onepoint_1",360,202609640,"1.000000000000000,1.414213562373095,2.000000000000000,2.236067977499790","W","W",1000,23,0,0
"unbalanced n, larger n with larger SD",20,"10, 16, 24, 30",5,2,6.6,"0.00, 0.00, 0.00, 1.00","onepoint_1",360,202609640,"1.000000000000000,1.414213562373095,2.000000000000000,2.236067977499790","W","KW",1000,977,93,137
"unbalanced n, larger n with larger SD",20,"10, 16, 24, 30",5,2,6.6,"0.00, 0.00, 0.00, 1.00","onepoint_1",360,202609640,"1.000000000000000,1.414213562373095,2.000000000000000,2.236067977499790","KW","F",1000,0,0,0
"unbalanced n, larger n with larger SD",20,"10, 16, 24, 30",5,2,6.6,"0.00, 0.00, 0.00, 1.00","onepoint_1",360,202609640,"1.000000000000000,1.414213562373095,2.000000000000000,2.236067977499790","KW","W",1000,23,0,4
"unbalanced n, larger n with larger SD",20,"10, 16, 24, 30",5,2,6.6,"0.00, 0.00, 0.00, 1.00","onepoint_1",360,202609640,"1.000000000000000,1.414213562373095,2.000000000000000,2.236067977499790","KW","KW",1000,977,0,0
"unbalanced n, larger n with larger SD",30,"15, 24, 36, 45",1,0,0,"0.00, 0.00, 0.00, 1.00","onepoint_1",361,202609641,"1.000000000000000,1.414213562373095,2.000000000000000,2.236067977499790","F","F",1000,159,0,0
"unbalanced n, larger n with larger SD",30,"15, 24, 36, 45",1,0,0,"0.00, 0.00, 0.00, 1.00","onepoint_1",361,202609641,"1.000000000000000,1.414213562373095,2.000000000000000,2.236067977499790","F","W",1000,791,35,49
"unbalanced n, larger n with larger SD",30,"15, 24, 36, 45",1,0,0,"0.00, 0.00, 0.00, 1.00","onepoint_1",361,202609641,"1.000000000000000,1.414213562373095,2.000000000000000,2.236067977499790","F","KW",1000,50,2,5
"unbalanced n, larger n with larger SD",30,"15, 24, 36, 45",1,0,0,"0.00, 0.00, 0.00, 1.00","onepoint_1",361,202609641,"1.000000000000000,1.414213562373095,2.000000000000000,2.236067977499790","W","F",1000,159,5,8
"unbalanced n, larger n with larger SD",30,"15, 24, 36, 45",1,0,0,"0.00, 0.00, 0.00, 1.00","onepoint_1",361,202609641,"1.000000000000000,1.414213562373095,2.000000000000000,2.236067977499790","W","W",1000,791,0,0
"unbalanced n, larger n with larger SD",30,"15, 24, 36, 45",1,0,0,"0.00, 0.00, 0.00, 1.00","onepoint_1",361,202609641,"1.000000000000000,1.414213562373095,2.000000000000000,2.236067977499790","W","KW",1000,50,2,4
"unbalanced n, larger n with larger SD",30,"15, 24, 36, 45",1,0,0,"0.00, 0.00, 0.00, 1.00","onepoint_1",361,202609641,"1.000000000000000,1.414213562373095,2.000000000000000,2.236067977499790","KW","F",1000,159,4,4
"unbalanced n, larger n with larger SD",30,"15, 24, 36, 45",1,0,0,"0.00, 0.00, 0.00, 1.00","onepoint_1",361,202609641,"1.000000000000000,1.414213562373095,2.000000000000000,2.236067977499790","KW","W",1000,791,29,58
"unbalanced n, larger n with larger SD",30,"15, 24, 36, 45",1,0,0,"0.00, 0.00, 0.00, 1.00","onepoint_1",361,202609641,"1.000000000000000,1.414213562373095,2.000000000000000,2.236067977499790","KW","KW",1000,50,0,0
"unbalanced n, larger n with larger SD",30,"15, 24, 36, 45",2,0,6,"0.00, 0.00, 0.00, 1.00","onepoint_1",362,202609642,"1.000000000000000,1.414213562373095,2.000000000000000,2.236067977499790","F","F",1000,22,0,0
"unbalanced n, larger n with larger SD",30,"15, 24, 36, 45",2,0,6,"0.00, 0.00, 0.00, 1.00","onepoint_1",362,202609642,"1.000000000000000,1.414213562373095,2.000000000000000,2.236067977499790","F","W",1000,153,4,10
"unbalanced n, larger n with larger SD",30,"15, 24, 36, 45",2,0,6,"0.00, 0.00, 0.00, 1.00","onepoint_1",362,202609642,"1.000000000000000,1.414213562373095,2.000000000000000,2.236067977499790","F","KW",1000,825,8,169
"unbalanced n, larger n with larger SD",30,"15, 24, 36, 45",2,0,6,"0.00, 0.00, 0.00, 1.00","onepoint_1",362,202609642,"1.000000000000000,1.414213562373095,2.000000000000000,2.236067977499790","W","F",1000,22,0,1
"unbalanced n, larger n with larger SD",30,"15, 24, 36, 45",2,0,6,"0.00, 0.00, 0.00, 1.00","onepoint_1",362,202609642,"1.000000000000000,1.414213562373095,2.000000000000000,2.236067977499790","W","W",1000,153,0,0
"unbalanced n, larger n with larger SD",30,"15, 24, 36, 45",2,0,6,"0.00, 0.00, 0.00, 1.00","onepoint_1",362,202609642,"1.000000000000000,1.414213562373095,2.000000000000000,2.236067977499790","W","KW",1000,825,10,166
"unbalanced n, larger n with larger SD",30,"15, 24, 36, 45",2,0,6,"0.00, 0.00, 0.00, 1.00","onepoint_1",362,202609642,"1.000000000000000,1.414213562373095,2.000000000000000,2.236067977499790","KW","F",1000,22,0,0
"unbalanced n, larger n with larger SD",30,"15, 24, 36, 45",2,0,6,"0.00, 0.00, 0.00, 1.00","onepoint_1",362,202609642,"1.000000000000000,1.414213562373095,2.000000000000000,2.236067977499790","KW","W",1000,153,16,5
"unbalanced n, larger n with larger SD",30,"15, 24, 36, 45",2,0,6,"0.00, 0.00, 0.00, 1.00","onepoint_1",362,202609642,"1.000000000000000,1.414213562373095,2.000000000000000,2.236067977499790","KW","KW",1000,825,0,0
"unbalanced n, larger n with larger SD",30,"15, 24, 36, 45",3,0.5,1,"0.00, 0.00, 0.00, 1.00","onepoint_1",363,202609643,"1.000000000000000,1.414213562373095,2.000000000000000,2.236067977499790","F","F",1000,77,0,0
"unbalanced n, larger n with larger SD",30,"15, 24, 36, 45",3,0.5,1,"0.00, 0.00, 0.00, 1.00","onepoint_1",363,202609643,"1.000000000000000,1.414213562373095,2.000000000000000,2.236067977499790","F","W",1000,600,28,47
"unbalanced n, larger n with larger SD",30,"15, 24, 36, 45",3,0.5,1,"0.00, 0.00, 0.00, 1.00","onepoint_1",363,202609643,"1.000000000000000,1.414213562373095,2.000000000000000,2.236067977499790","F","KW",1000,323,23,13
"unbalanced n, larger n with larger SD",30,"15, 24, 36, 45",3,0.5,1,"0.00, 0.00, 0.00, 1.00","onepoint_1",363,202609643,"1.000000000000000,1.414213562373095,2.000000000000000,2.236067977499790","W","F",1000,77,2,1
"unbalanced n, larger n with larger SD",30,"15, 24, 36, 45",3,0.5,1,"0.00, 0.00, 0.00, 1.00","onepoint_1",363,202609643,"1.000000000000000,1.414213562373095,2.000000000000000,2.236067977499790","W","W",1000,600,0,0
"unbalanced n, larger n with larger SD",30,"15, 24, 36, 45",3,0.5,1,"0.00, 0.00, 0.00, 1.00","onepoint_1",363,202609643,"1.000000000000000,1.414213562373095,2.000000000000000,2.236067977499790","W","KW",1000,323,32,16
"unbalanced n, larger n with larger SD",30,"15, 24, 36, 45",3,0.5,1,"0.00, 0.00, 0.00, 1.00","onepoint_1",363,202609643,"1.000000000000000,1.414213562373095,2.000000000000000,2.236067977499790","KW","F",1000,77,3,2
"unbalanced n, larger n with larger SD",30,"15, 24, 36, 45",3,0.5,1,"0.00, 0.00, 0.00, 1.00","onepoint_1",363,202609643,"1.000000000000000,1.414213562373095,2.000000000000000,2.236067977499790","KW","W",1000,600,16,66
"unbalanced n, larger n with larger SD",30,"15, 24, 36, 45",3,0.5,1,"0.00, 0.00, 0.00, 1.00","onepoint_1",363,202609643,"1.000000000000000,1.414213562373095,2.000000000000000,2.236067977499790","KW","KW",1000,323,0,0
"unbalanced n, larger n with larger SD",30,"15, 24, 36, 45",4,1,1.6,"0.00, 0.00, 0.00, 1.00","onepoint_1",364,202609644,"1.000000000000000,1.414213562373095,2.000000000000000,2.236067977499790","F","F",1000,12,0,0
"unbalanced n, larger n with larger SD",30,"15, 24, 36, 45",4,1,1.6,"0.00, 0.00, 0.00, 1.00","onepoint_1",364,202609644,"1.000000000000000,1.414213562373095,2.000000000000000,2.236067977499790","F","W",1000,246,6,23
"unbalanced n, larger n with larger SD",30,"15, 24, 36, 45",4,1,1.6,"0.00, 0.00, 0.00, 1.00","onepoint_1",364,202609644,"1.000000000000000,1.414213562373095,2.000000000000000,2.236067977499790","F","KW",1000,742,58,28
"unbalanced n, larger n with larger SD",30,"15, 24, 36, 45",4,1,1.6,"0.00, 0.00, 0.00, 1.00","onepoint_1",364,202609644,"1.000000000000000,1.414213562373095,2.000000000000000,2.236067977499790","W","F",1000,12,0,0
"unbalanced n, larger n with larger SD",30,"15, 24, 36, 45",4,1,1.6,"0.00, 0.00, 0.00, 1.00","onepoint_1",364,202609644,"1.000000000000000,1.414213562373095,2.000000000000000,2.236067977499790","W","W",1000,246,0,0
"unbalanced n, larger n with larger SD",30,"15, 24, 36, 45",4,1,1.6,"0.00, 0.00, 0.00, 1.00","onepoint_1",364,202609644,"1.000000000000000,1.414213562373095,2.000000000000000,2.236067977499790","W","KW",1000,742,87,30
"unbalanced n, larger n with larger SD",30,"15, 24, 36, 45",4,1,1.6,"0.00, 0.00, 0.00, 1.00","onepoint_1",364,202609644,"1.000000000000000,1.414213562373095,2.000000000000000,2.236067977499790","KW","F",1000,12,0,0
"unbalanced n, larger n with larger SD",30,"15, 24, 36, 45",4,1,1.6,"0.00, 0.00, 0.00, 1.00","onepoint_1",364,202609644,"1.000000000000000,1.414213562373095,2.000000000000000,2.236067977499790","KW","W",1000,246,3,44
"unbalanced n, larger n with larger SD",30,"15, 24, 36, 45",4,1,1.6,"0.00, 0.00, 0.00, 1.00","onepoint_1",364,202609644,"1.000000000000000,1.414213562373095,2.000000000000000,2.236067977499790","KW","KW",1000,742,0,0
"unbalanced n, larger n with larger SD",30,"15, 24, 36, 45",5,2,6.6,"0.00, 0.00, 0.00, 1.00","onepoint_1",365,202609645,"1.000000000000000,1.414213562373095,2.000000000000000,2.236067977499790","F","F",1000,0,0,0
"unbalanced n, larger n with larger SD",30,"15, 24, 36, 45",5,2,6.6,"0.00, 0.00, 0.00, 1.00","onepoint_1",365,202609645,"1.000000000000000,1.414213562373095,2.000000000000000,2.236067977499790","F","W",1000,0,0,0
"unbalanced n, larger n with larger SD",30,"15, 24, 36, 45",5,2,6.6,"0.00, 0.00, 0.00, 1.00","onepoint_1",365,202609645,"1.000000000000000,1.414213562373095,2.000000000000000,2.236067977499790","F","KW",1000,1000,51,154
"unbalanced n, larger n with larger SD",30,"15, 24, 36, 45",5,2,6.6,"0.00, 0.00, 0.00, 1.00","onepoint_1",365,202609645,"1.000000000000000,1.414213562373095,2.000000000000000,2.236067977499790","W","F",1000,0,0,0
"unbalanced n, larger n with larger SD",30,"15, 24, 36, 45",5,2,6.6,"0.00, 0.00, 0.00, 1.00","onepoint_1",365,202609645,"1.000000000000000,1.414213562373095,2.000000000000000,2.236067977499790","W","W",1000,0,0,0
"unbalanced n, larger n with larger SD",30,"15, 24, 36, 45",5,2,6.6,"0.00, 0.00, 0.00, 1.00","onepoint_1",365,202609645,"1.000000000000000,1.414213562373095,2.000000000000000,2.236067977499790","W","KW",1000,1000,103,136
"unbalanced n, larger n with larger SD",30,"15, 24, 36, 45",5,2,6.6,"0.00, 0.00, 0.00, 1.00","onepoint_1",365,202609645,"1.000000000000000,1.414213562373095,2.000000000000000,2.236067977499790","KW","F",1000,0,0,0
"unbalanced n, larger n with larger SD",30,"15, 24, 36, 45",5,2,6.6,"0.00, 0.00, 0.00, 1.00","onepoint_1",365,202609645,"1.000000000000000,1.414213562373095,2.000000000000000,2.236067977499790","KW","W",1000,0,0,0
"unbalanced n, larger n with larger SD",30,"15, 24, 36, 45",5,2,6.6,"0.00, 0.00, 0.00, 1.00","onepoint_1",365,202609645,"1.000000000000000,1.414213562373095,2.000000000000000,2.236067977499790","KW","KW",1000,1000,0,0
"unbalanced n, larger n with larger SD",50,"25, 40, 60, 75",1,0,0,"0.00, 0.00, 0.00, 1.00","onepoint_1",366,202609646,"1.000000000000000,1.414213562373095,2.000000000000000,2.236067977499790","F","F",1000,14,0,0
"unbalanced n, larger n with larger SD",50,"25, 40, 60, 75",1,0,0,"0.00, 0.00, 0.00, 1.00","onepoint_1",366,202609646,"1.000000000000000,1.414213562373095,2.000000000000000,2.236067977499790","F","W",1000,944,20,41
"unbalanced n, larger n with larger SD",50,"25, 40, 60, 75",1,0,0,"0.00, 0.00, 0.00, 1.00","onepoint_1",366,202609646,"1.000000000000000,1.414213562373095,2.000000000000000,2.236067977499790","F","KW",1000,42,0,0
"unbalanced n, larger n with larger SD",50,"25, 40, 60, 75",1,0,0,"0.00, 0.00, 0.00, 1.00","onepoint_1",366,202609646,"1.000000000000000,1.414213562373095,2.000000000000000,2.236067977499790","W","F",1000,14,0,2
"unbalanced n, larger n with larger SD",50,"25, 40, 60, 75",1,0,0,"0.00, 0.00, 0.00, 1.00","onepoint_1",366,202609646,"1.000000000000000,1.414213562373095,2.000000000000000,2.236067977499790","W","W",1000,944,0,0
"unbalanced n, larger n with larger SD",50,"25, 40, 60, 75",1,0,0,"0.00, 0.00, 0.00, 1.00","onepoint_1",366,202609646,"1.000000000000000,1.414213562373095,2.000000000000000,2.236067977499790","W","KW",1000,42,1,0
"unbalanced n, larger n with larger SD",50,"25, 40, 60, 75",1,0,0,"0.00, 0.00, 0.00, 1.00","onepoint_1",366,202609646,"1.000000000000000,1.414213562373095,2.000000000000000,2.236067977499790","KW","F",1000,14,0,2
"unbalanced n, larger n with larger SD",50,"25, 40, 60, 75",1,0,0,"0.00, 0.00, 0.00, 1.00","onepoint_1",366,202609646,"1.000000000000000,1.414213562373095,2.000000000000000,2.236067977499790","KW","W",1000,944,16,69
"unbalanced n, larger n with larger SD",50,"25, 40, 60, 75",1,0,0,"0.00, 0.00, 0.00, 1.00","onepoint_1",366,202609646,"1.000000000000000,1.414213562373095,2.000000000000000,2.236067977499790","KW","KW",1000,42,0,0
"unbalanced n, larger n with larger SD",50,"25, 40, 60, 75",2,0,6,"0.00, 0.00, 0.00, 1.00","onepoint_1",367,202609647,"1.000000000000000,1.414213562373095,2.000000000000000,2.236067977499790","F","F",1000,1,0,0
"unbalanced n, larger n with larger SD",50,"25, 40, 60, 75",2,0,6,"0.00, 0.00, 0.00, 1.00","onepoint_1",367,202609647,"1.000000000000000,1.414213562373095,2.000000000000000,2.236067977499790","F","W",1000,60,0,3
"unbalanced n, larger n with larger SD",50,"25, 40, 60, 75",2,0,6,"0.00, 0.00, 0.00, 1.00","onepoint_1",367,202609647,"1.000000000000000,1.414213562373095,2.000000000000000,2.236067977499790","F","KW",1000,939,1,127
"unbalanced n, larger n with larger SD",50,"25, 40, 60, 75",2,0,6,"0.00, 0.00, 0.00, 1.00","onepoint_1",367,202609647,"1.000000000000000,1.414213562373095,2.000000000000000,2.236067977499790","W","F",1000,1,0,0
"unbalanced n, larger n with larger SD",50,"25, 40, 60, 75",2,0,6,"0.00, 0.00, 0.00, 1.00","onepoint_1",367,202609647,"1.000000000000000,1.414213562373095,2.000000000000000,2.236067977499790","W","W",1000,60,0,0
"unbalanced n, larger n with larger SD",50,"25, 40, 60, 75",2,0,6,"0.00, 0.00, 0.00, 1.00","onepoint_1",367,202609647,"1.000000000000000,1.414213562373095,2.000000000000000,2.236067977499790","W","KW",1000,939,1,98
"unbalanced n, larger n with larger SD",50,"25, 40, 60, 75",2,0,6,"0.00, 0.00, 0.00, 1.00","onepoint_1",367,202609647,"1.000000000000000,1.414213562373095,2.000000000000000,2.236067977499790","KW","F",1000,1,0,0
"unbalanced n, larger n with larger SD",50,"25, 40, 60, 75",2,0,6,"0.00, 0.00, 0.00, 1.00","onepoint_1",367,202609647,"1.000000000000000,1.414213562373095,2.000000000000000,2.236067977499790","KW","W",1000,60,4,2
"unbalanced n, larger n with larger SD",50,"25, 40, 60, 75",2,0,6,"0.00, 0.00, 0.00, 1.00","onepoint_1",367,202609647,"1.000000000000000,1.414213562373095,2.000000000000000,2.236067977499790","KW","KW",1000,939,0,0
"unbalanced n, larger n with larger SD",50,"25, 40, 60, 75",3,0.5,1,"0.00, 0.00, 0.00, 1.00","onepoint_1",368,202609648,"1.000000000000000,1.414213562373095,2.000000000000000,2.236067977499790","F","F",1000,6,0,0
"unbalanced n, larger n with larger SD",50,"25, 40, 60, 75",3,0.5,1,"0.00, 0.00, 0.00, 1.00","onepoint_1",368,202609648,"1.000000000000000,1.414213562373095,2.000000000000000,2.236067977499790","F","W",1000,528,14,20
"unbalanced n, larger n with larger SD",50,"25, 40, 60, 75",3,0.5,1,"0.00, 0.00, 0.00, 1.00","onepoint_1",368,202609648,"1.000000000000000,1.414213562373095,2.000000000000000,2.236067977499790","F","KW",1000,466,26,10
"unbalanced n, larger n with larger SD",50,"25, 40, 60, 75",3,0.5,1,"0.00, 0.00, 0.00, 1.00","onepoint_1",368,202609648,"1.000000000000000,1.414213562373095,2.000000000000000,2.236067977499790","W","F",1000,6,0,0
"unbalanced n, larger n with larger SD",50,"25, 40, 60, 75",3,0.5,1,"0.00, 0.00, 0.00, 1.00","onepoint_1",368,202609648,"1.000000000000000,1.414213562373095,2.000000000000000,2.236067977499790","W","W",1000,528,0,0
"unbalanced n, larger n with larger SD",50,"25, 40, 60, 75",3,0.5,1,"0.00, 0.00, 0.00, 1.00","onepoint_1",368,202609648,"1.000000000000000,1.414213562373095,2.000000000000000,2.236067977499790","W","KW",1000,466,35,9
"unbalanced n, larger n with larger SD",50,"25, 40, 60, 75",3,0.5,1,"0.00, 0.00, 0.00, 1.00","onepoint_1",368,202609648,"1.000000000000000,1.414213562373095,2.000000000000000,2.236067977499790","KW","F",1000,6,0,0
"unbalanced n, larger n with larger SD",50,"25, 40, 60, 75",3,0.5,1,"0.00, 0.00, 0.00, 1.00","onepoint_1",368,202609648,"1.000000000000000,1.414213562373095,2.000000000000000,2.236067977499790","KW","W",1000,528,5,35
"unbalanced n, larger n with larger SD",50,"25, 40, 60, 75",3,0.5,1,"0.00, 0.00, 0.00, 1.00","onepoint_1",368,202609648,"1.000000000000000,1.414213562373095,2.000000000000000,2.236067977499790","KW","KW",1000,466,0,0
"unbalanced n, larger n with larger SD",50,"25, 40, 60, 75",4,1,1.6,"0.00, 0.00, 0.00, 1.00","onepoint_1",369,202609649,"1.000000000000000,1.414213562373095,2.000000000000000,2.236067977499790","F","F",1000,0,0,0
"unbalanced n, larger n with larger SD",50,"25, 40, 60, 75",4,1,1.6,"0.00, 0.00, 0.00, 1.00","onepoint_1",369,202609649,"1.000000000000000,1.414213562373095,2.000000000000000,2.236067977499790","F","W",1000,68,1,1
"unbalanced n, larger n with larger SD",50,"25, 40, 60, 75",4,1,1.6,"0.00, 0.00, 0.00, 1.00","onepoint_1",369,202609649,"1.000000000000000,1.414213562373095,2.000000000000000,2.236067977499790","F","KW",1000,932,79,17
"unbalanced n, larger n with larger SD",50,"25, 40, 60, 75",4,1,1.6,"0.00, 0.00, 0.00, 1.00","onepoint_1",369,202609649,"1.000000000000000,1.414213562373095,2.000000000000000,2.236067977499790","W","F",1000,0,0,0
"unbalanced n, larger n with larger SD",50,"25, 40, 60, 75",4,1,1.6,"0.00, 0.00, 0.00, 1.00","onepoint_1",369,202609649,"1.000000000000000,1.414213562373095,2.000000000000000,2.236067977499790","W","W",1000,68,0,0
"unbalanced n, larger n with larger SD",50,"25, 40, 60, 75",4,1,1.6,"0.00, 0.00, 0.00, 1.00","onepoint_1",369,202609649,"1.000000000000000,1.414213562373095,2.000000000000000,2.236067977499790","W","KW",1000,932,111,19
"unbalanced n, larger n with larger SD",50,"25, 40, 60, 75",4,1,1.6,"0.00, 0.00, 0.00, 1.00","onepoint_1",369,202609649,"1.000000000000000,1.414213562373095,2.000000000000000,2.236067977499790","KW","F",1000,0,0,0
"unbalanced n, larger n with larger SD",50,"25, 40, 60, 75",4,1,1.6,"0.00, 0.00, 0.00, 1.00","onepoint_1",369,202609649,"1.000000000000000,1.414213562373095,2.000000000000000,2.236067977499790","KW","W",1000,68,0,11
"unbalanced n, larger n with larger SD",50,"25, 40, 60, 75",4,1,1.6,"0.00, 0.00, 0.00, 1.00","onepoint_1",369,202609649,"1.000000000000000,1.414213562373095,2.000000000000000,2.236067977499790","KW","KW",1000,932,0,0
"unbalanced n, larger n with larger SD",50,"25, 40, 60, 75",5,2,6.6,"0.00, 0.00, 0.00, 1.00","onepoint_1",370,202609650,"1.000000000000000,1.414213562373095,2.000000000000000,2.236067977499790","F","F",1000,0,0,0
"unbalanced n, larger n with larger SD",50,"25, 40, 60, 75",5,2,6.6,"0.00, 0.00, 0.00, 1.00","onepoint_1",370,202609650,"1.000000000000000,1.414213562373095,2.000000000000000,2.236067977499790","F","W",1000,0,0,0
"unbalanced n, larger n with larger SD",50,"25, 40, 60, 75",5,2,6.6,"0.00, 0.00, 0.00, 1.00","onepoint_1",370,202609650,"1.000000000000000,1.414213562373095,2.000000000000000,2.236067977499790","F","KW",1000,1000,14,93
"unbalanced n, larger n with larger SD",50,"25, 40, 60, 75",5,2,6.6,"0.00, 0.00, 0.00, 1.00","onepoint_1",370,202609650,"1.000000000000000,1.414213562373095,2.000000000000000,2.236067977499790","W","F",1000,0,0,0
"unbalanced n, larger n with larger SD",50,"25, 40, 60, 75",5,2,6.6,"0.00, 0.00, 0.00, 1.00","onepoint_1",370,202609650,"1.000000000000000,1.414213562373095,2.000000000000000,2.236067977499790","W","W",1000,0,0,0
"unbalanced n, larger n with larger SD",50,"25, 40, 60, 75",5,2,6.6,"0.00, 0.00, 0.00, 1.00","onepoint_1",370,202609650,"1.000000000000000,1.414213562373095,2.000000000000000,2.236067977499790","W","KW",1000,1000,40,57
"unbalanced n, larger n with larger SD",50,"25, 40, 60, 75",5,2,6.6,"0.00, 0.00, 0.00, 1.00","onepoint_1",370,202609650,"1.000000000000000,1.414213562373095,2.000000000000000,2.236067977499790","KW","F",1000,0,0,0
"unbalanced n, larger n with larger SD",50,"25, 40, 60, 75",5,2,6.6,"0.00, 0.00, 0.00, 1.00","onepoint_1",370,202609650,"1.000000000000000,1.414213562373095,2.000000000000000,2.236067977499790","KW","W",1000,0,0,0
"unbalanced n, larger n with larger SD",50,"25, 40, 60, 75",5,2,6.6,"0.00, 0.00, 0.00, 1.00","onepoint_1",370,202609650,"1.000000000000000,1.414213562373095,2.000000000000000,2.236067977499790","KW","KW",1000,1000,0,0
"unbalanced n, larger n with larger SD",100,"50, 80, 120, 150",1,0,0,"0.00, 0.00, 0.00, 1.00","onepoint_1",371,202609651,"1.000000000000000,1.414213562373095,2.000000000000000,2.236067977499790","F","F",1000,0,0,0
"unbalanced n, larger n with larger SD",100,"50, 80, 120, 150",1,0,0,"0.00, 0.00, 0.00, 1.00","onepoint_1",371,202609651,"1.000000000000000,1.414213562373095,2.000000000000000,2.236067977499790","F","W",1000,956,2,0
"unbalanced n, larger n with larger SD",100,"50, 80, 120, 150",1,0,0,"0.00, 0.00, 0.00, 1.00","onepoint_1",371,202609651,"1.000000000000000,1.414213562373095,2.000000000000000,2.236067977499790","F","KW",1000,44,0,0
"unbalanced n, larger n with larger SD",100,"50, 80, 120, 150",1,0,0,"0.00, 0.00, 0.00, 1.00","onepoint_1",371,202609651,"1.000000000000000,1.414213562373095,2.000000000000000,2.236067977499790","W","F",1000,0,0,0
"unbalanced n, larger n with larger SD",100,"50, 80, 120, 150",1,0,0,"0.00, 0.00, 0.00, 1.00","onepoint_1",371,202609651,"1.000000000000000,1.414213562373095,2.000000000000000,2.236067977499790","W","W",1000,956,0,0
"unbalanced n, larger n with larger SD",100,"50, 80, 120, 150",1,0,0,"0.00, 0.00, 0.00, 1.00","onepoint_1",371,202609651,"1.000000000000000,1.414213562373095,2.000000000000000,2.236067977499790","W","KW",1000,44,0,0
"unbalanced n, larger n with larger SD",100,"50, 80, 120, 150",1,0,0,"0.00, 0.00, 0.00, 1.00","onepoint_1",371,202609651,"1.000000000000000,1.414213562373095,2.000000000000000,2.236067977499790","KW","F",1000,0,0,0
"unbalanced n, larger n with larger SD",100,"50, 80, 120, 150",1,0,0,"0.00, 0.00, 0.00, 1.00","onepoint_1",371,202609651,"1.000000000000000,1.414213562373095,2.000000000000000,2.236067977499790","KW","W",1000,956,0,2
"unbalanced n, larger n with larger SD",100,"50, 80, 120, 150",1,0,0,"0.00, 0.00, 0.00, 1.00","onepoint_1",371,202609651,"1.000000000000000,1.414213562373095,2.000000000000000,2.236067977499790","KW","KW",1000,44,0,0
"unbalanced n, larger n with larger SD",100,"50, 80, 120, 150",2,0,6,"0.00, 0.00, 0.00, 1.00","onepoint_1",372,202609652,"1.000000000000000,1.414213562373095,2.000000000000000,2.236067977499790","F","F",1000,0,0,0
"unbalanced n, larger n with larger SD",100,"50, 80, 120, 150",2,0,6,"0.00, 0.00, 0.00, 1.00","onepoint_1",372,202609652,"1.000000000000000,1.414213562373095,2.000000000000000,2.236067977499790","F","W",1000,1,0,0
"unbalanced n, larger n with larger SD",100,"50, 80, 120, 150",2,0,6,"0.00, 0.00, 0.00, 1.00","onepoint_1",372,202609652,"1.000000000000000,1.414213562373095,2.000000000000000,2.236067977499790","F","KW",1000,999,0,11
"unbalanced n, larger n with larger SD",100,"50, 80, 120, 150",2,0,6,"0.00, 0.00, 0.00, 1.00","onepoint_1",372,202609652,"1.000000000000000,1.414213562373095,2.000000000000000,2.236067977499790","W","F",1000,0,0,0
"unbalanced n, larger n with larger SD",100,"50, 80, 120, 150",2,0,6,"0.00, 0.00, 0.00, 1.00","onepoint_1",372,202609652,"1.000000000000000,1.414213562373095,2.000000000000000,2.236067977499790","W","W",1000,1,0,0
"unbalanced n, larger n with larger SD",100,"50, 80, 120, 150",2,0,6,"0.00, 0.00, 0.00, 1.00","onepoint_1",372,202609652,"1.000000000000000,1.414213562373095,2.000000000000000,2.236067977499790","W","KW",1000,999,0,14
"unbalanced n, larger n with larger SD",100,"50, 80, 120, 150",2,0,6,"0.00, 0.00, 0.00, 1.00","onepoint_1",372,202609652,"1.000000000000000,1.414213562373095,2.000000000000000,2.236067977499790","KW","F",1000,0,0,0
"unbalanced n, larger n with larger SD",100,"50, 80, 120, 150",2,0,6,"0.00, 0.00, 0.00, 1.00","onepoint_1",372,202609652,"1.000000000000000,1.414213562373095,2.000000000000000,2.236067977499790","KW","W",1000,1,0,0
"unbalanced n, larger n with larger SD",100,"50, 80, 120, 150",2,0,6,"0.00, 0.00, 0.00, 1.00","onepoint_1",372,202609652,"1.000000000000000,1.414213562373095,2.000000000000000,2.236067977499790","KW","KW",1000,999,0,0
"unbalanced n, larger n with larger SD",100,"50, 80, 120, 150",3,0.5,1,"0.00, 0.00, 0.00, 1.00","onepoint_1",373,202609653,"1.000000000000000,1.414213562373095,2.000000000000000,2.236067977499790","F","F",1000,0,0,0
"unbalanced n, larger n with larger SD",100,"50, 80, 120, 150",3,0.5,1,"0.00, 0.00, 0.00, 1.00","onepoint_1",373,202609653,"1.000000000000000,1.414213562373095,2.000000000000000,2.236067977499790","F","W",1000,288,0,0
"unbalanced n, larger n with larger SD",100,"50, 80, 120, 150",3,0.5,1,"0.00, 0.00, 0.00, 1.00","onepoint_1",373,202609653,"1.000000000000000,1.414213562373095,2.000000000000000,2.236067977499790","F","KW",1000,712,9,2
"unbalanced n, larger n with larger SD",100,"50, 80, 120, 150",3,0.5,1,"0.00, 0.00, 0.00, 1.00","onepoint_1",373,202609653,"1.000000000000000,1.414213562373095,2.000000000000000,2.236067977499790","W","F",1000,0,0,0
"unbalanced n, larger n with larger SD",100,"50, 80, 120, 150",3,0.5,1,"0.00, 0.00, 0.00, 1.00","onepoint_1",373,202609653,"1.000000000000000,1.414213562373095,2.000000000000000,2.236067977499790","W","W",1000,288,0,0
"unbalanced n, larger n with larger SD",100,"50, 80, 120, 150",3,0.5,1,"0.00, 0.00, 0.00, 1.00","onepoint_1",373,202609653,"1.000000000000000,1.414213562373095,2.000000000000000,2.236067977499790","W","KW",1000,712,9,2
"unbalanced n, larger n with larger SD",100,"50, 80, 120, 150",3,0.5,1,"0.00, 0.00, 0.00, 1.00","onepoint_1",373,202609653,"1.000000000000000,1.414213562373095,2.000000000000000,2.236067977499790","KW","F",1000,0,0,0
"unbalanced n, larger n with larger SD",100,"50, 80, 120, 150",3,0.5,1,"0.00, 0.00, 0.00, 1.00","onepoint_1",373,202609653,"1.000000000000000,1.414213562373095,2.000000000000000,2.236067977499790","KW","W",1000,288,0,1
"unbalanced n, larger n with larger SD",100,"50, 80, 120, 150",3,0.5,1,"0.00, 0.00, 0.00, 1.00","onepoint_1",373,202609653,"1.000000000000000,1.414213562373095,2.000000000000000,2.236067977499790","KW","KW",1000,712,0,0
"unbalanced n, larger n with larger SD",100,"50, 80, 120, 150",4,1,1.6,"0.00, 0.00, 0.00, 1.00","onepoint_1",374,202609654,"1.000000000000000,1.414213562373095,2.000000000000000,2.236067977499790","F","F",1000,0,0,0
"unbalanced n, larger n with larger SD",100,"50, 80, 120, 150",4,1,1.6,"0.00, 0.00, 0.00, 1.00","onepoint_1",374,202609654,"1.000000000000000,1.414213562373095,2.000000000000000,2.236067977499790","F","W",1000,0,0,0
"unbalanced n, larger n with larger SD",100,"50, 80, 120, 150",4,1,1.6,"0.00, 0.00, 0.00, 1.00","onepoint_1",374,202609654,"1.000000000000000,1.414213562373095,2.000000000000000,2.236067977499790","F","KW",1000,1000,16,0
"unbalanced n, larger n with larger SD",100,"50, 80, 120, 150",4,1,1.6,"0.00, 0.00, 0.00, 1.00","onepoint_1",374,202609654,"1.000000000000000,1.414213562373095,2.000000000000000,2.236067977499790","W","F",1000,0,0,0
"unbalanced n, larger n with larger SD",100,"50, 80, 120, 150",4,1,1.6,"0.00, 0.00, 0.00, 1.00","onepoint_1",374,202609654,"1.000000000000000,1.414213562373095,2.000000000000000,2.236067977499790","W","W",1000,0,0,0
"unbalanced n, larger n with larger SD",100,"50, 80, 120, 150",4,1,1.6,"0.00, 0.00, 0.00, 1.00","onepoint_1",374,202609654,"1.000000000000000,1.414213562373095,2.000000000000000,2.236067977499790","W","KW",1000,1000,21,1
"unbalanced n, larger n with larger SD",100,"50, 80, 120, 150",4,1,1.6,"0.00, 0.00, 0.00, 1.00","onepoint_1",374,202609654,"1.000000000000000,1.414213562373095,2.000000000000000,2.236067977499790","KW","F",1000,0,0,0
"unbalanced n, larger n with larger SD",100,"50, 80, 120, 150",4,1,1.6,"0.00, 0.00, 0.00, 1.00","onepoint_1",374,202609654,"1.000000000000000,1.414213562373095,2.000000000000000,2.236067977499790","KW","W",1000,0,0,0
"unbalanced n, larger n with larger SD",100,"50, 80, 120, 150",4,1,1.6,"0.00, 0.00, 0.00, 1.00","onepoint_1",374,202609654,"1.000000000000000,1.414213562373095,2.000000000000000,2.236067977499790","KW","KW",1000,1000,0,0
"unbalanced n, larger n with larger SD",100,"50, 80, 120, 150",5,2,6.6,"0.00, 0.00, 0.00, 1.00","onepoint_1",375,202609655,"1.000000000000000,1.414213562373095,2.000000000000000,2.236067977499790","F","F",1000,0,0,0
"unbalanced n, larger n with larger SD",100,"50, 80, 120, 150",5,2,6.6,"0.00, 0.00, 0.00, 1.00","onepoint_1",375,202609655,"1.000000000000000,1.414213562373095,2.000000000000000,2.236067977499790","F","W",1000,0,0,0
"unbalanced n, larger n with larger SD",100,"50, 80, 120, 150",5,2,6.6,"0.00, 0.00, 0.00, 1.00","onepoint_1",375,202609655,"1.000000000000000,1.414213562373095,2.000000000000000,2.236067977499790","F","KW",1000,1000,0,6
"unbalanced n, larger n with larger SD",100,"50, 80, 120, 150",5,2,6.6,"0.00, 0.00, 0.00, 1.00","onepoint_1",375,202609655,"1.000000000000000,1.414213562373095,2.000000000000000,2.236067977499790","W","F",1000,0,0,0
"unbalanced n, larger n with larger SD",100,"50, 80, 120, 150",5,2,6.6,"0.00, 0.00, 0.00, 1.00","onepoint_1",375,202609655,"1.000000000000000,1.414213562373095,2.000000000000000,2.236067977499790","W","W",1000,0,0,0
"unbalanced n, larger n with larger SD",100,"50, 80, 120, 150",5,2,6.6,"0.00, 0.00, 0.00, 1.00","onepoint_1",375,202609655,"1.000000000000000,1.414213562373095,2.000000000000000,2.236067977499790","W","KW",1000,1000,0,1
"unbalanced n, larger n with larger SD",100,"50, 80, 120, 150",5,2,6.6,"0.00, 0.00, 0.00, 1.00","onepoint_1",375,202609655,"1.000000000000000,1.414213562373095,2.000000000000000,2.236067977499790","KW","F",1000,0,0,0
"unbalanced n, larger n with larger SD",100,"50, 80, 120, 150",5,2,6.6,"0.00, 0.00, 0.00, 1.00","onepoint_1",375,202609655,"1.000000000000000,1.414213562373095,2.000000000000000,2.236067977499790","KW","W",1000,0,0,0
"unbalanced n, larger n with larger SD",100,"50, 80, 120, 150",5,2,6.6,"0.00, 0.00, 0.00, 1.00","onepoint_1",375,202609655,"1.000000000000000,1.414213562373095,2.000000000000000,2.236067977499790","KW","KW",1000,1000,0,0
"unbalanced n, larger n with smaller SD",10,"5, 8, 12, 15",1,0,0,"0.00, 0.00, 0.00, 1.00","onepoint_1",376,202609656,"2.236067977499790,2.000000000000000,1.414213562373095,1.000000000000000","F","F",1000,412,0,0
"unbalanced n, larger n with smaller SD",10,"5, 8, 12, 15",1,0,0,"0.00, 0.00, 0.00, 1.00","onepoint_1",376,202609656,"2.236067977499790,2.000000000000000,1.414213562373095,1.000000000000000","F","W",1000,520,39,28
"unbalanced n, larger n with smaller SD",10,"5, 8, 12, 15",1,0,0,"0.00, 0.00, 0.00, 1.00","onepoint_1",376,202609656,"2.236067977499790,2.000000000000000,1.414213562373095,1.000000000000000","F","KW",1000,68,3,4
"unbalanced n, larger n with smaller SD",10,"5, 8, 12, 15",1,0,0,"0.00, 0.00, 0.00, 1.00","onepoint_1",376,202609656,"2.236067977499790,2.000000000000000,1.414213562373095,1.000000000000000","W","F",1000,412,8,47
"unbalanced n, larger n with smaller SD",10,"5, 8, 12, 15",1,0,0,"0.00, 0.00, 0.00, 1.00","onepoint_1",376,202609656,"2.236067977499790,2.000000000000000,1.414213562373095,1.000000000000000","W","W",1000,520,0,0
"unbalanced n, larger n with smaller SD",10,"5, 8, 12, 15",1,0,0,"0.00, 0.00, 0.00, 1.00","onepoint_1",376,202609656,"2.236067977499790,2.000000000000000,1.414213562373095,1.000000000000000","W","KW",1000,68,0,4
"unbalanced n, larger n with smaller SD",10,"5, 8, 12, 15",1,0,0,"0.00, 0.00, 0.00, 1.00","onepoint_1",376,202609656,"2.236067977499790,2.000000000000000,1.414213562373095,1.000000000000000","KW","F",1000,412,9,17
"unbalanced n, larger n with smaller SD",10,"5, 8, 12, 15",1,0,0,"0.00, 0.00, 0.00, 1.00","onepoint_1",376,202609656,"2.236067977499790,2.000000000000000,1.414213562373095,1.000000000000000","KW","W",1000,520,26,21
"unbalanced n, larger n with smaller SD",10,"5, 8, 12, 15",1,0,0,"0.00, 0.00, 0.00, 1.00","onepoint_1",376,202609656,"2.236067977499790,2.000000000000000,1.414213562373095,1.000000000000000","KW","KW",1000,68,0,0
"unbalanced n, larger n with smaller SD",10,"5, 8, 12, 15",2,0,6,"0.00, 0.00, 0.00, 1.00","onepoint_1",377,202609657,"2.236067977499790,2.000000000000000,1.414213562373095,1.000000000000000","F","F",1000,278,0,0
"unbalanced n, larger n with smaller SD",10,"5, 8, 12, 15",2,0,6,"0.00, 0.00, 0.00, 1.00","onepoint_1",377,202609657,"2.236067977499790,2.000000000000000,1.414213562373095,1.000000000000000","F","W",1000,373,38,44
"unbalanced n, larger n with smaller SD",10,"5, 8, 12, 15",2,0,6,"0.00, 0.00, 0.00, 1.00","onepoint_1",377,202609657,"2.236067977499790,2.000000000000000,1.414213562373095,1.000000000000000","F","KW",1000,349,5,83
"unbalanced n, larger n with smaller SD",10,"5, 8, 12, 15",2,0,6,"0.00, 0.00, 0.00, 1.00","onepoint_1",377,202609657,"2.236067977499790,2.000000000000000,1.414213562373095,1.000000000000000","W","F",1000,278,6,31
"unbalanced n, larger n with smaller SD",10,"5, 8, 12, 15",2,0,6,"0.00, 0.00, 0.00, 1.00","onepoint_1",377,202609657,"2.236067977499790,2.000000000000000,1.414213562373095,1.000000000000000","W","W",1000,373,0,0
"unbalanced n, larger n with smaller SD",10,"5, 8, 12, 15",2,0,6,"0.00, 0.00, 0.00, 1.00","onepoint_1",377,202609657,"2.236067977499790,2.000000000000000,1.414213562373095,1.000000000000000","W","KW",1000,349,3,85
"unbalanced n, larger n with smaller SD",10,"5, 8, 12, 15",2,0,6,"0.00, 0.00, 0.00, 1.00","onepoint_1",377,202609657,"2.236067977499790,2.000000000000000,1.414213562373095,1.000000000000000","KW","F",1000,278,14,9
"unbalanced n, larger n with smaller SD",10,"5, 8, 12, 15",2,0,6,"0.00, 0.00, 0.00, 1.00","onepoint_1",377,202609657,"2.236067977499790,2.000000000000000,1.414213562373095,1.000000000000000","KW","W",1000,373,44,10
"unbalanced n, larger n with smaller SD",10,"5, 8, 12, 15",2,0,6,"0.00, 0.00, 0.00, 1.00","onepoint_1",377,202609657,"2.236067977499790,2.000000000000000,1.414213562373095,1.000000000000000","KW","KW",1000,349,0,0
"unbalanced n, larger n with smaller SD",10,"5, 8, 12, 15",3,0.5,1,"0.00, 0.00, 0.00, 1.00","onepoint_1",378,202609658,"2.236067977499790,2.000000000000000,1.414213562373095,1.000000000000000","F","F",1000,372,0,0
"unbalanced n, larger n with smaller SD",10,"5, 8, 12, 15",3,0.5,1,"0.00, 0.00, 0.00, 1.00","onepoint_1",378,202609658,"2.236067977499790,2.000000000000000,1.414213562373095,1.000000000000000","F","W",1000,477,41,46
"unbalanced n, larger n with smaller SD",10,"5, 8, 12, 15",3,0.5,1,"0.00, 0.00, 0.00, 1.00","onepoint_1",378,202609658,"2.236067977499790,2.000000000000000,1.414213562373095,1.000000000000000","F","KW",1000,151,7,33
"unbalanced n, larger n with smaller SD",10,"5, 8, 12, 15",3,0.5,1,"0.00, 0.00, 0.00, 1.00","onepoint_1",378,202609658,"2.236067977499790,2.000000000000000,1.414213562373095,1.000000000000000","W","F",1000,372,7,37
"unbalanced n, larger n with smaller SD",10,"5, 8, 12, 15",3,0.5,1,"0.00, 0.00, 0.00, 1.00","onepoint_1",378,202609658,"2.236067977499790,2.000000000000000,1.414213562373095,1.000000000000000","W","W",1000,477,0,0
"unbalanced n, larger n with smaller SD",10,"5, 8, 12, 15",3,0.5,1,"0.00, 0.00, 0.00, 1.00","onepoint_1",378,202609658,"2.236067977499790,2.000000000000000,1.414213562373095,1.000000000000000","W","KW",1000,151,1,32
"unbalanced n, larger n with smaller SD",10,"5, 8, 12, 15",3,0.5,1,"0.00, 0.00, 0.00, 1.00","onepoint_1",378,202609658,"2.236067977499790,2.000000000000000,1.414213562373095,1.000000000000000","KW","F",1000,372,14,14
"unbalanced n, larger n with smaller SD",10,"5, 8, 12, 15",3,0.5,1,"0.00, 0.00, 0.00, 1.00","onepoint_1",378,202609658,"2.236067977499790,2.000000000000000,1.414213562373095,1.000000000000000","KW","W",1000,477,32,16
"unbalanced n, larger n with smaller SD",10,"5, 8, 12, 15",3,0.5,1,"0.00, 0.00, 0.00, 1.00","onepoint_1",378,202609658,"2.236067977499790,2.000000000000000,1.414213562373095,1.000000000000000","KW","KW",1000,151,0,0
"unbalanced n, larger n with smaller SD",10,"5, 8, 12, 15",4,1,1.6,"0.00, 0.00, 0.00, 1.00","onepoint_1",379,202609659,"2.236067977499790,2.000000000000000,1.414213562373095,1.000000000000000","F","F",1000,245,0,0
"unbalanced n, larger n with smaller SD",10,"5, 8, 12, 15",4,1,1.6,"0.00, 0.00, 0.00, 1.00","onepoint_1",379,202609659,"2.236067977499790,2.000000000000000,1.414213562373095,1.000000000000000","F","W",1000,475,27,61
"unbalanced n, larger n with smaller SD",10,"5, 8, 12, 15",4,1,1.6,"0.00, 0.00, 0.00, 1.00","onepoint_1",379,202609659,"2.236067977499790,2.000000000000000,1.414213562373095,1.000000000000000","F","KW",1000,280,1,62
"unbalanced n, larger n with smaller SD",10,"5, 8, 12, 15",4,1,1.6,"0.00, 0.00, 0.00, 1.00","onepoint_1",379,202609659,"2.236067977499790,2.000000000000000,1.414213562373095,1.000000000000000","W","F",1000,245,1,25
"unbalanced n, larger n with smaller SD",10,"5, 8, 12, 15",4,1,1.6,"0.00, 0.00, 0.00, 1.00","onepoint_1",379,202609659,"2.236067977499790,2.000000000000000,1.414213562373095,1.000000000000000","W","W",1000,475,0,0
"unbalanced n, larger n with smaller SD",10,"5, 8, 12, 15",4,1,1.6,"0.00, 0.00, 0.00, 1.00","onepoint_1",379,202609659,"2.236067977499790,2.000000000000000,1.414213562373095,1.000000000000000","W","KW",1000,280,2,55
"unbalanced n, larger n with smaller SD",10,"5, 8, 12, 15",4,1,1.6,"0.00, 0.00, 0.00, 1.00","onepoint_1",379,202609659,"2.236067977499790,2.000000000000000,1.414213562373095,1.000000000000000","KW","F",1000,245,10,14
"unbalanced n, larger n with smaller SD",10,"5, 8, 12, 15",4,1,1.6,"0.00, 0.00, 0.00, 1.00","onepoint_1",379,202609659,"2.236067977499790,2.000000000000000,1.414213562373095,1.000000000000000","KW","W",1000,475,34,21
"unbalanced n, larger n with smaller SD",10,"5, 8, 12, 15",4,1,1.6,"0.00, 0.00, 0.00, 1.00","onepoint_1",379,202609659,"2.236067977499790,2.000000000000000,1.414213562373095,1.000000000000000","KW","KW",1000,280,0,0
"unbalanced n, larger n with smaller SD",10,"5, 8, 12, 15",5,2,6.6,"0.00, 0.00, 0.00, 1.00","onepoint_1",380,202609660,"2.236067977499790,2.000000000000000,1.414213562373095,1.000000000000000","F","F",1000,46,0,0
"unbalanced n, larger n with smaller SD",10,"5, 8, 12, 15",5,2,6.6,"0.00, 0.00, 0.00, 1.00","onepoint_1",380,202609660,"2.236067977499790,2.000000000000000,1.414213562373095,1.000000000000000","F","W",1000,278,8,45
"unbalanced n, larger n with smaller SD",10,"5, 8, 12, 15",5,2,6.6,"0.00, 0.00, 0.00, 1.00","onepoint_1",380,202609660,"2.236067977499790,2.000000000000000,1.414213562373095,1.000000000000000","F","KW",1000,676,6,184
"unbalanced n, larger n with smaller SD",10,"5, 8, 12, 15",5,2,6.6,"0.00, 0.00, 0.00, 1.00","onepoint_1",380,202609660,"2.236067977499790,2.000000000000000,1.414213562373095,1.000000000000000","W","F",1000,46,1,0
"unbalanced n, larger n with smaller SD",10,"5, 8, 12, 15",5,2,6.6,"0.00, 0.00, 0.00, 1.00","onepoint_1",380,202609660,"2.236067977499790,2.000000000000000,1.414213562373095,1.000000000000000","W","W",1000,278,0,0
"unbalanced n, larger n with smaller SD",10,"5, 8, 12, 15",5,2,6.6,"0.00, 0.00, 0.00, 1.00","onepoint_1",380,202609660,"2.236067977499790,2.000000000000000,1.414213562373095,1.000000000000000","W","KW",1000,676,9,115
"unbalanced n, larger n with smaller SD",10,"5, 8, 12, 15",5,2,6.6,"0.00, 0.00, 0.00, 1.00","onepoint_1",380,202609660,"2.236067977499790,2.000000000000000,1.414213562373095,1.000000000000000","KW","F",1000,46,2,1
"unbalanced n, larger n with smaller SD",10,"5, 8, 12, 15",5,2,6.6,"0.00, 0.00, 0.00, 1.00","onepoint_1",380,202609660,"2.236067977499790,2.000000000000000,1.414213562373095,1.000000000000000","KW","W",1000,278,19,9
"unbalanced n, larger n with smaller SD",10,"5, 8, 12, 15",5,2,6.6,"0.00, 0.00, 0.00, 1.00","onepoint_1",380,202609660,"2.236067977499790,2.000000000000000,1.414213562373095,1.000000000000000","KW","KW",1000,676,0,0
"unbalanced n, larger n with smaller SD",20,"10, 16, 24, 30",1,0,0,"0.00, 0.00, 0.00, 1.00","onepoint_1",381,202609661,"2.236067977499790,2.000000000000000,1.414213562373095,1.000000000000000","F","F",1000,134,0,0
"unbalanced n, larger n with smaller SD",20,"10, 16, 24, 30",1,0,0,"0.00, 0.00, 0.00, 1.00","onepoint_1",381,202609661,"2.236067977499790,2.000000000000000,1.414213562373095,1.000000000000000","F","W",1000,798,27,64
"unbalanced n, larger n with smaller SD",20,"10, 16, 24, 30",1,0,0,"0.00, 0.00, 0.00, 1.00","onepoint_1",381,202609661,"2.236067977499790,2.000000000000000,1.414213562373095,1.000000000000000","F","KW",1000,68,2,9
"unbalanced n, larger n with smaller SD",20,"10, 16, 24, 30",1,0,0,"0.00, 0.00, 0.00, 1.00","onepoint_1",381,202609661,"2.236067977499790,2.000000000000000,1.414213562373095,1.000000000000000","W","F",1000,134,4,2
"unbalanced n, larger n with smaller SD",20,"10, 16, 24, 30",1,0,0,"0.00, 0.00, 0.00, 1.00","onepoint_1",381,202609661,"2.236067977499790,2.000000000000000,1.414213562373095,1.000000000000000","W","W",1000,798,0,0
"unbalanced n, larger n with smaller SD",20,"10, 16, 24, 30",1,0,0,"0.00, 0.00, 0.00, 1.00","onepoint_1",381,202609661,"2.236067977499790,2.000000000000000,1.414213562373095,1.000000000000000","W","KW",1000,68,2,8
"unbalanced n, larger n with smaller SD",20,"10, 16, 24, 30",1,0,0,"0.00, 0.00, 0.00, 1.00","onepoint_1",381,202609661,"2.236067977499790,2.000000000000000,1.414213562373095,1.000000000000000","KW","F",1000,134,7,2
"unbalanced n, larger n with smaller SD",20,"10, 16, 24, 30",1,0,0,"0.00, 0.00, 0.00, 1.00","onepoint_1",381,202609661,"2.236067977499790,2.000000000000000,1.414213562373095,1.000000000000000","KW","W",1000,798,25,34
"unbalanced n, larger n with smaller SD",20,"10, 16, 24, 30",1,0,0,"0.00, 0.00, 0.00, 1.00","onepoint_1",381,202609661,"2.236067977499790,2.000000000000000,1.414213562373095,1.000000000000000","KW","KW",1000,68,0,0
"unbalanced n, larger n with smaller SD",20,"10, 16, 24, 30",2,0,6,"0.00, 0.00, 0.00, 1.00","onepoint_1",382,202609662,"2.236067977499790,2.000000000000000,1.414213562373095,1.000000000000000","F","F",1000,56,0,0
"unbalanced n, larger n with smaller SD",20,"10, 16, 24, 30",2,0,6,"0.00, 0.00, 0.00, 1.00","onepoint_1",382,202609662,"2.236067977499790,2.000000000000000,1.414213562373095,1.000000000000000","F","W",1000,297,3,33
"unbalanced n, larger n with smaller SD",20,"10, 16, 24, 30",2,0,6,"0.00, 0.00, 0.00, 1.00","onepoint_1",382,202609662,"2.236067977499790,2.000000000000000,1.414213562373095,1.000000000000000","F","KW",1000,647,3,137
"unbalanced n, larger n with smaller SD",20,"10, 16, 24, 30",2,0,6,"0.00, 0.00, 0.00, 1.00","onepoint_1",382,202609662,"2.236067977499790,2.000000000000000,1.414213562373095,1.000000000000000","W","F",1000,56,0,1
"unbalanced n, larger n with smaller SD",20,"10, 16, 24, 30",2,0,6,"0.00, 0.00, 0.00, 1.00","onepoint_1",382,202609662,"2.236067977499790,2.000000000000000,1.414213562373095,1.000000000000000","W","W",1000,297,0,0
"unbalanced n, larger n with smaller SD",20,"10, 16, 24, 30",2,0,6,"0.00, 0.00, 0.00, 1.00","onepoint_1",382,202609662,"2.236067977499790,2.000000000000000,1.414213562373095,1.000000000000000","W","KW",1000,647,4,89
"unbalanced n, larger n with smaller SD",20,"10, 16, 24, 30",2,0,6,"0.00, 0.00, 0.00, 1.00","onepoint_1",382,202609662,"2.236067977499790,2.000000000000000,1.414213562373095,1.000000000000000","KW","F",1000,56,4,1
"unbalanced n, larger n with smaller SD",20,"10, 16, 24, 30",2,0,6,"0.00, 0.00, 0.00, 1.00","onepoint_1",382,202609662,"2.236067977499790,2.000000000000000,1.414213562373095,1.000000000000000","KW","W",1000,297,12,1
"unbalanced n, larger n with smaller SD",20,"10, 16, 24, 30",2,0,6,"0.00, 0.00, 0.00, 1.00","onepoint_1",382,202609662,"2.236067977499790,2.000000000000000,1.414213562373095,1.000000000000000","KW","KW",1000,647,0,0
"unbalanced n, larger n with smaller SD",20,"10, 16, 24, 30",3,0.5,1,"0.00, 0.00, 0.00, 1.00","onepoint_1",383,202609663,"2.236067977499790,2.000000000000000,1.414213562373095,1.000000000000000","F","F",1000,125,0,0
"unbalanced n, larger n with smaller SD",20,"10, 16, 24, 30",3,0.5,1,"0.00, 0.00, 0.00, 1.00","onepoint_1",383,202609663,"2.236067977499790,2.000000000000000,1.414213562373095,1.000000000000000","F","W",1000,622,10,53
"unbalanced n, larger n with smaller SD",20,"10, 16, 24, 30",3,0.5,1,"0.00, 0.00, 0.00, 1.00","onepoint_1",383,202609663,"2.236067977499790,2.000000000000000,1.414213562373095,1.000000000000000","F","KW",1000,253,4,42
"unbalanced n, larger n with smaller SD",20,"10, 16, 24, 30",3,0.5,1,"0.00, 0.00, 0.00, 1.00","onepoint_1",383,202609663,"2.236067977499790,2.000000000000000,1.414213562373095,1.000000000000000","W","F",1000,125,0,3
"unbalanced n, larger n with smaller SD",20,"10, 16, 24, 30",3,0.5,1,"0.00, 0.00, 0.00, 1.00","onepoint_1",383,202609663,"2.236067977499790,2.000000000000000,1.414213562373095,1.000000000000000","W","W",1000,622,0,0
"unbalanced n, larger n with smaller SD",20,"10, 16, 24, 30",3,0.5,1,"0.00, 0.00, 0.00, 1.00","onepoint_1",383,202609663,"2.236067977499790,2.000000000000000,1.414213562373095,1.000000000000000","W","KW",1000,253,5,27
"unbalanced n, larger n with smaller SD",20,"10, 16, 24, 30",3,0.5,1,"0.00, 0.00, 0.00, 1.00","onepoint_1",383,202609663,"2.236067977499790,2.000000000000000,1.414213562373095,1.000000000000000","KW","F",1000,125,3,1
"unbalanced n, larger n with smaller SD",20,"10, 16, 24, 30",3,0.5,1,"0.00, 0.00, 0.00, 1.00","onepoint_1",383,202609663,"2.236067977499790,2.000000000000000,1.414213562373095,1.000000000000000","KW","W",1000,622,35,18
"unbalanced n, larger n with smaller SD",20,"10, 16, 24, 30",3,0.5,1,"0.00, 0.00, 0.00, 1.00","onepoint_1",383,202609663,"2.236067977499790,2.000000000000000,1.414213562373095,1.000000000000000","KW","KW",1000,253,0,0
"unbalanced n, larger n with smaller SD",20,"10, 16, 24, 30",4,1,1.6,"0.00, 0.00, 0.00, 1.00","onepoint_1",384,202609664,"2.236067977499790,2.000000000000000,1.414213562373095,1.000000000000000","F","F",1000,42,0,0
"unbalanced n, larger n with smaller SD",20,"10, 16, 24, 30",4,1,1.6,"0.00, 0.00, 0.00, 1.00","onepoint_1",384,202609664,"2.236067977499790,2.000000000000000,1.414213562373095,1.000000000000000","F","W",1000,435,6,49
"unbalanced n, larger n with smaller SD",20,"10, 16, 24, 30",4,1,1.6,"0.00, 0.00, 0.00, 1.00","onepoint_1",384,202609664,"2.236067977499790,2.000000000000000,1.414213562373095,1.000000000000000","F","KW",1000,523,5,124
"unbalanced n, larger n with smaller SD",20,"10, 16, 24, 30",4,1,1.6,"0.00, 0.00, 0.00, 1.00","onepoint_1",384,202609664,"2.236067977499790,2.000000000000000,1.414213562373095,1.000000000000000","W","F",1000,42,0,1
"unbalanced n, larger n with smaller SD",20,"10, 16, 24, 30",4,1,1.6,"0.00, 0.00, 0.00, 1.00","onepoint_1",384,202609664,"2.236067977499790,2.000000000000000,1.414213562373095,1.000000000000000","W","W",1000,435,0,0
"unbalanced n, larger n with smaller SD",20,"10, 16, 24, 30",4,1,1.6,"0.00, 0.00, 0.00, 1.00","onepoint_1",384,202609664,"2.236067977499790,2.000000000000000,1.414213562373095,1.000000000000000","W","KW",1000,523,7,62
"unbalanced n, larger n with smaller SD",20,"10, 16, 24, 30",4,1,1.6,"0.00, 0.00, 0.00, 1.00","onepoint_1",384,202609664,"2.236067977499790,2.000000000000000,1.414213562373095,1.000000000000000","KW","F",1000,42,0,0
"unbalanced n, larger n with smaller SD",20,"10, 16, 24, 30",4,1,1.6,"0.00, 0.00, 0.00, 1.00","onepoint_1",384,202609664,"2.236067977499790,2.000000000000000,1.414213562373095,1.000000000000000","KW","W",1000,435,30,7
"unbalanced n, larger n with smaller SD",20,"10, 16, 24, 30",4,1,1.6,"0.00, 0.00, 0.00, 1.00","onepoint_1",384,202609664,"2.236067977499790,2.000000000000000,1.414213562373095,1.000000000000000","KW","KW",1000,523,0,0
"unbalanced n, larger n with smaller SD",20,"10, 16, 24, 30",5,2,6.6,"0.00, 0.00, 0.00, 1.00","onepoint_1",385,202609665,"2.236067977499790,2.000000000000000,1.414213562373095,1.000000000000000","F","F",1000,0,0,0
"unbalanced n, larger n with smaller SD",20,"10, 16, 24, 30",5,2,6.6,"0.00, 0.00, 0.00, 1.00","onepoint_1",385,202609665,"2.236067977499790,2.000000000000000,1.414213562373095,1.000000000000000","F","W",1000,39,1,3
"unbalanced n, larger n with smaller SD",20,"10, 16, 24, 30",5,2,6.6,"0.00, 0.00, 0.00, 1.00","onepoint_1",385,202609665,"2.236067977499790,2.000000000000000,1.414213562373095,1.000000000000000","F","KW",1000,961,0,281
"unbalanced n, larger n with smaller SD",20,"10, 16, 24, 30",5,2,6.6,"0.00, 0.00, 0.00, 1.00","onepoint_1",385,202609665,"2.236067977499790,2.000000000000000,1.414213562373095,1.000000000000000","W","F",1000,0,0,0
"unbalanced n, larger n with smaller SD",20,"10, 16, 24, 30",5,2,6.6,"0.00, 0.00, 0.00, 1.00","onepoint_1",385,202609665,"2.236067977499790,2.000000000000000,1.414213562373095,1.000000000000000","W","W",1000,39,0,0
"unbalanced n, larger n with smaller SD",20,"10, 16, 24, 30",5,2,6.6,"0.00, 0.00, 0.00, 1.00","onepoint_1",385,202609665,"2.236067977499790,2.000000000000000,1.414213562373095,1.000000000000000","W","KW",1000,961,0,143
"unbalanced n, larger n with smaller SD",20,"10, 16, 24, 30",5,2,6.6,"0.00, 0.00, 0.00, 1.00","onepoint_1",385,202609665,"2.236067977499790,2.000000000000000,1.414213562373095,1.000000000000000","KW","F",1000,0,0,0
"unbalanced n, larger n with smaller SD",20,"10, 16, 24, 30",5,2,6.6,"0.00, 0.00, 0.00, 1.00","onepoint_1",385,202609665,"2.236067977499790,2.000000000000000,1.414213562373095,1.000000000000000","KW","W",1000,39,2,0
"unbalanced n, larger n with smaller SD",20,"10, 16, 24, 30",5,2,6.6,"0.00, 0.00, 0.00, 1.00","onepoint_1",385,202609665,"2.236067977499790,2.000000000000000,1.414213562373095,1.000000000000000","KW","KW",1000,961,0,0
"unbalanced n, larger n with smaller SD",30,"15, 24, 36, 45",1,0,0,"0.00, 0.00, 0.00, 1.00","onepoint_1",386,202609666,"2.236067977499790,2.000000000000000,1.414213562373095,1.000000000000000","F","F",1000,32,0,0
"unbalanced n, larger n with smaller SD",30,"15, 24, 36, 45",1,0,0,"0.00, 0.00, 0.00, 1.00","onepoint_1",386,202609666,"2.236067977499790,2.000000000000000,1.414213562373095,1.000000000000000","F","W",1000,905,4,62
"unbalanced n, larger n with smaller SD",30,"15, 24, 36, 45",1,0,0,"0.00, 0.00, 0.00, 1.00","onepoint_1",386,202609666,"2.236067977499790,2.000000000000000,1.414213562373095,1.000000000000000","F","KW",1000,63,1,3
"unbalanced n, larger n with smaller SD",30,"15, 24, 36, 45",1,0,0,"0.00, 0.00, 0.00, 1.00","onepoint_1",386,202609666,"2.236067977499790,2.000000000000000,1.414213562373095,1.000000000000000","W","F",1000,32,1,0
"unbalanced n, larger n with smaller SD",30,"15, 24, 36, 45",1,0,0,"0.00, 0.00, 0.00, 1.00","onepoint_1",386,202609666,"2.236067977499790,2.000000000000000,1.414213562373095,1.000000000000000","W","W",1000,905,0,0
"unbalanced n, larger n with smaller SD",30,"15, 24, 36, 45",1,0,0,"0.00, 0.00, 0.00, 1.00","onepoint_1",386,202609666,"2.236067977499790,2.000000000000000,1.414213562373095,1.000000000000000","W","KW",1000,63,2,0
"unbalanced n, larger n with smaller SD",30,"15, 24, 36, 45",1,0,0,"0.00, 0.00, 0.00, 1.00","onepoint_1",386,202609666,"2.236067977499790,2.000000000000000,1.414213562373095,1.000000000000000","KW","F",1000,32,1,0
"unbalanced n, larger n with smaller SD",30,"15, 24, 36, 45",1,0,0,"0.00, 0.00, 0.00, 1.00","onepoint_1",386,202609666,"2.236067977499790,2.000000000000000,1.414213562373095,1.000000000000000","KW","W",1000,905,9,36
"unbalanced n, larger n with smaller SD",30,"15, 24, 36, 45",1,0,0,"0.00, 0.00, 0.00, 1.00","onepoint_1",386,202609666,"2.236067977499790,2.000000000000000,1.414213562373095,1.000000000000000","KW","KW",1000,63,0,0
"unbalanced n, larger n with smaller SD",30,"15, 24, 36, 45",2,0,6,"0.00, 0.00, 0.00, 1.00","onepoint_1",387,202609667,"2.236067977499790,2.000000000000000,1.414213562373095,1.000000000000000","F","F",1000,14,0,0
"unbalanced n, larger n with smaller SD",30,"15, 24, 36, 45",2,0,6,"0.00, 0.00, 0.00, 1.00","onepoint_1",387,202609667,"2.236067977499790,2.000000000000000,1.414213562373095,1.000000000000000","F","W",1000,211,1,8
"unbalanced n, larger n with smaller SD",30,"15, 24, 36, 45",2,0,6,"0.00, 0.00, 0.00, 1.00","onepoint_1",387,202609667,"2.236067977499790,2.000000000000000,1.414213562373095,1.000000000000000","F","KW",1000,775,0,76
"unbalanced n, larger n with smaller SD",30,"15, 24, 36, 45",2,0,6,"0.00, 0.00, 0.00, 1.00","onepoint_1",387,202609667,"2.236067977499790,2.000000000000000,1.414213562373095,1.000000000000000","W","F",1000,14,0,0
"unbalanced n, larger n with smaller SD",30,"15, 24, 36, 45",2,0,6,"0.00, 0.00, 0.00, 1.00","onepoint_1",387,202609667,"2.236067977499790,2.000000000000000,1.414213562373095,1.000000000000000","W","W",1000,211,0,0
"unbalanced n, larger n with smaller SD",30,"15, 24, 36, 45",2,0,6,"0.00, 0.00, 0.00, 1.00","onepoint_1",387,202609667,"2.236067977499790,2.000000000000000,1.414213562373095,1.000000000000000","W","KW",1000,775,0,48
"unbalanced n, larger n with smaller SD",30,"15, 24, 36, 45",2,0,6,"0.00, 0.00, 0.00, 1.00","onepoint_1",387,202609667,"2.236067977499790,2.000000000000000,1.414213562373095,1.000000000000000","KW","F",1000,14,0,0
"unbalanced n, larger n with smaller SD",30,"15, 24, 36, 45",2,0,6,"0.00, 0.00, 0.00, 1.00","onepoint_1",387,202609667,"2.236067977499790,2.000000000000000,1.414213562373095,1.000000000000000","KW","W",1000,211,3,1
"unbalanced n, larger n with smaller SD",30,"15, 24, 36, 45",2,0,6,"0.00, 0.00, 0.00, 1.00","onepoint_1",387,202609667,"2.236067977499790,2.000000000000000,1.414213562373095,1.000000000000000","KW","KW",1000,775,0,0
"unbalanced n, larger n with smaller SD",30,"15, 24, 36, 45",3,0.5,1,"0.00, 0.00, 0.00, 1.00","onepoint_1",388,202609668,"2.236067977499790,2.000000000000000,1.414213562373095,1.000000000000000","F","F",1000,28,0,0
"unbalanced n, larger n with smaller SD",30,"15, 24, 36, 45",3,0.5,1,"0.00, 0.00, 0.00, 1.00","onepoint_1",388,202609668,"2.236067977499790,2.000000000000000,1.414213562373095,1.000000000000000","F","W",1000,675,1,49
"unbalanced n, larger n with smaller SD",30,"15, 24, 36, 45",3,0.5,1,"0.00, 0.00, 0.00, 1.00","onepoint_1",388,202609668,"2.236067977499790,2.000000000000000,1.414213562373095,1.000000000000000","F","KW",1000,297,1,42
"unbalanced n, larger n with smaller SD",30,"15, 24, 36, 45",3,0.5,1,"0.00, 0.00, 0.00, 1.00","onepoint_1",388,202609668,"2.236067977499790,2.000000000000000,1.414213562373095,1.000000000000000","W","F",1000,28,0,0
"unbalanced n, larger n with smaller SD",30,"15, 24, 36, 45",3,0.5,1,"0.00, 0.00, 0.00, 1.00","onepoint_1",388,202609668,"2.236067977499790,2.000000000000000,1.414213562373095,1.000000000000000","W","W",1000,675,0,0
"unbalanced n, larger n with smaller SD",30,"15, 24, 36, 45",3,0.5,1,"0.00, 0.00, 0.00, 1.00","onepoint_1",388,202609668,"2.236067977499790,2.000000000000000,1.414213562373095,1.000000000000000","W","KW",1000,297,1,24
"unbalanced n, larger n with smaller SD",30,"15, 24, 36, 45",3,0.5,1,"0.00, 0.00, 0.00, 1.00","onepoint_1",388,202609668,"2.236067977499790,2.000000000000000,1.414213562373095,1.000000000000000","KW","F",1000,28,0,0
"unbalanced n, larger n with smaller SD",30,"15, 24, 36, 45",3,0.5,1,"0.00, 0.00, 0.00, 1.00","onepoint_1",388,202609668,"2.236067977499790,2.000000000000000,1.414213562373095,1.000000000000000","KW","W",1000,675,17,7
"unbalanced n, larger n with smaller SD",30,"15, 24, 36, 45",3,0.5,1,"0.00, 0.00, 0.00, 1.00","onepoint_1",388,202609668,"2.236067977499790,2.000000000000000,1.414213562373095,1.000000000000000","KW","KW",1000,297,0,0
"unbalanced n, larger n with smaller SD",30,"15, 24, 36, 45",4,1,1.6,"0.00, 0.00, 0.00, 1.00","onepoint_1",389,202609669,"2.236067977499790,2.000000000000000,1.414213562373095,1.000000000000000","F","F",1000,3,0,0
"unbalanced n, larger n with smaller SD",30,"15, 24, 36, 45",4,1,1.6,"0.00, 0.00, 0.00, 1.00","onepoint_1",389,202609669,"2.236067977499790,2.000000000000000,1.414213562373095,1.000000000000000","F","W",1000,261,3,12
"unbalanced n, larger n with smaller SD",30,"15, 24, 36, 45",4,1,1.6,"0.00, 0.00, 0.00, 1.00","onepoint_1",389,202609669,"2.236067977499790,2.000000000000000,1.414213562373095,1.000000000000000","F","KW",1000,736,0,72
"unbalanced n, larger n with smaller SD",30,"15, 24, 36, 45",4,1,1.6,"0.00, 0.00, 0.00, 1.00","onepoint_1",389,202609669,"2.236067977499790,2.000000000000000,1.414213562373095,1.000000000000000","W","F",1000,3,0,0
"unbalanced n, larger n with smaller SD",30,"15, 24, 36, 45",4,1,1.6,"0.00, 0.00, 0.00, 1.00","onepoint_1",389,202609669,"2.236067977499790,2.000000000000000,1.414213562373095,1.000000000000000","W","W",1000,261,0,0
"unbalanced n, larger n with smaller SD",30,"15, 24, 36, 45",4,1,1.6,"0.00, 0.00, 0.00, 1.00","onepoint_1",389,202609669,"2.236067977499790,2.000000000000000,1.414213562373095,1.000000000000000","W","KW",1000,736,1,26
"unbalanced n, larger n with smaller SD",30,"15, 24, 36, 45",4,1,1.6,"0.00, 0.00, 0.00, 1.00","onepoint_1",389,202609669,"2.236067977499790,2.000000000000000,1.414213562373095,1.000000000000000","KW","F",1000,3,0,1
"unbalanced n, larger n with smaller SD",30,"15, 24, 36, 45",4,1,1.6,"0.00, 0.00, 0.00, 1.00","onepoint_1",389,202609669,"2.236067977499790,2.000000000000000,1.414213562373095,1.000000000000000","KW","W",1000,261,10,0
"unbalanced n, larger n with smaller SD",30,"15, 24, 36, 45",4,1,1.6,"0.00, 0.00, 0.00, 1.00","onepoint_1",389,202609669,"2.236067977499790,2.000000000000000,1.414213562373095,1.000000000000000","KW","KW",1000,736,0,0
"unbalanced n, larger n with smaller SD",30,"15, 24, 36, 45",5,2,6.6,"0.00, 0.00, 0.00, 1.00","onepoint_1",390,202609670,"2.236067977499790,2.000000000000000,1.414213562373095,1.000000000000000","F","F",1000,0,0,0
"unbalanced n, larger n with smaller SD",30,"15, 24, 36, 45",5,2,6.6,"0.00, 0.00, 0.00, 1.00","onepoint_1",390,202609670,"2.236067977499790,2.000000000000000,1.414213562373095,1.000000000000000","F","W",1000,1,0,0
"unbalanced n, larger n with smaller SD",30,"15, 24, 36, 45",5,2,6.6,"0.00, 0.00, 0.00, 1.00","onepoint_1",390,202609670,"2.236067977499790,2.000000000000000,1.414213562373095,1.000000000000000","F","KW",1000,999,0,127
"unbalanced n, larger n with smaller SD",30,"15, 24, 36, 45",5,2,6.6,"0.00, 0.00, 0.00, 1.00","onepoint_1",390,202609670,"2.236067977499790,2.000000000000000,1.414213562373095,1.000000000000000","W","F",1000,0,0,0
"unbalanced n, larger n with smaller SD",30,"15, 24, 36, 45",5,2,6.6,"0.00, 0.00, 0.00, 1.00","onepoint_1",390,202609670,"2.236067977499790,2.000000000000000,1.414213562373095,1.000000000000000","W","W",1000,1,0,0
"unbalanced n, larger n with smaller SD",30,"15, 24, 36, 45",5,2,6.6,"0.00, 0.00, 0.00, 1.00","onepoint_1",390,202609670,"2.236067977499790,2.000000000000000,1.414213562373095,1.000000000000000","W","KW",1000,999,0,58
"unbalanced n, larger n with smaller SD",30,"15, 24, 36, 45",5,2,6.6,"0.00, 0.00, 0.00, 1.00","onepoint_1",390,202609670,"2.236067977499790,2.000000000000000,1.414213562373095,1.000000000000000","KW","F",1000,0,0,0
"unbalanced n, larger n with smaller SD",30,"15, 24, 36, 45",5,2,6.6,"0.00, 0.00, 0.00, 1.00","onepoint_1",390,202609670,"2.236067977499790,2.000000000000000,1.414213562373095,1.000000000000000","KW","W",1000,1,0,0
"unbalanced n, larger n with smaller SD",30,"15, 24, 36, 45",5,2,6.6,"0.00, 0.00, 0.00, 1.00","onepoint_1",390,202609670,"2.236067977499790,2.000000000000000,1.414213562373095,1.000000000000000","KW","KW",1000,999,0,0
"unbalanced n, larger n with smaller SD",50,"25, 40, 60, 75",1,0,0,"0.00, 0.00, 0.00, 1.00","onepoint_1",391,202609671,"2.236067977499790,2.000000000000000,1.414213562373095,1.000000000000000","F","F",1000,1,0,0
"unbalanced n, larger n with smaller SD",50,"25, 40, 60, 75",1,0,0,"0.00, 0.00, 0.00, 1.00","onepoint_1",391,202609671,"2.236067977499790,2.000000000000000,1.414213562373095,1.000000000000000","F","W",1000,955,1,4
"unbalanced n, larger n with smaller SD",50,"25, 40, 60, 75",1,0,0,"0.00, 0.00, 0.00, 1.00","onepoint_1",391,202609671,"2.236067977499790,2.000000000000000,1.414213562373095,1.000000000000000","F","KW",1000,44,0,0
"unbalanced n, larger n with smaller SD",50,"25, 40, 60, 75",1,0,0,"0.00, 0.00, 0.00, 1.00","onepoint_1",391,202609671,"2.236067977499790,2.000000000000000,1.414213562373095,1.000000000000000","W","F",1000,1,0,0
"unbalanced n, larger n with smaller SD",50,"25, 40, 60, 75",1,0,0,"0.00, 0.00, 0.00, 1.00","onepoint_1",391,202609671,"2.236067977499790,2.000000000000000,1.414213562373095,1.000000000000000","W","W",1000,955,0,0
"unbalanced n, larger n with smaller SD",50,"25, 40, 60, 75",1,0,0,"0.00, 0.00, 0.00, 1.00","onepoint_1",391,202609671,"2.236067977499790,2.000000000000000,1.414213562373095,1.000000000000000","W","KW",1000,44,0,0
"unbalanced n, larger n with smaller SD",50,"25, 40, 60, 75",1,0,0,"0.00, 0.00, 0.00, 1.00","onepoint_1",391,202609671,"2.236067977499790,2.000000000000000,1.414213562373095,1.000000000000000","KW","F",1000,1,0,0
"unbalanced n, larger n with smaller SD",50,"25, 40, 60, 75",1,0,0,"0.00, 0.00, 0.00, 1.00","onepoint_1",391,202609671,"2.236067977499790,2.000000000000000,1.414213562373095,1.000000000000000","KW","W",1000,955,1,3
"unbalanced n, larger n with smaller SD",50,"25, 40, 60, 75",1,0,0,"0.00, 0.00, 0.00, 1.00","onepoint_1",391,202609671,"2.236067977499790,2.000000000000000,1.414213562373095,1.000000000000000","KW","KW",1000,44,0,0
"unbalanced n, larger n with smaller SD",50,"25, 40, 60, 75",2,0,6,"0.00, 0.00, 0.00, 1.00","onepoint_1",392,202609672,"2.236067977499790,2.000000000000000,1.414213562373095,1.000000000000000","F","F",1000,1,0,0
"unbalanced n, larger n with smaller SD",50,"25, 40, 60, 75",2,0,6,"0.00, 0.00, 0.00, 1.00","onepoint_1",392,202609672,"2.236067977499790,2.000000000000000,1.414213562373095,1.000000000000000","F","W",1000,74,0,0
"unbalanced n, larger n with smaller SD",50,"25, 40, 60, 75",2,0,6,"0.00, 0.00, 0.00, 1.00","onepoint_1",392,202609672,"2.236067977499790,2.000000000000000,1.414213562373095,1.000000000000000","F","KW",1000,925,0,16
"unbalanced n, larger n with smaller SD",50,"25, 40, 60, 75",2,0,6,"0.00, 0.00, 0.00, 1.00","onepoint_1",392,202609672,"2.236067977499790,2.000000000000000,1.414213562373095,1.000000000000000","W","F",1000,1,0,0
"unbalanced n, larger n with smaller SD",50,"25, 40, 60, 75",2,0,6,"0.00, 0.00, 0.00, 1.00","onepoint_1",392,202609672,"2.236067977499790,2.000000000000000,1.414213562373095,1.000000000000000","W","W",1000,74,0,0
"unbalanced n, larger n with smaller SD",50,"25, 40, 60, 75",2,0,6,"0.00, 0.00, 0.00, 1.00","onepoint_1",392,202609672,"2.236067977499790,2.000000000000000,1.414213562373095,1.000000000000000","W","KW",1000,925,0,7
"unbalanced n, larger n with smaller SD",50,"25, 40, 60, 75",2,0,6,"0.00, 0.00, 0.00, 1.00","onepoint_1",392,202609672,"2.236067977499790,2.000000000000000,1.414213562373095,1.000000000000000","KW","F",1000,1,0,0
"unbalanced n, larger n with smaller SD",50,"25, 40, 60, 75",2,0,6,"0.00, 0.00, 0.00, 1.00","onepoint_1",392,202609672,"2.236067977499790,2.000000000000000,1.414213562373095,1.000000000000000","KW","W",1000,74,0,0
"unbalanced n, larger n with smaller SD",50,"25, 40, 60, 75",2,0,6,"0.00, 0.00, 0.00, 1.00","onepoint_1",392,202609672,"2.236067977499790,2.000000000000000,1.414213562373095,1.000000000000000","KW","KW",1000,925,0,0
"unbalanced n, larger n with smaller SD",50,"25, 40, 60, 75",3,0.5,1,"0.00, 0.00, 0.00, 1.00","onepoint_1",393,202609673,"2.236067977499790,2.000000000000000,1.414213562373095,1.000000000000000","F","F",1000,4,0,0
"unbalanced n, larger n with smaller SD",50,"25, 40, 60, 75",3,0.5,1,"0.00, 0.00, 0.00, 1.00","onepoint_1",393,202609673,"2.236067977499790,2.000000000000000,1.414213562373095,1.000000000000000","F","W",1000,531,0,4
"unbalanced n, larger n with smaller SD",50,"25, 40, 60, 75",3,0.5,1,"0.00, 0.00, 0.00, 1.00","onepoint_1",393,202609673,"2.236067977499790,2.000000000000000,1.414213562373095,1.000000000000000","F","KW",1000,465,0,7
"unbalanced n, larger n with smaller SD",50,"25, 40, 60, 75",3,0.5,1,"0.00, 0.00, 0.00, 1.00","onepoint_1",393,202609673,"2.236067977499790,2.000000000000000,1.414213562373095,1.000000000000000","W","F",1000,4,0,0
"unbalanced n, larger n with smaller SD",50,"25, 40, 60, 75",3,0.5,1,"0.00, 0.00, 0.00, 1.00","onepoint_1",393,202609673,"2.236067977499790,2.000000000000000,1.414213562373095,1.000000000000000","W","W",1000,531,0,0
"unbalanced n, larger n with smaller SD",50,"25, 40, 60, 75",3,0.5,1,"0.00, 0.00, 0.00, 1.00","onepoint_1",393,202609673,"2.236067977499790,2.000000000000000,1.414213562373095,1.000000000000000","W","KW",1000,465,0,2
"unbalanced n, larger n with smaller SD",50,"25, 40, 60, 75",3,0.5,1,"0.00, 0.00, 0.00, 1.00","onepoint_1",393,202609673,"2.236067977499790,2.000000000000000,1.414213562373095,1.000000000000000","KW","F",1000,4,0,0
"unbalanced n, larger n with smaller SD",50,"25, 40, 60, 75",3,0.5,1,"0.00, 0.00, 0.00, 1.00","onepoint_1",393,202609673,"2.236067977499790,2.000000000000000,1.414213562373095,1.000000000000000","KW","W",1000,531,1,0
"unbalanced n, larger n with smaller SD",50,"25, 40, 60, 75",3,0.5,1,"0.00, 0.00, 0.00, 1.00","onepoint_1",393,202609673,"2.236067977499790,2.000000000000000,1.414213562373095,1.000000000000000","KW","KW",1000,465,0,0
"unbalanced n, larger n with smaller SD",50,"25, 40, 60, 75",4,1,1.6,"0.00, 0.00, 0.00, 1.00","onepoint_1",394,202609674,"2.236067977499790,2.000000000000000,1.414213562373095,1.000000000000000","F","F",1000,0,0,0
"unbalanced n, larger n with smaller SD",50,"25, 40, 60, 75",4,1,1.6,"0.00, 0.00, 0.00, 1.00","onepoint_1",394,202609674,"2.236067977499790,2.000000000000000,1.414213562373095,1.000000000000000","F","W",1000,55,0,1
"unbalanced n, larger n with smaller SD",50,"25, 40, 60, 75",4,1,1.6,"0.00, 0.00, 0.00, 1.00","onepoint_1",394,202609674,"2.236067977499790,2.000000000000000,1.414213562373095,1.000000000000000","F","KW",1000,945,0,23
"unbalanced n, larger n with smaller SD",50,"25, 40, 60, 75",4,1,1.6,"0.00, 0.00, 0.00, 1.00","onepoint_1",394,202609674,"2.236067977499790,2.000000000000000,1.414213562373095,1.000000000000000","W","F",1000,0,0,0
"unbalanced n, larger n with smaller SD",50,"25, 40, 60, 75",4,1,1.6,"0.00, 0.00, 0.00, 1.00","onepoint_1",394,202609674,"2.236067977499790,2.000000000000000,1.414213562373095,1.000000000000000","W","W",1000,55,0,0
"unbalanced n, larger n with smaller SD",50,"25, 40, 60, 75",4,1,1.6,"0.00, 0.00, 0.00, 1.00","onepoint_1",394,202609674,"2.236067977499790,2.000000000000000,1.414213562373095,1.000000000000000","W","KW",1000,945,0,6
"unbalanced n, larger n with smaller SD",50,"25, 40, 60, 75",4,1,1.6,"0.00, 0.00, 0.00, 1.00","onepoint_1",394,202609674,"2.236067977499790,2.000000000000000,1.414213562373095,1.000000000000000","KW","F",1000,0,0,0
"unbalanced n, larger n with smaller SD",50,"25, 40, 60, 75",4,1,1.6,"0.00, 0.00, 0.00, 1.00","onepoint_1",394,202609674,"2.236067977499790,2.000000000000000,1.414213562373095,1.000000000000000","KW","W",1000,55,1,0
"unbalanced n, larger n with smaller SD",50,"25, 40, 60, 75",4,1,1.6,"0.00, 0.00, 0.00, 1.00","onepoint_1",394,202609674,"2.236067977499790,2.000000000000000,1.414213562373095,1.000000000000000","KW","KW",1000,945,0,0
"unbalanced n, larger n with smaller SD",50,"25, 40, 60, 75",5,2,6.6,"0.00, 0.00, 0.00, 1.00","onepoint_1",395,202609675,"2.236067977499790,2.000000000000000,1.414213562373095,1.000000000000000","F","F",1000,0,0,0
"unbalanced n, larger n with smaller SD",50,"25, 40, 60, 75",5,2,6.6,"0.00, 0.00, 0.00, 1.00","onepoint_1",395,202609675,"2.236067977499790,2.000000000000000,1.414213562373095,1.000000000000000","F","W",1000,0,0,0
"unbalanced n, larger n with smaller SD",50,"25, 40, 60, 75",5,2,6.6,"0.00, 0.00, 0.00, 1.00","onepoint_1",395,202609675,"2.236067977499790,2.000000000000000,1.414213562373095,1.000000000000000","F","KW",1000,1000,0,28
"unbalanced n, larger n with smaller SD",50,"25, 40, 60, 75",5,2,6.6,"0.00, 0.00, 0.00, 1.00","onepoint_1",395,202609675,"2.236067977499790,2.000000000000000,1.414213562373095,1.000000000000000","W","F",1000,0,0,0
"unbalanced n, larger n with smaller SD",50,"25, 40, 60, 75",5,2,6.6,"0.00, 0.00, 0.00, 1.00","onepoint_1",395,202609675,"2.236067977499790,2.000000000000000,1.414213562373095,1.000000000000000","W","W",1000,0,0,0
"unbalanced n, larger n with smaller SD",50,"25, 40, 60, 75",5,2,6.6,"0.00, 0.00, 0.00, 1.00","onepoint_1",395,202609675,"2.236067977499790,2.000000000000000,1.414213562373095,1.000000000000000","W","KW",1000,1000,0,7
"unbalanced n, larger n with smaller SD",50,"25, 40, 60, 75",5,2,6.6,"0.00, 0.00, 0.00, 1.00","onepoint_1",395,202609675,"2.236067977499790,2.000000000000000,1.414213562373095,1.000000000000000","KW","F",1000,0,0,0
"unbalanced n, larger n with smaller SD",50,"25, 40, 60, 75",5,2,6.6,"0.00, 0.00, 0.00, 1.00","onepoint_1",395,202609675,"2.236067977499790,2.000000000000000,1.414213562373095,1.000000000000000","KW","W",1000,0,0,0
"unbalanced n, larger n with smaller SD",50,"25, 40, 60, 75",5,2,6.6,"0.00, 0.00, 0.00, 1.00","onepoint_1",395,202609675,"2.236067977499790,2.000000000000000,1.414213562373095,1.000000000000000","KW","KW",1000,1000,0,0
"unbalanced n, larger n with smaller SD",100,"50, 80, 120, 150",1,0,0,"0.00, 0.00, 0.00, 1.00","onepoint_1",396,202609676,"2.236067977499790,2.000000000000000,1.414213562373095,1.000000000000000","F","F",1000,0,0,0
"unbalanced n, larger n with smaller SD",100,"50, 80, 120, 150",1,0,0,"0.00, 0.00, 0.00, 1.00","onepoint_1",396,202609676,"2.236067977499790,2.000000000000000,1.414213562373095,1.000000000000000","F","W",1000,956,0,0
"unbalanced n, larger n with smaller SD",100,"50, 80, 120, 150",1,0,0,"0.00, 0.00, 0.00, 1.00","onepoint_1",396,202609676,"2.236067977499790,2.000000000000000,1.414213562373095,1.000000000000000","F","KW",1000,44,0,0
"unbalanced n, larger n with smaller SD",100,"50, 80, 120, 150",1,0,0,"0.00, 0.00, 0.00, 1.00","onepoint_1",396,202609676,"2.236067977499790,2.000000000000000,1.414213562373095,1.000000000000000","W","F",1000,0,0,0
"unbalanced n, larger n with smaller SD",100,"50, 80, 120, 150",1,0,0,"0.00, 0.00, 0.00, 1.00","onepoint_1",396,202609676,"2.236067977499790,2.000000000000000,1.414213562373095,1.000000000000000","W","W",1000,956,0,0
"unbalanced n, larger n with smaller SD",100,"50, 80, 120, 150",1,0,0,"0.00, 0.00, 0.00, 1.00","onepoint_1",396,202609676,"2.236067977499790,2.000000000000000,1.414213562373095,1.000000000000000","W","KW",1000,44,0,0
"unbalanced n, larger n with smaller SD",100,"50, 80, 120, 150",1,0,0,"0.00, 0.00, 0.00, 1.00","onepoint_1",396,202609676,"2.236067977499790,2.000000000000000,1.414213562373095,1.000000000000000","KW","F",1000,0,0,0
"unbalanced n, larger n with smaller SD",100,"50, 80, 120, 150",1,0,0,"0.00, 0.00, 0.00, 1.00","onepoint_1",396,202609676,"2.236067977499790,2.000000000000000,1.414213562373095,1.000000000000000","KW","W",1000,956,0,0
"unbalanced n, larger n with smaller SD",100,"50, 80, 120, 150",1,0,0,"0.00, 0.00, 0.00, 1.00","onepoint_1",396,202609676,"2.236067977499790,2.000000000000000,1.414213562373095,1.000000000000000","KW","KW",1000,44,0,0
"unbalanced n, larger n with smaller SD",100,"50, 80, 120, 150",2,0,6,"0.00, 0.00, 0.00, 1.00","onepoint_1",397,202609677,"2.236067977499790,2.000000000000000,1.414213562373095,1.000000000000000","F","F",1000,0,0,0
"unbalanced n, larger n with smaller SD",100,"50, 80, 120, 150",2,0,6,"0.00, 0.00, 0.00, 1.00","onepoint_1",397,202609677,"2.236067977499790,2.000000000000000,1.414213562373095,1.000000000000000","F","W",1000,1,0,0
"unbalanced n, larger n with smaller SD",100,"50, 80, 120, 150",2,0,6,"0.00, 0.00, 0.00, 1.00","onepoint_1",397,202609677,"2.236067977499790,2.000000000000000,1.414213562373095,1.000000000000000","F","KW",1000,999,0,0
"unbalanced n, larger n with smaller SD",100,"50, 80, 120, 150",2,0,6,"0.00, 0.00, 0.00, 1.00","onepoint_1",397,202609677,"2.236067977499790,2.000000000000000,1.414213562373095,1.000000000000000","W","F",1000,0,0,0
"unbalanced n, larger n with smaller SD",100,"50, 80, 120, 150",2,0,6,"0.00, 0.00, 0.00, 1.00","onepoint_1",397,202609677,"2.236067977499790,2.000000000000000,1.414213562373095,1.000000000000000","W","W",1000,1,0,0
"unbalanced n, larger n with smaller SD",100,"50, 80, 120, 150",2,0,6,"0.00, 0.00, 0.00, 1.00","onepoint_1",397,202609677,"2.236067977499790,2.000000000000000,1.414213562373095,1.000000000000000","W","KW",1000,999,0,0
"unbalanced n, larger n with smaller SD",100,"50, 80, 120, 150",2,0,6,"0.00, 0.00, 0.00, 1.00","onepoint_1",397,202609677,"2.236067977499790,2.000000000000000,1.414213562373095,1.000000000000000","KW","F",1000,0,0,0
"unbalanced n, larger n with smaller SD",100,"50, 80, 120, 150",2,0,6,"0.00, 0.00, 0.00, 1.00","onepoint_1",397,202609677,"2.236067977499790,2.000000000000000,1.414213562373095,1.000000000000000","KW","W",1000,1,0,0
"unbalanced n, larger n with smaller SD",100,"50, 80, 120, 150",2,0,6,"0.00, 0.00, 0.00, 1.00","onepoint_1",397,202609677,"2.236067977499790,2.000000000000000,1.414213562373095,1.000000000000000","KW","KW",1000,999,0,0
"unbalanced n, larger n with smaller SD",100,"50, 80, 120, 150",3,0.5,1,"0.00, 0.00, 0.00, 1.00","onepoint_1",398,202609678,"2.236067977499790,2.000000000000000,1.414213562373095,1.000000000000000","F","F",1000,0,0,0
"unbalanced n, larger n with smaller SD",100,"50, 80, 120, 150",3,0.5,1,"0.00, 0.00, 0.00, 1.00","onepoint_1",398,202609678,"2.236067977499790,2.000000000000000,1.414213562373095,1.000000000000000","F","W",1000,294,0,0
"unbalanced n, larger n with smaller SD",100,"50, 80, 120, 150",3,0.5,1,"0.00, 0.00, 0.00, 1.00","onepoint_1",398,202609678,"2.236067977499790,2.000000000000000,1.414213562373095,1.000000000000000","F","KW",1000,706,0,0
"unbalanced n, larger n with smaller SD",100,"50, 80, 120, 150",3,0.5,1,"0.00, 0.00, 0.00, 1.00","onepoint_1",398,202609678,"2.236067977499790,2.000000000000000,1.414213562373095,1.000000000000000","W","F",1000,0,0,0
"unbalanced n, larger n with smaller SD",100,"50, 80, 120, 150",3,0.5,1,"0.00, 0.00, 0.00, 1.00","onepoint_1",398,202609678,"2.236067977499790,2.000000000000000,1.414213562373095,1.000000000000000","W","W",1000,294,0,0
"unbalanced n, larger n with smaller SD",100,"50, 80, 120, 150",3,0.5,1,"0.00, 0.00, 0.00, 1.00","onepoint_1",398,202609678,"2.236067977499790,2.000000000000000,1.414213562373095,1.000000000000000","W","KW",1000,706,0,0
"unbalanced n, larger n with smaller SD",100,"50, 80, 120, 150",3,0.5,1,"0.00, 0.00, 0.00, 1.00","onepoint_1",398,202609678,"2.236067977499790,2.000000000000000,1.414213562373095,1.000000000000000","KW","F",1000,0,0,0
"unbalanced n, larger n with smaller SD",100,"50, 80, 120, 150",3,0.5,1,"0.00, 0.00, 0.00, 1.00","onepoint_1",398,202609678,"2.236067977499790,2.000000000000000,1.414213562373095,1.000000000000000","KW","W",1000,294,0,0
"unbalanced n, larger n with smaller SD",100,"50, 80, 120, 150",3,0.5,1,"0.00, 0.00, 0.00, 1.00","onepoint_1",398,202609678,"2.236067977499790,2.000000000000000,1.414213562373095,1.000000000000000","KW","KW",1000,706,0,0
"unbalanced n, larger n with smaller SD",100,"50, 80, 120, 150",4,1,1.6,"0.00, 0.00, 0.00, 1.00","onepoint_1",399,202609679,"2.236067977499790,2.000000000000000,1.414213562373095,1.000000000000000","F","F",1000,0,0,0
"unbalanced n, larger n with smaller SD",100,"50, 80, 120, 150",4,1,1.6,"0.00, 0.00, 0.00, 1.00","onepoint_1",399,202609679,"2.236067977499790,2.000000000000000,1.414213562373095,1.000000000000000","F","W",1000,0,0,0
"unbalanced n, larger n with smaller SD",100,"50, 80, 120, 150",4,1,1.6,"0.00, 0.00, 0.00, 1.00","onepoint_1",399,202609679,"2.236067977499790,2.000000000000000,1.414213562373095,1.000000000000000","F","KW",1000,1000,0,0
"unbalanced n, larger n with smaller SD",100,"50, 80, 120, 150",4,1,1.6,"0.00, 0.00, 0.00, 1.00","onepoint_1",399,202609679,"2.236067977499790,2.000000000000000,1.414213562373095,1.000000000000000","W","F",1000,0,0,0
"unbalanced n, larger n with smaller SD",100,"50, 80, 120, 150",4,1,1.6,"0.00, 0.00, 0.00, 1.00","onepoint_1",399,202609679,"2.236067977499790,2.000000000000000,1.414213562373095,1.000000000000000","W","W",1000,0,0,0
"unbalanced n, larger n with smaller SD",100,"50, 80, 120, 150",4,1,1.6,"0.00, 0.00, 0.00, 1.00","onepoint_1",399,202609679,"2.236067977499790,2.000000000000000,1.414213562373095,1.000000000000000","W","KW",1000,1000,0,0
"unbalanced n, larger n with smaller SD",100,"50, 80, 120, 150",4,1,1.6,"0.00, 0.00, 0.00, 1.00","onepoint_1",399,202609679,"2.236067977499790,2.000000000000000,1.414213562373095,1.000000000000000","KW","F",1000,0,0,0
"unbalanced n, larger n with smaller SD",100,"50, 80, 120, 150",4,1,1.6,"0.00, 0.00, 0.00, 1.00","onepoint_1",399,202609679,"2.236067977499790,2.000000000000000,1.414213562373095,1.000000000000000","KW","W",1000,0,0,0
"unbalanced n, larger n with smaller SD",100,"50, 80, 120, 150",4,1,1.6,"0.00, 0.00, 0.00, 1.00","onepoint_1",399,202609679,"2.236067977499790,2.000000000000000,1.414213562373095,1.000000000000000","KW","KW",1000,1000,0,0
"unbalanced n, larger n with smaller SD",100,"50, 80, 120, 150",5,2,6.6,"0.00, 0.00, 0.00, 1.00","onepoint_1",400,202609680,"2.236067977499790,2.000000000000000,1.414213562373095,1.000000000000000","F","F",1000,0,0,0
"unbalanced n, larger n with smaller SD",100,"50, 80, 120, 150",5,2,6.6,"0.00, 0.00, 0.00, 1.00","onepoint_1",400,202609680,"2.236067977499790,2.000000000000000,1.414213562373095,1.000000000000000","F","W",1000,0,0,0
"unbalanced n, larger n with smaller SD",100,"50, 80, 120, 150",5,2,6.6,"0.00, 0.00, 0.00, 1.00","onepoint_1",400,202609680,"2.236067977499790,2.000000000000000,1.414213562373095,1.000000000000000","F","KW",1000,1000,0,0
"unbalanced n, larger n with smaller SD",100,"50, 80, 120, 150",5,2,6.6,"0.00, 0.00, 0.00, 1.00","onepoint_1",400,202609680,"2.236067977499790,2.000000000000000,1.414213562373095,1.000000000000000","W","F",1000,0,0,0
"unbalanced n, larger n with smaller SD",100,"50, 80, 120, 150",5,2,6.6,"0.00, 0.00, 0.00, 1.00","onepoint_1",400,202609680,"2.236067977499790,2.000000000000000,1.414213562373095,1.000000000000000","W","W",1000,0,0,0
"unbalanced n, larger n with smaller SD",100,"50, 80, 120, 150",5,2,6.6,"0.00, 0.00, 0.00, 1.00","onepoint_1",400,202609680,"2.236067977499790,2.000000000000000,1.414213562373095,1.000000000000000","W","KW",1000,1000,0,0
"unbalanced n, larger n with smaller SD",100,"50, 80, 120, 150",5,2,6.6,"0.00, 0.00, 0.00, 1.00","onepoint_1",400,202609680,"2.236067977499790,2.000000000000000,1.414213562373095,1.000000000000000","KW","F",1000,0,0,0
"unbalanced n, larger n with smaller SD",100,"50, 80, 120, 150",5,2,6.6,"0.00, 0.00, 0.00, 1.00","onepoint_1",400,202609680,"2.236067977499790,2.000000000000000,1.414213562373095,1.000000000000000","KW","W",1000,0,0,0
"unbalanced n, larger n with smaller SD",100,"50, 80, 120, 150",5,2,6.6,"0.00, 0.00, 0.00, 1.00","onepoint_1",400,202609680,"2.236067977499790,2.000000000000000,1.414213562373095,1.000000000000000","KW","KW",1000,1000,0,0
