"design","n_per_group","n_vector","panel","skew","excess_kurtosis","group_mean_offsets","shift","cell","seed","sd_vector","method","B","power_pct","mcse_pp","route_F_pct","route_W_pct","route_KW_pct"
"balanced n, equal SD",10,"10, 10, 10, 10",1,0,0,"0.00, 0.25, 0.50, 0.75","ordered",1,202609281,"1,1,1,1","F",1000,24.2,1.35438546950268,90.3,6.4,3.3
"balanced n, equal SD",10,"10, 10, 10, 10",1,0,0,"0.00, 0.25, 0.50, 0.75","ordered",1,202609281,"1,1,1,1","W",1000,22.7,1.32465467198059,90.3,6.4,3.3
"balanced n, equal SD",10,"10, 10, 10, 10",1,0,0,"0.00, 0.25, 0.50, 0.75","ordered",1,202609281,"1,1,1,1","KW",1000,22,1.30996183150503,90.3,6.4,3.3
"balanced n, equal SD",10,"10, 10, 10, 10",1,0,0,"0.00, 0.25, 0.50, 0.75","ordered",1,202609281,"1,1,1,1","gate",1000,24.1,1.35247550809617,90.3,6.4,3.3
"balanced n, equal SD",10,"10, 10, 10, 10",2,0,6,"0.00, 0.25, 0.50, 0.75","ordered",2,202609282,"1,1,1,1","F",1000,28.8,1.43197765345692,51.6,7.7,40.7
"balanced n, equal SD",10,"10, 10, 10, 10",2,0,6,"0.00, 0.25, 0.50, 0.75","ordered",2,202609282,"1,1,1,1","W",1000,32.4,1.4799459449588,51.6,7.7,40.7
"balanced n, equal SD",10,"10, 10, 10, 10",2,0,6,"0.00, 0.25, 0.50, 0.75","ordered",2,202609282,"1,1,1,1","KW",1000,37.7,1.53255016231117,51.6,7.7,40.7
"balanced n, equal SD",10,"10, 10, 10, 10",2,0,6,"0.00, 0.25, 0.50, 0.75","ordered",2,202609282,"1,1,1,1","gate",1000,37.6,1.5317441039547,51.6,7.7,40.7
"balanced n, equal SD",10,"10, 10, 10, 10",3,0.5,1,"0.00, 0.25, 0.50, 0.75","ordered",3,202609283,"1,1,1,1","F",1000,24.9,1.36747577675073,74.4,8,17.6
"balanced n, equal SD",10,"10, 10, 10, 10",3,0.5,1,"0.00, 0.25, 0.50, 0.75","ordered",3,202609283,"1,1,1,1","W",1000,24.8,1.36563538325572,74.4,8,17.6
"balanced n, equal SD",10,"10, 10, 10, 10",3,0.5,1,"0.00, 0.25, 0.50, 0.75","ordered",3,202609283,"1,1,1,1","KW",1000,24.5,1.36005514594078,74.4,8,17.6
"balanced n, equal SD",10,"10, 10, 10, 10",3,0.5,1,"0.00, 0.25, 0.50, 0.75","ordered",3,202609283,"1,1,1,1","gate",1000,26.1,1.38880884213775,74.4,8,17.6
"balanced n, equal SD",10,"10, 10, 10, 10",4,1,1.6,"0.00, 0.25, 0.50, 0.75","ordered",4,202609284,"1,1,1,1","F",1000,28,1.41985914794391,51.4,8.1,40.5
"balanced n, equal SD",10,"10, 10, 10, 10",4,1,1.6,"0.00, 0.25, 0.50, 0.75","ordered",4,202609284,"1,1,1,1","W",1000,25.8,1.38360398958662,51.4,8.1,40.5
"balanced n, equal SD",10,"10, 10, 10, 10",4,1,1.6,"0.00, 0.25, 0.50, 0.75","ordered",4,202609284,"1,1,1,1","KW",1000,28.4,1.42598737722323,51.4,8.1,40.5
"balanced n, equal SD",10,"10, 10, 10, 10",4,1,1.6,"0.00, 0.25, 0.50, 0.75","ordered",4,202609284,"1,1,1,1","gate",1000,30.7,1.4585986425333,51.4,8.1,40.5
"balanced n, equal SD",10,"10, 10, 10, 10",5,2,6.6,"0.00, 0.25, 0.50, 0.75","ordered",5,202609285,"1,1,1,1","F",1000,29.7,1.44496020706454,8.2,9.5,82.3
"balanced n, equal SD",10,"10, 10, 10, 10",5,2,6.6,"0.00, 0.25, 0.50, 0.75","ordered",5,202609285,"1,1,1,1","W",1000,31.3,1.46639353517397,8.2,9.5,82.3
"balanced n, equal SD",10,"10, 10, 10, 10",5,2,6.6,"0.00, 0.25, 0.50, 0.75","ordered",5,202609285,"1,1,1,1","KW",1000,42.5,1.56324982008635,8.2,9.5,82.3
"balanced n, equal SD",10,"10, 10, 10, 10",5,2,6.6,"0.00, 0.25, 0.50, 0.75","ordered",5,202609285,"1,1,1,1","gate",1000,43,1.56556698994326,8.2,9.5,82.3
"balanced n, equal SD",20,"20, 20, 20, 20",1,0,0,"0.00, 0.25, 0.50, 0.75","ordered",6,202609286,"1,1,1,1","F",1000,50.3,1.5811103693291,91.7,3.9,4.4
"balanced n, equal SD",20,"20, 20, 20, 20",1,0,0,"0.00, 0.25, 0.50, 0.75","ordered",6,202609286,"1,1,1,1","W",1000,48.1,1.57999683543987,91.7,3.9,4.4
"balanced n, equal SD",20,"20, 20, 20, 20",1,0,0,"0.00, 0.25, 0.50, 0.75","ordered",6,202609286,"1,1,1,1","KW",1000,46.8,1.57789733506334,91.7,3.9,4.4
"balanced n, equal SD",20,"20, 20, 20, 20",1,0,0,"0.00, 0.25, 0.50, 0.75","ordered",6,202609286,"1,1,1,1","gate",1000,50.8,1.58093643135959,91.7,3.9,4.4
"balanced n, equal SD",20,"20, 20, 20, 20",2,0,6,"0.00, 0.25, 0.50, 0.75","ordered",7,202609287,"1,1,1,1","F",1000,55.5,1.57154382694216,23.4,3.1,73.5
"balanced n, equal SD",20,"20, 20, 20, 20",2,0,6,"0.00, 0.25, 0.50, 0.75","ordered",7,202609287,"1,1,1,1","W",1000,57.4,1.56372631876553,23.4,3.1,73.5
"balanced n, equal SD",20,"20, 20, 20, 20",2,0,6,"0.00, 0.25, 0.50, 0.75","ordered",7,202609287,"1,1,1,1","KW",1000,69.8,1.45188153786733,23.4,3.1,73.5
"balanced n, equal SD",20,"20, 20, 20, 20",2,0,6,"0.00, 0.25, 0.50, 0.75","ordered",7,202609287,"1,1,1,1","gate",1000,68.4,1.47018366199601,23.4,3.1,73.5
"balanced n, equal SD",20,"20, 20, 20, 20",3,0.5,1,"0.00, 0.25, 0.50, 0.75","ordered",8,202609288,"1,1,1,1","F",1000,52.2,1.57960754619621,64.4,5.1,30.5
"balanced n, equal SD",20,"20, 20, 20, 20",3,0.5,1,"0.00, 0.25, 0.50, 0.75","ordered",8,202609288,"1,1,1,1","W",1000,50.7,1.58098387088547,64.4,5.1,30.5
"balanced n, equal SD",20,"20, 20, 20, 20",3,0.5,1,"0.00, 0.25, 0.50, 0.75","ordered",8,202609288,"1,1,1,1","KW",1000,52.4,1.57931630777371,64.4,5.1,30.5
"balanced n, equal SD",20,"20, 20, 20, 20",3,0.5,1,"0.00, 0.25, 0.50, 0.75","ordered",8,202609288,"1,1,1,1","gate",1000,54.3,1.57528092732693,64.4,5.1,30.5
"balanced n, equal SD",20,"20, 20, 20, 20",4,1,1.6,"0.00, 0.25, 0.50, 0.75","ordered",9,202609289,"1,1,1,1","F",1000,50.3,1.5811103693291,16.8,5.7,77.5
"balanced n, equal SD",20,"20, 20, 20, 20",4,1,1.6,"0.00, 0.25, 0.50, 0.75","ordered",9,202609289,"1,1,1,1","W",1000,48.7,1.58060431481127,16.8,5.7,77.5
"balanced n, equal SD",20,"20, 20, 20, 20",4,1,1.6,"0.00, 0.25, 0.50, 0.75","ordered",9,202609289,"1,1,1,1","KW",1000,55.2,1.57256478403912,16.8,5.7,77.5
"balanced n, equal SD",20,"20, 20, 20, 20",4,1,1.6,"0.00, 0.25, 0.50, 0.75","ordered",9,202609289,"1,1,1,1","gate",1000,55.7,1.57083099027235,16.8,5.7,77.5
"balanced n, equal SD",20,"20, 20, 20, 20",5,2,6.6,"0.00, 0.25, 0.50, 0.75","ordered",10,202609290,"1,1,1,1","F",1000,55,1.57321327225523,0,1.7,98.3
"balanced n, equal SD",20,"20, 20, 20, 20",5,2,6.6,"0.00, 0.25, 0.50, 0.75","ordered",10,202609290,"1,1,1,1","W",1000,55.5,1.57154382694216,0,1.7,98.3
"balanced n, equal SD",20,"20, 20, 20, 20",5,2,6.6,"0.00, 0.25, 0.50, 0.75","ordered",10,202609290,"1,1,1,1","KW",1000,80.8,1.24553602918583,0,1.7,98.3
"balanced n, equal SD",20,"20, 20, 20, 20",5,2,6.6,"0.00, 0.25, 0.50, 0.75","ordered",10,202609290,"1,1,1,1","gate",1000,80.8,1.24553602918583,0,1.7,98.3
"balanced n, equal SD",30,"30, 30, 30, 30",1,0,0,"0.00, 0.25, 0.50, 0.75","ordered",11,202609291,"1,1,1,1","F",1000,71.9,1.4214042352547,91.7,3.8,4.5
"balanced n, equal SD",30,"30, 30, 30, 30",1,0,0,"0.00, 0.25, 0.50, 0.75","ordered",11,202609291,"1,1,1,1","W",1000,70.1,1.44775343204566,91.7,3.8,4.5
"balanced n, equal SD",30,"30, 30, 30, 30",1,0,0,"0.00, 0.25, 0.50, 0.75","ordered",11,202609291,"1,1,1,1","KW",1000,68.1,1.47390298188178,91.7,3.8,4.5
"balanced n, equal SD",30,"30, 30, 30, 30",1,0,0,"0.00, 0.25, 0.50, 0.75","ordered",11,202609291,"1,1,1,1","gate",1000,72,1.41985914794391,91.7,3.8,4.5
"balanced n, equal SD",30,"30, 30, 30, 30",2,0,6,"0.00, 0.25, 0.50, 0.75","ordered",12,202609292,"1,1,1,1","F",1000,72.7,1.40879735945238,10.3,2.5,87.2
"balanced n, equal SD",30,"30, 30, 30, 30",2,0,6,"0.00, 0.25, 0.50, 0.75","ordered",12,202609292,"1,1,1,1","W",1000,73.9,1.38880884213775,10.3,2.5,87.2
"balanced n, equal SD",30,"30, 30, 30, 30",2,0,6,"0.00, 0.25, 0.50, 0.75","ordered",12,202609292,"1,1,1,1","KW",1000,87.9,1.03130499853341,10.3,2.5,87.2
"balanced n, equal SD",30,"30, 30, 30, 30",2,0,6,"0.00, 0.25, 0.50, 0.75","ordered",12,202609292,"1,1,1,1","gate",1000,87.1,1.05999528300837,10.3,2.5,87.2
"balanced n, equal SD",30,"30, 30, 30, 30",3,0.5,1,"0.00, 0.25, 0.50, 0.75","ordered",13,202609293,"1,1,1,1","F",1000,71.9,1.4214042352547,49.9,4,46.1
"balanced n, equal SD",30,"30, 30, 30, 30",3,0.5,1,"0.00, 0.25, 0.50, 0.75","ordered",13,202609293,"1,1,1,1","W",1000,70.6,1.44070815920505,49.9,4,46.1
"balanced n, equal SD",30,"30, 30, 30, 30",3,0.5,1,"0.00, 0.25, 0.50, 0.75","ordered",13,202609293,"1,1,1,1","KW",1000,73.3,1.39896747639107,49.9,4,46.1
"balanced n, equal SD",30,"30, 30, 30, 30",3,0.5,1,"0.00, 0.25, 0.50, 0.75","ordered",13,202609293,"1,1,1,1","gate",1000,74.1,1.38534833164804,49.9,4,46.1
"balanced n, equal SD",30,"30, 30, 30, 30",4,1,1.6,"0.00, 0.25, 0.50, 0.75","ordered",14,202609294,"1,1,1,1","F",1000,70.7,1.43927412260486,3.1,4,92.9
"balanced n, equal SD",30,"30, 30, 30, 30",4,1,1.6,"0.00, 0.25, 0.50, 0.75","ordered",14,202609294,"1,1,1,1","W",1000,70.9,1.43638086871136,3.1,4,92.9
"balanced n, equal SD",30,"30, 30, 30, 30",4,1,1.6,"0.00, 0.25, 0.50, 0.75","ordered",14,202609294,"1,1,1,1","KW",1000,77.8,1.31421459434904,3.1,4,92.9
"balanced n, equal SD",30,"30, 30, 30, 30",4,1,1.6,"0.00, 0.25, 0.50, 0.75","ordered",14,202609294,"1,1,1,1","gate",1000,77.6,1.31842330076497,3.1,4,92.9
"balanced n, equal SD",30,"30, 30, 30, 30",5,2,6.6,"0.00, 0.25, 0.50, 0.75","ordered",15,202609295,"1,1,1,1","F",1000,70.2,1.44636095080032,0,0,100
"balanced n, equal SD",30,"30, 30, 30, 30",5,2,6.6,"0.00, 0.25, 0.50, 0.75","ordered",15,202609295,"1,1,1,1","W",1000,71.2,1.43197765345692,0,0,100
"balanced n, equal SD",30,"30, 30, 30, 30",5,2,6.6,"0.00, 0.25, 0.50, 0.75","ordered",15,202609295,"1,1,1,1","KW",1000,92,0.857904423581089,0,0,100
"balanced n, equal SD",30,"30, 30, 30, 30",5,2,6.6,"0.00, 0.25, 0.50, 0.75","ordered",15,202609295,"1,1,1,1","gate",1000,92,0.857904423581089,0,0,100
"balanced n, equal SD",50,"50, 50, 50, 50",1,0,0,"0.00, 0.25, 0.50, 0.75","ordered",16,202609296,"1,1,1,1","F",1000,92.4,0.837997613361756,91.3,4.4,4.3
"balanced n, equal SD",50,"50, 50, 50, 50",1,0,0,"0.00, 0.25, 0.50, 0.75","ordered",16,202609296,"1,1,1,1","W",1000,92.5,0.832916562447884,91.3,4.4,4.3
"balanced n, equal SD",50,"50, 50, 50, 50",1,0,0,"0.00, 0.25, 0.50, 0.75","ordered",16,202609296,"1,1,1,1","KW",1000,90.8,0.913980306133562,91.3,4.4,4.3
"balanced n, equal SD",50,"50, 50, 50, 50",1,0,0,"0.00, 0.25, 0.50, 0.75","ordered",16,202609296,"1,1,1,1","gate",1000,92.4,0.837997613361756,91.3,4.4,4.3
"balanced n, equal SD",50,"50, 50, 50, 50",2,0,6,"0.00, 0.25, 0.50, 0.75","ordered",17,202609297,"1,1,1,1","F",1000,92.4,0.837997613361756,1.8,0.9,97.3
"balanced n, equal SD",50,"50, 50, 50, 50",2,0,6,"0.00, 0.25, 0.50, 0.75","ordered",17,202609297,"1,1,1,1","W",1000,92.5,0.832916562447884,1.8,0.9,97.3
"balanced n, equal SD",50,"50, 50, 50, 50",2,0,6,"0.00, 0.25, 0.50, 0.75","ordered",17,202609297,"1,1,1,1","KW",1000,98.6,0.371537346709587,1.8,0.9,97.3
"balanced n, equal SD",50,"50, 50, 50, 50",2,0,6,"0.00, 0.25, 0.50, 0.75","ordered",17,202609297,"1,1,1,1","gate",1000,98.6,0.371537346709587,1.8,0.9,97.3
"balanced n, equal SD",50,"50, 50, 50, 50",3,0.5,1,"0.00, 0.25, 0.50, 0.75","ordered",18,202609298,"1,1,1,1","F",1000,92.6,0.827792244467173,34.3,3.4,62.3
"balanced n, equal SD",50,"50, 50, 50, 50",3,0.5,1,"0.00, 0.25, 0.50, 0.75","ordered",18,202609298,"1,1,1,1","W",1000,92.7,0.822623850857729,34.3,3.4,62.3
"balanced n, equal SD",50,"50, 50, 50, 50",3,0.5,1,"0.00, 0.25, 0.50, 0.75","ordered",18,202609298,"1,1,1,1","KW",1000,94.2,0.739161687318817,34.3,3.4,62.3
"balanced n, equal SD",50,"50, 50, 50, 50",3,0.5,1,"0.00, 0.25, 0.50, 0.75","ordered",18,202609298,"1,1,1,1","gate",1000,94.3,0.733150734842434,34.3,3.4,62.3
"balanced n, equal SD",50,"50, 50, 50, 50",4,1,1.6,"0.00, 0.25, 0.50, 0.75","ordered",19,202609299,"1,1,1,1","F",1000,92,0.857904423581089,0.2,1,98.8
"balanced n, equal SD",50,"50, 50, 50, 50",4,1,1.6,"0.00, 0.25, 0.50, 0.75","ordered",19,202609299,"1,1,1,1","W",1000,92.5,0.832916562447884,0.2,1,98.8
"balanced n, equal SD",50,"50, 50, 50, 50",4,1,1.6,"0.00, 0.25, 0.50, 0.75","ordered",19,202609299,"1,1,1,1","KW",1000,95.3,0.669260786241059,0.2,1,98.8
"balanced n, equal SD",50,"50, 50, 50, 50",4,1,1.6,"0.00, 0.25, 0.50, 0.75","ordered",19,202609299,"1,1,1,1","gate",1000,95.3,0.669260786241059,0.2,1,98.8
"balanced n, equal SD",50,"50, 50, 50, 50",5,2,6.6,"0.00, 0.25, 0.50, 0.75","ordered",20,202609300,"1,1,1,1","F",1000,91.3,0.891240708226459,0,0,100
"balanced n, equal SD",50,"50, 50, 50, 50",5,2,6.6,"0.00, 0.25, 0.50, 0.75","ordered",20,202609300,"1,1,1,1","W",1000,92.2,0.848033018225116,0,0,100
"balanced n, equal SD",50,"50, 50, 50, 50",5,2,6.6,"0.00, 0.25, 0.50, 0.75","ordered",20,202609300,"1,1,1,1","KW",1000,99.7,0.172945077987204,0,0,100
"balanced n, equal SD",50,"50, 50, 50, 50",5,2,6.6,"0.00, 0.25, 0.50, 0.75","ordered",20,202609300,"1,1,1,1","gate",1000,99.7,0.172945077987204,0,0,100
"balanced n, equal SD",100,"100, 100, 100, 100",1,0,0,"0.00, 0.25, 0.50, 0.75","ordered",21,202609301,"1,1,1,1","F",1000,100,0,90.4,4,5.6
"balanced n, equal SD",100,"100, 100, 100, 100",1,0,0,"0.00, 0.25, 0.50, 0.75","ordered",21,202609301,"1,1,1,1","W",1000,100,0,90.4,4,5.6
"balanced n, equal SD",100,"100, 100, 100, 100",1,0,0,"0.00, 0.25, 0.50, 0.75","ordered",21,202609301,"1,1,1,1","KW",1000,99.9,0.0999499874937461,90.4,4,5.6
"balanced n, equal SD",100,"100, 100, 100, 100",1,0,0,"0.00, 0.25, 0.50, 0.75","ordered",21,202609301,"1,1,1,1","gate",1000,100,0,90.4,4,5.6
"balanced n, equal SD",100,"100, 100, 100, 100",2,0,6,"0.00, 0.25, 0.50, 0.75","ordered",22,202609302,"1,1,1,1","F",1000,99.6,0.199599599197994,0,0.1,99.9
"balanced n, equal SD",100,"100, 100, 100, 100",2,0,6,"0.00, 0.25, 0.50, 0.75","ordered",22,202609302,"1,1,1,1","W",1000,99.6,0.199599599197994,0,0.1,99.9
"balanced n, equal SD",100,"100, 100, 100, 100",2,0,6,"0.00, 0.25, 0.50, 0.75","ordered",22,202609302,"1,1,1,1","KW",1000,100,0,0,0.1,99.9
"balanced n, equal SD",100,"100, 100, 100, 100",2,0,6,"0.00, 0.25, 0.50, 0.75","ordered",22,202609302,"1,1,1,1","gate",1000,100,0,0,0.1,99.9
"balanced n, equal SD",100,"100, 100, 100, 100",3,0.5,1,"0.00, 0.25, 0.50, 0.75","ordered",23,202609303,"1,1,1,1","F",1000,99.9,0.0999499874937461,9.6,1.4,89
"balanced n, equal SD",100,"100, 100, 100, 100",3,0.5,1,"0.00, 0.25, 0.50, 0.75","ordered",23,202609303,"1,1,1,1","W",1000,99.9,0.0999499874937461,9.6,1.4,89
"balanced n, equal SD",100,"100, 100, 100, 100",3,0.5,1,"0.00, 0.25, 0.50, 0.75","ordered",23,202609303,"1,1,1,1","KW",1000,100,0,9.6,1.4,89
"balanced n, equal SD",100,"100, 100, 100, 100",3,0.5,1,"0.00, 0.25, 0.50, 0.75","ordered",23,202609303,"1,1,1,1","gate",1000,100,0,9.6,1.4,89
"balanced n, equal SD",100,"100, 100, 100, 100",4,1,1.6,"0.00, 0.25, 0.50, 0.75","ordered",24,202609304,"1,1,1,1","F",1000,99.7,0.172945077987204,0,0,100
"balanced n, equal SD",100,"100, 100, 100, 100",4,1,1.6,"0.00, 0.25, 0.50, 0.75","ordered",24,202609304,"1,1,1,1","W",1000,99.8,0.141279864099595,0,0,100
"balanced n, equal SD",100,"100, 100, 100, 100",4,1,1.6,"0.00, 0.25, 0.50, 0.75","ordered",24,202609304,"1,1,1,1","KW",1000,99.9,0.0999499874937461,0,0,100
"balanced n, equal SD",100,"100, 100, 100, 100",4,1,1.6,"0.00, 0.25, 0.50, 0.75","ordered",24,202609304,"1,1,1,1","gate",1000,99.9,0.0999499874937461,0,0,100
"balanced n, equal SD",100,"100, 100, 100, 100",5,2,6.6,"0.00, 0.25, 0.50, 0.75","ordered",25,202609305,"1,1,1,1","F",1000,99.8,0.141279864099595,0,0,100
"balanced n, equal SD",100,"100, 100, 100, 100",5,2,6.6,"0.00, 0.25, 0.50, 0.75","ordered",25,202609305,"1,1,1,1","W",1000,99.8,0.141279864099595,0,0,100
"balanced n, equal SD",100,"100, 100, 100, 100",5,2,6.6,"0.00, 0.25, 0.50, 0.75","ordered",25,202609305,"1,1,1,1","KW",1000,100,0,0,0,100
"balanced n, equal SD",100,"100, 100, 100, 100",5,2,6.6,"0.00, 0.25, 0.50, 0.75","ordered",25,202609305,"1,1,1,1","gate",1000,100,0,0,0,100
"balanced n, equal SD",200,"200, 200, 200, 200",1,0,0,"0.00, 0.25, 0.50, 0.75","ordered",26,202609306,"1,1,1,1","F",1000,100,0,88.7,5.5,5.8
"balanced n, equal SD",200,"200, 200, 200, 200",1,0,0,"0.00, 0.25, 0.50, 0.75","ordered",26,202609306,"1,1,1,1","W",1000,100,0,88.7,5.5,5.8
"balanced n, equal SD",200,"200, 200, 200, 200",1,0,0,"0.00, 0.25, 0.50, 0.75","ordered",26,202609306,"1,1,1,1","KW",1000,100,0,88.7,5.5,5.8
"balanced n, equal SD",200,"200, 200, 200, 200",1,0,0,"0.00, 0.25, 0.50, 0.75","ordered",26,202609306,"1,1,1,1","gate",1000,100,0,88.7,5.5,5.8
"balanced n, equal SD",200,"200, 200, 200, 200",2,0,6,"0.00, 0.25, 0.50, 0.75","ordered",27,202609307,"1,1,1,1","F",1000,100,0,0,0,100
"balanced n, equal SD",200,"200, 200, 200, 200",2,0,6,"0.00, 0.25, 0.50, 0.75","ordered",27,202609307,"1,1,1,1","W",1000,100,0,0,0,100
"balanced n, equal SD",200,"200, 200, 200, 200",2,0,6,"0.00, 0.25, 0.50, 0.75","ordered",27,202609307,"1,1,1,1","KW",1000,100,0,0,0,100
"balanced n, equal SD",200,"200, 200, 200, 200",2,0,6,"0.00, 0.25, 0.50, 0.75","ordered",27,202609307,"1,1,1,1","gate",1000,100,0,0,0,100
"balanced n, equal SD",200,"200, 200, 200, 200",3,0.5,1,"0.00, 0.25, 0.50, 0.75","ordered",28,202609308,"1,1,1,1","F",1000,100,0,0.2,0,99.8
"balanced n, equal SD",200,"200, 200, 200, 200",3,0.5,1,"0.00, 0.25, 0.50, 0.75","ordered",28,202609308,"1,1,1,1","W",1000,100,0,0.2,0,99.8
"balanced n, equal SD",200,"200, 200, 200, 200",3,0.5,1,"0.00, 0.25, 0.50, 0.75","ordered",28,202609308,"1,1,1,1","KW",1000,100,0,0.2,0,99.8
"balanced n, equal SD",200,"200, 200, 200, 200",3,0.5,1,"0.00, 0.25, 0.50, 0.75","ordered",28,202609308,"1,1,1,1","gate",1000,100,0,0.2,0,99.8
"balanced n, equal SD",200,"200, 200, 200, 200",4,1,1.6,"0.00, 0.25, 0.50, 0.75","ordered",29,202609309,"1,1,1,1","F",1000,100,0,0,0,100
"balanced n, equal SD",200,"200, 200, 200, 200",4,1,1.6,"0.00, 0.25, 0.50, 0.75","ordered",29,202609309,"1,1,1,1","W",1000,100,0,0,0,100
"balanced n, equal SD",200,"200, 200, 200, 200",4,1,1.6,"0.00, 0.25, 0.50, 0.75","ordered",29,202609309,"1,1,1,1","KW",1000,100,0,0,0,100
"balanced n, equal SD",200,"200, 200, 200, 200",4,1,1.6,"0.00, 0.25, 0.50, 0.75","ordered",29,202609309,"1,1,1,1","gate",1000,100,0,0,0,100
"balanced n, equal SD",200,"200, 200, 200, 200",5,2,6.6,"0.00, 0.25, 0.50, 0.75","ordered",30,202609310,"1,1,1,1","F",1000,100,0,0,0,100
"balanced n, equal SD",200,"200, 200, 200, 200",5,2,6.6,"0.00, 0.25, 0.50, 0.75","ordered",30,202609310,"1,1,1,1","W",1000,100,0,0,0,100
"balanced n, equal SD",200,"200, 200, 200, 200",5,2,6.6,"0.00, 0.25, 0.50, 0.75","ordered",30,202609310,"1,1,1,1","KW",1000,100,0,0,0,100
"balanced n, equal SD",200,"200, 200, 200, 200",5,2,6.6,"0.00, 0.25, 0.50, 0.75","ordered",30,202609310,"1,1,1,1","gate",1000,100,0,0,0,100
"unbalanced n, equal SD",10,"5, 8, 12, 15",1,0,0,"0.00, 0.25, 0.50, 0.75","ordered",31,202609311,"1,1,1,1","F",1000,22.8,1.32671021704063,89,5.1,5.9
"unbalanced n, equal SD",10,"5, 8, 12, 15",1,0,0,"0.00, 0.25, 0.50, 0.75","ordered",31,202609311,"1,1,1,1","W",1000,20.4,1.27429980773757,89,5.1,5.9
"unbalanced n, equal SD",10,"5, 8, 12, 15",1,0,0,"0.00, 0.25, 0.50, 0.75","ordered",31,202609311,"1,1,1,1","KW",1000,20.2,1.26962986732354,89,5.1,5.9
"unbalanced n, equal SD",10,"5, 8, 12, 15",1,0,0,"0.00, 0.25, 0.50, 0.75","ordered",31,202609311,"1,1,1,1","gate",1000,23.5,1.34080199880519,89,5.1,5.9
"unbalanced n, equal SD",10,"5, 8, 12, 15",2,0,6,"0.00, 0.25, 0.50, 0.75","ordered",32,202609312,"1,1,1,1","F",1000,23.9,1.34862522592453,53.2,6.4,40.4
"unbalanced n, equal SD",10,"5, 8, 12, 15",2,0,6,"0.00, 0.25, 0.50, 0.75","ordered",32,202609312,"1,1,1,1","W",1000,24.8,1.36563538325572,53.2,6.4,40.4
"unbalanced n, equal SD",10,"5, 8, 12, 15",2,0,6,"0.00, 0.25, 0.50, 0.75","ordered",32,202609312,"1,1,1,1","KW",1000,29,1.43492160064583,53.2,6.4,40.4
"unbalanced n, equal SD",10,"5, 8, 12, 15",2,0,6,"0.00, 0.25, 0.50, 0.75","ordered",32,202609312,"1,1,1,1","gate",1000,29.1,1.43638086871136,53.2,6.4,40.4
"unbalanced n, equal SD",10,"5, 8, 12, 15",3,0.5,1,"0.00, 0.25, 0.50, 0.75","ordered",33,202609313,"1,1,1,1","F",1000,23.2,1.33482583133531,74.7,8.8,16.5
"unbalanced n, equal SD",10,"5, 8, 12, 15",3,0.5,1,"0.00, 0.25, 0.50, 0.75","ordered",33,202609313,"1,1,1,1","W",1000,25.3,1.37473997541353,74.7,8.8,16.5
"unbalanced n, equal SD",10,"5, 8, 12, 15",3,0.5,1,"0.00, 0.25, 0.50, 0.75","ordered",33,202609313,"1,1,1,1","KW",1000,22.5,1.32051126462443,74.7,8.8,16.5
"unbalanced n, equal SD",10,"5, 8, 12, 15",3,0.5,1,"0.00, 0.25, 0.50, 0.75","ordered",33,202609313,"1,1,1,1","gate",1000,24.9,1.36747577675073,74.7,8.8,16.5
"unbalanced n, equal SD",10,"5, 8, 12, 15",4,1,1.6,"0.00, 0.25, 0.50, 0.75","ordered",34,202609314,"1,1,1,1","F",1000,23.6,1.34277324965908,49.3,9.8,40.9
"unbalanced n, equal SD",10,"5, 8, 12, 15",4,1,1.6,"0.00, 0.25, 0.50, 0.75","ordered",34,202609314,"1,1,1,1","W",1000,27.8,1.41674274305535,49.3,9.8,40.9
"unbalanced n, equal SD",10,"5, 8, 12, 15",4,1,1.6,"0.00, 0.25, 0.50, 0.75","ordered",34,202609314,"1,1,1,1","KW",1000,25.4,1.37653187394989,49.3,9.8,40.9
"unbalanced n, equal SD",10,"5, 8, 12, 15",4,1,1.6,"0.00, 0.25, 0.50, 0.75","ordered",34,202609314,"1,1,1,1","gate",1000,27.2,1.40718158032288,49.3,9.8,40.9
"unbalanced n, equal SD",10,"5, 8, 12, 15",5,2,6.6,"0.00, 0.25, 0.50, 0.75","ordered",35,202609315,"1,1,1,1","F",1000,27.1,1.4055568291606,9.2,11.5,79.3
"unbalanced n, equal SD",10,"5, 8, 12, 15",5,2,6.6,"0.00, 0.25, 0.50, 0.75","ordered",35,202609315,"1,1,1,1","W",1000,39.5,1.54588162548107,9.2,11.5,79.3
"unbalanced n, equal SD",10,"5, 8, 12, 15",5,2,6.6,"0.00, 0.25, 0.50, 0.75","ordered",35,202609315,"1,1,1,1","KW",1000,43.3,1.56687906361659,9.2,11.5,79.3
"unbalanced n, equal SD",10,"5, 8, 12, 15",5,2,6.6,"0.00, 0.25, 0.50, 0.75","ordered",35,202609315,"1,1,1,1","gate",1000,43.5,1.56772127624779,9.2,11.5,79.3
"unbalanced n, equal SD",20,"10, 16, 24, 30",1,0,0,"0.00, 0.25, 0.50, 0.75","ordered",36,202609316,"1,1,1,1","F",1000,45.1,1.5735278834517,88.2,6.2,5.6
"unbalanced n, equal SD",20,"10, 16, 24, 30",1,0,0,"0.00, 0.25, 0.50, 0.75","ordered",36,202609316,"1,1,1,1","W",1000,44.2,1.57046489932122,88.2,6.2,5.6
"unbalanced n, equal SD",20,"10, 16, 24, 30",1,0,0,"0.00, 0.25, 0.50, 0.75","ordered",36,202609316,"1,1,1,1","KW",1000,42,1.56076904121013,88.2,6.2,5.6
"unbalanced n, equal SD",20,"10, 16, 24, 30",1,0,0,"0.00, 0.25, 0.50, 0.75","ordered",36,202609316,"1,1,1,1","gate",1000,46,1.57607106438764,88.2,6.2,5.6
"unbalanced n, equal SD",20,"10, 16, 24, 30",2,0,6,"0.00, 0.25, 0.50, 0.75","ordered",37,202609317,"1,1,1,1","F",1000,45.9,1.57581407532742,22.7,5.2,72.1
"unbalanced n, equal SD",20,"10, 16, 24, 30",2,0,6,"0.00, 0.25, 0.50, 0.75","ordered",37,202609317,"1,1,1,1","W",1000,47.5,1.57916116973538,22.7,5.2,72.1
"unbalanced n, equal SD",20,"10, 16, 24, 30",2,0,6,"0.00, 0.25, 0.50, 0.75","ordered",37,202609317,"1,1,1,1","KW",1000,60.4,1.54655746740947,22.7,5.2,72.1
"unbalanced n, equal SD",20,"10, 16, 24, 30",2,0,6,"0.00, 0.25, 0.50, 0.75","ordered",37,202609317,"1,1,1,1","gate",1000,59.1,1.55473148807117,22.7,5.2,72.1
"unbalanced n, equal SD",20,"10, 16, 24, 30",3,0.5,1,"0.00, 0.25, 0.50, 0.75","ordered",38,202609318,"1,1,1,1","F",1000,47.4,1.57899968334386,63.5,6.7,29.8
"unbalanced n, equal SD",20,"10, 16, 24, 30",3,0.5,1,"0.00, 0.25, 0.50, 0.75","ordered",38,202609318,"1,1,1,1","W",1000,47.6,1.57931630777371,63.5,6.7,29.8
"unbalanced n, equal SD",20,"10, 16, 24, 30",3,0.5,1,"0.00, 0.25, 0.50, 0.75","ordered",38,202609318,"1,1,1,1","KW",1000,49,1.58082257068907,63.5,6.7,29.8
"unbalanced n, equal SD",20,"10, 16, 24, 30",3,0.5,1,"0.00, 0.25, 0.50, 0.75","ordered",38,202609318,"1,1,1,1","gate",1000,49.7,1.5811103693291,63.5,6.7,29.8
"unbalanced n, equal SD",20,"10, 16, 24, 30",4,1,1.6,"0.00, 0.25, 0.50, 0.75","ordered",39,202609319,"1,1,1,1","F",1000,47.9,1.5797436500901,15.9,5.9,78.2
"unbalanced n, equal SD",20,"10, 16, 24, 30",4,1,1.6,"0.00, 0.25, 0.50, 0.75","ordered",39,202609319,"1,1,1,1","W",1000,48.8,1.58068339650924,15.9,5.9,78.2
"unbalanced n, equal SD",20,"10, 16, 24, 30",4,1,1.6,"0.00, 0.25, 0.50, 0.75","ordered",39,202609319,"1,1,1,1","KW",1000,51.8,1.58011391994375,15.9,5.9,78.2
"unbalanced n, equal SD",20,"10, 16, 24, 30",4,1,1.6,"0.00, 0.25, 0.50, 0.75","ordered",39,202609319,"1,1,1,1","gate",1000,52.4,1.57931630777371,15.9,5.9,78.2
"unbalanced n, equal SD",20,"10, 16, 24, 30",5,2,6.6,"0.00, 0.25, 0.50, 0.75","ordered",40,202609320,"1,1,1,1","F",1000,47.9,1.5797436500901,0.1,1.4,98.5
"unbalanced n, equal SD",20,"10, 16, 24, 30",5,2,6.6,"0.00, 0.25, 0.50, 0.75","ordered",40,202609320,"1,1,1,1","W",1000,54.6,1.5744332313566,0.1,1.4,98.5
"unbalanced n, equal SD",20,"10, 16, 24, 30",5,2,6.6,"0.00, 0.25, 0.50, 0.75","ordered",40,202609320,"1,1,1,1","KW",1000,72.5,1.41200212464429,0.1,1.4,98.5
"unbalanced n, equal SD",20,"10, 16, 24, 30",5,2,6.6,"0.00, 0.25, 0.50, 0.75","ordered",40,202609320,"1,1,1,1","gate",1000,72.4,1.41359117144951,0.1,1.4,98.5
"unbalanced n, equal SD",30,"15, 24, 36, 45",1,0,0,"0.00, 0.25, 0.50, 0.75","ordered",41,202609321,"1,1,1,1","F",1000,64,1.51789327688082,90,4.9,5.1
"unbalanced n, equal SD",30,"15, 24, 36, 45",1,0,0,"0.00, 0.25, 0.50, 0.75","ordered",41,202609321,"1,1,1,1","W",1000,61.3,1.5402305022301,90,4.9,5.1
"unbalanced n, equal SD",30,"15, 24, 36, 45",1,0,0,"0.00, 0.25, 0.50, 0.75","ordered",41,202609321,"1,1,1,1","KW",1000,60.2,1.54788888490098,90,4.9,5.1
"unbalanced n, equal SD",30,"15, 24, 36, 45",1,0,0,"0.00, 0.25, 0.50, 0.75","ordered",41,202609321,"1,1,1,1","gate",1000,64.2,1.51603430040352,90,4.9,5.1
"unbalanced n, equal SD",30,"15, 24, 36, 45",2,0,6,"0.00, 0.25, 0.50, 0.75","ordered",42,202609322,"1,1,1,1","F",1000,67.1,1.48579608291313,8,2.3,89.7
"unbalanced n, equal SD",30,"15, 24, 36, 45",2,0,6,"0.00, 0.25, 0.50, 0.75","ordered",42,202609322,"1,1,1,1","W",1000,68.2,1.47267104269759,8,2.3,89.7
"unbalanced n, equal SD",30,"15, 24, 36, 45",2,0,6,"0.00, 0.25, 0.50, 0.75","ordered",42,202609322,"1,1,1,1","KW",1000,82.2,1.20961150788177,8,2.3,89.7
"unbalanced n, equal SD",30,"15, 24, 36, 45",2,0,6,"0.00, 0.25, 0.50, 0.75","ordered",42,202609322,"1,1,1,1","gate",1000,81.6,1.22533260790693,8,2.3,89.7
"unbalanced n, equal SD",30,"15, 24, 36, 45",3,0.5,1,"0.00, 0.25, 0.50, 0.75","ordered",43,202609323,"1,1,1,1","F",1000,63.6,1.52152555022911,52.6,5.4,42
"unbalanced n, equal SD",30,"15, 24, 36, 45",3,0.5,1,"0.00, 0.25, 0.50, 0.75","ordered",43,202609323,"1,1,1,1","W",1000,63.5,1.52241584332271,52.6,5.4,42
"unbalanced n, equal SD",30,"15, 24, 36, 45",3,0.5,1,"0.00, 0.25, 0.50, 0.75","ordered",43,202609323,"1,1,1,1","KW",1000,65.2,1.50630674166984,52.6,5.4,42
"unbalanced n, equal SD",30,"15, 24, 36, 45",3,0.5,1,"0.00, 0.25, 0.50, 0.75","ordered",43,202609323,"1,1,1,1","gate",1000,65.7,1.50116954405557,52.6,5.4,42
"unbalanced n, equal SD",30,"15, 24, 36, 45",4,1,1.6,"0.00, 0.25, 0.50, 0.75","ordered",44,202609324,"1,1,1,1","F",1000,65.9,1.49906304070242,4.4,3.8,91.8
"unbalanced n, equal SD",30,"15, 24, 36, 45",4,1,1.6,"0.00, 0.25, 0.50, 0.75","ordered",44,202609324,"1,1,1,1","W",1000,64.9,1.50930116279025,4.4,3.8,91.8
"unbalanced n, equal SD",30,"15, 24, 36, 45",4,1,1.6,"0.00, 0.25, 0.50, 0.75","ordered",44,202609324,"1,1,1,1","KW",1000,70.7,1.43927412260486,4.4,3.8,91.8
"unbalanced n, equal SD",30,"15, 24, 36, 45",4,1,1.6,"0.00, 0.25, 0.50, 0.75","ordered",44,202609324,"1,1,1,1","gate",1000,70.9,1.43638086871136,4.4,3.8,91.8
"unbalanced n, equal SD",30,"15, 24, 36, 45",5,2,6.6,"0.00, 0.25, 0.50, 0.75","ordered",45,202609325,"1,1,1,1","F",1000,64.3,1.51509405648626,0,0,100
"unbalanced n, equal SD",30,"15, 24, 36, 45",5,2,6.6,"0.00, 0.25, 0.50, 0.75","ordered",45,202609325,"1,1,1,1","W",1000,68,1.47512711316686,0,0,100
"unbalanced n, equal SD",30,"15, 24, 36, 45",5,2,6.6,"0.00, 0.25, 0.50, 0.75","ordered",45,202609325,"1,1,1,1","KW",1000,87.5,1.04582503316759,0,0,100
"unbalanced n, equal SD",30,"15, 24, 36, 45",5,2,6.6,"0.00, 0.25, 0.50, 0.75","ordered",45,202609325,"1,1,1,1","gate",1000,87.5,1.04582503316759,0,0,100
"unbalanced n, equal SD",50,"25, 40, 60, 75",1,0,0,"0.00, 0.25, 0.50, 0.75","ordered",46,202609326,"1,1,1,1","F",1000,88.3,1.0164201887015,91.1,3.8,5.1
"unbalanced n, equal SD",50,"25, 40, 60, 75",1,0,0,"0.00, 0.25, 0.50, 0.75","ordered",46,202609326,"1,1,1,1","W",1000,86.6,1.07723720693262,91.1,3.8,5.1
"unbalanced n, equal SD",50,"25, 40, 60, 75",1,0,0,"0.00, 0.25, 0.50, 0.75","ordered",46,202609326,"1,1,1,1","KW",1000,86.5,1.08062481925967,91.1,3.8,5.1
"unbalanced n, equal SD",50,"25, 40, 60, 75",1,0,0,"0.00, 0.25, 0.50, 0.75","ordered",46,202609326,"1,1,1,1","gate",1000,88.2,1.02017645532525,91.1,3.8,5.1
"unbalanced n, equal SD",50,"25, 40, 60, 75",2,0,6,"0.00, 0.25, 0.50, 0.75","ordered",47,202609327,"1,1,1,1","F",1000,88.7,1.00115433375679,1.3,0.5,98.2
"unbalanced n, equal SD",50,"25, 40, 60, 75",2,0,6,"0.00, 0.25, 0.50, 0.75","ordered",47,202609327,"1,1,1,1","W",1000,89.5,0.969407035254026,1.3,0.5,98.2
"unbalanced n, equal SD",50,"25, 40, 60, 75",2,0,6,"0.00, 0.25, 0.50, 0.75","ordered",47,202609327,"1,1,1,1","KW",1000,97.6,0.483983470792134,1.3,0.5,98.2
"unbalanced n, equal SD",50,"25, 40, 60, 75",2,0,6,"0.00, 0.25, 0.50, 0.75","ordered",47,202609327,"1,1,1,1","gate",1000,97.6,0.483983470792134,1.3,0.5,98.2
"unbalanced n, equal SD",50,"25, 40, 60, 75",3,0.5,1,"0.00, 0.25, 0.50, 0.75","ordered",48,202609328,"1,1,1,1","F",1000,86.4,1.08399261990108,33.9,3.3,62.8
"unbalanced n, equal SD",50,"25, 40, 60, 75",3,0.5,1,"0.00, 0.25, 0.50, 0.75","ordered",48,202609328,"1,1,1,1","W",1000,85.4,1.11661989951818,33.9,3.3,62.8
"unbalanced n, equal SD",50,"25, 40, 60, 75",3,0.5,1,"0.00, 0.25, 0.50, 0.75","ordered",48,202609328,"1,1,1,1","KW",1000,86.3,1.08734079294396,33.9,3.3,62.8
"unbalanced n, equal SD",50,"25, 40, 60, 75",3,0.5,1,"0.00, 0.25, 0.50, 0.75","ordered",48,202609328,"1,1,1,1","gate",1000,86.4,1.08399261990108,33.9,3.3,62.8
"unbalanced n, equal SD",50,"25, 40, 60, 75",4,1,1.6,"0.00, 0.25, 0.50, 0.75","ordered",49,202609329,"1,1,1,1","F",1000,88.3,1.0164201887015,0.1,1.1,98.8
"unbalanced n, equal SD",50,"25, 40, 60, 75",4,1,1.6,"0.00, 0.25, 0.50, 0.75","ordered",49,202609329,"1,1,1,1","W",1000,87.7,1.03860964755773,0.1,1.1,98.8
"unbalanced n, equal SD",50,"25, 40, 60, 75",4,1,1.6,"0.00, 0.25, 0.50, 0.75","ordered",49,202609329,"1,1,1,1","KW",1000,91.4,0.886588969026798,0.1,1.1,98.8
"unbalanced n, equal SD",50,"25, 40, 60, 75",4,1,1.6,"0.00, 0.25, 0.50, 0.75","ordered",49,202609329,"1,1,1,1","gate",1000,91.3,0.891240708226459,0.1,1.1,98.8
"unbalanced n, equal SD",50,"25, 40, 60, 75",5,2,6.6,"0.00, 0.25, 0.50, 0.75","ordered",50,202609330,"1,1,1,1","F",1000,86.6,1.07723720693262,0,0,100
"unbalanced n, equal SD",50,"25, 40, 60, 75",5,2,6.6,"0.00, 0.25, 0.50, 0.75","ordered",50,202609330,"1,1,1,1","W",1000,86.4,1.08399261990108,0,0,100
"unbalanced n, equal SD",50,"25, 40, 60, 75",5,2,6.6,"0.00, 0.25, 0.50, 0.75","ordered",50,202609330,"1,1,1,1","KW",1000,98.8,0.344325427466518,0,0,100
"unbalanced n, equal SD",50,"25, 40, 60, 75",5,2,6.6,"0.00, 0.25, 0.50, 0.75","ordered",50,202609330,"1,1,1,1","gate",1000,98.8,0.344325427466518,0,0,100
"unbalanced n, equal SD",100,"50, 80, 120, 150",1,0,0,"0.00, 0.25, 0.50, 0.75","ordered",51,202609331,"1,1,1,1","F",1000,99.7,0.172945077987204,90,4.4,5.6
"unbalanced n, equal SD",100,"50, 80, 120, 150",1,0,0,"0.00, 0.25, 0.50, 0.75","ordered",51,202609331,"1,1,1,1","W",1000,99.5,0.223047080231955,90,4.4,5.6
"unbalanced n, equal SD",100,"50, 80, 120, 150",1,0,0,"0.00, 0.25, 0.50, 0.75","ordered",51,202609331,"1,1,1,1","KW",1000,99.6,0.199599599197994,90,4.4,5.6
"unbalanced n, equal SD",100,"50, 80, 120, 150",1,0,0,"0.00, 0.25, 0.50, 0.75","ordered",51,202609331,"1,1,1,1","gate",1000,99.8,0.141279864099595,90,4.4,5.6
"unbalanced n, equal SD",100,"50, 80, 120, 150",2,0,6,"0.00, 0.25, 0.50, 0.75","ordered",52,202609332,"1,1,1,1","F",1000,99.2,0.281709069786544,0,0,100
"unbalanced n, equal SD",100,"50, 80, 120, 150",2,0,6,"0.00, 0.25, 0.50, 0.75","ordered",52,202609332,"1,1,1,1","W",1000,99.2,0.281709069786544,0,0,100
"unbalanced n, equal SD",100,"50, 80, 120, 150",2,0,6,"0.00, 0.25, 0.50, 0.75","ordered",52,202609332,"1,1,1,1","KW",1000,100,0,0,0,100
"unbalanced n, equal SD",100,"50, 80, 120, 150",2,0,6,"0.00, 0.25, 0.50, 0.75","ordered",52,202609332,"1,1,1,1","gate",1000,100,0,0,0,100
"unbalanced n, equal SD",100,"50, 80, 120, 150",3,0.5,1,"0.00, 0.25, 0.50, 0.75","ordered",53,202609333,"1,1,1,1","F",1000,99.6,0.199599599197994,9.7,2.3,88
"unbalanced n, equal SD",100,"50, 80, 120, 150",3,0.5,1,"0.00, 0.25, 0.50, 0.75","ordered",53,202609333,"1,1,1,1","W",1000,99.4,0.244213021765835,9.7,2.3,88
"unbalanced n, equal SD",100,"50, 80, 120, 150",3,0.5,1,"0.00, 0.25, 0.50, 0.75","ordered",53,202609333,"1,1,1,1","KW",1000,99.7,0.172945077987204,9.7,2.3,88
"unbalanced n, equal SD",100,"50, 80, 120, 150",3,0.5,1,"0.00, 0.25, 0.50, 0.75","ordered",53,202609333,"1,1,1,1","gate",1000,99.7,0.172945077987204,9.7,2.3,88
"unbalanced n, equal SD",100,"50, 80, 120, 150",4,1,1.6,"0.00, 0.25, 0.50, 0.75","ordered",54,202609334,"1,1,1,1","F",1000,99.1,0.298646948753876,0,0,100
"unbalanced n, equal SD",100,"50, 80, 120, 150",4,1,1.6,"0.00, 0.25, 0.50, 0.75","ordered",54,202609334,"1,1,1,1","W",1000,99,0.314642654451046,0,0,100
"unbalanced n, equal SD",100,"50, 80, 120, 150",4,1,1.6,"0.00, 0.25, 0.50, 0.75","ordered",54,202609334,"1,1,1,1","KW",1000,99.7,0.172945077987204,0,0,100
"unbalanced n, equal SD",100,"50, 80, 120, 150",4,1,1.6,"0.00, 0.25, 0.50, 0.75","ordered",54,202609334,"1,1,1,1","gate",1000,99.7,0.172945077987204,0,0,100
"unbalanced n, equal SD",100,"50, 80, 120, 150",5,2,6.6,"0.00, 0.25, 0.50, 0.75","ordered",55,202609335,"1,1,1,1","F",1000,99.7,0.172945077987204,0,0,100
"unbalanced n, equal SD",100,"50, 80, 120, 150",5,2,6.6,"0.00, 0.25, 0.50, 0.75","ordered",55,202609335,"1,1,1,1","W",1000,99.7,0.172945077987204,0,0,100
"unbalanced n, equal SD",100,"50, 80, 120, 150",5,2,6.6,"0.00, 0.25, 0.50, 0.75","ordered",55,202609335,"1,1,1,1","KW",1000,100,0,0,0,100
"unbalanced n, equal SD",100,"50, 80, 120, 150",5,2,6.6,"0.00, 0.25, 0.50, 0.75","ordered",55,202609335,"1,1,1,1","gate",1000,100,0,0,0,100
"unbalanced n, equal SD",200,"100, 160, 240, 300",1,0,0,"0.00, 0.25, 0.50, 0.75","ordered",56,202609336,"1,1,1,1","F",1000,100,0,91.1,4.4,4.5
"unbalanced n, equal SD",200,"100, 160, 240, 300",1,0,0,"0.00, 0.25, 0.50, 0.75","ordered",56,202609336,"1,1,1,1","W",1000,100,0,91.1,4.4,4.5
"unbalanced n, equal SD",200,"100, 160, 240, 300",1,0,0,"0.00, 0.25, 0.50, 0.75","ordered",56,202609336,"1,1,1,1","KW",1000,100,0,91.1,4.4,4.5
"unbalanced n, equal SD",200,"100, 160, 240, 300",1,0,0,"0.00, 0.25, 0.50, 0.75","ordered",56,202609336,"1,1,1,1","gate",1000,100,0,91.1,4.4,4.5
"unbalanced n, equal SD",200,"100, 160, 240, 300",2,0,6,"0.00, 0.25, 0.50, 0.75","ordered",57,202609337,"1,1,1,1","F",1000,100,0,0,0,100
"unbalanced n, equal SD",200,"100, 160, 240, 300",2,0,6,"0.00, 0.25, 0.50, 0.75","ordered",57,202609337,"1,1,1,1","W",1000,100,0,0,0,100
"unbalanced n, equal SD",200,"100, 160, 240, 300",2,0,6,"0.00, 0.25, 0.50, 0.75","ordered",57,202609337,"1,1,1,1","KW",1000,100,0,0,0,100
"unbalanced n, equal SD",200,"100, 160, 240, 300",2,0,6,"0.00, 0.25, 0.50, 0.75","ordered",57,202609337,"1,1,1,1","gate",1000,100,0,0,0,100
"unbalanced n, equal SD",200,"100, 160, 240, 300",3,0.5,1,"0.00, 0.25, 0.50, 0.75","ordered",58,202609338,"1,1,1,1","F",1000,100,0,0.1,0.3,99.6
"unbalanced n, equal SD",200,"100, 160, 240, 300",3,0.5,1,"0.00, 0.25, 0.50, 0.75","ordered",58,202609338,"1,1,1,1","W",1000,100,0,0.1,0.3,99.6
"unbalanced n, equal SD",200,"100, 160, 240, 300",3,0.5,1,"0.00, 0.25, 0.50, 0.75","ordered",58,202609338,"1,1,1,1","KW",1000,100,0,0.1,0.3,99.6
"unbalanced n, equal SD",200,"100, 160, 240, 300",3,0.5,1,"0.00, 0.25, 0.50, 0.75","ordered",58,202609338,"1,1,1,1","gate",1000,100,0,0.1,0.3,99.6
"unbalanced n, equal SD",200,"100, 160, 240, 300",4,1,1.6,"0.00, 0.25, 0.50, 0.75","ordered",59,202609339,"1,1,1,1","F",1000,100,0,0,0,100
"unbalanced n, equal SD",200,"100, 160, 240, 300",4,1,1.6,"0.00, 0.25, 0.50, 0.75","ordered",59,202609339,"1,1,1,1","W",1000,100,0,0,0,100
"unbalanced n, equal SD",200,"100, 160, 240, 300",4,1,1.6,"0.00, 0.25, 0.50, 0.75","ordered",59,202609339,"1,1,1,1","KW",1000,100,0,0,0,100
"unbalanced n, equal SD",200,"100, 160, 240, 300",4,1,1.6,"0.00, 0.25, 0.50, 0.75","ordered",59,202609339,"1,1,1,1","gate",1000,100,0,0,0,100
"unbalanced n, equal SD",200,"100, 160, 240, 300",5,2,6.6,"0.00, 0.25, 0.50, 0.75","ordered",60,202609340,"1,1,1,1","F",1000,100,0,0,0,100
"unbalanced n, equal SD",200,"100, 160, 240, 300",5,2,6.6,"0.00, 0.25, 0.50, 0.75","ordered",60,202609340,"1,1,1,1","W",1000,100,0,0,0,100
"unbalanced n, equal SD",200,"100, 160, 240, 300",5,2,6.6,"0.00, 0.25, 0.50, 0.75","ordered",60,202609340,"1,1,1,1","KW",1000,100,0,0,0,100
"unbalanced n, equal SD",200,"100, 160, 240, 300",5,2,6.6,"0.00, 0.25, 0.50, 0.75","ordered",60,202609340,"1,1,1,1","gate",1000,100,0,0,0,100
"balanced n, unequal SD",10,"10, 10, 10, 10",1,0,0,"0.00, 0.25, 0.50, 0.75","ordered",61,202609341,"1.000000000000000,1.414213562373095,2.000000000000000,2.236067977499790","F",1000,11.3,1.00115433375679,48.9,41.2,9.9
"balanced n, unequal SD",10,"10, 10, 10, 10",1,0,0,"0.00, 0.25, 0.50, 0.75","ordered",61,202609341,"1.000000000000000,1.414213562373095,2.000000000000000,2.236067977499790","W",1000,11.8,1.02017645532525,48.9,41.2,9.9
"balanced n, unequal SD",10,"10, 10, 10, 10",1,0,0,"0.00, 0.25, 0.50, 0.75","ordered",61,202609341,"1.000000000000000,1.414213562373095,2.000000000000000,2.236067977499790","KW",1000,9.9,0.944452222190196,48.9,41.2,9.9
"balanced n, unequal SD",10,"10, 10, 10, 10",1,0,0,"0.00, 0.25, 0.50, 0.75","ordered",61,202609341,"1.000000000000000,1.414213562373095,2.000000000000000,2.236067977499790","gate",1000,12,1.02761860629321,48.9,41.2,9.9
"balanced n, unequal SD",10,"10, 10, 10, 10",2,0,6,"0.00, 0.25, 0.50, 0.75","ordered",62,202609342,"1.000000000000000,1.414213562373095,2.000000000000000,2.236067977499790","F",1000,13,1.06348483769163,29.7,26.6,43.7
"balanced n, unequal SD",10,"10, 10, 10, 10",2,0,6,"0.00, 0.25, 0.50, 0.75","ordered",62,202609342,"1.000000000000000,1.414213562373095,2.000000000000000,2.236067977499790","W",1000,15,1.12915897906362,29.7,26.6,43.7
"balanced n, unequal SD",10,"10, 10, 10, 10",2,0,6,"0.00, 0.25, 0.50, 0.75","ordered",62,202609342,"1.000000000000000,1.414213562373095,2.000000000000000,2.236067977499790","KW",1000,16.8,1.18226900492231,29.7,26.6,43.7
"balanced n, unequal SD",10,"10, 10, 10, 10",2,0,6,"0.00, 0.25, 0.50, 0.75","ordered",62,202609342,"1.000000000000000,1.414213562373095,2.000000000000000,2.236067977499790","gate",1000,17.6,1.20425910833176,29.7,26.6,43.7
"balanced n, unequal SD",10,"10, 10, 10, 10",3,0.5,1,"0.00, 0.25, 0.50, 0.75","ordered",63,202609343,"1.000000000000000,1.414213562373095,2.000000000000000,2.236067977499790","F",1000,11.9,1.02390917565964,43.8,38.4,17.8
"balanced n, unequal SD",10,"10, 10, 10, 10",3,0.5,1,"0.00, 0.25, 0.50, 0.75","ordered",63,202609343,"1.000000000000000,1.414213562373095,2.000000000000000,2.236067977499790","W",1000,11.4,1.00500746265886,43.8,38.4,17.8
"balanced n, unequal SD",10,"10, 10, 10, 10",3,0.5,1,"0.00, 0.25, 0.50, 0.75","ordered",63,202609343,"1.000000000000000,1.414213562373095,2.000000000000000,2.236067977499790","KW",1000,10.8,0.98150904224057,43.8,38.4,17.8
"balanced n, unequal SD",10,"10, 10, 10, 10",3,0.5,1,"0.00, 0.25, 0.50, 0.75","ordered",63,202609343,"1.000000000000000,1.414213562373095,2.000000000000000,2.236067977499790","gate",1000,13.8,1.09066951914867,43.8,38.4,17.8
"balanced n, unequal SD",10,"10, 10, 10, 10",4,1,1.6,"0.00, 0.25, 0.50, 0.75","ordered",64,202609344,"1.000000000000000,1.414213562373095,2.000000000000000,2.236067977499790","F",1000,8.8,0.895857131466843,31.1,38.5,30.4
"balanced n, unequal SD",10,"10, 10, 10, 10",4,1,1.6,"0.00, 0.25, 0.50, 0.75","ordered",64,202609344,"1.000000000000000,1.414213562373095,2.000000000000000,2.236067977499790","W",1000,7.7,0.843036179532053,31.1,38.5,30.4
"balanced n, unequal SD",10,"10, 10, 10, 10",4,1,1.6,"0.00, 0.25, 0.50, 0.75","ordered",64,202609344,"1.000000000000000,1.414213562373095,2.000000000000000,2.236067977499790","KW",1000,6.1,0.756828910652864,31.1,38.5,30.4
"balanced n, unequal SD",10,"10, 10, 10, 10",4,1,1.6,"0.00, 0.25, 0.50, 0.75","ordered",64,202609344,"1.000000000000000,1.414213562373095,2.000000000000000,2.236067977499790","gate",1000,8.8,0.895857131466843,31.1,38.5,30.4
"balanced n, unequal SD",10,"10, 10, 10, 10",5,2,6.6,"0.00, 0.25, 0.50, 0.75","ordered",65,202609345,"1.000000000000000,1.414213562373095,2.000000000000000,2.236067977499790","F",1000,8.9,0.900438781928011,6.2,23.1,70.7
"balanced n, unequal SD",10,"10, 10, 10, 10",5,2,6.6,"0.00, 0.25, 0.50, 0.75","ordered",65,202609345,"1.000000000000000,1.414213562373095,2.000000000000000,2.236067977499790","W",1000,8,0.857904423581089,6.2,23.1,70.7
"balanced n, unequal SD",10,"10, 10, 10, 10",5,2,6.6,"0.00, 0.25, 0.50, 0.75","ordered",65,202609345,"1.000000000000000,1.414213562373095,2.000000000000000,2.236067977499790","KW",1000,6.6,0.785136930732468,6.2,23.1,70.7
"balanced n, unequal SD",10,"10, 10, 10, 10",5,2,6.6,"0.00, 0.25, 0.50, 0.75","ordered",65,202609345,"1.000000000000000,1.414213562373095,2.000000000000000,2.236067977499790","gate",1000,8.6,0.886588969026798,6.2,23.1,70.7
"balanced n, unequal SD",20,"20, 20, 20, 20",1,0,0,"0.00, 0.25, 0.50, 0.75","ordered",66,202609346,"1.000000000000000,1.414213562373095,2.000000000000000,2.236067977499790","F",1000,18.8,1.23554036761249,15.8,76.8,7.4
"balanced n, unequal SD",20,"20, 20, 20, 20",1,0,0,"0.00, 0.25, 0.50, 0.75","ordered",66,202609346,"1.000000000000000,1.414213562373095,2.000000000000000,2.236067977499790","W",1000,20.8,1.28349522788361,15.8,76.8,7.4
"balanced n, unequal SD",20,"20, 20, 20, 20",1,0,0,"0.00, 0.25, 0.50, 0.75","ordered",66,202609346,"1.000000000000000,1.414213562373095,2.000000000000000,2.236067977499790","KW",1000,17.7,1.20694241784768,15.8,76.8,7.4
"balanced n, unequal SD",20,"20, 20, 20, 20",1,0,0,"0.00, 0.25, 0.50, 0.75","ordered",66,202609346,"1.000000000000000,1.414213562373095,2.000000000000000,2.236067977499790","gate",1000,21,1.28802173894698,15.8,76.8,7.4
"balanced n, unequal SD",20,"20, 20, 20, 20",2,0,6,"0.00, 0.25, 0.50, 0.75","ordered",67,202609347,"1.000000000000000,1.414213562373095,2.000000000000000,2.236067977499790","F",1000,21.1,1.29026741414329,5.6,29.7,64.7
"balanced n, unequal SD",20,"20, 20, 20, 20",2,0,6,"0.00, 0.25, 0.50, 0.75","ordered",67,202609347,"1.000000000000000,1.414213562373095,2.000000000000000,2.236067977499790","W",1000,25.6,1.38008695378226,5.6,29.7,64.7
"balanced n, unequal SD",20,"20, 20, 20, 20",2,0,6,"0.00, 0.25, 0.50, 0.75","ordered",67,202609347,"1.000000000000000,1.414213562373095,2.000000000000000,2.236067977499790","KW",1000,31.4,1.46766481186952,5.6,29.7,64.7
"balanced n, unequal SD",20,"20, 20, 20, 20",2,0,6,"0.00, 0.25, 0.50, 0.75","ordered",67,202609347,"1.000000000000000,1.414213562373095,2.000000000000000,2.236067977499790","gate",1000,30.1,1.45051370210695,5.6,29.7,64.7
"balanced n, unequal SD",20,"20, 20, 20, 20",3,0.5,1,"0.00, 0.25, 0.50, 0.75","ordered",68,202609348,"1.000000000000000,1.414213562373095,2.000000000000000,2.236067977499790","F",1000,16.5,1.17377595817941,11.5,63.7,24.8
"balanced n, unequal SD",20,"20, 20, 20, 20",3,0.5,1,"0.00, 0.25, 0.50, 0.75","ordered",68,202609348,"1.000000000000000,1.414213562373095,2.000000000000000,2.236067977499790","W",1000,18.1,1.21753439376471,11.5,63.7,24.8
"balanced n, unequal SD",20,"20, 20, 20, 20",3,0.5,1,"0.00, 0.25, 0.50, 0.75","ordered",68,202609348,"1.000000000000000,1.414213562373095,2.000000000000000,2.236067977499790","KW",1000,13.4,1.07723720693262,11.5,63.7,24.8
"balanced n, unequal SD",20,"20, 20, 20, 20",3,0.5,1,"0.00, 0.25, 0.50, 0.75","ordered",68,202609348,"1.000000000000000,1.414213562373095,2.000000000000000,2.236067977499790","gate",1000,17.6,1.20425910833176,11.5,63.7,24.8
"balanced n, unequal SD",20,"20, 20, 20, 20",4,1,1.6,"0.00, 0.25, 0.50, 0.75","ordered",69,202609349,"1.000000000000000,1.414213562373095,2.000000000000000,2.236067977499790","F",1000,16.4,1.17091417277271,4.6,40.2,55.2
"balanced n, unequal SD",20,"20, 20, 20, 20",4,1,1.6,"0.00, 0.25, 0.50, 0.75","ordered",69,202609349,"1.000000000000000,1.414213562373095,2.000000000000000,2.236067977499790","W",1000,18.5,1.22790471943062,4.6,40.2,55.2
"balanced n, unequal SD",20,"20, 20, 20, 20",4,1,1.6,"0.00, 0.25, 0.50, 0.75","ordered",69,202609349,"1.000000000000000,1.414213562373095,2.000000000000000,2.236067977499790","KW",1000,10.4,0.965318600255895,4.6,40.2,55.2
"balanced n, unequal SD",20,"20, 20, 20, 20",4,1,1.6,"0.00, 0.25, 0.50, 0.75","ordered",69,202609349,"1.000000000000000,1.414213562373095,2.000000000000000,2.236067977499790","gate",1000,14.9,1.12605062053178,4.6,40.2,55.2
"balanced n, unequal SD",20,"20, 20, 20, 20",5,2,6.6,"0.00, 0.25, 0.50, 0.75","ordered",70,202609350,"1.000000000000000,1.414213562373095,2.000000000000000,2.236067977499790","F",1000,18,1.214907403879,0.1,4.9,95
"balanced n, unequal SD",20,"20, 20, 20, 20",5,2,6.6,"0.00, 0.25, 0.50, 0.75","ordered",70,202609350,"1.000000000000000,1.414213562373095,2.000000000000000,2.236067977499790","W",1000,18.6,1.230463327369,0.1,4.9,95
"balanced n, unequal SD",20,"20, 20, 20, 20",5,2,6.6,"0.00, 0.25, 0.50, 0.75","ordered",70,202609350,"1.000000000000000,1.414213562373095,2.000000000000000,2.236067977499790","KW",1000,8.5,0.881901355027874,0.1,4.9,95
"balanced n, unequal SD",20,"20, 20, 20, 20",5,2,6.6,"0.00, 0.25, 0.50, 0.75","ordered",70,202609350,"1.000000000000000,1.414213562373095,2.000000000000000,2.236067977499790","gate",1000,10.4,0.965318600255895,0.1,4.9,95
"balanced n, unequal SD",30,"30, 30, 30, 30",1,0,0,"0.00, 0.25, 0.50, 0.75","ordered",71,202609351,"1.000000000000000,1.414213562373095,2.000000000000000,2.236067977499790","F",1000,26.9,1.40228028582021,4.1,91.2,4.7
"balanced n, unequal SD",30,"30, 30, 30, 30",1,0,0,"0.00, 0.25, 0.50, 0.75","ordered",71,202609351,"1.000000000000000,1.414213562373095,2.000000000000000,2.236067977499790","W",1000,30.6,1.45727142289966,4.1,91.2,4.7
"balanced n, unequal SD",30,"30, 30, 30, 30",1,0,0,"0.00, 0.25, 0.50, 0.75","ordered",71,202609351,"1.000000000000000,1.414213562373095,2.000000000000000,2.236067977499790","KW",1000,28.2,1.42294061717276,4.1,91.2,4.7
"balanced n, unequal SD",30,"30, 30, 30, 30",1,0,0,"0.00, 0.25, 0.50, 0.75","ordered",71,202609351,"1.000000000000000,1.414213562373095,2.000000000000000,2.236067977499790","gate",1000,30.5,1.45593612497252,4.1,91.2,4.7
"balanced n, unequal SD",30,"30, 30, 30, 30",2,0,6,"0.00, 0.25, 0.50, 0.75","ordered",72,202609352,"1.000000000000000,1.414213562373095,2.000000000000000,2.236067977499790","F",1000,30.7,1.4585986425333,0.7,20.9,78.4
"balanced n, unequal SD",30,"30, 30, 30, 30",2,0,6,"0.00, 0.25, 0.50, 0.75","ordered",72,202609352,"1.000000000000000,1.414213562373095,2.000000000000000,2.236067977499790","W",1000,37.8,1.53334927527945,0.7,20.9,78.4
"balanced n, unequal SD",30,"30, 30, 30, 30",2,0,6,"0.00, 0.25, 0.50, 0.75","ordered",72,202609352,"1.000000000000000,1.414213562373095,2.000000000000000,2.236067977499790","KW",1000,45.3,1.57413785927409,0.7,20.9,78.4
"balanced n, unequal SD",30,"30, 30, 30, 30",2,0,6,"0.00, 0.25, 0.50, 0.75","ordered",72,202609352,"1.000000000000000,1.414213562373095,2.000000000000000,2.236067977499790","gate",1000,44.3,1.57083099027235,0.7,20.9,78.4
"balanced n, unequal SD",30,"30, 30, 30, 30",3,0.5,1,"0.00, 0.25, 0.50, 0.75","ordered",73,202609353,"1.000000000000000,1.414213562373095,2.000000000000000,2.236067977499790","F",1000,25.8,1.38360398958662,2.7,65.9,31.4
"balanced n, unequal SD",30,"30, 30, 30, 30",3,0.5,1,"0.00, 0.25, 0.50, 0.75","ordered",73,202609353,"1.000000000000000,1.414213562373095,2.000000000000000,2.236067977499790","W",1000,29.5,1.44213383567545,2.7,65.9,31.4
"balanced n, unequal SD",30,"30, 30, 30, 30",3,0.5,1,"0.00, 0.25, 0.50, 0.75","ordered",73,202609353,"1.000000000000000,1.414213562373095,2.000000000000000,2.236067977499790","KW",1000,20.9,1.28576436410409,2.7,65.9,31.4
"balanced n, unequal SD",30,"30, 30, 30, 30",3,0.5,1,"0.00, 0.25, 0.50, 0.75","ordered",73,202609353,"1.000000000000000,1.414213562373095,2.000000000000000,2.236067977499790","gate",1000,27.7,1.41517136771488,2.7,65.9,31.4
"balanced n, unequal SD",30,"30, 30, 30, 30",4,1,1.6,"0.00, 0.25, 0.50, 0.75","ordered",74,202609354,"1.000000000000000,1.414213562373095,2.000000000000000,2.236067977499790","F",1000,25.6,1.38008695378226,0.4,30.8,68.8
"balanced n, unequal SD",30,"30, 30, 30, 30",4,1,1.6,"0.00, 0.25, 0.50, 0.75","ordered",74,202609354,"1.000000000000000,1.414213562373095,2.000000000000000,2.236067977499790","W",1000,29.3,1.43927412260486,0.4,30.8,68.8
"balanced n, unequal SD",30,"30, 30, 30, 30",4,1,1.6,"0.00, 0.25, 0.50, 0.75","ordered",74,202609354,"1.000000000000000,1.414213562373095,2.000000000000000,2.236067977499790","KW",1000,14.6,1.11661989951818,0.4,30.8,68.8
"balanced n, unequal SD",30,"30, 30, 30, 30",4,1,1.6,"0.00, 0.25, 0.50, 0.75","ordered",74,202609354,"1.000000000000000,1.414213562373095,2.000000000000000,2.236067977499790","gate",1000,20,1.26491106406735,0.4,30.8,68.8
"balanced n, unequal SD",30,"30, 30, 30, 30",5,2,6.6,"0.00, 0.25, 0.50, 0.75","ordered",75,202609355,"1.000000000000000,1.414213562373095,2.000000000000000,2.236067977499790","F",1000,25.1,1.37112727345057,0,0.1,99.9
"balanced n, unequal SD",30,"30, 30, 30, 30",5,2,6.6,"0.00, 0.25, 0.50, 0.75","ordered",75,202609355,"1.000000000000000,1.414213562373095,2.000000000000000,2.236067977499790","W",1000,28.7,1.43049292203771,0,0.1,99.9
"balanced n, unequal SD",30,"30, 30, 30, 30",5,2,6.6,"0.00, 0.25, 0.50, 0.75","ordered",75,202609355,"1.000000000000000,1.414213562373095,2.000000000000000,2.236067977499790","KW",1000,10.7,0.977501918156686,0,0.1,99.9
"balanced n, unequal SD",30,"30, 30, 30, 30",5,2,6.6,"0.00, 0.25, 0.50, 0.75","ordered",75,202609355,"1.000000000000000,1.414213562373095,2.000000000000000,2.236067977499790","gate",1000,10.8,0.98150904224057,0,0.1,99.9
"balanced n, unequal SD",50,"50, 50, 50, 50",1,0,0,"0.00, 0.25, 0.50, 0.75","ordered",76,202609356,"1.000000000000000,1.414213562373095,2.000000000000000,2.236067977499790","F",1000,43.4,1.56730341670016,0,95.6,4.4
"balanced n, unequal SD",50,"50, 50, 50, 50",1,0,0,"0.00, 0.25, 0.50, 0.75","ordered",76,202609356,"1.000000000000000,1.414213562373095,2.000000000000000,2.236067977499790","W",1000,51.8,1.58011391994375,0,95.6,4.4
"balanced n, unequal SD",50,"50, 50, 50, 50",1,0,0,"0.00, 0.25, 0.50, 0.75","ordered",76,202609356,"1.000000000000000,1.414213562373095,2.000000000000000,2.236067977499790","KW",1000,44,1.56971334962789,0,95.6,4.4
"balanced n, unequal SD",50,"50, 50, 50, 50",1,0,0,"0.00, 0.25, 0.50, 0.75","ordered",76,202609356,"1.000000000000000,1.414213562373095,2.000000000000000,2.236067977499790","gate",1000,51.4,1.58051890213309,0,95.6,4.4
"balanced n, unequal SD",50,"50, 50, 50, 50",2,0,6,"0.00, 0.25, 0.50, 0.75","ordered",77,202609357,"1.000000000000000,1.414213562373095,2.000000000000000,2.236067977499790","F",1000,48.5,1.58042715744826,0,6.8,93.2
"balanced n, unequal SD",50,"50, 50, 50, 50",2,0,6,"0.00, 0.25, 0.50, 0.75","ordered",77,202609357,"1.000000000000000,1.414213562373095,2.000000000000000,2.236067977499790","W",1000,56.1,1.56932788161047,0,6.8,93.2
"balanced n, unequal SD",50,"50, 50, 50, 50",2,0,6,"0.00, 0.25, 0.50, 0.75","ordered",77,202609357,"1.000000000000000,1.414213562373095,2.000000000000000,2.236067977499790","KW",1000,70.8,1.43783170086071,0,6.8,93.2
"balanced n, unequal SD",50,"50, 50, 50, 50",2,0,6,"0.00, 0.25, 0.50, 0.75","ordered",77,202609357,"1.000000000000000,1.414213562373095,2.000000000000000,2.236067977499790","gate",1000,70.2,1.44636095080032,0,6.8,93.2
"balanced n, unequal SD",50,"50, 50, 50, 50",3,0.5,1,"0.00, 0.25, 0.50, 0.75","ordered",78,202609358,"1.000000000000000,1.414213562373095,2.000000000000000,2.236067977499790","F",1000,42.9,1.56511660907422,0,55.7,44.3
"balanced n, unequal SD",50,"50, 50, 50, 50",3,0.5,1,"0.00, 0.25, 0.50, 0.75","ordered",78,202609358,"1.000000000000000,1.414213562373095,2.000000000000000,2.236067977499790","W",1000,48.5,1.58042715744826,0,55.7,44.3
"balanced n, unequal SD",50,"50, 50, 50, 50",3,0.5,1,"0.00, 0.25, 0.50, 0.75","ordered",78,202609358,"1.000000000000000,1.414213562373095,2.000000000000000,2.236067977499790","KW",1000,35.1,1.50930116279025,0,55.7,44.3
"balanced n, unequal SD",50,"50, 50, 50, 50",3,0.5,1,"0.00, 0.25, 0.50, 0.75","ordered",78,202609358,"1.000000000000000,1.414213562373095,2.000000000000000,2.236067977499790","gate",1000,41.8,1.55973074599432,0,55.7,44.3
"balanced n, unequal SD",50,"50, 50, 50, 50",4,1,1.6,"0.00, 0.25, 0.50, 0.75","ordered",79,202609359,"1.000000000000000,1.414213562373095,2.000000000000000,2.236067977499790","F",1000,45.4,1.5744332313566,0,8.8,91.2
"balanced n, unequal SD",50,"50, 50, 50, 50",4,1,1.6,"0.00, 0.25, 0.50, 0.75","ordered",79,202609359,"1.000000000000000,1.414213562373095,2.000000000000000,2.236067977499790","W",1000,51.8,1.58011391994375,0,8.8,91.2
"balanced n, unequal SD",50,"50, 50, 50, 50",4,1,1.6,"0.00, 0.25, 0.50, 0.75","ordered",79,202609359,"1.000000000000000,1.414213562373095,2.000000000000000,2.236067977499790","KW",1000,21.7,1.30349913693872,0,8.8,91.2
"balanced n, unequal SD",50,"50, 50, 50, 50",4,1,1.6,"0.00, 0.25, 0.50, 0.75","ordered",79,202609359,"1.000000000000000,1.414213562373095,2.000000000000000,2.236067977499790","gate",1000,24.4,1.35817524642441,0,8.8,91.2
"balanced n, unequal SD",50,"50, 50, 50, 50",5,2,6.6,"0.00, 0.25, 0.50, 0.75","ordered",80,202609360,"1.000000000000000,1.414213562373095,2.000000000000000,2.236067977499790","F",1000,44.3,1.57083099027235,0,0,100
"balanced n, unequal SD",50,"50, 50, 50, 50",5,2,6.6,"0.00, 0.25, 0.50, 0.75","ordered",80,202609360,"1.000000000000000,1.414213562373095,2.000000000000000,2.236067977499790","W",1000,49.1,1.58088266484265,0,0,100
"balanced n, unequal SD",50,"50, 50, 50, 50",5,2,6.6,"0.00, 0.25, 0.50, 0.75","ordered",80,202609360,"1.000000000000000,1.414213562373095,2.000000000000000,2.236067977499790","KW",1000,15.3,1.13838042850358,0,0,100
"balanced n, unequal SD",50,"50, 50, 50, 50",5,2,6.6,"0.00, 0.25, 0.50, 0.75","ordered",80,202609360,"1.000000000000000,1.414213562373095,2.000000000000000,2.236067977499790","gate",1000,15.3,1.13838042850358,0,0,100
"balanced n, unequal SD",100,"100, 100, 100, 100",1,0,0,"0.00, 0.25, 0.50, 0.75","ordered",81,202609361,"1.000000000000000,1.414213562373095,2.000000000000000,2.236067977499790","F",1000,78.8,1.29250145067617,0,94.4,5.6
"balanced n, unequal SD",100,"100, 100, 100, 100",1,0,0,"0.00, 0.25, 0.50, 0.75","ordered",81,202609361,"1.000000000000000,1.414213562373095,2.000000000000000,2.236067977499790","W",1000,85.3,1.11978122863352,0,94.4,5.6
"balanced n, unequal SD",100,"100, 100, 100, 100",1,0,0,"0.00, 0.25, 0.50, 0.75","ordered",81,202609361,"1.000000000000000,1.414213562373095,2.000000000000000,2.236067977499790","KW",1000,77.5,1.32051126462443,0,94.4,5.6
"balanced n, unequal SD",100,"100, 100, 100, 100",1,0,0,"0.00, 0.25, 0.50, 0.75","ordered",81,202609361,"1.000000000000000,1.414213562373095,2.000000000000000,2.236067977499790","gate",1000,84.7,1.13838042850358,0,94.4,5.6
"balanced n, unequal SD",100,"100, 100, 100, 100",2,0,6,"0.00, 0.25, 0.50, 0.75","ordered",82,202609362,"1.000000000000000,1.414213562373095,2.000000000000000,2.236067977499790","F",1000,78.2,1.30566458173606,0,0.1,99.9
"balanced n, unequal SD",100,"100, 100, 100, 100",2,0,6,"0.00, 0.25, 0.50, 0.75","ordered",82,202609362,"1.000000000000000,1.414213562373095,2.000000000000000,2.236067977499790","W",1000,85.3,1.11978122863352,0,0.1,99.9
"balanced n, unequal SD",100,"100, 100, 100, 100",2,0,6,"0.00, 0.25, 0.50, 0.75","ordered",82,202609362,"1.000000000000000,1.414213562373095,2.000000000000000,2.236067977499790","KW",1000,95.5,0.655553201502365,0,0.1,99.9
"balanced n, unequal SD",100,"100, 100, 100, 100",2,0,6,"0.00, 0.25, 0.50, 0.75","ordered",82,202609362,"1.000000000000000,1.414213562373095,2.000000000000000,2.236067977499790","gate",1000,95.5,0.655553201502365,0,0.1,99.9
"balanced n, unequal SD",100,"100, 100, 100, 100",3,0.5,1,"0.00, 0.25, 0.50, 0.75","ordered",83,202609363,"1.000000000000000,1.414213562373095,2.000000000000000,2.236067977499790","F",1000,78.1,1.30781879478772,0,28.1,71.9
"balanced n, unequal SD",100,"100, 100, 100, 100",3,0.5,1,"0.00, 0.25, 0.50, 0.75","ordered",83,202609363,"1.000000000000000,1.414213562373095,2.000000000000000,2.236067977499790","W",1000,84.3,1.15043904662524,0,28.1,71.9
"balanced n, unequal SD",100,"100, 100, 100, 100",3,0.5,1,"0.00, 0.25, 0.50, 0.75","ordered",83,202609363,"1.000000000000000,1.414213562373095,2.000000000000000,2.236067977499790","KW",1000,66.5,1.49256490646136,0,28.1,71.9
"balanced n, unequal SD",100,"100, 100, 100, 100",3,0.5,1,"0.00, 0.25, 0.50, 0.75","ordered",83,202609363,"1.000000000000000,1.414213562373095,2.000000000000000,2.236067977499790","gate",1000,71.1,1.43345387090063,0,28.1,71.9
"balanced n, unequal SD",100,"100, 100, 100, 100",4,1,1.6,"0.00, 0.25, 0.50, 0.75","ordered",84,202609364,"1.000000000000000,1.414213562373095,2.000000000000000,2.236067977499790","F",1000,76.6,1.33882037630147,0,0,100
"balanced n, unequal SD",100,"100, 100, 100, 100",4,1,1.6,"0.00, 0.25, 0.50, 0.75","ordered",84,202609364,"1.000000000000000,1.414213562373095,2.000000000000000,2.236067977499790","W",1000,83.4,1.17662228433767,0,0,100
"balanced n, unequal SD",100,"100, 100, 100, 100",4,1,1.6,"0.00, 0.25, 0.50, 0.75","ordered",84,202609364,"1.000000000000000,1.414213562373095,2.000000000000000,2.236067977499790","KW",1000,41.9,1.56025318458255,0,0,100
"balanced n, unequal SD",100,"100, 100, 100, 100",4,1,1.6,"0.00, 0.25, 0.50, 0.75","ordered",84,202609364,"1.000000000000000,1.414213562373095,2.000000000000000,2.236067977499790","gate",1000,41.9,1.56025318458255,0,0,100
"balanced n, unequal SD",100,"100, 100, 100, 100",5,2,6.6,"0.00, 0.25, 0.50, 0.75","ordered",85,202609365,"1.000000000000000,1.414213562373095,2.000000000000000,2.236067977499790","F",1000,78.7,1.29472390879291,0,0,100
"balanced n, unequal SD",100,"100, 100, 100, 100",5,2,6.6,"0.00, 0.25, 0.50, 0.75","ordered",85,202609365,"1.000000000000000,1.414213562373095,2.000000000000000,2.236067977499790","W",1000,84.1,1.15636931816786,0,0,100
"balanced n, unequal SD",100,"100, 100, 100, 100",5,2,6.6,"0.00, 0.25, 0.50, 0.75","ordered",85,202609365,"1.000000000000000,1.414213562373095,2.000000000000000,2.236067977499790","KW",1000,23.6,1.34277324965908,0,0,100
"balanced n, unequal SD",100,"100, 100, 100, 100",5,2,6.6,"0.00, 0.25, 0.50, 0.75","ordered",85,202609365,"1.000000000000000,1.414213562373095,2.000000000000000,2.236067977499790","gate",1000,23.6,1.34277324965908,0,0,100
"balanced n, unequal SD",200,"200, 200, 200, 200",1,0,0,"0.00, 0.25, 0.50, 0.75","ordered",86,202609366,"1.000000000000000,1.414213562373095,2.000000000000000,2.236067977499790","F",1000,98.1,0.431729081716764,0,94.5,5.5
"balanced n, unequal SD",200,"200, 200, 200, 200",1,0,0,"0.00, 0.25, 0.50, 0.75","ordered",86,202609366,"1.000000000000000,1.414213562373095,2.000000000000000,2.236067977499790","W",1000,99.5,0.223047080231955,0,94.5,5.5
"balanced n, unequal SD",200,"200, 200, 200, 200",1,0,0,"0.00, 0.25, 0.50, 0.75","ordered",86,202609366,"1.000000000000000,1.414213562373095,2.000000000000000,2.236067977499790","KW",1000,98.7,0.358203852575597,0,94.5,5.5
"balanced n, unequal SD",200,"200, 200, 200, 200",1,0,0,"0.00, 0.25, 0.50, 0.75","ordered",86,202609366,"1.000000000000000,1.414213562373095,2.000000000000000,2.236067977499790","gate",1000,99.5,0.223047080231955,0,94.5,5.5
"balanced n, unequal SD",200,"200, 200, 200, 200",2,0,6,"0.00, 0.25, 0.50, 0.75","ordered",87,202609367,"1.000000000000000,1.414213562373095,2.000000000000000,2.236067977499790","F",1000,97.7,0.474035863622153,0,0,100
"balanced n, unequal SD",200,"200, 200, 200, 200",2,0,6,"0.00, 0.25, 0.50, 0.75","ordered",87,202609367,"1.000000000000000,1.414213562373095,2.000000000000000,2.236067977499790","W",1000,99.6,0.199599599197994,0,0,100
"balanced n, unequal SD",200,"200, 200, 200, 200",2,0,6,"0.00, 0.25, 0.50, 0.75","ordered",87,202609367,"1.000000000000000,1.414213562373095,2.000000000000000,2.236067977499790","KW",1000,100,0,0,0,100
"balanced n, unequal SD",200,"200, 200, 200, 200",2,0,6,"0.00, 0.25, 0.50, 0.75","ordered",87,202609367,"1.000000000000000,1.414213562373095,2.000000000000000,2.236067977499790","gate",1000,100,0,0,0,100
"balanced n, unequal SD",200,"200, 200, 200, 200",3,0.5,1,"0.00, 0.25, 0.50, 0.75","ordered",88,202609368,"1.000000000000000,1.414213562373095,2.000000000000000,2.236067977499790","F",1000,98.6,0.371537346709587,0,6.2,93.8
"balanced n, unequal SD",200,"200, 200, 200, 200",3,0.5,1,"0.00, 0.25, 0.50, 0.75","ordered",88,202609368,"1.000000000000000,1.414213562373095,2.000000000000000,2.236067977499790","W",1000,99.4,0.244213021765835,0,6.2,93.8
"balanced n, unequal SD",200,"200, 200, 200, 200",3,0.5,1,"0.00, 0.25, 0.50, 0.75","ordered",88,202609368,"1.000000000000000,1.414213562373095,2.000000000000000,2.236067977499790","KW",1000,94.4,0.727076337120113,0,6.2,93.8
"balanced n, unequal SD",200,"200, 200, 200, 200",3,0.5,1,"0.00, 0.25, 0.50, 0.75","ordered",88,202609368,"1.000000000000000,1.414213562373095,2.000000000000000,2.236067977499790","gate",1000,94.8,0.702111102319284,0,6.2,93.8
"balanced n, unequal SD",200,"200, 200, 200, 200",4,1,1.6,"0.00, 0.25, 0.50, 0.75","ordered",89,202609369,"1.000000000000000,1.414213562373095,2.000000000000000,2.236067977499790","F",1000,99,0.314642654451046,0,0,100
"balanced n, unequal SD",200,"200, 200, 200, 200",4,1,1.6,"0.00, 0.25, 0.50, 0.75","ordered",89,202609369,"1.000000000000000,1.414213562373095,2.000000000000000,2.236067977499790","W",1000,99.3,0.263647491928143,0,0,100
"balanced n, unequal SD",200,"200, 200, 200, 200",4,1,1.6,"0.00, 0.25, 0.50, 0.75","ordered",89,202609369,"1.000000000000000,1.414213562373095,2.000000000000000,2.236067977499790","KW",1000,73.8,1.39052508067996,0,0,100
"balanced n, unequal SD",200,"200, 200, 200, 200",4,1,1.6,"0.00, 0.25, 0.50, 0.75","ordered",89,202609369,"1.000000000000000,1.414213562373095,2.000000000000000,2.236067977499790","gate",1000,73.8,1.39052508067996,0,0,100
"balanced n, unequal SD",200,"200, 200, 200, 200",5,2,6.6,"0.00, 0.25, 0.50, 0.75","ordered",90,202609370,"1.000000000000000,1.414213562373095,2.000000000000000,2.236067977499790","F",1000,98.4,0.396787096564392,0,0,100
"balanced n, unequal SD",200,"200, 200, 200, 200",5,2,6.6,"0.00, 0.25, 0.50, 0.75","ordered",90,202609370,"1.000000000000000,1.414213562373095,2.000000000000000,2.236067977499790","W",1000,99.3,0.263647491928143,0,0,100
"balanced n, unequal SD",200,"200, 200, 200, 200",5,2,6.6,"0.00, 0.25, 0.50, 0.75","ordered",90,202609370,"1.000000000000000,1.414213562373095,2.000000000000000,2.236067977499790","KW",1000,44.6,1.57189058143371,0,0,100
"balanced n, unequal SD",200,"200, 200, 200, 200",5,2,6.6,"0.00, 0.25, 0.50, 0.75","ordered",90,202609370,"1.000000000000000,1.414213562373095,2.000000000000000,2.236067977499790","gate",1000,44.6,1.57189058143371,0,0,100
"unbalanced n, larger n with larger SD",10,"5, 8, 12, 15",1,0,0,"0.00, 0.25, 0.50, 0.75","ordered",91,202609371,"1.000000000000000,1.414213562373095,2.000000000000000,2.236067977499790","F",1000,4.4,0.648567652600714,69.7,22.5,7.8
"unbalanced n, larger n with larger SD",10,"5, 8, 12, 15",1,0,0,"0.00, 0.25, 0.50, 0.75","ordered",91,202609371,"1.000000000000000,1.414213562373095,2.000000000000000,2.236067977499790","W",1000,13.7,1.08734079294396,69.7,22.5,7.8
"unbalanced n, larger n with larger SD",10,"5, 8, 12, 15",1,0,0,"0.00, 0.25, 0.50, 0.75","ordered",91,202609371,"1.000000000000000,1.414213562373095,2.000000000000000,2.236067977499790","KW",1000,4.7,0.669260786241059,69.7,22.5,7.8
"unbalanced n, larger n with larger SD",10,"5, 8, 12, 15",1,0,0,"0.00, 0.25, 0.50, 0.75","ordered",91,202609371,"1.000000000000000,1.414213562373095,2.000000000000000,2.236067977499790","gate",1000,8.4,0.877177291087725,69.7,22.5,7.8
"unbalanced n, larger n with larger SD",10,"5, 8, 12, 15",2,0,6,"0.00, 0.25, 0.50, 0.75","ordered",92,202609372,"1.000000000000000,1.414213562373095,2.000000000000000,2.236067977499790","F",1000,7.4,0.827792244467173,42.2,10,47.8
"unbalanced n, larger n with larger SD",10,"5, 8, 12, 15",2,0,6,"0.00, 0.25, 0.50, 0.75","ordered",92,202609372,"1.000000000000000,1.414213562373095,2.000000000000000,2.236067977499790","W",1000,12.8,1.05648473723003,42.2,10,47.8
"unbalanced n, larger n with larger SD",10,"5, 8, 12, 15",2,0,6,"0.00, 0.25, 0.50, 0.75","ordered",92,202609372,"1.000000000000000,1.414213562373095,2.000000000000000,2.236067977499790","KW",1000,8.8,0.895857131466843,42.2,10,47.8
"unbalanced n, larger n with larger SD",10,"5, 8, 12, 15",2,0,6,"0.00, 0.25, 0.50, 0.75","ordered",92,202609372,"1.000000000000000,1.414213562373095,2.000000000000000,2.236067977499790","gate",1000,10.3,0.96120237203203,42.2,10,47.8
"unbalanced n, larger n with larger SD",10,"5, 8, 12, 15",3,0.5,1,"0.00, 0.25, 0.50, 0.75","ordered",93,202609373,"1.000000000000000,1.414213562373095,2.000000000000000,2.236067977499790","F",1000,4.4,0.648567652600714,58.2,21.2,20.6
"unbalanced n, larger n with larger SD",10,"5, 8, 12, 15",3,0.5,1,"0.00, 0.25, 0.50, 0.75","ordered",93,202609373,"1.000000000000000,1.414213562373095,2.000000000000000,2.236067977499790","W",1000,11.2,0.997276290703835,58.2,21.2,20.6
"unbalanced n, larger n with larger SD",10,"5, 8, 12, 15",3,0.5,1,"0.00, 0.25, 0.50, 0.75","ordered",93,202609373,"1.000000000000000,1.414213562373095,2.000000000000000,2.236067977499790","KW",1000,4.9,0.682634602111554,58.2,21.2,20.6
"unbalanced n, larger n with larger SD",10,"5, 8, 12, 15",3,0.5,1,"0.00, 0.25, 0.50, 0.75","ordered",93,202609373,"1.000000000000000,1.414213562373095,2.000000000000000,2.236067977499790","gate",1000,7.8,0.848033018225116,58.2,21.2,20.6
"unbalanced n, larger n with larger SD",10,"5, 8, 12, 15",4,1,1.6,"0.00, 0.25, 0.50, 0.75","ordered",94,202609374,"1.000000000000000,1.414213562373095,2.000000000000000,2.236067977499790","F",1000,4.3,0.641490451994416,41,23.5,35.5
"unbalanced n, larger n with larger SD",10,"5, 8, 12, 15",4,1,1.6,"0.00, 0.25, 0.50, 0.75","ordered",94,202609374,"1.000000000000000,1.414213562373095,2.000000000000000,2.236067977499790","W",1000,12.9,1.05999528300837,41,23.5,35.5
"unbalanced n, larger n with larger SD",10,"5, 8, 12, 15",4,1,1.6,"0.00, 0.25, 0.50, 0.75","ordered",94,202609374,"1.000000000000000,1.414213562373095,2.000000000000000,2.236067977499790","KW",1000,4.7,0.669260786241059,41,23.5,35.5
"unbalanced n, larger n with larger SD",10,"5, 8, 12, 15",4,1,1.6,"0.00, 0.25, 0.50, 0.75","ordered",94,202609374,"1.000000000000000,1.414213562373095,2.000000000000000,2.236067977499790","gate",1000,8.2,0.867617427210865,41,23.5,35.5
"unbalanced n, larger n with larger SD",10,"5, 8, 12, 15",5,2,6.6,"0.00, 0.25, 0.50, 0.75","ordered",95,202609375,"1.000000000000000,1.414213562373095,2.000000000000000,2.236067977499790","F",1000,3.9,0.612200947402076,6.2,14.1,79.7
"unbalanced n, larger n with larger SD",10,"5, 8, 12, 15",5,2,6.6,"0.00, 0.25, 0.50, 0.75","ordered",95,202609375,"1.000000000000000,1.414213562373095,2.000000000000000,2.236067977499790","W",1000,14.5,1.11344061359374,6.2,14.1,79.7
"unbalanced n, larger n with larger SD",10,"5, 8, 12, 15",5,2,6.6,"0.00, 0.25, 0.50, 0.75","ordered",95,202609375,"1.000000000000000,1.414213562373095,2.000000000000000,2.236067977499790","KW",1000,4.8,0.675988165576883,6.2,14.1,79.7
"unbalanced n, larger n with larger SD",10,"5, 8, 12, 15",5,2,6.6,"0.00, 0.25, 0.50, 0.75","ordered",95,202609375,"1.000000000000000,1.414213562373095,2.000000000000000,2.236067977499790","gate",1000,7.6,0.837997613361757,6.2,14.1,79.7
"unbalanced n, larger n with larger SD",20,"10, 16, 24, 30",1,0,0,"0.00, 0.25, 0.50, 0.75","ordered",96,202609376,"1.000000000000000,1.414213562373095,2.000000000000000,2.236067977499790","F",1000,9.7,0.935900635751467,36.8,54.2,9
"unbalanced n, larger n with larger SD",20,"10, 16, 24, 30",1,0,0,"0.00, 0.25, 0.50, 0.75","ordered",96,202609376,"1.000000000000000,1.414213562373095,2.000000000000000,2.236067977499790","W",1000,18.7,1.23300851578568,36.8,54.2,9
"unbalanced n, larger n with larger SD",20,"10, 16, 24, 30",1,0,0,"0.00, 0.25, 0.50, 0.75","ordered",96,202609376,"1.000000000000000,1.414213562373095,2.000000000000000,2.236067977499790","KW",1000,10.8,0.98150904224057,36.8,54.2,9
"unbalanced n, larger n with larger SD",20,"10, 16, 24, 30",1,0,0,"0.00, 0.25, 0.50, 0.75","ordered",96,202609376,"1.000000000000000,1.414213562373095,2.000000000000000,2.236067977499790","gate",1000,17.5,1.20156148406979,36.8,54.2,9
"unbalanced n, larger n with larger SD",20,"10, 16, 24, 30",2,0,6,"0.00, 0.25, 0.50, 0.75","ordered",97,202609377,"1.000000000000000,1.414213562373095,2.000000000000000,2.236067977499790","F",1000,8.9,0.900438781928011,11.7,18.3,70
"unbalanced n, larger n with larger SD",20,"10, 16, 24, 30",2,0,6,"0.00, 0.25, 0.50, 0.75","ordered",97,202609377,"1.000000000000000,1.414213562373095,2.000000000000000,2.236067977499790","W",1000,22.1,1.31209374665075,11.7,18.3,70
"unbalanced n, larger n with larger SD",20,"10, 16, 24, 30",2,0,6,"0.00, 0.25, 0.50, 0.75","ordered",97,202609377,"1.000000000000000,1.414213562373095,2.000000000000000,2.236067977499790","KW",1000,18.8,1.23554036761249,11.7,18.3,70
"unbalanced n, larger n with larger SD",20,"10, 16, 24, 30",2,0,6,"0.00, 0.25, 0.50, 0.75","ordered",97,202609377,"1.000000000000000,1.414213562373095,2.000000000000000,2.236067977499790","gate",1000,20.9,1.28576436410409,11.7,18.3,70
"unbalanced n, larger n with larger SD",20,"10, 16, 24, 30",3,0.5,1,"0.00, 0.25, 0.50, 0.75","ordered",98,202609378,"1.000000000000000,1.414213562373095,2.000000000000000,2.236067977499790","F",1000,8.1,0.862780389206894,28.5,43.1,28.4
"unbalanced n, larger n with larger SD",20,"10, 16, 24, 30",3,0.5,1,"0.00, 0.25, 0.50, 0.75","ordered",98,202609378,"1.000000000000000,1.414213562373095,2.000000000000000,2.236067977499790","W",1000,20.7,1.28121426779442,28.5,43.1,28.4
"unbalanced n, larger n with larger SD",20,"10, 16, 24, 30",3,0.5,1,"0.00, 0.25, 0.50, 0.75","ordered",98,202609378,"1.000000000000000,1.414213562373095,2.000000000000000,2.236067977499790","KW",1000,9.8,0.940191469861326,28.5,43.1,28.4
"unbalanced n, larger n with larger SD",20,"10, 16, 24, 30",3,0.5,1,"0.00, 0.25, 0.50, 0.75","ordered",98,202609378,"1.000000000000000,1.414213562373095,2.000000000000000,2.236067977499790","gate",1000,17.2,1.19338174948337,28.5,43.1,28.4
"unbalanced n, larger n with larger SD",20,"10, 16, 24, 30",4,1,1.6,"0.00, 0.25, 0.50, 0.75","ordered",99,202609379,"1.000000000000000,1.414213562373095,2.000000000000000,2.236067977499790","F",1000,7.6,0.837997613361757,9,30.8,60.2
"unbalanced n, larger n with larger SD",20,"10, 16, 24, 30",4,1,1.6,"0.00, 0.25, 0.50, 0.75","ordered",99,202609379,"1.000000000000000,1.414213562373095,2.000000000000000,2.236067977499790","W",1000,21.3,1.29472390879291,9,30.8,60.2
"unbalanced n, larger n with larger SD",20,"10, 16, 24, 30",4,1,1.6,"0.00, 0.25, 0.50, 0.75","ordered",99,202609379,"1.000000000000000,1.414213562373095,2.000000000000000,2.236067977499790","KW",1000,6.9,0.801492358042171,9,30.8,60.2
"unbalanced n, larger n with larger SD",20,"10, 16, 24, 30",4,1,1.6,"0.00, 0.25, 0.50, 0.75","ordered",99,202609379,"1.000000000000000,1.414213562373095,2.000000000000000,2.236067977499790","gate",1000,13.9,1.09397897603199,9,30.8,60.2
"unbalanced n, larger n with larger SD",20,"10, 16, 24, 30",5,2,6.6,"0.00, 0.25, 0.50, 0.75","ordered",100,202609380,"1.000000000000000,1.414213562373095,2.000000000000000,2.236067977499790","F",1000,7.9,0.852988862764339,0.1,2.3,97.6
"unbalanced n, larger n with larger SD",20,"10, 16, 24, 30",5,2,6.6,"0.00, 0.25, 0.50, 0.75","ordered",100,202609380,"1.000000000000000,1.414213562373095,2.000000000000000,2.236067977499790","W",1000,23.9,1.34862522592453,0.1,2.3,97.6
"unbalanced n, larger n with larger SD",20,"10, 16, 24, 30",5,2,6.6,"0.00, 0.25, 0.50, 0.75","ordered",100,202609380,"1.000000000000000,1.414213562373095,2.000000000000000,2.236067977499790","KW",1000,4.7,0.669260786241059,0.1,2.3,97.6
"unbalanced n, larger n with larger SD",20,"10, 16, 24, 30",5,2,6.6,"0.00, 0.25, 0.50, 0.75","ordered",100,202609380,"1.000000000000000,1.414213562373095,2.000000000000000,2.236067977499790","gate",1000,5.6,0.727076337120113,0.1,2.3,97.6
"unbalanced n, larger n with larger SD",30,"15, 24, 36, 45",1,0,0,"0.00, 0.25, 0.50, 0.75","ordered",101,202609381,"1.000000000000000,1.414213562373095,2.000000000000000,2.236067977499790","F",1000,14.9,1.12605062053178,14.4,79.1,6.5
"unbalanced n, larger n with larger SD",30,"15, 24, 36, 45",1,0,0,"0.00, 0.25, 0.50, 0.75","ordered",101,202609381,"1.000000000000000,1.414213562373095,2.000000000000000,2.236067977499790","W",1000,31,1.46253205093085,14.4,79.1,6.5
"unbalanced n, larger n with larger SD",30,"15, 24, 36, 45",1,0,0,"0.00, 0.25, 0.50, 0.75","ordered",101,202609381,"1.000000000000000,1.414213562373095,2.000000000000000,2.236067977499790","KW",1000,18.2,1.22014753206323,14.4,79.1,6.5
"unbalanced n, larger n with larger SD",30,"15, 24, 36, 45",1,0,0,"0.00, 0.25, 0.50, 0.75","ordered",101,202609381,"1.000000000000000,1.414213562373095,2.000000000000000,2.236067977499790","gate",1000,28.8,1.43197765345692,14.4,79.1,6.5
"unbalanced n, larger n with larger SD",30,"15, 24, 36, 45",2,0,6,"0.00, 0.25, 0.50, 0.75","ordered",102,202609382,"1.000000000000000,1.414213562373095,2.000000000000000,2.236067977499790","F",1000,15.5,1.14444309600784,2,15.5,82.5
"unbalanced n, larger n with larger SD",30,"15, 24, 36, 45",2,0,6,"0.00, 0.25, 0.50, 0.75","ordered",102,202609382,"1.000000000000000,1.414213562373095,2.000000000000000,2.236067977499790","W",1000,33.1,1.48808265899445,2,15.5,82.5
"unbalanced n, larger n with larger SD",30,"15, 24, 36, 45",2,0,6,"0.00, 0.25, 0.50, 0.75","ordered",102,202609382,"1.000000000000000,1.414213562373095,2.000000000000000,2.236067977499790","KW",1000,31.2,1.46511433000978,2,15.5,82.5
"unbalanced n, larger n with larger SD",30,"15, 24, 36, 45",2,0,6,"0.00, 0.25, 0.50, 0.75","ordered",102,202609382,"1.000000000000000,1.414213562373095,2.000000000000000,2.236067977499790","gate",1000,31.8,1.47267104269759,2,15.5,82.5
"unbalanced n, larger n with larger SD",30,"15, 24, 36, 45",3,0.5,1,"0.00, 0.25, 0.50, 0.75","ordered",103,202609383,"1.000000000000000,1.414213562373095,2.000000000000000,2.236067977499790","F",1000,12.2,1.03496859855746,8.5,58.9,32.6
"unbalanced n, larger n with larger SD",30,"15, 24, 36, 45",3,0.5,1,"0.00, 0.25, 0.50, 0.75","ordered",103,202609383,"1.000000000000000,1.414213562373095,2.000000000000000,2.236067977499790","W",1000,30.9,1.46122893483533,8.5,58.9,32.6
"unbalanced n, larger n with larger SD",30,"15, 24, 36, 45",3,0.5,1,"0.00, 0.25, 0.50, 0.75","ordered",103,202609383,"1.000000000000000,1.414213562373095,2.000000000000000,2.236067977499790","KW",1000,13.7,1.08734079294396,8.5,58.9,32.6
"unbalanced n, larger n with larger SD",30,"15, 24, 36, 45",3,0.5,1,"0.00, 0.25, 0.50, 0.75","ordered",103,202609383,"1.000000000000000,1.414213562373095,2.000000000000000,2.236067977499790","gate",1000,24.7,1.36378517369856,8.5,58.9,32.6
"unbalanced n, larger n with larger SD",30,"15, 24, 36, 45",4,1,1.6,"0.00, 0.25, 0.50, 0.75","ordered",104,202609384,"1.000000000000000,1.414213562373095,2.000000000000000,2.236067977499790","F",1000,13.1,1.06695360723885,0.6,25.4,74
"unbalanced n, larger n with larger SD",30,"15, 24, 36, 45",4,1,1.6,"0.00, 0.25, 0.50, 0.75","ordered",104,202609384,"1.000000000000000,1.414213562373095,2.000000000000000,2.236067977499790","W",1000,31,1.46253205093085,0.6,25.4,74
"unbalanced n, larger n with larger SD",30,"15, 24, 36, 45",4,1,1.6,"0.00, 0.25, 0.50, 0.75","ordered",104,202609384,"1.000000000000000,1.414213562373095,2.000000000000000,2.236067977499790","KW",1000,10.4,0.965318600255895,0.6,25.4,74
"unbalanced n, larger n with larger SD",30,"15, 24, 36, 45",4,1,1.6,"0.00, 0.25, 0.50, 0.75","ordered",104,202609384,"1.000000000000000,1.414213562373095,2.000000000000000,2.236067977499790","gate",1000,17.2,1.19338174948337,0.6,25.4,74
"unbalanced n, larger n with larger SD",30,"15, 24, 36, 45",5,2,6.6,"0.00, 0.25, 0.50, 0.75","ordered",105,202609385,"1.000000000000000,1.414213562373095,2.000000000000000,2.236067977499790","F",1000,9.9,0.944452222190196,0,0.1,99.9
"unbalanced n, larger n with larger SD",30,"15, 24, 36, 45",5,2,6.6,"0.00, 0.25, 0.50, 0.75","ordered",105,202609385,"1.000000000000000,1.414213562373095,2.000000000000000,2.236067977499790","W",1000,31.9,1.47390298188178,0,0.1,99.9
"unbalanced n, larger n with larger SD",30,"15, 24, 36, 45",5,2,6.6,"0.00, 0.25, 0.50, 0.75","ordered",105,202609385,"1.000000000000000,1.414213562373095,2.000000000000000,2.236067977499790","KW",1000,5.1,0.695693898205238,0,0.1,99.9
"unbalanced n, larger n with larger SD",30,"15, 24, 36, 45",5,2,6.6,"0.00, 0.25, 0.50, 0.75","ordered",105,202609385,"1.000000000000000,1.414213562373095,2.000000000000000,2.236067977499790","gate",1000,5.1,0.695693898205238,0,0.1,99.9
"unbalanced n, larger n with larger SD",50,"25, 40, 60, 75",1,0,0,"0.00, 0.25, 0.50, 0.75","ordered",106,202609386,"1.000000000000000,1.414213562373095,2.000000000000000,2.236067977499790","F",1000,25.4,1.37653187394989,0.4,93.9,5.7
"unbalanced n, larger n with larger SD",50,"25, 40, 60, 75",1,0,0,"0.00, 0.25, 0.50, 0.75","ordered",106,202609386,"1.000000000000000,1.414213562373095,2.000000000000000,2.236067977499790","W",1000,48.3,1.58022466757104,0.4,93.9,5.7
"unbalanced n, larger n with larger SD",50,"25, 40, 60, 75",1,0,0,"0.00, 0.25, 0.50, 0.75","ordered",106,202609386,"1.000000000000000,1.414213562373095,2.000000000000000,2.236067977499790","KW",1000,29,1.43492160064583,0.4,93.9,5.7
"unbalanced n, larger n with larger SD",50,"25, 40, 60, 75",1,0,0,"0.00, 0.25, 0.50, 0.75","ordered",106,202609386,"1.000000000000000,1.414213562373095,2.000000000000000,2.236067977499790","gate",1000,47.3,1.57883184665119,0.4,93.9,5.7
"unbalanced n, larger n with larger SD",50,"25, 40, 60, 75",2,0,6,"0.00, 0.25, 0.50, 0.75","ordered",107,202609387,"1.000000000000000,1.414213562373095,2.000000000000000,2.236067977499790","F",1000,27.9,1.41830532678969,0.1,7.2,92.7
"unbalanced n, larger n with larger SD",50,"25, 40, 60, 75",2,0,6,"0.00, 0.25, 0.50, 0.75","ordered",107,202609387,"1.000000000000000,1.414213562373095,2.000000000000000,2.236067977499790","W",1000,53,1.57829021412413,0.1,7.2,92.7
"unbalanced n, larger n with larger SD",50,"25, 40, 60, 75",2,0,6,"0.00, 0.25, 0.50, 0.75","ordered",107,202609387,"1.000000000000000,1.414213562373095,2.000000000000000,2.236067977499790","KW",1000,55,1.57321327225523,0.1,7.2,92.7
"unbalanced n, larger n with larger SD",50,"25, 40, 60, 75",2,0,6,"0.00, 0.25, 0.50, 0.75","ordered",107,202609387,"1.000000000000000,1.414213562373095,2.000000000000000,2.236067977499790","gate",1000,56.1,1.56932788161047,0.1,7.2,92.7
"unbalanced n, larger n with larger SD",50,"25, 40, 60, 75",3,0.5,1,"0.00, 0.25, 0.50, 0.75","ordered",108,202609388,"1.000000000000000,1.414213562373095,2.000000000000000,2.236067977499790","F",1000,28.3,1.42446832186609,0.5,55.6,43.9
"unbalanced n, larger n with larger SD",50,"25, 40, 60, 75",3,0.5,1,"0.00, 0.25, 0.50, 0.75","ordered",108,202609388,"1.000000000000000,1.414213562373095,2.000000000000000,2.236067977499790","W",1000,52.1,1.5797436500901,0.5,55.6,43.9
"unbalanced n, larger n with larger SD",50,"25, 40, 60, 75",3,0.5,1,"0.00, 0.25, 0.50, 0.75","ordered",108,202609388,"1.000000000000000,1.414213562373095,2.000000000000000,2.236067977499790","KW",1000,29.2,1.43783170086071,0.5,55.6,43.9
"unbalanced n, larger n with larger SD",50,"25, 40, 60, 75",3,0.5,1,"0.00, 0.25, 0.50, 0.75","ordered",108,202609388,"1.000000000000000,1.414213562373095,2.000000000000000,2.236067977499790","gate",1000,41.8,1.55973074599432,0.5,55.6,43.9
"unbalanced n, larger n with larger SD",50,"25, 40, 60, 75",4,1,1.6,"0.00, 0.25, 0.50, 0.75","ordered",109,202609389,"1.000000000000000,1.414213562373095,2.000000000000000,2.236067977499790","F",1000,26.7,1.39896747639107,0,8,92
"unbalanced n, larger n with larger SD",50,"25, 40, 60, 75",4,1,1.6,"0.00, 0.25, 0.50, 0.75","ordered",109,202609389,"1.000000000000000,1.414213562373095,2.000000000000000,2.236067977499790","W",1000,50.7,1.58098387088547,0,8,92
"unbalanced n, larger n with larger SD",50,"25, 40, 60, 75",4,1,1.6,"0.00, 0.25, 0.50, 0.75","ordered",109,202609389,"1.000000000000000,1.414213562373095,2.000000000000000,2.236067977499790","KW",1000,14.4,1.11024321659716,0,8,92
"unbalanced n, larger n with larger SD",50,"25, 40, 60, 75",4,1,1.6,"0.00, 0.25, 0.50, 0.75","ordered",109,202609389,"1.000000000000000,1.414213562373095,2.000000000000000,2.236067977499790","gate",1000,17.6,1.20425910833176,0,8,92
"unbalanced n, larger n with larger SD",50,"25, 40, 60, 75",5,2,6.6,"0.00, 0.25, 0.50, 0.75","ordered",110,202609390,"1.000000000000000,1.414213562373095,2.000000000000000,2.236067977499790","F",1000,24.2,1.35438546950268,0,0,100
"unbalanced n, larger n with larger SD",50,"25, 40, 60, 75",5,2,6.6,"0.00, 0.25, 0.50, 0.75","ordered",110,202609390,"1.000000000000000,1.414213562373095,2.000000000000000,2.236067977499790","W",1000,53.3,1.57769135131052,0,0,100
"unbalanced n, larger n with larger SD",50,"25, 40, 60, 75",5,2,6.6,"0.00, 0.25, 0.50, 0.75","ordered",110,202609390,"1.000000000000000,1.414213562373095,2.000000000000000,2.236067977499790","KW",1000,10,0.948683298050514,0,0,100
"unbalanced n, larger n with larger SD",50,"25, 40, 60, 75",5,2,6.6,"0.00, 0.25, 0.50, 0.75","ordered",110,202609390,"1.000000000000000,1.414213562373095,2.000000000000000,2.236067977499790","gate",1000,10,0.948683298050514,0,0,100
"unbalanced n, larger n with larger SD",100,"50, 80, 120, 150",1,0,0,"0.00, 0.25, 0.50, 0.75","ordered",111,202609391,"1.000000000000000,1.414213562373095,2.000000000000000,2.236067977499790","F",1000,57.3,1.56419627924375,0,95,5
"unbalanced n, larger n with larger SD",100,"50, 80, 120, 150",1,0,0,"0.00, 0.25, 0.50, 0.75","ordered",111,202609391,"1.000000000000000,1.414213562373095,2.000000000000000,2.236067977499790","W",1000,81.7,1.22274690758145,0,95,5
"unbalanced n, larger n with larger SD",100,"50, 80, 120, 150",1,0,0,"0.00, 0.25, 0.50, 0.75","ordered",111,202609391,"1.000000000000000,1.414213562373095,2.000000000000000,2.236067977499790","KW",1000,66.3,1.49476085043729,0,95,5
"unbalanced n, larger n with larger SD",100,"50, 80, 120, 150",1,0,0,"0.00, 0.25, 0.50, 0.75","ordered",111,202609391,"1.000000000000000,1.414213562373095,2.000000000000000,2.236067977499790","gate",1000,81,1.24056438768812,0,95,5
"unbalanced n, larger n with larger SD",100,"50, 80, 120, 150",2,0,6,"0.00, 0.25, 0.50, 0.75","ordered",112,202609392,"1.000000000000000,1.414213562373095,2.000000000000000,2.236067977499790","F",1000,60.1,1.54854447788883,0,0.2,99.8
"unbalanced n, larger n with larger SD",100,"50, 80, 120, 150",2,0,6,"0.00, 0.25, 0.50, 0.75","ordered",112,202609392,"1.000000000000000,1.414213562373095,2.000000000000000,2.236067977499790","W",1000,82.3,1.20694241784768,0,0.2,99.8
"unbalanced n, larger n with larger SD",100,"50, 80, 120, 150",2,0,6,"0.00, 0.25, 0.50, 0.75","ordered",112,202609392,"1.000000000000000,1.414213562373095,2.000000000000000,2.236067977499790","KW",1000,92,0.857904423581089,0,0.2,99.8
"unbalanced n, larger n with larger SD",100,"50, 80, 120, 150",2,0,6,"0.00, 0.25, 0.50, 0.75","ordered",112,202609392,"1.000000000000000,1.414213562373095,2.000000000000000,2.236067977499790","gate",1000,92,0.857904423581089,0,0.2,99.8
"unbalanced n, larger n with larger SD",100,"50, 80, 120, 150",3,0.5,1,"0.00, 0.25, 0.50, 0.75","ordered",113,202609393,"1.000000000000000,1.414213562373095,2.000000000000000,2.236067977499790","F",1000,59.4,1.55294558822903,0,28,72
"unbalanced n, larger n with larger SD",100,"50, 80, 120, 150",3,0.5,1,"0.00, 0.25, 0.50, 0.75","ordered",113,202609393,"1.000000000000000,1.414213562373095,2.000000000000000,2.236067977499790","W",1000,85.6,1.11024321659716,0,28,72
"unbalanced n, larger n with larger SD",100,"50, 80, 120, 150",3,0.5,1,"0.00, 0.25, 0.50, 0.75","ordered",113,202609393,"1.000000000000000,1.414213562373095,2.000000000000000,2.236067977499790","KW",1000,55.2,1.57256478403912,0,28,72
"unbalanced n, larger n with larger SD",100,"50, 80, 120, 150",3,0.5,1,"0.00, 0.25, 0.50, 0.75","ordered",113,202609393,"1.000000000000000,1.414213562373095,2.000000000000000,2.236067977499790","gate",1000,62.8,1.52845019545944,0,28,72
"unbalanced n, larger n with larger SD",100,"50, 80, 120, 150",4,1,1.6,"0.00, 0.25, 0.50, 0.75","ordered",114,202609394,"1.000000000000000,1.414213562373095,2.000000000000000,2.236067977499790","F",1000,59.1,1.55473148807117,0,0,100
"unbalanced n, larger n with larger SD",100,"50, 80, 120, 150",4,1,1.6,"0.00, 0.25, 0.50, 0.75","ordered",114,202609394,"1.000000000000000,1.414213562373095,2.000000000000000,2.236067977499790","W",1000,82.8,1.19338174948337,0,0,100
"unbalanced n, larger n with larger SD",100,"50, 80, 120, 150",4,1,1.6,"0.00, 0.25, 0.50, 0.75","ordered",114,202609394,"1.000000000000000,1.414213562373095,2.000000000000000,2.236067977499790","KW",1000,31.5,1.46892818068141,0,0,100
"unbalanced n, larger n with larger SD",100,"50, 80, 120, 150",4,1,1.6,"0.00, 0.25, 0.50, 0.75","ordered",114,202609394,"1.000000000000000,1.414213562373095,2.000000000000000,2.236067977499790","gate",1000,31.5,1.46892818068141,0,0,100
"unbalanced n, larger n with larger SD",100,"50, 80, 120, 150",5,2,6.6,"0.00, 0.25, 0.50, 0.75","ordered",115,202609395,"1.000000000000000,1.414213562373095,2.000000000000000,2.236067977499790","F",1000,59.6,1.55172162451904,0,0,100
"unbalanced n, larger n with larger SD",100,"50, 80, 120, 150",5,2,6.6,"0.00, 0.25, 0.50, 0.75","ordered",115,202609395,"1.000000000000000,1.414213562373095,2.000000000000000,2.236067977499790","W",1000,81,1.24056438768812,0,0,100
"unbalanced n, larger n with larger SD",100,"50, 80, 120, 150",5,2,6.6,"0.00, 0.25, 0.50, 0.75","ordered",115,202609395,"1.000000000000000,1.414213562373095,2.000000000000000,2.236067977499790","KW",1000,20.4,1.27429980773757,0,0,100
"unbalanced n, larger n with larger SD",100,"50, 80, 120, 150",5,2,6.6,"0.00, 0.25, 0.50, 0.75","ordered",115,202609395,"1.000000000000000,1.414213562373095,2.000000000000000,2.236067977499790","gate",1000,20.4,1.27429980773757,0,0,100
"unbalanced n, larger n with larger SD",200,"100, 160, 240, 300",1,0,0,"0.00, 0.25, 0.50, 0.75","ordered",116,202609396,"1.000000000000000,1.414213562373095,2.000000000000000,2.236067977499790","F",1000,93.8,0.762600813007697,0,95.8,4.2
"unbalanced n, larger n with larger SD",200,"100, 160, 240, 300",1,0,0,"0.00, 0.25, 0.50, 0.75","ordered",116,202609396,"1.000000000000000,1.414213562373095,2.000000000000000,2.236067977499790","W",1000,98.5,0.384382621875652,0,95.8,4.2
"unbalanced n, larger n with larger SD",200,"100, 160, 240, 300",1,0,0,"0.00, 0.25, 0.50, 0.75","ordered",116,202609396,"1.000000000000000,1.414213562373095,2.000000000000000,2.236067977499790","KW",1000,95.9,0.627048642451286,0,95.8,4.2
"unbalanced n, larger n with larger SD",200,"100, 160, 240, 300",1,0,0,"0.00, 0.25, 0.50, 0.75","ordered",116,202609396,"1.000000000000000,1.414213562373095,2.000000000000000,2.236067977499790","gate",1000,98.4,0.396787096564392,0,95.8,4.2
"unbalanced n, larger n with larger SD",200,"100, 160, 240, 300",2,0,6,"0.00, 0.25, 0.50, 0.75","ordered",117,202609397,"1.000000000000000,1.414213562373095,2.000000000000000,2.236067977499790","F",1000,93.3,0.790638982089803,0,0,100
"unbalanced n, larger n with larger SD",200,"100, 160, 240, 300",2,0,6,"0.00, 0.25, 0.50, 0.75","ordered",117,202609397,"1.000000000000000,1.414213562373095,2.000000000000000,2.236067977499790","W",1000,99,0.314642654451046,0,0,100
"unbalanced n, larger n with larger SD",200,"100, 160, 240, 300",2,0,6,"0.00, 0.25, 0.50, 0.75","ordered",117,202609397,"1.000000000000000,1.414213562373095,2.000000000000000,2.236067977499790","KW",1000,99.8,0.141279864099595,0,0,100
"unbalanced n, larger n with larger SD",200,"100, 160, 240, 300",2,0,6,"0.00, 0.25, 0.50, 0.75","ordered",117,202609397,"1.000000000000000,1.414213562373095,2.000000000000000,2.236067977499790","gate",1000,99.8,0.141279864099595,0,0,100
"unbalanced n, larger n with larger SD",200,"100, 160, 240, 300",3,0.5,1,"0.00, 0.25, 0.50, 0.75","ordered",118,202609398,"1.000000000000000,1.414213562373095,2.000000000000000,2.236067977499790","F",1000,92.3,0.843036179532053,0,4.6,95.4
"unbalanced n, larger n with larger SD",200,"100, 160, 240, 300",3,0.5,1,"0.00, 0.25, 0.50, 0.75","ordered",118,202609398,"1.000000000000000,1.414213562373095,2.000000000000000,2.236067977499790","W",1000,98.9,0.329833291224522,0,4.6,95.4
"unbalanced n, larger n with larger SD",200,"100, 160, 240, 300",3,0.5,1,"0.00, 0.25, 0.50, 0.75","ordered",118,202609398,"1.000000000000000,1.414213562373095,2.000000000000000,2.236067977499790","KW",1000,87.9,1.03130499853341,0,4.6,95.4
"unbalanced n, larger n with larger SD",200,"100, 160, 240, 300",3,0.5,1,"0.00, 0.25, 0.50, 0.75","ordered",118,202609398,"1.000000000000000,1.414213562373095,2.000000000000000,2.236067977499790","gate",1000,88.4,1.01264011376204,0,4.6,95.4
"unbalanced n, larger n with larger SD",200,"100, 160, 240, 300",4,1,1.6,"0.00, 0.25, 0.50, 0.75","ordered",119,202609399,"1.000000000000000,1.414213562373095,2.000000000000000,2.236067977499790","F",1000,92.6,0.827792244467173,0,0,100
"unbalanced n, larger n with larger SD",200,"100, 160, 240, 300",4,1,1.6,"0.00, 0.25, 0.50, 0.75","ordered",119,202609399,"1.000000000000000,1.414213562373095,2.000000000000000,2.236067977499790","W",1000,97.8,0.463853425124791,0,0,100
"unbalanced n, larger n with larger SD",200,"100, 160, 240, 300",4,1,1.6,"0.00, 0.25, 0.50, 0.75","ordered",119,202609399,"1.000000000000000,1.414213562373095,2.000000000000000,2.236067977499790","KW",1000,60.8,1.5438134602341,0,0,100
"unbalanced n, larger n with larger SD",200,"100, 160, 240, 300",4,1,1.6,"0.00, 0.25, 0.50, 0.75","ordered",119,202609399,"1.000000000000000,1.414213562373095,2.000000000000000,2.236067977499790","gate",1000,60.8,1.5438134602341,0,0,100
"unbalanced n, larger n with larger SD",200,"100, 160, 240, 300",5,2,6.6,"0.00, 0.25, 0.50, 0.75","ordered",120,202609400,"1.000000000000000,1.414213562373095,2.000000000000000,2.236067977499790","F",1000,95.4,0.662449998113065,0,0,100
"unbalanced n, larger n with larger SD",200,"100, 160, 240, 300",5,2,6.6,"0.00, 0.25, 0.50, 0.75","ordered",120,202609400,"1.000000000000000,1.414213562373095,2.000000000000000,2.236067977499790","W",1000,98.5,0.384382621875652,0,0,100
"unbalanced n, larger n with larger SD",200,"100, 160, 240, 300",5,2,6.6,"0.00, 0.25, 0.50, 0.75","ordered",120,202609400,"1.000000000000000,1.414213562373095,2.000000000000000,2.236067977499790","KW",1000,40.7,1.55354755318271,0,0,100
"unbalanced n, larger n with larger SD",200,"100, 160, 240, 300",5,2,6.6,"0.00, 0.25, 0.50, 0.75","ordered",120,202609400,"1.000000000000000,1.414213562373095,2.000000000000000,2.236067977499790","gate",1000,40.7,1.55354755318271,0,0,100
"unbalanced n, larger n with smaller SD",10,"5, 8, 12, 15",1,0,0,"0.00, 0.25, 0.50, 0.75","ordered",121,202609401,"2.236067977499790,2.000000000000000,1.414213562373095,1.000000000000000","F",1000,18.9,1.2380589646701,40.1,53.5,6.4
"unbalanced n, larger n with smaller SD",10,"5, 8, 12, 15",1,0,0,"0.00, 0.25, 0.50, 0.75","ordered",121,202609401,"2.236067977499790,2.000000000000000,1.414213562373095,1.000000000000000","W",1000,9.8,0.940191469861326,40.1,53.5,6.4
"unbalanced n, larger n with smaller SD",10,"5, 8, 12, 15",1,0,0,"0.00, 0.25, 0.50, 0.75","ordered",121,202609401,"2.236067977499790,2.000000000000000,1.414213562373095,1.000000000000000","KW",1000,13.8,1.09066951914867,40.1,53.5,6.4
"unbalanced n, larger n with smaller SD",10,"5, 8, 12, 15",1,0,0,"0.00, 0.25, 0.50, 0.75","ordered",121,202609401,"2.236067977499790,2.000000000000000,1.414213562373095,1.000000000000000","gate",1000,14.5,1.11344061359374,40.1,53.5,6.4
"unbalanced n, larger n with smaller SD",10,"5, 8, 12, 15",2,0,6,"0.00, 0.25, 0.50, 0.75","ordered",122,202609402,"2.236067977499790,2.000000000000000,1.414213562373095,1.000000000000000","F",1000,20.9,1.28576436410409,27.8,36.1,36.1
"unbalanced n, larger n with smaller SD",10,"5, 8, 12, 15",2,0,6,"0.00, 0.25, 0.50, 0.75","ordered",122,202609402,"2.236067977499790,2.000000000000000,1.414213562373095,1.000000000000000","W",1000,11.5,1.00883596287999,27.8,36.1,36.1
"unbalanced n, larger n with smaller SD",10,"5, 8, 12, 15",2,0,6,"0.00, 0.25, 0.50, 0.75","ordered",122,202609402,"2.236067977499790,2.000000000000000,1.414213562373095,1.000000000000000","KW",1000,19.4,1.25045591685593,27.8,36.1,36.1
"unbalanced n, larger n with smaller SD",10,"5, 8, 12, 15",2,0,6,"0.00, 0.25, 0.50, 0.75","ordered",122,202609402,"2.236067977499790,2.000000000000000,1.414213562373095,1.000000000000000","gate",1000,17.4,1.19884944842962,27.8,36.1,36.1
"unbalanced n, larger n with smaller SD",10,"5, 8, 12, 15",3,0.5,1,"0.00, 0.25, 0.50, 0.75","ordered",123,202609403,"2.236067977499790,2.000000000000000,1.414213562373095,1.000000000000000","F",1000,21.6,1.30132240432569,36.4,50.3,13.3
"unbalanced n, larger n with smaller SD",10,"5, 8, 12, 15",3,0.5,1,"0.00, 0.25, 0.50, 0.75","ordered",123,202609403,"2.236067977499790,2.000000000000000,1.414213562373095,1.000000000000000","W",1000,12.5,1.04582503316759,36.4,50.3,13.3
"unbalanced n, larger n with smaller SD",10,"5, 8, 12, 15",3,0.5,1,"0.00, 0.25, 0.50, 0.75","ordered",123,202609403,"2.236067977499790,2.000000000000000,1.414213562373095,1.000000000000000","KW",1000,17.2,1.19338174948337,36.4,50.3,13.3
"unbalanced n, larger n with smaller SD",10,"5, 8, 12, 15",3,0.5,1,"0.00, 0.25, 0.50, 0.75","ordered",123,202609403,"2.236067977499790,2.000000000000000,1.414213562373095,1.000000000000000","gate",1000,18.1,1.21753439376471,36.4,50.3,13.3
"unbalanced n, larger n with smaller SD",10,"5, 8, 12, 15",4,1,1.6,"0.00, 0.25, 0.50, 0.75","ordered",124,202609404,"2.236067977499790,2.000000000000000,1.414213562373095,1.000000000000000","F",1000,22.8,1.32671021704063,24.8,46.3,28.9
"unbalanced n, larger n with smaller SD",10,"5, 8, 12, 15",4,1,1.6,"0.00, 0.25, 0.50, 0.75","ordered",124,202609404,"2.236067977499790,2.000000000000000,1.414213562373095,1.000000000000000","W",1000,17.3,1.1961229033841,24.8,46.3,28.9
"unbalanced n, larger n with smaller SD",10,"5, 8, 12, 15",4,1,1.6,"0.00, 0.25, 0.50, 0.75","ordered",124,202609404,"2.236067977499790,2.000000000000000,1.414213562373095,1.000000000000000","KW",1000,22.2,1.31421459434904,24.8,46.3,28.9
"unbalanced n, larger n with smaller SD",10,"5, 8, 12, 15",4,1,1.6,"0.00, 0.25, 0.50, 0.75","ordered",124,202609404,"2.236067977499790,2.000000000000000,1.414213562373095,1.000000000000000","gate",1000,23.9,1.34862522592453,24.8,46.3,28.9
"unbalanced n, larger n with smaller SD",10,"5, 8, 12, 15",5,2,6.6,"0.00, 0.25, 0.50, 0.75","ordered",125,202609405,"2.236067977499790,2.000000000000000,1.414213562373095,1.000000000000000","F",1000,26.2,1.39052508067996,6.2,26.6,67.2
"unbalanced n, larger n with smaller SD",10,"5, 8, 12, 15",5,2,6.6,"0.00, 0.25, 0.50, 0.75","ordered",125,202609405,"2.236067977499790,2.000000000000000,1.414213562373095,1.000000000000000","W",1000,28.5,1.42749781085647,6.2,26.6,67.2
"unbalanced n, larger n with smaller SD",10,"5, 8, 12, 15",5,2,6.6,"0.00, 0.25, 0.50, 0.75","ordered",125,202609405,"2.236067977499790,2.000000000000000,1.414213562373095,1.000000000000000","KW",1000,37.8,1.53334927527945,6.2,26.6,67.2
"unbalanced n, larger n with smaller SD",10,"5, 8, 12, 15",5,2,6.6,"0.00, 0.25, 0.50, 0.75","ordered",125,202609405,"2.236067977499790,2.000000000000000,1.414213562373095,1.000000000000000","gate",1000,36.9,1.52590628807932,6.2,26.6,67.2
"unbalanced n, larger n with smaller SD",20,"10, 16, 24, 30",1,0,0,"0.00, 0.25, 0.50, 0.75","ordered",126,202609406,"2.236067977499790,2.000000000000000,1.414213562373095,1.000000000000000","F",1000,29.4,1.44070815920505,10.2,83.7,6.1
"unbalanced n, larger n with smaller SD",20,"10, 16, 24, 30",1,0,0,"0.00, 0.25, 0.50, 0.75","ordered",126,202609406,"2.236067977499790,2.000000000000000,1.414213562373095,1.000000000000000","W",1000,18.2,1.22014753206323,10.2,83.7,6.1
"unbalanced n, larger n with smaller SD",20,"10, 16, 24, 30",1,0,0,"0.00, 0.25, 0.50, 0.75","ordered",126,202609406,"2.236067977499790,2.000000000000000,1.414213562373095,1.000000000000000","KW",1000,22.1,1.31209374665075,10.2,83.7,6.1
"unbalanced n, larger n with smaller SD",20,"10, 16, 24, 30",1,0,0,"0.00, 0.25, 0.50, 0.75","ordered",126,202609406,"2.236067977499790,2.000000000000000,1.414213562373095,1.000000000000000","gate",1000,19.9,1.26253316788115,10.2,83.7,6.1
"unbalanced n, larger n with smaller SD",20,"10, 16, 24, 30",2,0,6,"0.00, 0.25, 0.50, 0.75","ordered",127,202609407,"2.236067977499790,2.000000000000000,1.414213562373095,1.000000000000000","F",1000,27.9,1.41830532678969,5.5,28.7,65.8
"unbalanced n, larger n with smaller SD",20,"10, 16, 24, 30",2,0,6,"0.00, 0.25, 0.50, 0.75","ordered",127,202609407,"2.236067977499790,2.000000000000000,1.414213562373095,1.000000000000000","W",1000,18.9,1.2380589646701,5.5,28.7,65.8
"unbalanced n, larger n with smaller SD",20,"10, 16, 24, 30",2,0,6,"0.00, 0.25, 0.50, 0.75","ordered",127,202609407,"2.236067977499790,2.000000000000000,1.414213562373095,1.000000000000000","KW",1000,30.7,1.4585986425333,5.5,28.7,65.8
"unbalanced n, larger n with smaller SD",20,"10, 16, 24, 30",2,0,6,"0.00, 0.25, 0.50, 0.75","ordered",127,202609407,"2.236067977499790,2.000000000000000,1.414213562373095,1.000000000000000","gate",1000,28.2,1.42294061717276,5.5,28.7,65.8
"unbalanced n, larger n with smaller SD",20,"10, 16, 24, 30",3,0.5,1,"0.00, 0.25, 0.50, 0.75","ordered",128,202609408,"2.236067977499790,2.000000000000000,1.414213562373095,1.000000000000000","F",1000,27.7,1.41517136771488,10.3,69.3,20.4
"unbalanced n, larger n with smaller SD",20,"10, 16, 24, 30",3,0.5,1,"0.00, 0.25, 0.50, 0.75","ordered",128,202609408,"2.236067977499790,2.000000000000000,1.414213562373095,1.000000000000000","W",1000,20.5,1.27661662216971,10.3,69.3,20.4
"unbalanced n, larger n with smaller SD",20,"10, 16, 24, 30",3,0.5,1,"0.00, 0.25, 0.50, 0.75","ordered",128,202609408,"2.236067977499790,2.000000000000000,1.414213562373095,1.000000000000000","KW",1000,28.7,1.43049292203771,10.3,69.3,20.4
"unbalanced n, larger n with smaller SD",20,"10, 16, 24, 30",3,0.5,1,"0.00, 0.25, 0.50, 0.75","ordered",128,202609408,"2.236067977499790,2.000000000000000,1.414213562373095,1.000000000000000","gate",1000,24.8,1.36563538325572,10.3,69.3,20.4
"unbalanced n, larger n with smaller SD",20,"10, 16, 24, 30",4,1,1.6,"0.00, 0.25, 0.50, 0.75","ordered",129,202609409,"2.236067977499790,2.000000000000000,1.414213562373095,1.000000000000000","F",1000,29.9,1.44775343204566,3.4,44.8,51.8
"unbalanced n, larger n with smaller SD",20,"10, 16, 24, 30",4,1,1.6,"0.00, 0.25, 0.50, 0.75","ordered",129,202609409,"2.236067977499790,2.000000000000000,1.414213562373095,1.000000000000000","W",1000,25.4,1.37653187394989,3.4,44.8,51.8
"unbalanced n, larger n with smaller SD",20,"10, 16, 24, 30",4,1,1.6,"0.00, 0.25, 0.50, 0.75","ordered",129,202609409,"2.236067977499790,2.000000000000000,1.414213562373095,1.000000000000000","KW",1000,38.8,1.54096073927923,3.4,44.8,51.8
"unbalanced n, larger n with smaller SD",20,"10, 16, 24, 30",4,1,1.6,"0.00, 0.25, 0.50, 0.75","ordered",129,202609409,"2.236067977499790,2.000000000000000,1.414213562373095,1.000000000000000","gate",1000,35.9,1.51696736945789,3.4,44.8,51.8
"unbalanced n, larger n with smaller SD",20,"10, 16, 24, 30",5,2,6.6,"0.00, 0.25, 0.50, 0.75","ordered",130,202609410,"2.236067977499790,2.000000000000000,1.414213562373095,1.000000000000000","F",1000,33.7,1.49476085043729,0.2,3.3,96.5
"unbalanced n, larger n with smaller SD",20,"10, 16, 24, 30",5,2,6.6,"0.00, 0.25, 0.50, 0.75","ordered",130,202609410,"2.236067977499790,2.000000000000000,1.414213562373095,1.000000000000000","W",1000,37.4,1.53011110707687,0.2,3.3,96.5
"unbalanced n, larger n with smaller SD",20,"10, 16, 24, 30",5,2,6.6,"0.00, 0.25, 0.50, 0.75","ordered",130,202609410,"2.236067977499790,2.000000000000000,1.414213562373095,1.000000000000000","KW",1000,67.2,1.48464137083674,0.2,3.3,96.5
"unbalanced n, larger n with smaller SD",20,"10, 16, 24, 30",5,2,6.6,"0.00, 0.25, 0.50, 0.75","ordered",130,202609410,"2.236067977499790,2.000000000000000,1.414213562373095,1.000000000000000","gate",1000,66.8,1.48921455808087,0.2,3.3,96.5
"unbalanced n, larger n with smaller SD",30,"15, 24, 36, 45",1,0,0,"0.00, 0.25, 0.50, 0.75","ordered",131,202609411,"2.236067977499790,2.000000000000000,1.414213562373095,1.000000000000000","F",1000,36,1.51789327688082,2.8,92.8,4.4
"unbalanced n, larger n with smaller SD",30,"15, 24, 36, 45",1,0,0,"0.00, 0.25, 0.50, 0.75","ordered",131,202609411,"2.236067977499790,2.000000000000000,1.414213562373095,1.000000000000000","W",1000,24.5,1.36005514594078,2.8,92.8,4.4
"unbalanced n, larger n with smaller SD",30,"15, 24, 36, 45",1,0,0,"0.00, 0.25, 0.50, 0.75","ordered",131,202609411,"2.236067977499790,2.000000000000000,1.414213562373095,1.000000000000000","KW",1000,28.5,1.42749781085647,2.8,92.8,4.4
"unbalanced n, larger n with smaller SD",30,"15, 24, 36, 45",1,0,0,"0.00, 0.25, 0.50, 0.75","ordered",131,202609411,"2.236067977499790,2.000000000000000,1.414213562373095,1.000000000000000","gate",1000,24.5,1.36005514594078,2.8,92.8,4.4
"unbalanced n, larger n with smaller SD",30,"15, 24, 36, 45",2,0,6,"0.00, 0.25, 0.50, 0.75","ordered",132,202609412,"2.236067977499790,2.000000000000000,1.414213562373095,1.000000000000000","F",1000,38.1,1.53570504980611,1.1,21.5,77.4
"unbalanced n, larger n with smaller SD",30,"15, 24, 36, 45",2,0,6,"0.00, 0.25, 0.50, 0.75","ordered",132,202609412,"2.236067977499790,2.000000000000000,1.414213562373095,1.000000000000000","W",1000,28.7,1.43049292203771,1.1,21.5,77.4
"unbalanced n, larger n with smaller SD",30,"15, 24, 36, 45",2,0,6,"0.00, 0.25, 0.50, 0.75","ordered",132,202609412,"2.236067977499790,2.000000000000000,1.414213562373095,1.000000000000000","KW",1000,42.5,1.56324982008635,1.1,21.5,77.4
"unbalanced n, larger n with smaller SD",30,"15, 24, 36, 45",2,0,6,"0.00, 0.25, 0.50, 0.75","ordered",132,202609412,"2.236067977499790,2.000000000000000,1.414213562373095,1.000000000000000","gate",1000,40.4,1.55172162451904,1.1,21.5,77.4
"unbalanced n, larger n with smaller SD",30,"15, 24, 36, 45",3,0.5,1,"0.00, 0.25, 0.50, 0.75","ordered",133,202609413,"2.236067977499790,2.000000000000000,1.414213562373095,1.000000000000000","F",1000,36.3,1.52062815967613,2.9,67.5,29.6
"unbalanced n, larger n with smaller SD",30,"15, 24, 36, 45",3,0.5,1,"0.00, 0.25, 0.50, 0.75","ordered",133,202609413,"2.236067977499790,2.000000000000000,1.414213562373095,1.000000000000000","W",1000,28.1,1.4214042352547,2.9,67.5,29.6
"unbalanced n, larger n with smaller SD",30,"15, 24, 36, 45",3,0.5,1,"0.00, 0.25, 0.50, 0.75","ordered",133,202609413,"2.236067977499790,2.000000000000000,1.414213562373095,1.000000000000000","KW",1000,42.3,1.56227718411299,2.9,67.5,29.6
"unbalanced n, larger n with smaller SD",30,"15, 24, 36, 45",3,0.5,1,"0.00, 0.25, 0.50, 0.75","ordered",133,202609413,"2.236067977499790,2.000000000000000,1.414213562373095,1.000000000000000","gate",1000,34.7,1.50529399121899,2.9,67.5,29.6
"unbalanced n, larger n with smaller SD",30,"15, 24, 36, 45",4,1,1.6,"0.00, 0.25, 0.50, 0.75","ordered",134,202609414,"2.236067977499790,2.000000000000000,1.414213562373095,1.000000000000000","F",1000,40.3,1.55109960995418,0.5,27.6,71.9
"unbalanced n, larger n with smaller SD",30,"15, 24, 36, 45",4,1,1.6,"0.00, 0.25, 0.50, 0.75","ordered",134,202609414,"2.236067977499790,2.000000000000000,1.414213562373095,1.000000000000000","W",1000,31.5,1.46892818068141,0.5,27.6,71.9
"unbalanced n, larger n with smaller SD",30,"15, 24, 36, 45",4,1,1.6,"0.00, 0.25, 0.50, 0.75","ordered",134,202609414,"2.236067977499790,2.000000000000000,1.414213562373095,1.000000000000000","KW",1000,54.2,1.57555069737537,0.5,27.6,71.9
"unbalanced n, larger n with smaller SD",30,"15, 24, 36, 45",4,1,1.6,"0.00, 0.25, 0.50, 0.75","ordered",134,202609414,"2.236067977499790,2.000000000000000,1.414213562373095,1.000000000000000","gate",1000,50.7,1.58098387088547,0.5,27.6,71.9
"unbalanced n, larger n with smaller SD",30,"15, 24, 36, 45",5,2,6.6,"0.00, 0.25, 0.50, 0.75","ordered",135,202609415,"2.236067977499790,2.000000000000000,1.414213562373095,1.000000000000000","F",1000,43.1,1.56601085564564,0,0.1,99.9
"unbalanced n, larger n with smaller SD",30,"15, 24, 36, 45",5,2,6.6,"0.00, 0.25, 0.50, 0.75","ordered",135,202609415,"2.236067977499790,2.000000000000000,1.414213562373095,1.000000000000000","W",1000,43.6,1.56813264745046,0,0.1,99.9
"unbalanced n, larger n with smaller SD",30,"15, 24, 36, 45",5,2,6.6,"0.00, 0.25, 0.50, 0.75","ordered",135,202609415,"2.236067977499790,2.000000000000000,1.414213562373095,1.000000000000000","KW",1000,84.4,1.14744934528719,0,0.1,99.9
"unbalanced n, larger n with smaller SD",30,"15, 24, 36, 45",5,2,6.6,"0.00, 0.25, 0.50, 0.75","ordered",135,202609415,"2.236067977499790,2.000000000000000,1.414213562373095,1.000000000000000","gate",1000,84.4,1.14744934528719,0,0.1,99.9
"unbalanced n, larger n with smaller SD",50,"25, 40, 60, 75",1,0,0,"0.00, 0.25, 0.50, 0.75","ordered",136,202609416,"2.236067977499790,2.000000000000000,1.414213562373095,1.000000000000000","F",1000,50.9,1.58088266484265,0.1,95.7,4.2
"unbalanced n, larger n with smaller SD",50,"25, 40, 60, 75",1,0,0,"0.00, 0.25, 0.50, 0.75","ordered",136,202609416,"2.236067977499790,2.000000000000000,1.414213562373095,1.000000000000000","W",1000,39.5,1.54588162548107,0.1,95.7,4.2
"unbalanced n, larger n with smaller SD",50,"25, 40, 60, 75",1,0,0,"0.00, 0.25, 0.50, 0.75","ordered",136,202609416,"2.236067977499790,2.000000000000000,1.414213562373095,1.000000000000000","KW",1000,44.7,1.57223089907303,0.1,95.7,4.2
"unbalanced n, larger n with smaller SD",50,"25, 40, 60, 75",1,0,0,"0.00, 0.25, 0.50, 0.75","ordered",136,202609416,"2.236067977499790,2.000000000000000,1.414213562373095,1.000000000000000","gate",1000,39.6,1.54655746740947,0.1,95.7,4.2
"unbalanced n, larger n with smaller SD",50,"25, 40, 60, 75",2,0,6,"0.00, 0.25, 0.50, 0.75","ordered",137,202609417,"2.236067977499790,2.000000000000000,1.414213562373095,1.000000000000000","F",1000,56,1.56971334962789,0,7.7,92.3
"unbalanced n, larger n with smaller SD",50,"25, 40, 60, 75",2,0,6,"0.00, 0.25, 0.50, 0.75","ordered",137,202609417,"2.236067977499790,2.000000000000000,1.414213562373095,1.000000000000000","W",1000,46.7,1.57769135131052,0,7.7,92.3
"unbalanced n, larger n with smaller SD",50,"25, 40, 60, 75",2,0,6,"0.00, 0.25, 0.50, 0.75","ordered",137,202609417,"2.236067977499790,2.000000000000000,1.414213562373095,1.000000000000000","KW",1000,68,1.47512711316686,0,7.7,92.3
"unbalanced n, larger n with smaller SD",50,"25, 40, 60, 75",2,0,6,"0.00, 0.25, 0.50, 0.75","ordered",137,202609417,"2.236067977499790,2.000000000000000,1.414213562373095,1.000000000000000","gate",1000,66.5,1.49256490646136,0,7.7,92.3
"unbalanced n, larger n with smaller SD",50,"25, 40, 60, 75",3,0.5,1,"0.00, 0.25, 0.50, 0.75","ordered",138,202609418,"2.236067977499790,2.000000000000000,1.414213562373095,1.000000000000000","F",1000,56.1,1.56932788161047,0.1,54.9,45
"unbalanced n, larger n with smaller SD",50,"25, 40, 60, 75",3,0.5,1,"0.00, 0.25, 0.50, 0.75","ordered",138,202609418,"2.236067977499790,2.000000000000000,1.414213562373095,1.000000000000000","W",1000,48.5,1.58042715744826,0.1,54.9,45
"unbalanced n, larger n with smaller SD",50,"25, 40, 60, 75",3,0.5,1,"0.00, 0.25, 0.50, 0.75","ordered",138,202609418,"2.236067977499790,2.000000000000000,1.414213562373095,1.000000000000000","KW",1000,64.1,1.51696736945789,0.1,54.9,45
"unbalanced n, larger n with smaller SD",50,"25, 40, 60, 75",3,0.5,1,"0.00, 0.25, 0.50, 0.75","ordered",138,202609418,"2.236067977499790,2.000000000000000,1.414213562373095,1.000000000000000","gate",1000,57.3,1.56419627924375,0.1,54.9,45
"unbalanced n, larger n with smaller SD",50,"25, 40, 60, 75",4,1,1.6,"0.00, 0.25, 0.50, 0.75","ordered",139,202609419,"2.236067977499790,2.000000000000000,1.414213562373095,1.000000000000000","F",1000,53.3,1.57769135131052,0,6.9,93.1
"unbalanced n, larger n with smaller SD",50,"25, 40, 60, 75",4,1,1.6,"0.00, 0.25, 0.50, 0.75","ordered",139,202609419,"2.236067977499790,2.000000000000000,1.414213562373095,1.000000000000000","W",1000,48.6,1.58051890213309,0,6.9,93.1
"unbalanced n, larger n with smaller SD",50,"25, 40, 60, 75",4,1,1.6,"0.00, 0.25, 0.50, 0.75","ordered",139,202609419,"2.236067977499790,2.000000000000000,1.414213562373095,1.000000000000000","KW",1000,76.1,1.34862522592453,0,6.9,93.1
"unbalanced n, larger n with smaller SD",50,"25, 40, 60, 75",4,1,1.6,"0.00, 0.25, 0.50, 0.75","ordered",139,202609419,"2.236067977499790,2.000000000000000,1.414213562373095,1.000000000000000","gate",1000,74.8,1.3729384545565,0,6.9,93.1
"unbalanced n, larger n with smaller SD",50,"25, 40, 60, 75",5,2,6.6,"0.00, 0.25, 0.50, 0.75","ordered",140,202609420,"2.236067977499790,2.000000000000000,1.414213562373095,1.000000000000000","F",1000,57.6,1.56276677722557,0,0,100
"unbalanced n, larger n with smaller SD",50,"25, 40, 60, 75",5,2,6.6,"0.00, 0.25, 0.50, 0.75","ordered",140,202609420,"2.236067977499790,2.000000000000000,1.414213562373095,1.000000000000000","W",1000,56,1.56971334962789,0,0,100
"unbalanced n, larger n with smaller SD",50,"25, 40, 60, 75",5,2,6.6,"0.00, 0.25, 0.50, 0.75","ordered",140,202609420,"2.236067977499790,2.000000000000000,1.414213562373095,1.000000000000000","KW",1000,97.4,0.503229569878401,0,0,100
"unbalanced n, larger n with smaller SD",50,"25, 40, 60, 75",5,2,6.6,"0.00, 0.25, 0.50, 0.75","ordered",140,202609420,"2.236067977499790,2.000000000000000,1.414213562373095,1.000000000000000","gate",1000,97.4,0.503229569878401,0,0,100
"unbalanced n, larger n with smaller SD",100,"50, 80, 120, 150",1,0,0,"0.00, 0.25, 0.50, 0.75","ordered",141,202609421,"2.236067977499790,2.000000000000000,1.414213562373095,1.000000000000000","F",1000,81.4,1.230463327369,0,94,6
"unbalanced n, larger n with smaller SD",100,"50, 80, 120, 150",1,0,0,"0.00, 0.25, 0.50, 0.75","ordered",141,202609421,"2.236067977499790,2.000000000000000,1.414213562373095,1.000000000000000","W",1000,75.3,1.36378517369856,0,94,6
"unbalanced n, larger n with smaller SD",100,"50, 80, 120, 150",1,0,0,"0.00, 0.25, 0.50, 0.75","ordered",141,202609421,"2.236067977499790,2.000000000000000,1.414213562373095,1.000000000000000","KW",1000,74.7,1.37473997541353,0,94,6
"unbalanced n, larger n with smaller SD",100,"50, 80, 120, 150",1,0,0,"0.00, 0.25, 0.50, 0.75","ordered",141,202609421,"2.236067977499790,2.000000000000000,1.414213562373095,1.000000000000000","gate",1000,75.3,1.36378517369856,0,94,6
"unbalanced n, larger n with smaller SD",100,"50, 80, 120, 150",2,0,6,"0.00, 0.25, 0.50, 0.75","ordered",142,202609422,"2.236067977499790,2.000000000000000,1.414213562373095,1.000000000000000","F",1000,80.7,1.24800240384384,0,0.8,99.2
"unbalanced n, larger n with smaller SD",100,"50, 80, 120, 150",2,0,6,"0.00, 0.25, 0.50, 0.75","ordered",142,202609422,"2.236067977499790,2.000000000000000,1.414213562373095,1.000000000000000","W",1000,76.9,1.33281281506444,0,0.8,99.2
"unbalanced n, larger n with smaller SD",100,"50, 80, 120, 150",2,0,6,"0.00, 0.25, 0.50, 0.75","ordered",142,202609422,"2.236067977499790,2.000000000000000,1.414213562373095,1.000000000000000","KW",1000,93.9,0.756828910652864,0,0.8,99.2
"unbalanced n, larger n with smaller SD",100,"50, 80, 120, 150",2,0,6,"0.00, 0.25, 0.50, 0.75","ordered",142,202609422,"2.236067977499790,2.000000000000000,1.414213562373095,1.000000000000000","gate",1000,93.9,0.756828910652864,0,0.8,99.2
"unbalanced n, larger n with smaller SD",100,"50, 80, 120, 150",3,0.5,1,"0.00, 0.25, 0.50, 0.75","ordered",143,202609423,"2.236067977499790,2.000000000000000,1.414213562373095,1.000000000000000","F",1000,79.4,1.27892142057282,0,29.9,70.1
"unbalanced n, larger n with smaller SD",100,"50, 80, 120, 150",3,0.5,1,"0.00, 0.25, 0.50, 0.75","ordered",143,202609423,"2.236067977499790,2.000000000000000,1.414213562373095,1.000000000000000","W",1000,75,1.36930639376292,0,29.9,70.1
"unbalanced n, larger n with smaller SD",100,"50, 80, 120, 150",3,0.5,1,"0.00, 0.25, 0.50, 0.75","ordered",143,202609423,"2.236067977499790,2.000000000000000,1.414213562373095,1.000000000000000","KW",1000,90.5,0.927227048785787,0,29.9,70.1
"unbalanced n, larger n with smaller SD",100,"50, 80, 120, 150",3,0.5,1,"0.00, 0.25, 0.50, 0.75","ordered",143,202609423,"2.236067977499790,2.000000000000000,1.414213562373095,1.000000000000000","gate",1000,87.1,1.05999528300837,0,29.9,70.1
"unbalanced n, larger n with smaller SD",100,"50, 80, 120, 150",4,1,1.6,"0.00, 0.25, 0.50, 0.75","ordered",144,202609424,"2.236067977499790,2.000000000000000,1.414213562373095,1.000000000000000","F",1000,81.5,1.22790471943062,0,0,100
"unbalanced n, larger n with smaller SD",100,"50, 80, 120, 150",4,1,1.6,"0.00, 0.25, 0.50, 0.75","ordered",144,202609424,"2.236067977499790,2.000000000000000,1.414213562373095,1.000000000000000","W",1000,76.8,1.33482583133531,0,0,100
"unbalanced n, larger n with smaller SD",100,"50, 80, 120, 150",4,1,1.6,"0.00, 0.25, 0.50, 0.75","ordered",144,202609424,"2.236067977499790,2.000000000000000,1.414213562373095,1.000000000000000","KW",1000,97.2,0.52168956286282,0,0,100
"unbalanced n, larger n with smaller SD",100,"50, 80, 120, 150",4,1,1.6,"0.00, 0.25, 0.50, 0.75","ordered",144,202609424,"2.236067977499790,2.000000000000000,1.414213562373095,1.000000000000000","gate",1000,97.2,0.52168956286282,0,0,100
"unbalanced n, larger n with smaller SD",100,"50, 80, 120, 150",5,2,6.6,"0.00, 0.25, 0.50, 0.75","ordered",145,202609425,"2.236067977499790,2.000000000000000,1.414213562373095,1.000000000000000","F",1000,78.3,1.30349913693872,0,0,100
"unbalanced n, larger n with smaller SD",100,"50, 80, 120, 150",5,2,6.6,"0.00, 0.25, 0.50, 0.75","ordered",145,202609425,"2.236067977499790,2.000000000000000,1.414213562373095,1.000000000000000","W",1000,78.5,1.2991343271579,0,0,100
"unbalanced n, larger n with smaller SD",100,"50, 80, 120, 150",5,2,6.6,"0.00, 0.25, 0.50, 0.75","ordered",145,202609425,"2.236067977499790,2.000000000000000,1.414213562373095,1.000000000000000","KW",1000,99.9,0.0999499874937461,0,0,100
"unbalanced n, larger n with smaller SD",100,"50, 80, 120, 150",5,2,6.6,"0.00, 0.25, 0.50, 0.75","ordered",145,202609425,"2.236067977499790,2.000000000000000,1.414213562373095,1.000000000000000","gate",1000,99.9,0.0999499874937461,0,0,100
"unbalanced n, larger n with smaller SD",200,"100, 160, 240, 300",1,0,0,"0.00, 0.25, 0.50, 0.75","ordered",146,202609426,"2.236067977499790,2.000000000000000,1.414213562373095,1.000000000000000","F",1000,97.7,0.474035863622153,0,94.7,5.3
"unbalanced n, larger n with smaller SD",200,"100, 160, 240, 300",1,0,0,"0.00, 0.25, 0.50, 0.75","ordered",146,202609426,"2.236067977499790,2.000000000000000,1.414213562373095,1.000000000000000","W",1000,97,0.539444158370447,0,94.7,5.3
"unbalanced n, larger n with smaller SD",200,"100, 160, 240, 300",1,0,0,"0.00, 0.25, 0.50, 0.75","ordered",146,202609426,"2.236067977499790,2.000000000000000,1.414213562373095,1.000000000000000","KW",1000,96.6,0.573096850453743,0,94.7,5.3
"unbalanced n, larger n with smaller SD",200,"100, 160, 240, 300",1,0,0,"0.00, 0.25, 0.50, 0.75","ordered",146,202609426,"2.236067977499790,2.000000000000000,1.414213562373095,1.000000000000000","gate",1000,97,0.539444158370447,0,94.7,5.3
"unbalanced n, larger n with smaller SD",200,"100, 160, 240, 300",2,0,6,"0.00, 0.25, 0.50, 0.75","ordered",147,202609427,"2.236067977499790,2.000000000000000,1.414213562373095,1.000000000000000","F",1000,98.4,0.396787096564392,0,0,100
"unbalanced n, larger n with smaller SD",200,"100, 160, 240, 300",2,0,6,"0.00, 0.25, 0.50, 0.75","ordered",147,202609427,"2.236067977499790,2.000000000000000,1.414213562373095,1.000000000000000","W",1000,97.6,0.483983470792134,0,0,100
"unbalanced n, larger n with smaller SD",200,"100, 160, 240, 300",2,0,6,"0.00, 0.25, 0.50, 0.75","ordered",147,202609427,"2.236067977499790,2.000000000000000,1.414213562373095,1.000000000000000","KW",1000,100,0,0,0,100
"unbalanced n, larger n with smaller SD",200,"100, 160, 240, 300",2,0,6,"0.00, 0.25, 0.50, 0.75","ordered",147,202609427,"2.236067977499790,2.000000000000000,1.414213562373095,1.000000000000000","gate",1000,100,0,0,0,100
"unbalanced n, larger n with smaller SD",200,"100, 160, 240, 300",3,0.5,1,"0.00, 0.25, 0.50, 0.75","ordered",148,202609428,"2.236067977499790,2.000000000000000,1.414213562373095,1.000000000000000","F",1000,97.4,0.503229569878401,0,4.8,95.2
"unbalanced n, larger n with smaller SD",200,"100, 160, 240, 300",3,0.5,1,"0.00, 0.25, 0.50, 0.75","ordered",148,202609428,"2.236067977499790,2.000000000000000,1.414213562373095,1.000000000000000","W",1000,97.1,0.530650544143696,0,4.8,95.2
"unbalanced n, larger n with smaller SD",200,"100, 160, 240, 300",3,0.5,1,"0.00, 0.25, 0.50, 0.75","ordered",148,202609428,"2.236067977499790,2.000000000000000,1.414213562373095,1.000000000000000","KW",1000,99.7,0.172945077987204,0,4.8,95.2
"unbalanced n, larger n with smaller SD",200,"100, 160, 240, 300",3,0.5,1,"0.00, 0.25, 0.50, 0.75","ordered",148,202609428,"2.236067977499790,2.000000000000000,1.414213562373095,1.000000000000000","gate",1000,99.7,0.172945077987204,0,4.8,95.2
"unbalanced n, larger n with smaller SD",200,"100, 160, 240, 300",4,1,1.6,"0.00, 0.25, 0.50, 0.75","ordered",149,202609429,"2.236067977499790,2.000000000000000,1.414213562373095,1.000000000000000","F",1000,98.6,0.371537346709587,0,0,100
"unbalanced n, larger n with smaller SD",200,"100, 160, 240, 300",4,1,1.6,"0.00, 0.25, 0.50, 0.75","ordered",149,202609429,"2.236067977499790,2.000000000000000,1.414213562373095,1.000000000000000","W",1000,97.9,0.453420334788814,0,0,100
"unbalanced n, larger n with smaller SD",200,"100, 160, 240, 300",4,1,1.6,"0.00, 0.25, 0.50, 0.75","ordered",149,202609429,"2.236067977499790,2.000000000000000,1.414213562373095,1.000000000000000","KW",1000,100,0,0,0,100
"unbalanced n, larger n with smaller SD",200,"100, 160, 240, 300",4,1,1.6,"0.00, 0.25, 0.50, 0.75","ordered",149,202609429,"2.236067977499790,2.000000000000000,1.414213562373095,1.000000000000000","gate",1000,100,0,0,0,100
"unbalanced n, larger n with smaller SD",200,"100, 160, 240, 300",5,2,6.6,"0.00, 0.25, 0.50, 0.75","ordered",150,202609430,"2.236067977499790,2.000000000000000,1.414213562373095,1.000000000000000","F",1000,97.4,0.503229569878401,0,0,100
"unbalanced n, larger n with smaller SD",200,"100, 160, 240, 300",5,2,6.6,"0.00, 0.25, 0.50, 0.75","ordered",150,202609430,"2.236067977499790,2.000000000000000,1.414213562373095,1.000000000000000","W",1000,96.9,0.548078461536303,0,0,100
"unbalanced n, larger n with smaller SD",200,"100, 160, 240, 300",5,2,6.6,"0.00, 0.25, 0.50, 0.75","ordered",150,202609430,"2.236067977499790,2.000000000000000,1.414213562373095,1.000000000000000","KW",1000,100,0,0,0,100
"unbalanced n, larger n with smaller SD",200,"100, 160, 240, 300",5,2,6.6,"0.00, 0.25, 0.50, 0.75","ordered",150,202609430,"2.236067977499790,2.000000000000000,1.414213562373095,1.000000000000000","gate",1000,100,0,0,0,100
"balanced n, equal SD",10,"10, 10, 10, 10",1,0,0,"0.00, 0.00, 0.00, 0.50","onepoint_0.5",151,202609431,"1,1,1,1","F",1000,16.3,1.16803681448831,91,4.5,4.5
"balanced n, equal SD",10,"10, 10, 10, 10",1,0,0,"0.00, 0.00, 0.00, 0.50","onepoint_0.5",151,202609431,"1,1,1,1","W",1000,14.4,1.11024321659716,91,4.5,4.5
"balanced n, equal SD",10,"10, 10, 10, 10",1,0,0,"0.00, 0.00, 0.00, 0.50","onepoint_0.5",151,202609431,"1,1,1,1","KW",1000,14,1.09726933794762,91,4.5,4.5
"balanced n, equal SD",10,"10, 10, 10, 10",1,0,0,"0.00, 0.00, 0.00, 0.50","onepoint_0.5",151,202609431,"1,1,1,1","gate",1000,16.7,1.179453263169,91,4.5,4.5
"balanced n, equal SD",10,"10, 10, 10, 10",2,0,6,"0.00, 0.00, 0.00, 0.50","onepoint_0.5",152,202609432,"1,1,1,1","F",1000,17.7,1.20694241784768,48.5,7.2,44.3
"balanced n, equal SD",10,"10, 10, 10, 10",2,0,6,"0.00, 0.00, 0.00, 0.50","onepoint_0.5",152,202609432,"1,1,1,1","W",1000,17.9,1.21226647235663,48.5,7.2,44.3
"balanced n, equal SD",10,"10, 10, 10, 10",2,0,6,"0.00, 0.00, 0.00, 0.50","onepoint_0.5",152,202609432,"1,1,1,1","KW",1000,21.7,1.30349913693872,48.5,7.2,44.3
"balanced n, equal SD",10,"10, 10, 10, 10",2,0,6,"0.00, 0.00, 0.00, 0.50","onepoint_0.5",152,202609432,"1,1,1,1","gate",1000,22.4,1.31842330076497,48.5,7.2,44.3
"balanced n, equal SD",10,"10, 10, 10, 10",3,0.5,1,"0.00, 0.00, 0.00, 0.50","onepoint_0.5",153,202609433,"1,1,1,1","F",1000,16.3,1.16803681448831,77,7.1,15.9
"balanced n, equal SD",10,"10, 10, 10, 10",3,0.5,1,"0.00, 0.00, 0.00, 0.50","onepoint_0.5",153,202609433,"1,1,1,1","W",1000,15.9,1.15636931816786,77,7.1,15.9
"balanced n, equal SD",10,"10, 10, 10, 10",3,0.5,1,"0.00, 0.00, 0.00, 0.50","onepoint_0.5",153,202609433,"1,1,1,1","KW",1000,15.8,1.15341232870123,77,7.1,15.9
"balanced n, equal SD",10,"10, 10, 10, 10",3,0.5,1,"0.00, 0.00, 0.00, 0.50","onepoint_0.5",153,202609433,"1,1,1,1","gate",1000,17.4,1.19884944842962,77,7.1,15.9
"balanced n, equal SD",10,"10, 10, 10, 10",4,1,1.6,"0.00, 0.00, 0.00, 0.50","onepoint_0.5",154,202609434,"1,1,1,1","F",1000,16.6,1.17662228433767,48.9,9.8,41.3
"balanced n, equal SD",10,"10, 10, 10, 10",4,1,1.6,"0.00, 0.00, 0.00, 0.50","onepoint_0.5",154,202609434,"1,1,1,1","W",1000,14.9,1.12605062053178,48.9,9.8,41.3
"balanced n, equal SD",10,"10, 10, 10, 10",4,1,1.6,"0.00, 0.00, 0.00, 0.50","onepoint_0.5",154,202609434,"1,1,1,1","KW",1000,16,1.15931013969516,48.9,9.8,41.3
"balanced n, equal SD",10,"10, 10, 10, 10",4,1,1.6,"0.00, 0.00, 0.00, 0.50","onepoint_0.5",154,202609434,"1,1,1,1","gate",1000,17.6,1.20425910833176,48.9,9.8,41.3
"balanced n, equal SD",10,"10, 10, 10, 10",5,2,6.6,"0.00, 0.00, 0.00, 0.50","onepoint_0.5",155,202609435,"1,1,1,1","F",1000,18.9,1.2380589646701,8.8,12.4,78.8
"balanced n, equal SD",10,"10, 10, 10, 10",5,2,6.6,"0.00, 0.00, 0.00, 0.50","onepoint_0.5",155,202609435,"1,1,1,1","W",1000,20.8,1.28349522788361,8.8,12.4,78.8
"balanced n, equal SD",10,"10, 10, 10, 10",5,2,6.6,"0.00, 0.00, 0.00, 0.50","onepoint_0.5",155,202609435,"1,1,1,1","KW",1000,25.4,1.37653187394989,8.8,12.4,78.8
"balanced n, equal SD",10,"10, 10, 10, 10",5,2,6.6,"0.00, 0.00, 0.00, 0.50","onepoint_0.5",155,202609435,"1,1,1,1","gate",1000,27.3,1.40879735945238,8.8,12.4,78.8
"balanced n, equal SD",20,"20, 20, 20, 20",1,0,0,"0.00, 0.00, 0.00, 0.50","onepoint_0.5",156,202609436,"1,1,1,1","F",1000,32.6,1.48230900961979,91.5,5,3.5
"balanced n, equal SD",20,"20, 20, 20, 20",1,0,0,"0.00, 0.00, 0.00, 0.50","onepoint_0.5",156,202609436,"1,1,1,1","W",1000,32.5,1.48113132435986,91.5,5,3.5
"balanced n, equal SD",20,"20, 20, 20, 20",1,0,0,"0.00, 0.00, 0.00, 0.50","onepoint_0.5",156,202609436,"1,1,1,1","KW",1000,30.4,1.45459272650457,91.5,5,3.5
"balanced n, equal SD",20,"20, 20, 20, 20",1,0,0,"0.00, 0.00, 0.00, 0.50","onepoint_0.5",156,202609436,"1,1,1,1","gate",1000,32.7,1.48347901906296,91.5,5,3.5
"balanced n, equal SD",20,"20, 20, 20, 20",2,0,6,"0.00, 0.00, 0.00, 0.50","onepoint_0.5",157,202609437,"1,1,1,1","F",1000,32.8,1.48464137083674,23.9,3.9,72.2
"balanced n, equal SD",20,"20, 20, 20, 20",2,0,6,"0.00, 0.00, 0.00, 0.50","onepoint_0.5",157,202609437,"1,1,1,1","W",1000,34.4,1.50221170279026,23.9,3.9,72.2
"balanced n, equal SD",20,"20, 20, 20, 20",2,0,6,"0.00, 0.00, 0.00, 0.50","onepoint_0.5",157,202609437,"1,1,1,1","KW",1000,48,1.57987341265052,23.9,3.9,72.2
"balanced n, equal SD",20,"20, 20, 20, 20",2,0,6,"0.00, 0.00, 0.00, 0.50","onepoint_0.5",157,202609437,"1,1,1,1","gate",1000,48,1.57987341265052,23.9,3.9,72.2
"balanced n, equal SD",20,"20, 20, 20, 20",3,0.5,1,"0.00, 0.00, 0.00, 0.50","onepoint_0.5",158,202609438,"1,1,1,1","F",1000,33,1.48694317309035,64.1,4.7,31.2
"balanced n, equal SD",20,"20, 20, 20, 20",3,0.5,1,"0.00, 0.00, 0.00, 0.50","onepoint_0.5",158,202609438,"1,1,1,1","W",1000,33.1,1.48808265899445,64.1,4.7,31.2
"balanced n, equal SD",20,"20, 20, 20, 20",3,0.5,1,"0.00, 0.00, 0.00, 0.50","onepoint_0.5",158,202609438,"1,1,1,1","KW",1000,34.9,1.50731217735411,64.1,4.7,31.2
"balanced n, equal SD",20,"20, 20, 20, 20",3,0.5,1,"0.00, 0.00, 0.00, 0.50","onepoint_0.5",158,202609438,"1,1,1,1","gate",1000,36.5,1.52241584332271,64.1,4.7,31.2
"balanced n, equal SD",20,"20, 20, 20, 20",4,1,1.6,"0.00, 0.00, 0.00, 0.50","onepoint_0.5",159,202609439,"1,1,1,1","F",1000,29.6,1.44355117678592,16.1,6.7,77.2
"balanced n, equal SD",20,"20, 20, 20, 20",4,1,1.6,"0.00, 0.00, 0.00, 0.50","onepoint_0.5",159,202609439,"1,1,1,1","W",1000,30.2,1.45188153786733,16.1,6.7,77.2
"balanced n, equal SD",20,"20, 20, 20, 20",4,1,1.6,"0.00, 0.00, 0.00, 0.50","onepoint_0.5",159,202609439,"1,1,1,1","KW",1000,33.5,1.49256490646136,16.1,6.7,77.2
"balanced n, equal SD",20,"20, 20, 20, 20",4,1,1.6,"0.00, 0.00, 0.00, 0.50","onepoint_0.5",159,202609439,"1,1,1,1","gate",1000,34.5,1.50324648677454,16.1,6.7,77.2
"balanced n, equal SD",20,"20, 20, 20, 20",5,2,6.6,"0.00, 0.00, 0.00, 0.50","onepoint_0.5",160,202609440,"1,1,1,1","F",1000,33.3,1.49033888763596,0,1.2,98.8
"balanced n, equal SD",20,"20, 20, 20, 20",5,2,6.6,"0.00, 0.00, 0.00, 0.50","onepoint_0.5",160,202609440,"1,1,1,1","W",1000,38,1.53492670834799,0,1.2,98.8
"balanced n, equal SD",20,"20, 20, 20, 20",5,2,6.6,"0.00, 0.00, 0.00, 0.50","onepoint_0.5",160,202609440,"1,1,1,1","KW",1000,59.1,1.55473148807117,0,1.2,98.8
"balanced n, equal SD",20,"20, 20, 20, 20",5,2,6.6,"0.00, 0.00, 0.00, 0.50","onepoint_0.5",160,202609440,"1,1,1,1","gate",1000,59.1,1.55473148807117,0,1.2,98.8
"balanced n, equal SD",30,"30, 30, 30, 30",1,0,0,"0.00, 0.00, 0.00, 0.50","onepoint_0.5",161,202609441,"1,1,1,1","F",1000,48.2,1.58011391994375,89.3,5.9,4.8
"balanced n, equal SD",30,"30, 30, 30, 30",1,0,0,"0.00, 0.00, 0.00, 0.50","onepoint_0.5",161,202609441,"1,1,1,1","W",1000,46.6,1.57747900144503,89.3,5.9,4.8
"balanced n, equal SD",30,"30, 30, 30, 30",1,0,0,"0.00, 0.00, 0.00, 0.50","onepoint_0.5",161,202609441,"1,1,1,1","KW",1000,43.8,1.56893594515519,89.3,5.9,4.8
"balanced n, equal SD",30,"30, 30, 30, 30",1,0,0,"0.00, 0.00, 0.00, 0.50","onepoint_0.5",161,202609441,"1,1,1,1","gate",1000,48.3,1.58022466757104,89.3,5.9,4.8
"balanced n, equal SD",30,"30, 30, 30, 30",2,0,6,"0.00, 0.00, 0.00, 0.50","onepoint_0.5",162,202609442,"1,1,1,1","F",1000,48.1,1.57999683543987,9.1,2.7,88.2
"balanced n, equal SD",30,"30, 30, 30, 30",2,0,6,"0.00, 0.00, 0.00, 0.50","onepoint_0.5",162,202609442,"1,1,1,1","W",1000,49.8,1.58112618092295,9.1,2.7,88.2
"balanced n, equal SD",30,"30, 30, 30, 30",2,0,6,"0.00, 0.00, 0.00, 0.50","onepoint_0.5",162,202609442,"1,1,1,1","KW",1000,64.9,1.50930116279025,9.1,2.7,88.2
"balanced n, equal SD",30,"30, 30, 30, 30",2,0,6,"0.00, 0.00, 0.00, 0.50","onepoint_0.5",162,202609442,"1,1,1,1","gate",1000,64.6,1.51223014121528,9.1,2.7,88.2
"balanced n, equal SD",30,"30, 30, 30, 30",3,0.5,1,"0.00, 0.00, 0.00, 0.50","onepoint_0.5",163,202609443,"1,1,1,1","F",1000,44.5,1.57154382694216,53.7,5.2,41.1
"balanced n, equal SD",30,"30, 30, 30, 30",3,0.5,1,"0.00, 0.00, 0.00, 0.50","onepoint_0.5",163,202609443,"1,1,1,1","W",1000,48.1,1.57999683543987,53.7,5.2,41.1
"balanced n, equal SD",30,"30, 30, 30, 30",3,0.5,1,"0.00, 0.00, 0.00, 0.50","onepoint_0.5",163,202609443,"1,1,1,1","KW",1000,48.2,1.58011391994375,53.7,5.2,41.1
"balanced n, equal SD",30,"30, 30, 30, 30",3,0.5,1,"0.00, 0.00, 0.00, 0.50","onepoint_0.5",163,202609443,"1,1,1,1","gate",1000,49,1.58082257068907,53.7,5.2,41.1
"balanced n, equal SD",30,"30, 30, 30, 30",4,1,1.6,"0.00, 0.00, 0.00, 0.50","onepoint_0.5",164,202609444,"1,1,1,1","F",1000,46,1.57607106438764,3.6,3.7,92.7
"balanced n, equal SD",30,"30, 30, 30, 30",4,1,1.6,"0.00, 0.00, 0.00, 0.50","onepoint_0.5",164,202609444,"1,1,1,1","W",1000,45.8,1.57555069737537,3.6,3.7,92.7
"balanced n, equal SD",30,"30, 30, 30, 30",4,1,1.6,"0.00, 0.00, 0.00, 0.50","onepoint_0.5",164,202609444,"1,1,1,1","KW",1000,52.2,1.57960754619621,3.6,3.7,92.7
"balanced n, equal SD",30,"30, 30, 30, 30",4,1,1.6,"0.00, 0.00, 0.00, 0.50","onepoint_0.5",164,202609444,"1,1,1,1","gate",1000,52,1.57987341265052,3.6,3.7,92.7
"balanced n, equal SD",30,"30, 30, 30, 30",5,2,6.6,"0.00, 0.00, 0.00, 0.50","onepoint_0.5",165,202609445,"1,1,1,1","F",1000,48.1,1.57999683543987,0,0,100
"balanced n, equal SD",30,"30, 30, 30, 30",5,2,6.6,"0.00, 0.00, 0.00, 0.50","onepoint_0.5",165,202609445,"1,1,1,1","W",1000,56.2,1.56893594515519,0,0,100
"balanced n, equal SD",30,"30, 30, 30, 30",5,2,6.6,"0.00, 0.00, 0.00, 0.50","onepoint_0.5",165,202609445,"1,1,1,1","KW",1000,78.7,1.29472390879291,0,0,100
"balanced n, equal SD",30,"30, 30, 30, 30",5,2,6.6,"0.00, 0.00, 0.00, 0.50","onepoint_0.5",165,202609445,"1,1,1,1","gate",1000,78.7,1.29472390879291,0,0,100
"balanced n, equal SD",50,"50, 50, 50, 50",1,0,0,"0.00, 0.00, 0.00, 0.50","onepoint_0.5",166,202609446,"1,1,1,1","F",1000,72.5,1.41200212464429,90.5,4.8,4.7
"balanced n, equal SD",50,"50, 50, 50, 50",1,0,0,"0.00, 0.00, 0.00, 0.50","onepoint_0.5",166,202609446,"1,1,1,1","W",1000,72.5,1.41200212464429,90.5,4.8,4.7
"balanced n, equal SD",50,"50, 50, 50, 50",1,0,0,"0.00, 0.00, 0.00, 0.50","onepoint_0.5",166,202609446,"1,1,1,1","KW",1000,69.8,1.45188153786733,90.5,4.8,4.7
"balanced n, equal SD",50,"50, 50, 50, 50",1,0,0,"0.00, 0.00, 0.00, 0.50","onepoint_0.5",166,202609446,"1,1,1,1","gate",1000,73,1.40392307481571,90.5,4.8,4.7
"balanced n, equal SD",50,"50, 50, 50, 50",2,0,6,"0.00, 0.00, 0.00, 0.50","onepoint_0.5",167,202609447,"1,1,1,1","F",1000,73.6,1.39392969693597,1.3,0.7,98
"balanced n, equal SD",50,"50, 50, 50, 50",2,0,6,"0.00, 0.00, 0.00, 0.50","onepoint_0.5",167,202609447,"1,1,1,1","W",1000,75,1.36930639376292,1.3,0.7,98
"balanced n, equal SD",50,"50, 50, 50, 50",2,0,6,"0.00, 0.00, 0.00, 0.50","onepoint_0.5",167,202609447,"1,1,1,1","KW",1000,89.1,0.985489725973843,1.3,0.7,98
"balanced n, equal SD",50,"50, 50, 50, 50",2,0,6,"0.00, 0.00, 0.00, 0.50","onepoint_0.5",167,202609447,"1,1,1,1","gate",1000,89.1,0.985489725973843,1.3,0.7,98
"balanced n, equal SD",50,"50, 50, 50, 50",3,0.5,1,"0.00, 0.00, 0.00, 0.50","onepoint_0.5",168,202609448,"1,1,1,1","F",1000,71,1.43492160064583,33.7,3,63.3
"balanced n, equal SD",50,"50, 50, 50, 50",3,0.5,1,"0.00, 0.00, 0.00, 0.50","onepoint_0.5",168,202609448,"1,1,1,1","W",1000,71.6,1.42598737722323,33.7,3,63.3
"balanced n, equal SD",50,"50, 50, 50, 50",3,0.5,1,"0.00, 0.00, 0.00, 0.50","onepoint_0.5",168,202609448,"1,1,1,1","KW",1000,74.6,1.37653187394989,33.7,3,63.3
"balanced n, equal SD",50,"50, 50, 50, 50",3,0.5,1,"0.00, 0.00, 0.00, 0.50","onepoint_0.5",168,202609448,"1,1,1,1","gate",1000,74.7,1.37473997541353,33.7,3,63.3
"balanced n, equal SD",50,"50, 50, 50, 50",4,1,1.6,"0.00, 0.00, 0.00, 0.50","onepoint_0.5",169,202609449,"1,1,1,1","F",1000,74.7,1.37473997541353,0.3,1,98.7
"balanced n, equal SD",50,"50, 50, 50, 50",4,1,1.6,"0.00, 0.00, 0.00, 0.50","onepoint_0.5",169,202609449,"1,1,1,1","W",1000,76.5,1.34080199880519,0.3,1,98.7
"balanced n, equal SD",50,"50, 50, 50, 50",4,1,1.6,"0.00, 0.00, 0.00, 0.50","onepoint_0.5",169,202609449,"1,1,1,1","KW",1000,81.3,1.23300851578568,0.3,1,98.7
"balanced n, equal SD",50,"50, 50, 50, 50",4,1,1.6,"0.00, 0.00, 0.00, 0.50","onepoint_0.5",169,202609449,"1,1,1,1","gate",1000,81.3,1.23300851578568,0.3,1,98.7
"balanced n, equal SD",50,"50, 50, 50, 50",5,2,6.6,"0.00, 0.00, 0.00, 0.50","onepoint_0.5",170,202609450,"1,1,1,1","F",1000,74.9,1.37112727345057,0,0,100
"balanced n, equal SD",50,"50, 50, 50, 50",5,2,6.6,"0.00, 0.00, 0.00, 0.50","onepoint_0.5",170,202609450,"1,1,1,1","W",1000,80.4,1.25532465920175,0,0,100
"balanced n, equal SD",50,"50, 50, 50, 50",5,2,6.6,"0.00, 0.00, 0.00, 0.50","onepoint_0.5",170,202609450,"1,1,1,1","KW",1000,98.1,0.431729081716764,0,0,100
"balanced n, equal SD",50,"50, 50, 50, 50",5,2,6.6,"0.00, 0.00, 0.00, 0.50","onepoint_0.5",170,202609450,"1,1,1,1","gate",1000,98.1,0.431729081716764,0,0,100
"balanced n, equal SD",100,"100, 100, 100, 100",1,0,0,"0.00, 0.00, 0.00, 0.50","onepoint_0.5",171,202609451,"1,1,1,1","F",1000,96.5,0.581162627841812,90.8,4.1,5.1
"balanced n, equal SD",100,"100, 100, 100, 100",1,0,0,"0.00, 0.00, 0.00, 0.50","onepoint_0.5",171,202609451,"1,1,1,1","W",1000,96.5,0.581162627841812,90.8,4.1,5.1
"balanced n, equal SD",100,"100, 100, 100, 100",1,0,0,"0.00, 0.00, 0.00, 0.50","onepoint_0.5",171,202609451,"1,1,1,1","KW",1000,95.8,0.634318531969546,90.8,4.1,5.1
"balanced n, equal SD",100,"100, 100, 100, 100",1,0,0,"0.00, 0.00, 0.00, 0.50","onepoint_0.5",171,202609451,"1,1,1,1","gate",1000,96.3,0.596917079668525,90.8,4.1,5.1
"balanced n, equal SD",100,"100, 100, 100, 100",2,0,6,"0.00, 0.00, 0.00, 0.50","onepoint_0.5",172,202609452,"1,1,1,1","F",1000,96.9,0.548078461536303,0,0.1,99.9
"balanced n, equal SD",100,"100, 100, 100, 100",2,0,6,"0.00, 0.00, 0.00, 0.50","onepoint_0.5",172,202609452,"1,1,1,1","W",1000,97.1,0.530650544143696,0,0.1,99.9
"balanced n, equal SD",100,"100, 100, 100, 100",2,0,6,"0.00, 0.00, 0.00, 0.50","onepoint_0.5",172,202609452,"1,1,1,1","KW",1000,99.6,0.199599599197994,0,0.1,99.9
"balanced n, equal SD",100,"100, 100, 100, 100",2,0,6,"0.00, 0.00, 0.00, 0.50","onepoint_0.5",172,202609452,"1,1,1,1","gate",1000,99.6,0.199599599197994,0,0.1,99.9
"balanced n, equal SD",100,"100, 100, 100, 100",3,0.5,1,"0.00, 0.00, 0.00, 0.50","onepoint_0.5",173,202609453,"1,1,1,1","F",1000,96.3,0.596917079668525,10.5,1.9,87.6
"balanced n, equal SD",100,"100, 100, 100, 100",3,0.5,1,"0.00, 0.00, 0.00, 0.50","onepoint_0.5",173,202609453,"1,1,1,1","W",1000,96.3,0.596917079668525,10.5,1.9,87.6
"balanced n, equal SD",100,"100, 100, 100, 100",3,0.5,1,"0.00, 0.00, 0.00, 0.50","onepoint_0.5",173,202609453,"1,1,1,1","KW",1000,97,0.539444158370447,10.5,1.9,87.6
"balanced n, equal SD",100,"100, 100, 100, 100",3,0.5,1,"0.00, 0.00, 0.00, 0.50","onepoint_0.5",173,202609453,"1,1,1,1","gate",1000,97.1,0.530650544143696,10.5,1.9,87.6
"balanced n, equal SD",100,"100, 100, 100, 100",4,1,1.6,"0.00, 0.00, 0.00, 0.50","onepoint_0.5",174,202609454,"1,1,1,1","F",1000,96.8,0.556560868189635,0,0,100
"balanced n, equal SD",100,"100, 100, 100, 100",4,1,1.6,"0.00, 0.00, 0.00, 0.50","onepoint_0.5",174,202609454,"1,1,1,1","W",1000,97.5,0.493710441453288,0,0,100
"balanced n, equal SD",100,"100, 100, 100, 100",4,1,1.6,"0.00, 0.00, 0.00, 0.50","onepoint_0.5",174,202609454,"1,1,1,1","KW",1000,98.6,0.371537346709587,0,0,100
"balanced n, equal SD",100,"100, 100, 100, 100",4,1,1.6,"0.00, 0.00, 0.00, 0.50","onepoint_0.5",174,202609454,"1,1,1,1","gate",1000,98.6,0.371537346709587,0,0,100
"balanced n, equal SD",100,"100, 100, 100, 100",5,2,6.6,"0.00, 0.00, 0.00, 0.50","onepoint_0.5",175,202609455,"1,1,1,1","F",1000,97.1,0.530650544143696,0,0,100
"balanced n, equal SD",100,"100, 100, 100, 100",5,2,6.6,"0.00, 0.00, 0.00, 0.50","onepoint_0.5",175,202609455,"1,1,1,1","W",1000,98.5,0.384382621875652,0,0,100
"balanced n, equal SD",100,"100, 100, 100, 100",5,2,6.6,"0.00, 0.00, 0.00, 0.50","onepoint_0.5",175,202609455,"1,1,1,1","KW",1000,100,0,0,0,100
"balanced n, equal SD",100,"100, 100, 100, 100",5,2,6.6,"0.00, 0.00, 0.00, 0.50","onepoint_0.5",175,202609455,"1,1,1,1","gate",1000,100,0,0,0,100
"unbalanced n, equal SD",10,"5, 8, 12, 15",1,0,0,"0.00, 0.00, 0.00, 0.50","onepoint_0.5",176,202609456,"1,1,1,1","F",1000,19.8,1.2601428490453,89,7.2,3.8
"unbalanced n, equal SD",10,"5, 8, 12, 15",1,0,0,"0.00, 0.00, 0.00, 0.50","onepoint_0.5",176,202609456,"1,1,1,1","W",1000,17.9,1.21226647235663,89,7.2,3.8
"unbalanced n, equal SD",10,"5, 8, 12, 15",1,0,0,"0.00, 0.00, 0.00, 0.50","onepoint_0.5",176,202609456,"1,1,1,1","KW",1000,18.4,1.22533260790693,89,7.2,3.8
"unbalanced n, equal SD",10,"5, 8, 12, 15",1,0,0,"0.00, 0.00, 0.00, 0.50","onepoint_0.5",176,202609456,"1,1,1,1","gate",1000,20.4,1.27429980773757,89,7.2,3.8
"unbalanced n, equal SD",10,"5, 8, 12, 15",2,0,6,"0.00, 0.00, 0.00, 0.50","onepoint_0.5",177,202609457,"1,1,1,1","F",1000,22.6,1.32258837133857,48.9,7.9,43.2
"unbalanced n, equal SD",10,"5, 8, 12, 15",2,0,6,"0.00, 0.00, 0.00, 0.50","onepoint_0.5",177,202609457,"1,1,1,1","W",1000,20.6,1.27892142057282,48.9,7.9,43.2
"unbalanced n, equal SD",10,"5, 8, 12, 15",2,0,6,"0.00, 0.00, 0.00, 0.50","onepoint_0.5",177,202609457,"1,1,1,1","KW",1000,27.7,1.41517136771488,48.9,7.9,43.2
"unbalanced n, equal SD",10,"5, 8, 12, 15",2,0,6,"0.00, 0.00, 0.00, 0.50","onepoint_0.5",177,202609457,"1,1,1,1","gate",1000,28.3,1.42446832186609,48.9,7.9,43.2
"unbalanced n, equal SD",10,"5, 8, 12, 15",3,0.5,1,"0.00, 0.00, 0.00, 0.50","onepoint_0.5",178,202609458,"1,1,1,1","F",1000,21.3,1.29472390879291,76,7.1,16.9
"unbalanced n, equal SD",10,"5, 8, 12, 15",3,0.5,1,"0.00, 0.00, 0.00, 0.50","onepoint_0.5",178,202609458,"1,1,1,1","W",1000,19.6,1.25532465920175,76,7.1,16.9
"unbalanced n, equal SD",10,"5, 8, 12, 15",3,0.5,1,"0.00, 0.00, 0.00, 0.50","onepoint_0.5",178,202609458,"1,1,1,1","KW",1000,20.9,1.28576436410409,76,7.1,16.9
"unbalanced n, equal SD",10,"5, 8, 12, 15",3,0.5,1,"0.00, 0.00, 0.00, 0.50","onepoint_0.5",178,202609458,"1,1,1,1","gate",1000,22.9,1.32875505643441,76,7.1,16.9
"unbalanced n, equal SD",10,"5, 8, 12, 15",4,1,1.6,"0.00, 0.00, 0.00, 0.50","onepoint_0.5",179,202609459,"1,1,1,1","F",1000,20,1.26491106406735,50.3,9.3,40.4
"unbalanced n, equal SD",10,"5, 8, 12, 15",4,1,1.6,"0.00, 0.00, 0.00, 0.50","onepoint_0.5",179,202609459,"1,1,1,1","W",1000,22.1,1.31209374665075,50.3,9.3,40.4
"unbalanced n, equal SD",10,"5, 8, 12, 15",4,1,1.6,"0.00, 0.00, 0.00, 0.50","onepoint_0.5",179,202609459,"1,1,1,1","KW",1000,21.2,1.29250145067617,50.3,9.3,40.4
"unbalanced n, equal SD",10,"5, 8, 12, 15",4,1,1.6,"0.00, 0.00, 0.00, 0.50","onepoint_0.5",179,202609459,"1,1,1,1","gate",1000,23.1,1.33281281506444,50.3,9.3,40.4
"unbalanced n, equal SD",10,"5, 8, 12, 15",5,2,6.6,"0.00, 0.00, 0.00, 0.50","onepoint_0.5",180,202609460,"1,1,1,1","F",1000,23.4,1.33882037630147,10,11.1,78.9
"unbalanced n, equal SD",10,"5, 8, 12, 15",5,2,6.6,"0.00, 0.00, 0.00, 0.50","onepoint_0.5",180,202609460,"1,1,1,1","W",1000,30,1.44913767461894,10,11.1,78.9
"unbalanced n, equal SD",10,"5, 8, 12, 15",5,2,6.6,"0.00, 0.00, 0.00, 0.50","onepoint_0.5",180,202609460,"1,1,1,1","KW",1000,37,1.52676127799994,10,11.1,78.9
"unbalanced n, equal SD",10,"5, 8, 12, 15",5,2,6.6,"0.00, 0.00, 0.00, 0.50","onepoint_0.5",180,202609460,"1,1,1,1","gate",1000,37.9,1.53414145371279,10,11.1,78.9
"unbalanced n, equal SD",20,"10, 16, 24, 30",1,0,0,"0.00, 0.00, 0.00, 0.50","onepoint_0.5",181,202609461,"1,1,1,1","F",1000,40.3,1.55109960995418,90,5,5
"unbalanced n, equal SD",20,"10, 16, 24, 30",1,0,0,"0.00, 0.00, 0.00, 0.50","onepoint_0.5",181,202609461,"1,1,1,1","W",1000,35.5,1.51319199046255,90,5,5
"unbalanced n, equal SD",20,"10, 16, 24, 30",1,0,0,"0.00, 0.00, 0.00, 0.50","onepoint_0.5",181,202609461,"1,1,1,1","KW",1000,37.4,1.53011110707687,90,5,5
"unbalanced n, equal SD",20,"10, 16, 24, 30",1,0,0,"0.00, 0.00, 0.00, 0.50","onepoint_0.5",181,202609461,"1,1,1,1","gate",1000,40.2,1.55047089621186,90,5,5
"unbalanced n, equal SD",20,"10, 16, 24, 30",2,0,6,"0.00, 0.00, 0.00, 0.50","onepoint_0.5",182,202609462,"1,1,1,1","F",1000,42.2,1.5617810345884,21,4.4,74.6
"unbalanced n, equal SD",20,"10, 16, 24, 30",2,0,6,"0.00, 0.00, 0.00, 0.50","onepoint_0.5",182,202609462,"1,1,1,1","W",1000,41.1,1.55588881350821,21,4.4,74.6
"unbalanced n, equal SD",20,"10, 16, 24, 30",2,0,6,"0.00, 0.00, 0.00, 0.50","onepoint_0.5",182,202609462,"1,1,1,1","KW",1000,55.7,1.57083099027235,21,4.4,74.6
"unbalanced n, equal SD",20,"10, 16, 24, 30",2,0,6,"0.00, 0.00, 0.00, 0.50","onepoint_0.5",182,202609462,"1,1,1,1","gate",1000,55,1.57321327225523,21,4.4,74.6
"unbalanced n, equal SD",20,"10, 16, 24, 30",3,0.5,1,"0.00, 0.00, 0.00, 0.50","onepoint_0.5",183,202609463,"1,1,1,1","F",1000,40.1,1.54983547513922,62.8,7.3,29.9
"unbalanced n, equal SD",20,"10, 16, 24, 30",3,0.5,1,"0.00, 0.00, 0.00, 0.50","onepoint_0.5",183,202609463,"1,1,1,1","W",1000,39.3,1.5445096309185,62.8,7.3,29.9
"unbalanced n, equal SD",20,"10, 16, 24, 30",3,0.5,1,"0.00, 0.00, 0.00, 0.50","onepoint_0.5",183,202609463,"1,1,1,1","KW",1000,42.2,1.5617810345884,62.8,7.3,29.9
"unbalanced n, equal SD",20,"10, 16, 24, 30",3,0.5,1,"0.00, 0.00, 0.00, 0.50","onepoint_0.5",183,202609463,"1,1,1,1","gate",1000,42.9,1.56511660907422,62.8,7.3,29.9
"unbalanced n, equal SD",20,"10, 16, 24, 30",4,1,1.6,"0.00, 0.00, 0.00, 0.50","onepoint_0.5",184,202609464,"1,1,1,1","F",1000,39,1.54240072614091,15.6,5.8,78.6
"unbalanced n, equal SD",20,"10, 16, 24, 30",4,1,1.6,"0.00, 0.00, 0.00, 0.50","onepoint_0.5",184,202609464,"1,1,1,1","W",1000,39.7,1.54722655096143,15.6,5.8,78.6
"unbalanced n, equal SD",20,"10, 16, 24, 30",4,1,1.6,"0.00, 0.00, 0.00, 0.50","onepoint_0.5",184,202609464,"1,1,1,1","KW",1000,44.4,1.57119063133663,15.6,5.8,78.6
"unbalanced n, equal SD",20,"10, 16, 24, 30",4,1,1.6,"0.00, 0.00, 0.00, 0.50","onepoint_0.5",184,202609464,"1,1,1,1","gate",1000,45.3,1.57413785927409,15.6,5.8,78.6
"unbalanced n, equal SD",20,"10, 16, 24, 30",5,2,6.6,"0.00, 0.00, 0.00, 0.50","onepoint_0.5",185,202609465,"1,1,1,1","F",1000,44.3,1.57083099027235,0,1.3,98.7
"unbalanced n, equal SD",20,"10, 16, 24, 30",5,2,6.6,"0.00, 0.00, 0.00, 0.50","onepoint_0.5",185,202609465,"1,1,1,1","W",1000,50.2,1.58112618092295,0,1.3,98.7
"unbalanced n, equal SD",20,"10, 16, 24, 30",5,2,6.6,"0.00, 0.00, 0.00, 0.50","onepoint_0.5",185,202609465,"1,1,1,1","KW",1000,70.4,1.44355117678592,0,1.3,98.7
"unbalanced n, equal SD",20,"10, 16, 24, 30",5,2,6.6,"0.00, 0.00, 0.00, 0.50","onepoint_0.5",185,202609465,"1,1,1,1","gate",1000,70.5,1.44213383567545,0,1.3,98.7
"unbalanced n, equal SD",30,"15, 24, 36, 45",1,0,0,"0.00, 0.00, 0.00, 0.50","onepoint_0.5",186,202609466,"1,1,1,1","F",1000,56.4,1.56813264745046,89.1,6.7,4.2
"unbalanced n, equal SD",30,"15, 24, 36, 45",1,0,0,"0.00, 0.00, 0.00, 0.50","onepoint_0.5",186,202609466,"1,1,1,1","W",1000,54.9,1.5735278834517,89.1,6.7,4.2
"unbalanced n, equal SD",30,"15, 24, 36, 45",1,0,0,"0.00, 0.00, 0.00, 0.50","onepoint_0.5",186,202609466,"1,1,1,1","KW",1000,53.6,1.57703519301251,89.1,6.7,4.2
"unbalanced n, equal SD",30,"15, 24, 36, 45",1,0,0,"0.00, 0.00, 0.00, 0.50","onepoint_0.5",186,202609466,"1,1,1,1","gate",1000,56.8,1.56644821171975,89.1,6.7,4.2
"unbalanced n, equal SD",30,"15, 24, 36, 45",2,0,6,"0.00, 0.00, 0.00, 0.50","onepoint_0.5",187,202609467,"1,1,1,1","F",1000,57.9,1.56127832240123,9.5,1.7,88.8
"unbalanced n, equal SD",30,"15, 24, 36, 45",2,0,6,"0.00, 0.00, 0.00, 0.50","onepoint_0.5",187,202609467,"1,1,1,1","W",1000,57.4,1.56372631876553,9.5,1.7,88.8
"unbalanced n, equal SD",30,"15, 24, 36, 45",2,0,6,"0.00, 0.00, 0.00, 0.50","onepoint_0.5",187,202609467,"1,1,1,1","KW",1000,75.4,1.36192510807313,9.5,1.7,88.8
"unbalanced n, equal SD",30,"15, 24, 36, 45",2,0,6,"0.00, 0.00, 0.00, 0.50","onepoint_0.5",187,202609467,"1,1,1,1","gate",1000,75.3,1.36378517369856,9.5,1.7,88.8
"unbalanced n, equal SD",30,"15, 24, 36, 45",3,0.5,1,"0.00, 0.00, 0.00, 0.50","onepoint_0.5",188,202609468,"1,1,1,1","F",1000,55.5,1.57154382694216,49.5,4.9,45.6
"unbalanced n, equal SD",30,"15, 24, 36, 45",3,0.5,1,"0.00, 0.00, 0.00, 0.50","onepoint_0.5",188,202609468,"1,1,1,1","W",1000,55.9,1.57009235397157,49.5,4.9,45.6
"unbalanced n, equal SD",30,"15, 24, 36, 45",3,0.5,1,"0.00, 0.00, 0.00, 0.50","onepoint_0.5",188,202609468,"1,1,1,1","KW",1000,58.2,1.55973074599432,49.5,4.9,45.6
"unbalanced n, equal SD",30,"15, 24, 36, 45",3,0.5,1,"0.00, 0.00, 0.00, 0.50","onepoint_0.5",188,202609468,"1,1,1,1","gate",1000,58.3,1.55920171882922,49.5,4.9,45.6
"unbalanced n, equal SD",30,"15, 24, 36, 45",4,1,1.6,"0.00, 0.00, 0.00, 0.50","onepoint_0.5",189,202609469,"1,1,1,1","F",1000,59.9,1.54983547513922,4.4,3.6,92
"unbalanced n, equal SD",30,"15, 24, 36, 45",4,1,1.6,"0.00, 0.00, 0.00, 0.50","onepoint_0.5",189,202609469,"1,1,1,1","W",1000,61.3,1.5402305022301,4.4,3.6,92
"unbalanced n, equal SD",30,"15, 24, 36, 45",4,1,1.6,"0.00, 0.00, 0.00, 0.50","onepoint_0.5",189,202609469,"1,1,1,1","KW",1000,67.3,1.48347901906296,4.4,3.6,92
"unbalanced n, equal SD",30,"15, 24, 36, 45",4,1,1.6,"0.00, 0.00, 0.00, 0.50","onepoint_0.5",189,202609469,"1,1,1,1","gate",1000,67.5,1.48113132435986,4.4,3.6,92
"unbalanced n, equal SD",30,"15, 24, 36, 45",5,2,6.6,"0.00, 0.00, 0.00, 0.50","onepoint_0.5",190,202609470,"1,1,1,1","F",1000,60.3,1.54722655096143,0,0,100
"unbalanced n, equal SD",30,"15, 24, 36, 45",5,2,6.6,"0.00, 0.00, 0.00, 0.50","onepoint_0.5",190,202609470,"1,1,1,1","W",1000,65.4,1.50427391122761,0,0,100
"unbalanced n, equal SD",30,"15, 24, 36, 45",5,2,6.6,"0.00, 0.00, 0.00, 0.50","onepoint_0.5",190,202609470,"1,1,1,1","KW",1000,87.2,1.05648473723003,0,0,100
"unbalanced n, equal SD",30,"15, 24, 36, 45",5,2,6.6,"0.00, 0.00, 0.00, 0.50","onepoint_0.5",190,202609470,"1,1,1,1","gate",1000,87.2,1.05648473723003,0,0,100
"unbalanced n, equal SD",50,"25, 40, 60, 75",1,0,0,"0.00, 0.00, 0.00, 0.50","onepoint_0.5",191,202609471,"1,1,1,1","F",1000,83.7,1.16803681448831,90,5.4,4.6
"unbalanced n, equal SD",50,"25, 40, 60, 75",1,0,0,"0.00, 0.00, 0.00, 0.50","onepoint_0.5",191,202609471,"1,1,1,1","W",1000,82.5,1.20156148406979,90,5.4,4.6
"unbalanced n, equal SD",50,"25, 40, 60, 75",1,0,0,"0.00, 0.00, 0.00, 0.50","onepoint_0.5",191,202609471,"1,1,1,1","KW",1000,82.1,1.21226647235664,90,5.4,4.6
"unbalanced n, equal SD",50,"25, 40, 60, 75",1,0,0,"0.00, 0.00, 0.00, 0.50","onepoint_0.5",191,202609471,"1,1,1,1","gate",1000,83.7,1.16803681448831,90,5.4,4.6
"unbalanced n, equal SD",50,"25, 40, 60, 75",2,0,6,"0.00, 0.00, 0.00, 0.50","onepoint_0.5",192,202609472,"1,1,1,1","F",1000,81.8,1.22014753206323,1.6,1.1,97.3
"unbalanced n, equal SD",50,"25, 40, 60, 75",2,0,6,"0.00, 0.00, 0.00, 0.50","onepoint_0.5",192,202609472,"1,1,1,1","W",1000,81.7,1.22274690758145,1.6,1.1,97.3
"unbalanced n, equal SD",50,"25, 40, 60, 75",2,0,6,"0.00, 0.00, 0.00, 0.50","onepoint_0.5",192,202609472,"1,1,1,1","KW",1000,95,0.689202437604511,1.6,1.1,97.3
"unbalanced n, equal SD",50,"25, 40, 60, 75",2,0,6,"0.00, 0.00, 0.00, 0.50","onepoint_0.5",192,202609472,"1,1,1,1","gate",1000,94.8,0.702111102319284,1.6,1.1,97.3
"unbalanced n, equal SD",50,"25, 40, 60, 75",3,0.5,1,"0.00, 0.00, 0.00, 0.50","onepoint_0.5",193,202609473,"1,1,1,1","F",1000,83.1,1.18506961820815,32.9,3.5,63.6
"unbalanced n, equal SD",50,"25, 40, 60, 75",3,0.5,1,"0.00, 0.00, 0.00, 0.50","onepoint_0.5",193,202609473,"1,1,1,1","W",1000,82.7,1.1961229033841,32.9,3.5,63.6
"unbalanced n, equal SD",50,"25, 40, 60, 75",3,0.5,1,"0.00, 0.00, 0.00, 0.50","onepoint_0.5",193,202609473,"1,1,1,1","KW",1000,86.8,1.07040179372047,32.9,3.5,63.6
"unbalanced n, equal SD",50,"25, 40, 60, 75",3,0.5,1,"0.00, 0.00, 0.00, 0.50","onepoint_0.5",193,202609473,"1,1,1,1","gate",1000,85.9,1.10054077616415,32.9,3.5,63.6
"unbalanced n, equal SD",50,"25, 40, 60, 75",4,1,1.6,"0.00, 0.00, 0.00, 0.50","onepoint_0.5",194,202609474,"1,1,1,1","F",1000,82.7,1.1961229033841,0,0.4,99.6
"unbalanced n, equal SD",50,"25, 40, 60, 75",4,1,1.6,"0.00, 0.00, 0.00, 0.50","onepoint_0.5",194,202609474,"1,1,1,1","W",1000,83.5,1.17377595817941,0,0.4,99.6
"unbalanced n, equal SD",50,"25, 40, 60, 75",4,1,1.6,"0.00, 0.00, 0.00, 0.50","onepoint_0.5",194,202609474,"1,1,1,1","KW",1000,88.9,0.993373041711924,0,0.4,99.6
"unbalanced n, equal SD",50,"25, 40, 60, 75",4,1,1.6,"0.00, 0.00, 0.00, 0.50","onepoint_0.5",194,202609474,"1,1,1,1","gate",1000,88.9,0.993373041711924,0,0.4,99.6
"unbalanced n, equal SD",50,"25, 40, 60, 75",5,2,6.6,"0.00, 0.00, 0.00, 0.50","onepoint_0.5",195,202609475,"1,1,1,1","F",1000,82.4,1.20425910833176,0,0,100
"unbalanced n, equal SD",50,"25, 40, 60, 75",5,2,6.6,"0.00, 0.00, 0.00, 0.50","onepoint_0.5",195,202609475,"1,1,1,1","W",1000,86.4,1.08399261990108,0,0,100
"unbalanced n, equal SD",50,"25, 40, 60, 75",5,2,6.6,"0.00, 0.00, 0.00, 0.50","onepoint_0.5",195,202609475,"1,1,1,1","KW",1000,99.1,0.298646948753876,0,0,100
"unbalanced n, equal SD",50,"25, 40, 60, 75",5,2,6.6,"0.00, 0.00, 0.00, 0.50","onepoint_0.5",195,202609475,"1,1,1,1","gate",1000,99.1,0.298646948753876,0,0,100
"unbalanced n, equal SD",100,"50, 80, 120, 150",1,0,0,"0.00, 0.00, 0.00, 0.50","onepoint_0.5",196,202609476,"1,1,1,1","F",1000,99.2,0.281709069786544,90.7,4.6,4.7
"unbalanced n, equal SD",100,"50, 80, 120, 150",1,0,0,"0.00, 0.00, 0.00, 0.50","onepoint_0.5",196,202609476,"1,1,1,1","W",1000,99.3,0.263647491928143,90.7,4.6,4.7
"unbalanced n, equal SD",100,"50, 80, 120, 150",1,0,0,"0.00, 0.00, 0.00, 0.50","onepoint_0.5",196,202609476,"1,1,1,1","KW",1000,98.7,0.358203852575597,90.7,4.6,4.7
"unbalanced n, equal SD",100,"50, 80, 120, 150",1,0,0,"0.00, 0.00, 0.00, 0.50","onepoint_0.5",196,202609476,"1,1,1,1","gate",1000,99.3,0.263647491928143,90.7,4.6,4.7
"unbalanced n, equal SD",100,"50, 80, 120, 150",2,0,6,"0.00, 0.00, 0.00, 0.50","onepoint_0.5",197,202609477,"1,1,1,1","F",1000,98.8,0.344325427466518,0,0.1,99.9
"unbalanced n, equal SD",100,"50, 80, 120, 150",2,0,6,"0.00, 0.00, 0.00, 0.50","onepoint_0.5",197,202609477,"1,1,1,1","W",1000,98.9,0.329833291224522,0,0.1,99.9
"unbalanced n, equal SD",100,"50, 80, 120, 150",2,0,6,"0.00, 0.00, 0.00, 0.50","onepoint_0.5",197,202609477,"1,1,1,1","KW",1000,100,0,0,0.1,99.9
"unbalanced n, equal SD",100,"50, 80, 120, 150",2,0,6,"0.00, 0.00, 0.00, 0.50","onepoint_0.5",197,202609477,"1,1,1,1","gate",1000,100,0,0,0.1,99.9
"unbalanced n, equal SD",100,"50, 80, 120, 150",3,0.5,1,"0.00, 0.00, 0.00, 0.50","onepoint_0.5",198,202609478,"1,1,1,1","F",1000,99.1,0.298646948753876,8.5,1.8,89.7
"unbalanced n, equal SD",100,"50, 80, 120, 150",3,0.5,1,"0.00, 0.00, 0.00, 0.50","onepoint_0.5",198,202609478,"1,1,1,1","W",1000,99.1,0.298646948753876,8.5,1.8,89.7
"unbalanced n, equal SD",100,"50, 80, 120, 150",3,0.5,1,"0.00, 0.00, 0.00, 0.50","onepoint_0.5",198,202609478,"1,1,1,1","KW",1000,99.1,0.298646948753876,8.5,1.8,89.7
"unbalanced n, equal SD",100,"50, 80, 120, 150",3,0.5,1,"0.00, 0.00, 0.00, 0.50","onepoint_0.5",198,202609478,"1,1,1,1","gate",1000,99.1,0.298646948753876,8.5,1.8,89.7
"unbalanced n, equal SD",100,"50, 80, 120, 150",4,1,1.6,"0.00, 0.00, 0.00, 0.50","onepoint_0.5",199,202609479,"1,1,1,1","F",1000,99.3,0.263647491928143,0,0,100
"unbalanced n, equal SD",100,"50, 80, 120, 150",4,1,1.6,"0.00, 0.00, 0.00, 0.50","onepoint_0.5",199,202609479,"1,1,1,1","W",1000,99.3,0.263647491928143,0,0,100
"unbalanced n, equal SD",100,"50, 80, 120, 150",4,1,1.6,"0.00, 0.00, 0.00, 0.50","onepoint_0.5",199,202609479,"1,1,1,1","KW",1000,99.7,0.172945077987204,0,0,100
"unbalanced n, equal SD",100,"50, 80, 120, 150",4,1,1.6,"0.00, 0.00, 0.00, 0.50","onepoint_0.5",199,202609479,"1,1,1,1","gate",1000,99.7,0.172945077987204,0,0,100
"unbalanced n, equal SD",100,"50, 80, 120, 150",5,2,6.6,"0.00, 0.00, 0.00, 0.50","onepoint_0.5",200,202609480,"1,1,1,1","F",1000,98.8,0.344325427466518,0,0,100
"unbalanced n, equal SD",100,"50, 80, 120, 150",5,2,6.6,"0.00, 0.00, 0.00, 0.50","onepoint_0.5",200,202609480,"1,1,1,1","W",1000,99.4,0.244213021765835,0,0,100
"unbalanced n, equal SD",100,"50, 80, 120, 150",5,2,6.6,"0.00, 0.00, 0.00, 0.50","onepoint_0.5",200,202609480,"1,1,1,1","KW",1000,100,0,0,0,100
"unbalanced n, equal SD",100,"50, 80, 120, 150",5,2,6.6,"0.00, 0.00, 0.00, 0.50","onepoint_0.5",200,202609480,"1,1,1,1","gate",1000,100,0,0,0,100
"balanced n, unequal SD",10,"10, 10, 10, 10",1,0,0,"0.00, 0.00, 0.00, 0.50","onepoint_0.5",201,202609481,"1.000000000000000,1.414213562373095,2.000000000000000,2.236067977499790","F",1000,10.5,0.969407035254026,46.3,45.7,8
"balanced n, unequal SD",10,"10, 10, 10, 10",1,0,0,"0.00, 0.00, 0.00, 0.50","onepoint_0.5",201,202609481,"1.000000000000000,1.414213562373095,2.000000000000000,2.236067977499790","W",1000,7.4,0.827792244467173,46.3,45.7,8
"balanced n, unequal SD",10,"10, 10, 10, 10",1,0,0,"0.00, 0.00, 0.00, 0.50","onepoint_0.5",201,202609481,"1.000000000000000,1.414213562373095,2.000000000000000,2.236067977499790","KW",1000,7.8,0.848033018225116,46.3,45.7,8
"balanced n, unequal SD",10,"10, 10, 10, 10",1,0,0,"0.00, 0.00, 0.00, 0.50","onepoint_0.5",201,202609481,"1.000000000000000,1.414213562373095,2.000000000000000,2.236067977499790","gate",1000,10.1,0.952885092757779,46.3,45.7,8
"balanced n, unequal SD",10,"10, 10, 10, 10",2,0,6,"0.00, 0.00, 0.00, 0.50","onepoint_0.5",202,202609482,"1.000000000000000,1.414213562373095,2.000000000000000,2.236067977499790","F",1000,10.4,0.965318600255895,31.3,24.5,44.2
"balanced n, unequal SD",10,"10, 10, 10, 10",2,0,6,"0.00, 0.00, 0.00, 0.50","onepoint_0.5",202,202609482,"1.000000000000000,1.414213562373095,2.000000000000000,2.236067977499790","W",1000,8.2,0.867617427210865,31.3,24.5,44.2
"balanced n, unequal SD",10,"10, 10, 10, 10",2,0,6,"0.00, 0.00, 0.00, 0.50","onepoint_0.5",202,202609482,"1.000000000000000,1.414213562373095,2.000000000000000,2.236067977499790","KW",1000,11.1,0.993373041711924,31.3,24.5,44.2
"balanced n, unequal SD",10,"10, 10, 10, 10",2,0,6,"0.00, 0.00, 0.00, 0.50","onepoint_0.5",202,202609482,"1.000000000000000,1.414213562373095,2.000000000000000,2.236067977499790","gate",1000,11.6,1.01264011376204,31.3,24.5,44.2
"balanced n, unequal SD",10,"10, 10, 10, 10",3,0.5,1,"0.00, 0.00, 0.00, 0.50","onepoint_0.5",203,202609483,"1.000000000000000,1.414213562373095,2.000000000000000,2.236067977499790","F",1000,7.7,0.843036179532053,41.2,41.3,17.5
"balanced n, unequal SD",10,"10, 10, 10, 10",3,0.5,1,"0.00, 0.00, 0.00, 0.50","onepoint_0.5",203,202609483,"1.000000000000000,1.414213562373095,2.000000000000000,2.236067977499790","W",1000,5.6,0.727076337120113,41.2,41.3,17.5
"balanced n, unequal SD",10,"10, 10, 10, 10",3,0.5,1,"0.00, 0.00, 0.00, 0.50","onepoint_0.5",203,202609483,"1.000000000000000,1.414213562373095,2.000000000000000,2.236067977499790","KW",1000,7.2,0.817410545564467,41.2,41.3,17.5
"balanced n, unequal SD",10,"10, 10, 10, 10",3,0.5,1,"0.00, 0.00, 0.00, 0.50","onepoint_0.5",203,202609483,"1.000000000000000,1.414213562373095,2.000000000000000,2.236067977499790","gate",1000,8.2,0.867617427210865,41.2,41.3,17.5
"balanced n, unequal SD",10,"10, 10, 10, 10",4,1,1.6,"0.00, 0.00, 0.00, 0.50","onepoint_0.5",204,202609484,"1.000000000000000,1.414213562373095,2.000000000000000,2.236067977499790","F",1000,8.8,0.895857131466843,29.8,37.4,32.8
"balanced n, unequal SD",10,"10, 10, 10, 10",4,1,1.6,"0.00, 0.00, 0.00, 0.50","onepoint_0.5",204,202609484,"1.000000000000000,1.414213562373095,2.000000000000000,2.236067977499790","W",1000,7.6,0.837997613361757,29.8,37.4,32.8
"balanced n, unequal SD",10,"10, 10, 10, 10",4,1,1.6,"0.00, 0.00, 0.00, 0.50","onepoint_0.5",204,202609484,"1.000000000000000,1.414213562373095,2.000000000000000,2.236067977499790","KW",1000,8,0.857904423581089,29.8,37.4,32.8
"balanced n, unequal SD",10,"10, 10, 10, 10",4,1,1.6,"0.00, 0.00, 0.00, 0.50","onepoint_0.5",204,202609484,"1.000000000000000,1.414213562373095,2.000000000000000,2.236067977499790","gate",1000,8.9,0.900438781928011,29.8,37.4,32.8
"balanced n, unequal SD",10,"10, 10, 10, 10",5,2,6.6,"0.00, 0.00, 0.00, 0.50","onepoint_0.5",205,202609485,"1.000000000000000,1.414213562373095,2.000000000000000,2.236067977499790","F",1000,7.8,0.848033018225116,7.3,23.5,69.2
"balanced n, unequal SD",10,"10, 10, 10, 10",5,2,6.6,"0.00, 0.00, 0.00, 0.50","onepoint_0.5",205,202609485,"1.000000000000000,1.414213562373095,2.000000000000000,2.236067977499790","W",1000,7.2,0.817410545564467,7.3,23.5,69.2
"balanced n, unequal SD",10,"10, 10, 10, 10",5,2,6.6,"0.00, 0.00, 0.00, 0.50","onepoint_0.5",205,202609485,"1.000000000000000,1.414213562373095,2.000000000000000,2.236067977499790","KW",1000,8.4,0.877177291087725,7.3,23.5,69.2
"balanced n, unequal SD",10,"10, 10, 10, 10",5,2,6.6,"0.00, 0.00, 0.00, 0.50","onepoint_0.5",205,202609485,"1.000000000000000,1.414213562373095,2.000000000000000,2.236067977499790","gate",1000,9.4,0.922843432007835,7.3,23.5,69.2
"balanced n, unequal SD",20,"20, 20, 20, 20",1,0,0,"0.00, 0.00, 0.00, 0.50","onepoint_0.5",206,202609486,"1.000000000000000,1.414213562373095,2.000000000000000,2.236067977499790","F",1000,15,1.12915897906362,14,79.5,6.5
"balanced n, unequal SD",20,"20, 20, 20, 20",1,0,0,"0.00, 0.00, 0.00, 0.50","onepoint_0.5",206,202609486,"1.000000000000000,1.414213562373095,2.000000000000000,2.236067977499790","W",1000,11.1,0.993373041711924,14,79.5,6.5
"balanced n, unequal SD",20,"20, 20, 20, 20",1,0,0,"0.00, 0.00, 0.00, 0.50","onepoint_0.5",206,202609486,"1.000000000000000,1.414213562373095,2.000000000000000,2.236067977499790","KW",1000,13.5,1.08062481925967,14,79.5,6.5
"balanced n, unequal SD",20,"20, 20, 20, 20",1,0,0,"0.00, 0.00, 0.00, 0.50","onepoint_0.5",206,202609486,"1.000000000000000,1.414213562373095,2.000000000000000,2.236067977499790","gate",1000,12.5,1.04582503316759,14,79.5,6.5
"balanced n, unequal SD",20,"20, 20, 20, 20",2,0,6,"0.00, 0.00, 0.00, 0.50","onepoint_0.5",207,202609487,"1.000000000000000,1.414213562373095,2.000000000000000,2.236067977499790","F",1000,16.7,1.179453263169,5.8,26.2,68
"balanced n, unequal SD",20,"20, 20, 20, 20",2,0,6,"0.00, 0.00, 0.00, 0.50","onepoint_0.5",207,202609487,"1.000000000000000,1.414213562373095,2.000000000000000,2.236067977499790","W",1000,11.7,1.0164201887015,5.8,26.2,68
"balanced n, unequal SD",20,"20, 20, 20, 20",2,0,6,"0.00, 0.00, 0.00, 0.50","onepoint_0.5",207,202609487,"1.000000000000000,1.414213562373095,2.000000000000000,2.236067977499790","KW",1000,18.6,1.230463327369,5.8,26.2,68
"balanced n, unequal SD",20,"20, 20, 20, 20",2,0,6,"0.00, 0.00, 0.00, 0.50","onepoint_0.5",207,202609487,"1.000000000000000,1.414213562373095,2.000000000000000,2.236067977499790","gate",1000,16.9,1.18506961820815,5.8,26.2,68
"balanced n, unequal SD",20,"20, 20, 20, 20",3,0.5,1,"0.00, 0.00, 0.00, 0.50","onepoint_0.5",208,202609488,"1.000000000000000,1.414213562373095,2.000000000000000,2.236067977499790","F",1000,13,1.06348483769163,11.8,63.1,25.1
"balanced n, unequal SD",20,"20, 20, 20, 20",3,0.5,1,"0.00, 0.00, 0.00, 0.50","onepoint_0.5",208,202609488,"1.000000000000000,1.414213562373095,2.000000000000000,2.236067977499790","W",1000,9.4,0.922843432007835,11.8,63.1,25.1
"balanced n, unequal SD",20,"20, 20, 20, 20",3,0.5,1,"0.00, 0.00, 0.00, 0.50","onepoint_0.5",208,202609488,"1.000000000000000,1.414213562373095,2.000000000000000,2.236067977499790","KW",1000,10,0.948683298050514,11.8,63.1,25.1
"balanced n, unequal SD",20,"20, 20, 20, 20",3,0.5,1,"0.00, 0.00, 0.00, 0.50","onepoint_0.5",208,202609488,"1.000000000000000,1.414213562373095,2.000000000000000,2.236067977499790","gate",1000,10.6,0.973468027209934,11.8,63.1,25.1
"balanced n, unequal SD",20,"20, 20, 20, 20",4,1,1.6,"0.00, 0.00, 0.00, 0.50","onepoint_0.5",209,202609489,"1.000000000000000,1.414213562373095,2.000000000000000,2.236067977499790","F",1000,14.3,1.10702755159933,5.4,45.7,48.9
"balanced n, unequal SD",20,"20, 20, 20, 20",4,1,1.6,"0.00, 0.00, 0.00, 0.50","onepoint_0.5",209,202609489,"1.000000000000000,1.414213562373095,2.000000000000000,2.236067977499790","W",1000,9.1,0.909499862561837,5.4,45.7,48.9
"balanced n, unequal SD",20,"20, 20, 20, 20",4,1,1.6,"0.00, 0.00, 0.00, 0.50","onepoint_0.5",209,202609489,"1.000000000000000,1.414213562373095,2.000000000000000,2.236067977499790","KW",1000,11.3,1.00115433375679,5.4,45.7,48.9
"balanced n, unequal SD",20,"20, 20, 20, 20",4,1,1.6,"0.00, 0.00, 0.00, 0.50","onepoint_0.5",209,202609489,"1.000000000000000,1.414213562373095,2.000000000000000,2.236067977499790","gate",1000,11.3,1.00115433375679,5.4,45.7,48.9
"balanced n, unequal SD",20,"20, 20, 20, 20",5,2,6.6,"0.00, 0.00, 0.00, 0.50","onepoint_0.5",210,202609490,"1.000000000000000,1.414213562373095,2.000000000000000,2.236067977499790","F",1000,13.3,1.07382959542006,0.1,3.5,96.4
"balanced n, unequal SD",20,"20, 20, 20, 20",5,2,6.6,"0.00, 0.00, 0.00, 0.50","onepoint_0.5",210,202609490,"1.000000000000000,1.414213562373095,2.000000000000000,2.236067977499790","W",1000,8.7,0.891240708226459,0.1,3.5,96.4
"balanced n, unequal SD",20,"20, 20, 20, 20",5,2,6.6,"0.00, 0.00, 0.00, 0.50","onepoint_0.5",210,202609490,"1.000000000000000,1.414213562373095,2.000000000000000,2.236067977499790","KW",1000,13.4,1.07723720693262,0.1,3.5,96.4
"balanced n, unequal SD",20,"20, 20, 20, 20",5,2,6.6,"0.00, 0.00, 0.00, 0.50","onepoint_0.5",210,202609490,"1.000000000000000,1.414213562373095,2.000000000000000,2.236067977499790","gate",1000,13.5,1.08062481925967,0.1,3.5,96.4
"balanced n, unequal SD",30,"30, 30, 30, 30",1,0,0,"0.00, 0.00, 0.00, 0.50","onepoint_0.5",211,202609491,"1.000000000000000,1.414213562373095,2.000000000000000,2.236067977499790","F",1000,19.3,1.24800240384384,3,92.8,4.2
"balanced n, unequal SD",30,"30, 30, 30, 30",1,0,0,"0.00, 0.00, 0.00, 0.50","onepoint_0.5",211,202609491,"1.000000000000000,1.414213562373095,2.000000000000000,2.236067977499790","W",1000,12.8,1.05648473723003,3,92.8,4.2
"balanced n, unequal SD",30,"30, 30, 30, 30",1,0,0,"0.00, 0.00, 0.00, 0.50","onepoint_0.5",211,202609491,"1.000000000000000,1.414213562373095,2.000000000000000,2.236067977499790","KW",1000,15.6,1.14744934528719,3,92.8,4.2
"balanced n, unequal SD",30,"30, 30, 30, 30",1,0,0,"0.00, 0.00, 0.00, 0.50","onepoint_0.5",211,202609491,"1.000000000000000,1.414213562373095,2.000000000000000,2.236067977499790","gate",1000,12.8,1.05648473723003,3,92.8,4.2
"balanced n, unequal SD",30,"30, 30, 30, 30",2,0,6,"0.00, 0.00, 0.00, 0.50","onepoint_0.5",212,202609492,"1.000000000000000,1.414213562373095,2.000000000000000,2.236067977499790","F",1000,18,1.214907403879,1.3,20.2,78.5
"balanced n, unequal SD",30,"30, 30, 30, 30",2,0,6,"0.00, 0.00, 0.00, 0.50","onepoint_0.5",212,202609492,"1.000000000000000,1.414213562373095,2.000000000000000,2.236067977499790","W",1000,14.2,1.10379345894058,1.3,20.2,78.5
"balanced n, unequal SD",30,"30, 30, 30, 30",2,0,6,"0.00, 0.00, 0.00, 0.50","onepoint_0.5",212,202609492,"1.000000000000000,1.414213562373095,2.000000000000000,2.236067977499790","KW",1000,23.8,1.34668481835952,1.3,20.2,78.5
"balanced n, unequal SD",30,"30, 30, 30, 30",2,0,6,"0.00, 0.00, 0.00, 0.50","onepoint_0.5",212,202609492,"1.000000000000000,1.414213562373095,2.000000000000000,2.236067977499790","gate",1000,22.6,1.32258837133857,1.3,20.2,78.5
"balanced n, unequal SD",30,"30, 30, 30, 30",3,0.5,1,"0.00, 0.00, 0.00, 0.50","onepoint_0.5",213,202609493,"1.000000000000000,1.414213562373095,2.000000000000000,2.236067977499790","F",1000,18.2,1.22014753206323,2.7,68.3,29
"balanced n, unequal SD",30,"30, 30, 30, 30",3,0.5,1,"0.00, 0.00, 0.00, 0.50","onepoint_0.5",213,202609493,"1.000000000000000,1.414213562373095,2.000000000000000,2.236067977499790","W",1000,12.4,1.04222838188182,2.7,68.3,29
"balanced n, unequal SD",30,"30, 30, 30, 30",3,0.5,1,"0.00, 0.00, 0.00, 0.50","onepoint_0.5",213,202609493,"1.000000000000000,1.414213562373095,2.000000000000000,2.236067977499790","KW",1000,12.6,1.0493998284734,2.7,68.3,29
"balanced n, unequal SD",30,"30, 30, 30, 30",3,0.5,1,"0.00, 0.00, 0.00, 0.50","onepoint_0.5",213,202609493,"1.000000000000000,1.414213562373095,2.000000000000000,2.236067977499790","gate",1000,12.9,1.05999528300837,2.7,68.3,29
"balanced n, unequal SD",30,"30, 30, 30, 30",4,1,1.6,"0.00, 0.00, 0.00, 0.50","onepoint_0.5",214,202609494,"1.000000000000000,1.414213562373095,2.000000000000000,2.236067977499790","F",1000,16.2,1.16514376795312,0.8,27.6,71.6
"balanced n, unequal SD",30,"30, 30, 30, 30",4,1,1.6,"0.00, 0.00, 0.00, 0.50","onepoint_0.5",214,202609494,"1.000000000000000,1.414213562373095,2.000000000000000,2.236067977499790","W",1000,12.3,1.03860964755773,0.8,27.6,71.6
"balanced n, unequal SD",30,"30, 30, 30, 30",4,1,1.6,"0.00, 0.00, 0.00, 0.50","onepoint_0.5",214,202609494,"1.000000000000000,1.414213562373095,2.000000000000000,2.236067977499790","KW",1000,12.3,1.03860964755773,0.8,27.6,71.6
"balanced n, unequal SD",30,"30, 30, 30, 30",4,1,1.6,"0.00, 0.00, 0.00, 0.50","onepoint_0.5",214,202609494,"1.000000000000000,1.414213562373095,2.000000000000000,2.236067977499790","gate",1000,13.4,1.07723720693262,0.8,27.6,71.6
"balanced n, unequal SD",30,"30, 30, 30, 30",5,2,6.6,"0.00, 0.00, 0.00, 0.50","onepoint_0.5",215,202609495,"1.000000000000000,1.414213562373095,2.000000000000000,2.236067977499790","F",1000,17.1,1.19062588582644,0,0.3,99.7
"balanced n, unequal SD",30,"30, 30, 30, 30",5,2,6.6,"0.00, 0.00, 0.00, 0.50","onepoint_0.5",215,202609495,"1.000000000000000,1.414213562373095,2.000000000000000,2.236067977499790","W",1000,10.7,0.977501918156686,0,0.3,99.7
"balanced n, unequal SD",30,"30, 30, 30, 30",5,2,6.6,"0.00, 0.00, 0.00, 0.50","onepoint_0.5",215,202609495,"1.000000000000000,1.414213562373095,2.000000000000000,2.236067977499790","KW",1000,18.4,1.22533260790693,0,0.3,99.7
"balanced n, unequal SD",30,"30, 30, 30, 30",5,2,6.6,"0.00, 0.00, 0.00, 0.50","onepoint_0.5",215,202609495,"1.000000000000000,1.414213562373095,2.000000000000000,2.236067977499790","gate",1000,18.4,1.22533260790693,0,0.3,99.7
"balanced n, unequal SD",50,"50, 50, 50, 50",1,0,0,"0.00, 0.00, 0.00, 0.50","onepoint_0.5",216,202609496,"1.000000000000000,1.414213562373095,2.000000000000000,2.236067977499790","F",1000,27.2,1.40718158032288,0.1,93.9,6
"balanced n, unequal SD",50,"50, 50, 50, 50",1,0,0,"0.00, 0.00, 0.00, 0.50","onepoint_0.5",216,202609496,"1.000000000000000,1.414213562373095,2.000000000000000,2.236067977499790","W",1000,19,1.24056438768812,0.1,93.9,6
"balanced n, unequal SD",50,"50, 50, 50, 50",1,0,0,"0.00, 0.00, 0.00, 0.50","onepoint_0.5",216,202609496,"1.000000000000000,1.414213562373095,2.000000000000000,2.236067977499790","KW",1000,22.7,1.32465467198059,0.1,93.9,6
"balanced n, unequal SD",50,"50, 50, 50, 50",1,0,0,"0.00, 0.00, 0.00, 0.50","onepoint_0.5",216,202609496,"1.000000000000000,1.414213562373095,2.000000000000000,2.236067977499790","gate",1000,19,1.24056438768812,0.1,93.9,6
"balanced n, unequal SD",50,"50, 50, 50, 50",2,0,6,"0.00, 0.00, 0.00, 0.50","onepoint_0.5",217,202609497,"1.000000000000000,1.414213562373095,2.000000000000000,2.236067977499790","F",1000,29,1.43492160064583,0,7.2,92.8
"balanced n, unequal SD",50,"50, 50, 50, 50",2,0,6,"0.00, 0.00, 0.00, 0.50","onepoint_0.5",217,202609497,"1.000000000000000,1.414213562373095,2.000000000000000,2.236067977499790","W",1000,20.9,1.28576436410409,0,7.2,92.8
"balanced n, unequal SD",50,"50, 50, 50, 50",2,0,6,"0.00, 0.00, 0.00, 0.50","onepoint_0.5",217,202609497,"1.000000000000000,1.414213562373095,2.000000000000000,2.236067977499790","KW",1000,35.8,1.51603430040352,0,7.2,92.8
"balanced n, unequal SD",50,"50, 50, 50, 50",2,0,6,"0.00, 0.00, 0.00, 0.50","onepoint_0.5",217,202609497,"1.000000000000000,1.414213562373095,2.000000000000000,2.236067977499790","gate",1000,35.4,1.51223014121528,0,7.2,92.8
"balanced n, unequal SD",50,"50, 50, 50, 50",3,0.5,1,"0.00, 0.00, 0.00, 0.50","onepoint_0.5",218,202609498,"1.000000000000000,1.414213562373095,2.000000000000000,2.236067977499790","F",1000,28.3,1.42446832186609,0.1,57.1,42.8
"balanced n, unequal SD",50,"50, 50, 50, 50",3,0.5,1,"0.00, 0.00, 0.00, 0.50","onepoint_0.5",218,202609498,"1.000000000000000,1.414213562373095,2.000000000000000,2.236067977499790","W",1000,21.4,1.29693484801666,0.1,57.1,42.8
"balanced n, unequal SD",50,"50, 50, 50, 50",3,0.5,1,"0.00, 0.00, 0.00, 0.50","onepoint_0.5",218,202609498,"1.000000000000000,1.414213562373095,2.000000000000000,2.236067977499790","KW",1000,22,1.30996183150503,0.1,57.1,42.8
"balanced n, unequal SD",50,"50, 50, 50, 50",3,0.5,1,"0.00, 0.00, 0.00, 0.50","onepoint_0.5",218,202609498,"1.000000000000000,1.414213562373095,2.000000000000000,2.236067977499790","gate",1000,22,1.30996183150503,0.1,57.1,42.8
"balanced n, unequal SD",50,"50, 50, 50, 50",4,1,1.6,"0.00, 0.00, 0.00, 0.50","onepoint_0.5",219,202609499,"1.000000000000000,1.414213562373095,2.000000000000000,2.236067977499790","F",1000,26.6,1.39729739139526,0,10,90
"balanced n, unequal SD",50,"50, 50, 50, 50",4,1,1.6,"0.00, 0.00, 0.00, 0.50","onepoint_0.5",219,202609499,"1.000000000000000,1.414213562373095,2.000000000000000,2.236067977499790","W",1000,18.1,1.21753439376471,0,10,90
"balanced n, unequal SD",50,"50, 50, 50, 50",4,1,1.6,"0.00, 0.00, 0.00, 0.50","onepoint_0.5",219,202609499,"1.000000000000000,1.414213562373095,2.000000000000000,2.236067977499790","KW",1000,18.3,1.22274690758145,0,10,90
"balanced n, unequal SD",50,"50, 50, 50, 50",4,1,1.6,"0.00, 0.00, 0.00, 0.50","onepoint_0.5",219,202609499,"1.000000000000000,1.414213562373095,2.000000000000000,2.236067977499790","gate",1000,18.6,1.230463327369,0,10,90
"balanced n, unequal SD",50,"50, 50, 50, 50",5,2,6.6,"0.00, 0.00, 0.00, 0.50","onepoint_0.5",220,202609500,"1.000000000000000,1.414213562373095,2.000000000000000,2.236067977499790","F",1000,25.1,1.37112727345057,0,0,100
"balanced n, unequal SD",50,"50, 50, 50, 50",5,2,6.6,"0.00, 0.00, 0.00, 0.50","onepoint_0.5",220,202609500,"1.000000000000000,1.414213562373095,2.000000000000000,2.236067977499790","W",1000,18.1,1.21753439376471,0,0,100
"balanced n, unequal SD",50,"50, 50, 50, 50",5,2,6.6,"0.00, 0.00, 0.00, 0.50","onepoint_0.5",220,202609500,"1.000000000000000,1.414213562373095,2.000000000000000,2.236067977499790","KW",1000,25,1.36930639376292,0,0,100
"balanced n, unequal SD",50,"50, 50, 50, 50",5,2,6.6,"0.00, 0.00, 0.00, 0.50","onepoint_0.5",220,202609500,"1.000000000000000,1.414213562373095,2.000000000000000,2.236067977499790","gate",1000,25,1.36930639376292,0,0,100
"balanced n, unequal SD",100,"100, 100, 100, 100",1,0,0,"0.00, 0.00, 0.00, 0.50","onepoint_0.5",221,202609501,"1.000000000000000,1.414213562373095,2.000000000000000,2.236067977499790","F",1000,49.4,1.58102498398982,0,96,4
"balanced n, unequal SD",100,"100, 100, 100, 100",1,0,0,"0.00, 0.00, 0.00, 0.50","onepoint_0.5",221,202609501,"1.000000000000000,1.414213562373095,2.000000000000000,2.236067977499790","W",1000,40,1.54919333848297,0,96,4
"balanced n, unequal SD",100,"100, 100, 100, 100",1,0,0,"0.00, 0.00, 0.00, 0.50","onepoint_0.5",221,202609501,"1.000000000000000,1.414213562373095,2.000000000000000,2.236067977499790","KW",1000,43.8,1.56893594515519,0,96,4
"balanced n, unequal SD",100,"100, 100, 100, 100",1,0,0,"0.00, 0.00, 0.00, 0.50","onepoint_0.5",221,202609501,"1.000000000000000,1.414213562373095,2.000000000000000,2.236067977499790","gate",1000,40.5,1.55233694795943,0,96,4
"balanced n, unequal SD",100,"100, 100, 100, 100",2,0,6,"0.00, 0.00, 0.00, 0.50","onepoint_0.5",222,202609502,"1.000000000000000,1.414213562373095,2.000000000000000,2.236067977499790","F",1000,51.1,1.58075614817719,0,0.4,99.6
"balanced n, unequal SD",100,"100, 100, 100, 100",2,0,6,"0.00, 0.00, 0.00, 0.50","onepoint_0.5",222,202609502,"1.000000000000000,1.414213562373095,2.000000000000000,2.236067977499790","W",1000,41.2,1.55645751628498,0,0.4,99.6
"balanced n, unequal SD",100,"100, 100, 100, 100",2,0,6,"0.00, 0.00, 0.00, 0.50","onepoint_0.5",222,202609502,"1.000000000000000,1.414213562373095,2.000000000000000,2.236067977499790","KW",1000,65.8,1.50011999520038,0,0.4,99.6
"balanced n, unequal SD",100,"100, 100, 100, 100",2,0,6,"0.00, 0.00, 0.00, 0.50","onepoint_0.5",222,202609502,"1.000000000000000,1.414213562373095,2.000000000000000,2.236067977499790","gate",1000,65.7,1.50116954405557,0,0.4,99.6
"balanced n, unequal SD",100,"100, 100, 100, 100",3,0.5,1,"0.00, 0.00, 0.00, 0.50","onepoint_0.5",223,202609503,"1.000000000000000,1.414213562373095,2.000000000000000,2.236067977499790","F",1000,51.2,1.58068339650924,0,28,72
"balanced n, unequal SD",100,"100, 100, 100, 100",3,0.5,1,"0.00, 0.00, 0.00, 0.50","onepoint_0.5",223,202609503,"1.000000000000000,1.414213562373095,2.000000000000000,2.236067977499790","W",1000,40.8,1.55414285057713,0,28,72
"balanced n, unequal SD",100,"100, 100, 100, 100",3,0.5,1,"0.00, 0.00, 0.00, 0.50","onepoint_0.5",223,202609503,"1.000000000000000,1.414213562373095,2.000000000000000,2.236067977499790","KW",1000,37.9,1.53414145371279,0,28,72
"balanced n, unequal SD",100,"100, 100, 100, 100",3,0.5,1,"0.00, 0.00, 0.00, 0.50","onepoint_0.5",223,202609503,"1.000000000000000,1.414213562373095,2.000000000000000,2.236067977499790","gate",1000,38.8,1.54096073927923,0,28,72
"balanced n, unequal SD",100,"100, 100, 100, 100",4,1,1.6,"0.00, 0.00, 0.00, 0.50","onepoint_0.5",224,202609504,"1.000000000000000,1.414213562373095,2.000000000000000,2.236067977499790","F",1000,48.7,1.58060431481127,0,0.1,99.9
"balanced n, unequal SD",100,"100, 100, 100, 100",4,1,1.6,"0.00, 0.00, 0.00, 0.50","onepoint_0.5",224,202609504,"1.000000000000000,1.414213562373095,2.000000000000000,2.236067977499790","W",1000,37.2,1.52845019545944,0,0.1,99.9
"balanced n, unequal SD",100,"100, 100, 100, 100",4,1,1.6,"0.00, 0.00, 0.00, 0.50","onepoint_0.5",224,202609504,"1.000000000000000,1.414213562373095,2.000000000000000,2.236067977499790","KW",1000,28.8,1.43197765345692,0,0.1,99.9
"balanced n, unequal SD",100,"100, 100, 100, 100",4,1,1.6,"0.00, 0.00, 0.00, 0.50","onepoint_0.5",224,202609504,"1.000000000000000,1.414213562373095,2.000000000000000,2.236067977499790","gate",1000,28.8,1.43197765345692,0,0.1,99.9
"balanced n, unequal SD",100,"100, 100, 100, 100",5,2,6.6,"0.00, 0.00, 0.00, 0.50","onepoint_0.5",225,202609505,"1.000000000000000,1.414213562373095,2.000000000000000,2.236067977499790","F",1000,49.9,1.58113566780337,0,0,100
"balanced n, unequal SD",100,"100, 100, 100, 100",5,2,6.6,"0.00, 0.00, 0.00, 0.50","onepoint_0.5",225,202609505,"1.000000000000000,1.414213562373095,2.000000000000000,2.236067977499790","W",1000,40.6,1.55294558822903,0,0,100
"balanced n, unequal SD",100,"100, 100, 100, 100",5,2,6.6,"0.00, 0.00, 0.00, 0.50","onepoint_0.5",225,202609505,"1.000000000000000,1.414213562373095,2.000000000000000,2.236067977499790","KW",1000,52.2,1.57960754619621,0,0,100
"balanced n, unequal SD",100,"100, 100, 100, 100",5,2,6.6,"0.00, 0.00, 0.00, 0.50","onepoint_0.5",225,202609505,"1.000000000000000,1.414213562373095,2.000000000000000,2.236067977499790","gate",1000,52.2,1.57960754619621,0,0,100
"unbalanced n, larger n with larger SD",10,"5, 8, 12, 15",1,0,0,"0.00, 0.00, 0.00, 0.50","onepoint_0.5",226,202609506,"1.000000000000000,1.414213562373095,2.000000000000000,2.236067977499790","F",1000,5.8,0.739161687318817,69.5,24.3,6.2
"unbalanced n, larger n with larger SD",10,"5, 8, 12, 15",1,0,0,"0.00, 0.00, 0.00, 0.50","onepoint_0.5",226,202609506,"1.000000000000000,1.414213562373095,2.000000000000000,2.236067977499790","W",1000,7.9,0.852988862764339,69.5,24.3,6.2
"unbalanced n, larger n with larger SD",10,"5, 8, 12, 15",1,0,0,"0.00, 0.00, 0.00, 0.50","onepoint_0.5",226,202609506,"1.000000000000000,1.414213562373095,2.000000000000000,2.236067977499790","KW",1000,5.3,0.708456067798138,69.5,24.3,6.2
"unbalanced n, larger n with larger SD",10,"5, 8, 12, 15",1,0,0,"0.00, 0.00, 0.00, 0.50","onepoint_0.5",226,202609506,"1.000000000000000,1.414213562373095,2.000000000000000,2.236067977499790","gate",1000,7.2,0.817410545564467,69.5,24.3,6.2
"unbalanced n, larger n with larger SD",10,"5, 8, 12, 15",2,0,6,"0.00, 0.00, 0.00, 0.50","onepoint_0.5",227,202609507,"1.000000000000000,1.414213562373095,2.000000000000000,2.236067977499790","F",1000,5.9,0.745110730026082,40.2,11.2,48.6
"unbalanced n, larger n with larger SD",10,"5, 8, 12, 15",2,0,6,"0.00, 0.00, 0.00, 0.50","onepoint_0.5",227,202609507,"1.000000000000000,1.414213562373095,2.000000000000000,2.236067977499790","W",1000,6,0.750999334220743,40.2,11.2,48.6
"unbalanced n, larger n with larger SD",10,"5, 8, 12, 15",2,0,6,"0.00, 0.00, 0.00, 0.50","onepoint_0.5",227,202609507,"1.000000000000000,1.414213562373095,2.000000000000000,2.236067977499790","KW",1000,7.8,0.848033018225116,40.2,11.2,48.6
"unbalanced n, larger n with larger SD",10,"5, 8, 12, 15",2,0,6,"0.00, 0.00, 0.00, 0.50","onepoint_0.5",227,202609507,"1.000000000000000,1.414213562373095,2.000000000000000,2.236067977499790","gate",1000,7.7,0.843036179532053,40.2,11.2,48.6
"unbalanced n, larger n with larger SD",10,"5, 8, 12, 15",3,0.5,1,"0.00, 0.00, 0.00, 0.50","onepoint_0.5",228,202609508,"1.000000000000000,1.414213562373095,2.000000000000000,2.236067977499790","F",1000,4.7,0.669260786241059,59.5,18.9,21.6
"unbalanced n, larger n with larger SD",10,"5, 8, 12, 15",3,0.5,1,"0.00, 0.00, 0.00, 0.50","onepoint_0.5",228,202609508,"1.000000000000000,1.414213562373095,2.000000000000000,2.236067977499790","W",1000,6.8,0.796090447122687,59.5,18.9,21.6
"unbalanced n, larger n with larger SD",10,"5, 8, 12, 15",3,0.5,1,"0.00, 0.00, 0.00, 0.50","onepoint_0.5",228,202609508,"1.000000000000000,1.414213562373095,2.000000000000000,2.236067977499790","KW",1000,4.8,0.675988165576883,59.5,18.9,21.6
"unbalanced n, larger n with larger SD",10,"5, 8, 12, 15",3,0.5,1,"0.00, 0.00, 0.00, 0.50","onepoint_0.5",228,202609508,"1.000000000000000,1.414213562373095,2.000000000000000,2.236067977499790","gate",1000,6,0.750999334220743,59.5,18.9,21.6
"unbalanced n, larger n with larger SD",10,"5, 8, 12, 15",4,1,1.6,"0.00, 0.00, 0.00, 0.50","onepoint_0.5",229,202609509,"1.000000000000000,1.414213562373095,2.000000000000000,2.236067977499790","F",1000,4.9,0.682634602111554,38.7,21.6,39.7
"unbalanced n, larger n with larger SD",10,"5, 8, 12, 15",4,1,1.6,"0.00, 0.00, 0.00, 0.50","onepoint_0.5",229,202609509,"1.000000000000000,1.414213562373095,2.000000000000000,2.236067977499790","W",1000,7.9,0.852988862764339,38.7,21.6,39.7
"unbalanced n, larger n with larger SD",10,"5, 8, 12, 15",4,1,1.6,"0.00, 0.00, 0.00, 0.50","onepoint_0.5",229,202609509,"1.000000000000000,1.414213562373095,2.000000000000000,2.236067977499790","KW",1000,5.4,0.714730718522718,38.7,21.6,39.7
"unbalanced n, larger n with larger SD",10,"5, 8, 12, 15",4,1,1.6,"0.00, 0.00, 0.00, 0.50","onepoint_0.5",229,202609509,"1.000000000000000,1.414213562373095,2.000000000000000,2.236067977499790","gate",1000,7.5,0.832916562447884,38.7,21.6,39.7
"unbalanced n, larger n with larger SD",10,"5, 8, 12, 15",5,2,6.6,"0.00, 0.00, 0.00, 0.50","onepoint_0.5",230,202609510,"1.000000000000000,1.414213562373095,2.000000000000000,2.236067977499790","F",1000,4.2,0.634318531969546,6.3,15.4,78.3
"unbalanced n, larger n with larger SD",10,"5, 8, 12, 15",5,2,6.6,"0.00, 0.00, 0.00, 0.50","onepoint_0.5",230,202609510,"1.000000000000000,1.414213562373095,2.000000000000000,2.236067977499790","W",1000,7.9,0.852988862764339,6.3,15.4,78.3
"unbalanced n, larger n with larger SD",10,"5, 8, 12, 15",5,2,6.6,"0.00, 0.00, 0.00, 0.50","onepoint_0.5",230,202609510,"1.000000000000000,1.414213562373095,2.000000000000000,2.236067977499790","KW",1000,5.7,0.733150734842433,6.3,15.4,78.3
"unbalanced n, larger n with larger SD",10,"5, 8, 12, 15",5,2,6.6,"0.00, 0.00, 0.00, 0.50","onepoint_0.5",230,202609510,"1.000000000000000,1.414213562373095,2.000000000000000,2.236067977499790","gate",1000,7.9,0.852988862764339,6.3,15.4,78.3
"unbalanced n, larger n with larger SD",20,"10, 16, 24, 30",1,0,0,"0.00, 0.00, 0.00, 0.50","onepoint_0.5",231,202609511,"1.000000000000000,1.414213562373095,2.000000000000000,2.236067977499790","F",1000,8.2,0.867617427210865,37.4,55.2,7.4
"unbalanced n, larger n with larger SD",20,"10, 16, 24, 30",1,0,0,"0.00, 0.00, 0.00, 0.50","onepoint_0.5",231,202609511,"1.000000000000000,1.414213562373095,2.000000000000000,2.236067977499790","W",1000,12.1,1.03130499853341,37.4,55.2,7.4
"unbalanced n, larger n with larger SD",20,"10, 16, 24, 30",1,0,0,"0.00, 0.00, 0.00, 0.50","onepoint_0.5",231,202609511,"1.000000000000000,1.414213562373095,2.000000000000000,2.236067977499790","KW",1000,9.2,0.913980306133562,37.4,55.2,7.4
"unbalanced n, larger n with larger SD",20,"10, 16, 24, 30",1,0,0,"0.00, 0.00, 0.00, 0.50","onepoint_0.5",231,202609511,"1.000000000000000,1.414213562373095,2.000000000000000,2.236067977499790","gate",1000,12,1.02761860629321,37.4,55.2,7.4
"unbalanced n, larger n with larger SD",20,"10, 16, 24, 30",2,0,6,"0.00, 0.00, 0.00, 0.50","onepoint_0.5",232,202609512,"1.000000000000000,1.414213562373095,2.000000000000000,2.236067977499790","F",1000,12.5,1.04582503316759,11.8,14.8,73.4
"unbalanced n, larger n with larger SD",20,"10, 16, 24, 30",2,0,6,"0.00, 0.00, 0.00, 0.50","onepoint_0.5",232,202609512,"1.000000000000000,1.414213562373095,2.000000000000000,2.236067977499790","W",1000,13.4,1.07723720693262,11.8,14.8,73.4
"unbalanced n, larger n with larger SD",20,"10, 16, 24, 30",2,0,6,"0.00, 0.00, 0.00, 0.50","onepoint_0.5",232,202609512,"1.000000000000000,1.414213562373095,2.000000000000000,2.236067977499790","KW",1000,17.3,1.1961229033841,11.8,14.8,73.4
"unbalanced n, larger n with larger SD",20,"10, 16, 24, 30",2,0,6,"0.00, 0.00, 0.00, 0.50","onepoint_0.5",232,202609512,"1.000000000000000,1.414213562373095,2.000000000000000,2.236067977499790","gate",1000,17.3,1.1961229033841,11.8,14.8,73.4
"unbalanced n, larger n with larger SD",20,"10, 16, 24, 30",3,0.5,1,"0.00, 0.00, 0.00, 0.50","onepoint_0.5",233,202609513,"1.000000000000000,1.414213562373095,2.000000000000000,2.236067977499790","F",1000,9.1,0.909499862561837,26.6,43,30.4
"unbalanced n, larger n with larger SD",20,"10, 16, 24, 30",3,0.5,1,"0.00, 0.00, 0.00, 0.50","onepoint_0.5",233,202609513,"1.000000000000000,1.414213562373095,2.000000000000000,2.236067977499790","W",1000,11.6,1.01264011376204,26.6,43,30.4
"unbalanced n, larger n with larger SD",20,"10, 16, 24, 30",3,0.5,1,"0.00, 0.00, 0.00, 0.50","onepoint_0.5",233,202609513,"1.000000000000000,1.414213562373095,2.000000000000000,2.236067977499790","KW",1000,9.1,0.909499862561837,26.6,43,30.4
"unbalanced n, larger n with larger SD",20,"10, 16, 24, 30",3,0.5,1,"0.00, 0.00, 0.00, 0.50","onepoint_0.5",233,202609513,"1.000000000000000,1.414213562373095,2.000000000000000,2.236067977499790","gate",1000,11.6,1.01264011376204,26.6,43,30.4
"unbalanced n, larger n with larger SD",20,"10, 16, 24, 30",4,1,1.6,"0.00, 0.00, 0.00, 0.50","onepoint_0.5",234,202609514,"1.000000000000000,1.414213562373095,2.000000000000000,2.236067977499790","F",1000,9.5,0.927227048785787,9.7,35.7,54.6
"unbalanced n, larger n with larger SD",20,"10, 16, 24, 30",4,1,1.6,"0.00, 0.00, 0.00, 0.50","onepoint_0.5",234,202609514,"1.000000000000000,1.414213562373095,2.000000000000000,2.236067977499790","W",1000,13.2,1.07040179372047,9.7,35.7,54.6
"unbalanced n, larger n with larger SD",20,"10, 16, 24, 30",4,1,1.6,"0.00, 0.00, 0.00, 0.50","onepoint_0.5",234,202609514,"1.000000000000000,1.414213562373095,2.000000000000000,2.236067977499790","KW",1000,8.7,0.891240708226459,9.7,35.7,54.6
"unbalanced n, larger n with larger SD",20,"10, 16, 24, 30",4,1,1.6,"0.00, 0.00, 0.00, 0.50","onepoint_0.5",234,202609514,"1.000000000000000,1.414213562373095,2.000000000000000,2.236067977499790","gate",1000,11.9,1.02390917565964,9.7,35.7,54.6
"unbalanced n, larger n with larger SD",20,"10, 16, 24, 30",5,2,6.6,"0.00, 0.00, 0.00, 0.50","onepoint_0.5",235,202609515,"1.000000000000000,1.414213562373095,2.000000000000000,2.236067977499790","F",1000,8.3,0.872416185085994,0.1,2.3,97.6
"unbalanced n, larger n with larger SD",20,"10, 16, 24, 30",5,2,6.6,"0.00, 0.00, 0.00, 0.50","onepoint_0.5",235,202609515,"1.000000000000000,1.414213562373095,2.000000000000000,2.236067977499790","W",1000,14.2,1.10379345894058,0.1,2.3,97.6
"unbalanced n, larger n with larger SD",20,"10, 16, 24, 30",5,2,6.6,"0.00, 0.00, 0.00, 0.50","onepoint_0.5",235,202609515,"1.000000000000000,1.414213562373095,2.000000000000000,2.236067977499790","KW",1000,11.7,1.0164201887015,0.1,2.3,97.6
"unbalanced n, larger n with larger SD",20,"10, 16, 24, 30",5,2,6.6,"0.00, 0.00, 0.00, 0.50","onepoint_0.5",235,202609515,"1.000000000000000,1.414213562373095,2.000000000000000,2.236067977499790","gate",1000,12,1.02761860629321,0.1,2.3,97.6
"unbalanced n, larger n with larger SD",30,"15, 24, 36, 45",1,0,0,"0.00, 0.00, 0.00, 0.50","onepoint_0.5",236,202609516,"1.000000000000000,1.414213562373095,2.000000000000000,2.236067977499790","F",1000,15.4,1.14142016803629,15.4,80,4.6
"unbalanced n, larger n with larger SD",30,"15, 24, 36, 45",1,0,0,"0.00, 0.00, 0.00, 0.50","onepoint_0.5",236,202609516,"1.000000000000000,1.414213562373095,2.000000000000000,2.236067977499790","W",1000,17.1,1.19062588582644,15.4,80,4.6
"unbalanced n, larger n with larger SD",30,"15, 24, 36, 45",1,0,0,"0.00, 0.00, 0.00, 0.50","onepoint_0.5",236,202609516,"1.000000000000000,1.414213562373095,2.000000000000000,2.236067977499790","KW",1000,13.5,1.08062481925967,15.4,80,4.6
"unbalanced n, larger n with larger SD",30,"15, 24, 36, 45",1,0,0,"0.00, 0.00, 0.00, 0.50","onepoint_0.5",236,202609516,"1.000000000000000,1.414213562373095,2.000000000000000,2.236067977499790","gate",1000,17.1,1.19062588582644,15.4,80,4.6
"unbalanced n, larger n with larger SD",30,"15, 24, 36, 45",2,0,6,"0.00, 0.00, 0.00, 0.50","onepoint_0.5",237,202609517,"1.000000000000000,1.414213562373095,2.000000000000000,2.236067977499790","F",1000,17.1,1.19062588582644,2.6,12.8,84.6
"unbalanced n, larger n with larger SD",30,"15, 24, 36, 45",2,0,6,"0.00, 0.00, 0.00, 0.50","onepoint_0.5",237,202609517,"1.000000000000000,1.414213562373095,2.000000000000000,2.236067977499790","W",1000,16.7,1.179453263169,2.6,12.8,84.6
"unbalanced n, larger n with larger SD",30,"15, 24, 36, 45",2,0,6,"0.00, 0.00, 0.00, 0.50","onepoint_0.5",237,202609517,"1.000000000000000,1.414213562373095,2.000000000000000,2.236067977499790","KW",1000,23.5,1.34080199880519,2.6,12.8,84.6
"unbalanced n, larger n with larger SD",30,"15, 24, 36, 45",2,0,6,"0.00, 0.00, 0.00, 0.50","onepoint_0.5",237,202609517,"1.000000000000000,1.414213562373095,2.000000000000000,2.236067977499790","gate",1000,23.2,1.33482583133531,2.6,12.8,84.6
"unbalanced n, larger n with larger SD",30,"15, 24, 36, 45",3,0.5,1,"0.00, 0.00, 0.00, 0.50","onepoint_0.5",238,202609518,"1.000000000000000,1.414213562373095,2.000000000000000,2.236067977499790","F",1000,12.1,1.03130499853341,9.8,56.2,34
"unbalanced n, larger n with larger SD",30,"15, 24, 36, 45",3,0.5,1,"0.00, 0.00, 0.00, 0.50","onepoint_0.5",238,202609518,"1.000000000000000,1.414213562373095,2.000000000000000,2.236067977499790","W",1000,14.6,1.11661989951818,9.8,56.2,34
"unbalanced n, larger n with larger SD",30,"15, 24, 36, 45",3,0.5,1,"0.00, 0.00, 0.00, 0.50","onepoint_0.5",238,202609518,"1.000000000000000,1.414213562373095,2.000000000000000,2.236067977499790","KW",1000,11.3,1.00115433375679,9.8,56.2,34
"unbalanced n, larger n with larger SD",30,"15, 24, 36, 45",3,0.5,1,"0.00, 0.00, 0.00, 0.50","onepoint_0.5",238,202609518,"1.000000000000000,1.414213562373095,2.000000000000000,2.236067977499790","gate",1000,13.3,1.07382959542006,9.8,56.2,34
"unbalanced n, larger n with larger SD",30,"15, 24, 36, 45",4,1,1.6,"0.00, 0.00, 0.00, 0.50","onepoint_0.5",239,202609519,"1.000000000000000,1.414213562373095,2.000000000000000,2.236067977499790","F",1000,12.2,1.03496859855746,1.6,23.1,75.3
"unbalanced n, larger n with larger SD",30,"15, 24, 36, 45",4,1,1.6,"0.00, 0.00, 0.00, 0.50","onepoint_0.5",239,202609519,"1.000000000000000,1.414213562373095,2.000000000000000,2.236067977499790","W",1000,14.4,1.11024321659716,1.6,23.1,75.3
"unbalanced n, larger n with larger SD",30,"15, 24, 36, 45",4,1,1.6,"0.00, 0.00, 0.00, 0.50","onepoint_0.5",239,202609519,"1.000000000000000,1.414213562373095,2.000000000000000,2.236067977499790","KW",1000,8.9,0.900438781928011,1.6,23.1,75.3
"unbalanced n, larger n with larger SD",30,"15, 24, 36, 45",4,1,1.6,"0.00, 0.00, 0.00, 0.50","onepoint_0.5",239,202609519,"1.000000000000000,1.414213562373095,2.000000000000000,2.236067977499790","gate",1000,10.6,0.973468027209934,1.6,23.1,75.3
"unbalanced n, larger n with larger SD",30,"15, 24, 36, 45",5,2,6.6,"0.00, 0.00, 0.00, 0.50","onepoint_0.5",240,202609520,"1.000000000000000,1.414213562373095,2.000000000000000,2.236067977499790","F",1000,12.4,1.04222838188182,0,0,100
"unbalanced n, larger n with larger SD",30,"15, 24, 36, 45",5,2,6.6,"0.00, 0.00, 0.00, 0.50","onepoint_0.5",240,202609520,"1.000000000000000,1.414213562373095,2.000000000000000,2.236067977499790","W",1000,18.7,1.23300851578568,0,0,100
"unbalanced n, larger n with larger SD",30,"15, 24, 36, 45",5,2,6.6,"0.00, 0.00, 0.00, 0.50","onepoint_0.5",240,202609520,"1.000000000000000,1.414213562373095,2.000000000000000,2.236067977499790","KW",1000,15.1,1.13224997240009,0,0,100
"unbalanced n, larger n with larger SD",30,"15, 24, 36, 45",5,2,6.6,"0.00, 0.00, 0.00, 0.50","onepoint_0.5",240,202609520,"1.000000000000000,1.414213562373095,2.000000000000000,2.236067977499790","gate",1000,15.1,1.13224997240009,0,0,100
"unbalanced n, larger n with larger SD",50,"25, 40, 60, 75",1,0,0,"0.00, 0.00, 0.00, 0.50","onepoint_0.5",241,202609521,"1.000000000000000,1.414213562373095,2.000000000000000,2.236067977499790","F",1000,23.7,1.34473417447464,0.6,94.3,5.1
"unbalanced n, larger n with larger SD",50,"25, 40, 60, 75",1,0,0,"0.00, 0.00, 0.00, 0.50","onepoint_0.5",241,202609521,"1.000000000000000,1.414213562373095,2.000000000000000,2.236067977499790","W",1000,26.5,1.39561814261638,0.6,94.3,5.1
"unbalanced n, larger n with larger SD",50,"25, 40, 60, 75",1,0,0,"0.00, 0.00, 0.00, 0.50","onepoint_0.5",241,202609521,"1.000000000000000,1.414213562373095,2.000000000000000,2.236067977499790","KW",1000,23.9,1.34862522592453,0.6,94.3,5.1
"unbalanced n, larger n with larger SD",50,"25, 40, 60, 75",1,0,0,"0.00, 0.00, 0.00, 0.50","onepoint_0.5",241,202609521,"1.000000000000000,1.414213562373095,2.000000000000000,2.236067977499790","gate",1000,26.7,1.39896747639107,0.6,94.3,5.1
"unbalanced n, larger n with larger SD",50,"25, 40, 60, 75",2,0,6,"0.00, 0.00, 0.00, 0.50","onepoint_0.5",242,202609522,"1.000000000000000,1.414213562373095,2.000000000000000,2.236067977499790","F",1000,27.3,1.40879735945238,0.2,5.9,93.9
"unbalanced n, larger n with larger SD",50,"25, 40, 60, 75",2,0,6,"0.00, 0.00, 0.00, 0.50","onepoint_0.5",242,202609522,"1.000000000000000,1.414213562373095,2.000000000000000,2.236067977499790","W",1000,29,1.43492160064583,0.2,5.9,93.9
"unbalanced n, larger n with larger SD",50,"25, 40, 60, 75",2,0,6,"0.00, 0.00, 0.00, 0.50","onepoint_0.5",242,202609522,"1.000000000000000,1.414213562373095,2.000000000000000,2.236067977499790","KW",1000,39.5,1.54588162548107,0.2,5.9,93.9
"unbalanced n, larger n with larger SD",50,"25, 40, 60, 75",2,0,6,"0.00, 0.00, 0.00, 0.50","onepoint_0.5",242,202609522,"1.000000000000000,1.414213562373095,2.000000000000000,2.236067977499790","gate",1000,39.6,1.54655746740947,0.2,5.9,93.9
"unbalanced n, larger n with larger SD",50,"25, 40, 60, 75",3,0.5,1,"0.00, 0.00, 0.00, 0.50","onepoint_0.5",243,202609523,"1.000000000000000,1.414213562373095,2.000000000000000,2.236067977499790","F",1000,25.5,1.37831418769452,0.8,56.2,43
"unbalanced n, larger n with larger SD",50,"25, 40, 60, 75",3,0.5,1,"0.00, 0.00, 0.00, 0.50","onepoint_0.5",243,202609523,"1.000000000000000,1.414213562373095,2.000000000000000,2.236067977499790","W",1000,29.2,1.43783170086071,0.8,56.2,43
"unbalanced n, larger n with larger SD",50,"25, 40, 60, 75",3,0.5,1,"0.00, 0.00, 0.00, 0.50","onepoint_0.5",243,202609523,"1.000000000000000,1.414213562373095,2.000000000000000,2.236067977499790","KW",1000,22.2,1.31421459434904,0.8,56.2,43
"unbalanced n, larger n with larger SD",50,"25, 40, 60, 75",3,0.5,1,"0.00, 0.00, 0.00, 0.50","onepoint_0.5",243,202609523,"1.000000000000000,1.414213562373095,2.000000000000000,2.236067977499790","gate",1000,26.4,1.39392969693597,0.8,56.2,43
"unbalanced n, larger n with larger SD",50,"25, 40, 60, 75",4,1,1.6,"0.00, 0.00, 0.00, 0.50","onepoint_0.5",244,202609524,"1.000000000000000,1.414213562373095,2.000000000000000,2.236067977499790","F",1000,22.7,1.32465467198059,0,6.6,93.4
"unbalanced n, larger n with larger SD",50,"25, 40, 60, 75",4,1,1.6,"0.00, 0.00, 0.00, 0.50","onepoint_0.5",244,202609524,"1.000000000000000,1.414213562373095,2.000000000000000,2.236067977499790","W",1000,27.2,1.40718158032288,0,6.6,93.4
"unbalanced n, larger n with larger SD",50,"25, 40, 60, 75",4,1,1.6,"0.00, 0.00, 0.00, 0.50","onepoint_0.5",244,202609524,"1.000000000000000,1.414213562373095,2.000000000000000,2.236067977499790","KW",1000,17.2,1.19338174948337,0,6.6,93.4
"unbalanced n, larger n with larger SD",50,"25, 40, 60, 75",4,1,1.6,"0.00, 0.00, 0.00, 0.50","onepoint_0.5",244,202609524,"1.000000000000000,1.414213562373095,2.000000000000000,2.236067977499790","gate",1000,18.1,1.21753439376471,0,6.6,93.4
"unbalanced n, larger n with larger SD",50,"25, 40, 60, 75",5,2,6.6,"0.00, 0.00, 0.00, 0.50","onepoint_0.5",245,202609525,"1.000000000000000,1.414213562373095,2.000000000000000,2.236067977499790","F",1000,24.2,1.35438546950268,0,0,100
"unbalanced n, larger n with larger SD",50,"25, 40, 60, 75",5,2,6.6,"0.00, 0.00, 0.00, 0.50","onepoint_0.5",245,202609525,"1.000000000000000,1.414213562373095,2.000000000000000,2.236067977499790","W",1000,29.4,1.44070815920505,0,0,100
"unbalanced n, larger n with larger SD",50,"25, 40, 60, 75",5,2,6.6,"0.00, 0.00, 0.00, 0.50","onepoint_0.5",245,202609525,"1.000000000000000,1.414213562373095,2.000000000000000,2.236067977499790","KW",1000,26.5,1.39561814261638,0,0,100
"unbalanced n, larger n with larger SD",50,"25, 40, 60, 75",5,2,6.6,"0.00, 0.00, 0.00, 0.50","onepoint_0.5",245,202609525,"1.000000000000000,1.414213562373095,2.000000000000000,2.236067977499790","gate",1000,26.5,1.39561814261638,0,0,100
"unbalanced n, larger n with larger SD",100,"50, 80, 120, 150",1,0,0,"0.00, 0.00, 0.00, 0.50","onepoint_0.5",246,202609526,"1.000000000000000,1.414213562373095,2.000000000000000,2.236067977499790","F",1000,50.9,1.58088266484265,0,93.7,6.3
"unbalanced n, larger n with larger SD",100,"50, 80, 120, 150",1,0,0,"0.00, 0.00, 0.00, 0.50","onepoint_0.5",246,202609526,"1.000000000000000,1.414213562373095,2.000000000000000,2.236067977499790","W",1000,52.1,1.5797436500901,0,93.7,6.3
"unbalanced n, larger n with larger SD",100,"50, 80, 120, 150",1,0,0,"0.00, 0.00, 0.00, 0.50","onepoint_0.5",246,202609526,"1.000000000000000,1.414213562373095,2.000000000000000,2.236067977499790","KW",1000,49.1,1.58088266484265,0,93.7,6.3
"unbalanced n, larger n with larger SD",100,"50, 80, 120, 150",1,0,0,"0.00, 0.00, 0.00, 0.50","onepoint_0.5",246,202609526,"1.000000000000000,1.414213562373095,2.000000000000000,2.236067977499790","gate",1000,52.1,1.5797436500901,0,93.7,6.3
"unbalanced n, larger n with larger SD",100,"50, 80, 120, 150",2,0,6,"0.00, 0.00, 0.00, 0.50","onepoint_0.5",247,202609527,"1.000000000000000,1.414213562373095,2.000000000000000,2.236067977499790","F",1000,49.6,1.58108823283206,0,0.5,99.5
"unbalanced n, larger n with larger SD",100,"50, 80, 120, 150",2,0,6,"0.00, 0.00, 0.00, 0.50","onepoint_0.5",247,202609527,"1.000000000000000,1.414213562373095,2.000000000000000,2.236067977499790","W",1000,51.4,1.58051890213309,0,0.5,99.5
"unbalanced n, larger n with larger SD",100,"50, 80, 120, 150",2,0,6,"0.00, 0.00, 0.00, 0.50","onepoint_0.5",247,202609527,"1.000000000000000,1.414213562373095,2.000000000000000,2.236067977499790","KW",1000,73,1.40392307481571,0,0.5,99.5
"unbalanced n, larger n with larger SD",100,"50, 80, 120, 150",2,0,6,"0.00, 0.00, 0.00, 0.50","onepoint_0.5",247,202609527,"1.000000000000000,1.414213562373095,2.000000000000000,2.236067977499790","gate",1000,72.9,1.4055568291606,0,0.5,99.5
"unbalanced n, larger n with larger SD",100,"50, 80, 120, 150",3,0.5,1,"0.00, 0.00, 0.00, 0.50","onepoint_0.5",248,202609528,"1.000000000000000,1.414213562373095,2.000000000000000,2.236067977499790","F",1000,47.1,1.57847711418316,0,27.5,72.5
"unbalanced n, larger n with larger SD",100,"50, 80, 120, 150",3,0.5,1,"0.00, 0.00, 0.00, 0.50","onepoint_0.5",248,202609528,"1.000000000000000,1.414213562373095,2.000000000000000,2.236067977499790","W",1000,49.4,1.58102498398982,0,27.5,72.5
"unbalanced n, larger n with larger SD",100,"50, 80, 120, 150",3,0.5,1,"0.00, 0.00, 0.00, 0.50","onepoint_0.5",248,202609528,"1.000000000000000,1.414213562373095,2.000000000000000,2.236067977499790","KW",1000,37.7,1.53255016231117,0,27.5,72.5
"unbalanced n, larger n with larger SD",100,"50, 80, 120, 150",3,0.5,1,"0.00, 0.00, 0.00, 0.50","onepoint_0.5",248,202609528,"1.000000000000000,1.414213562373095,2.000000000000000,2.236067977499790","gate",1000,39.4,1.54519901630826,0,27.5,72.5
"unbalanced n, larger n with larger SD",100,"50, 80, 120, 150",4,1,1.6,"0.00, 0.00, 0.00, 0.50","onepoint_0.5",249,202609529,"1.000000000000000,1.414213562373095,2.000000000000000,2.236067977499790","F",1000,47.7,1.57946509932952,0,0.1,99.9
"unbalanced n, larger n with larger SD",100,"50, 80, 120, 150",4,1,1.6,"0.00, 0.00, 0.00, 0.50","onepoint_0.5",249,202609529,"1.000000000000000,1.414213562373095,2.000000000000000,2.236067977499790","W",1000,52.3,1.57946509932952,0,0.1,99.9
"unbalanced n, larger n with larger SD",100,"50, 80, 120, 150",4,1,1.6,"0.00, 0.00, 0.00, 0.50","onepoint_0.5",249,202609529,"1.000000000000000,1.414213562373095,2.000000000000000,2.236067977499790","KW",1000,32.8,1.48464137083674,0,0.1,99.9
"unbalanced n, larger n with larger SD",100,"50, 80, 120, 150",4,1,1.6,"0.00, 0.00, 0.00, 0.50","onepoint_0.5",249,202609529,"1.000000000000000,1.414213562373095,2.000000000000000,2.236067977499790","gate",1000,32.8,1.48464137083674,0,0.1,99.9
"unbalanced n, larger n with larger SD",100,"50, 80, 120, 150",5,2,6.6,"0.00, 0.00, 0.00, 0.50","onepoint_0.5",250,202609530,"1.000000000000000,1.414213562373095,2.000000000000000,2.236067977499790","F",1000,49.7,1.5811103693291,0,0,100
"unbalanced n, larger n with larger SD",100,"50, 80, 120, 150",5,2,6.6,"0.00, 0.00, 0.00, 0.50","onepoint_0.5",250,202609530,"1.000000000000000,1.414213562373095,2.000000000000000,2.236067977499790","W",1000,56.1,1.56932788161047,0,0,100
"unbalanced n, larger n with larger SD",100,"50, 80, 120, 150",5,2,6.6,"0.00, 0.00, 0.00, 0.50","onepoint_0.5",250,202609530,"1.000000000000000,1.414213562373095,2.000000000000000,2.236067977499790","KW",1000,51.6,1.58032907965398,0,0,100
"unbalanced n, larger n with larger SD",100,"50, 80, 120, 150",5,2,6.6,"0.00, 0.00, 0.00, 0.50","onepoint_0.5",250,202609530,"1.000000000000000,1.414213562373095,2.000000000000000,2.236067977499790","gate",1000,51.6,1.58032907965398,0,0,100
"unbalanced n, larger n with smaller SD",10,"5, 8, 12, 15",1,0,0,"0.00, 0.00, 0.00, 0.50","onepoint_0.5",251,202609531,"2.236067977499790,2.000000000000000,1.414213562373095,1.000000000000000","F",1000,20.9,1.28576436410409,43.4,50,6.6
"unbalanced n, larger n with smaller SD",10,"5, 8, 12, 15",1,0,0,"0.00, 0.00, 0.00, 0.50","onepoint_0.5",251,202609531,"2.236067977499790,2.000000000000000,1.414213562373095,1.000000000000000","W",1000,12.5,1.04582503316759,43.4,50,6.6
"unbalanced n, larger n with smaller SD",10,"5, 8, 12, 15",1,0,0,"0.00, 0.00, 0.00, 0.50","onepoint_0.5",251,202609531,"2.236067977499790,2.000000000000000,1.414213562373095,1.000000000000000","KW",1000,16.2,1.16514376795312,43.4,50,6.6
"unbalanced n, larger n with smaller SD",10,"5, 8, 12, 15",1,0,0,"0.00, 0.00, 0.00, 0.50","onepoint_0.5",251,202609531,"2.236067977499790,2.000000000000000,1.414213562373095,1.000000000000000","gate",1000,17.8,1.20961150788177,43.4,50,6.6
"unbalanced n, larger n with smaller SD",10,"5, 8, 12, 15",2,0,6,"0.00, 0.00, 0.00, 0.50","onepoint_0.5",252,202609532,"2.236067977499790,2.000000000000000,1.414213562373095,1.000000000000000","F",1000,16.7,1.179453263169,27.7,34,38.3
"unbalanced n, larger n with smaller SD",10,"5, 8, 12, 15",2,0,6,"0.00, 0.00, 0.00, 0.50","onepoint_0.5",252,202609532,"2.236067977499790,2.000000000000000,1.414213562373095,1.000000000000000","W",1000,10.6,0.973468027209934,27.7,34,38.3
"unbalanced n, larger n with smaller SD",10,"5, 8, 12, 15",2,0,6,"0.00, 0.00, 0.00, 0.50","onepoint_0.5",252,202609532,"2.236067977499790,2.000000000000000,1.414213562373095,1.000000000000000","KW",1000,18.5,1.22790471943062,27.7,34,38.3
"unbalanced n, larger n with smaller SD",10,"5, 8, 12, 15",2,0,6,"0.00, 0.00, 0.00, 0.50","onepoint_0.5",252,202609532,"2.236067977499790,2.000000000000000,1.414213562373095,1.000000000000000","gate",1000,18.1,1.21753439376471,27.7,34,38.3
"unbalanced n, larger n with smaller SD",10,"5, 8, 12, 15",3,0.5,1,"0.00, 0.00, 0.00, 0.50","onepoint_0.5",253,202609533,"2.236067977499790,2.000000000000000,1.414213562373095,1.000000000000000","F",1000,19.8,1.2601428490453,36.2,50.2,13.6
"unbalanced n, larger n with smaller SD",10,"5, 8, 12, 15",3,0.5,1,"0.00, 0.00, 0.00, 0.50","onepoint_0.5",253,202609533,"2.236067977499790,2.000000000000000,1.414213562373095,1.000000000000000","W",1000,15.7,1.15043904662524,36.2,50.2,13.6
"unbalanced n, larger n with smaller SD",10,"5, 8, 12, 15",3,0.5,1,"0.00, 0.00, 0.00, 0.50","onepoint_0.5",253,202609533,"2.236067977499790,2.000000000000000,1.414213562373095,1.000000000000000","KW",1000,19.3,1.24800240384384,36.2,50.2,13.6
"unbalanced n, larger n with smaller SD",10,"5, 8, 12, 15",3,0.5,1,"0.00, 0.00, 0.00, 0.50","onepoint_0.5",253,202609533,"2.236067977499790,2.000000000000000,1.414213562373095,1.000000000000000","gate",1000,20,1.26491106406735,36.2,50.2,13.6
"unbalanced n, larger n with smaller SD",10,"5, 8, 12, 15",4,1,1.6,"0.00, 0.00, 0.00, 0.50","onepoint_0.5",254,202609534,"2.236067977499790,2.000000000000000,1.414213562373095,1.000000000000000","F",1000,19.7,1.25774003673255,21.8,49.4,28.8
"unbalanced n, larger n with smaller SD",10,"5, 8, 12, 15",4,1,1.6,"0.00, 0.00, 0.00, 0.50","onepoint_0.5",254,202609534,"2.236067977499790,2.000000000000000,1.414213562373095,1.000000000000000","W",1000,18.2,1.22014753206323,21.8,49.4,28.8
"unbalanced n, larger n with smaller SD",10,"5, 8, 12, 15",4,1,1.6,"0.00, 0.00, 0.00, 0.50","onepoint_0.5",254,202609534,"2.236067977499790,2.000000000000000,1.414213562373095,1.000000000000000","KW",1000,21.9,1.30781879478772,21.8,49.4,28.8
"unbalanced n, larger n with smaller SD",10,"5, 8, 12, 15",4,1,1.6,"0.00, 0.00, 0.00, 0.50","onepoint_0.5",254,202609534,"2.236067977499790,2.000000000000000,1.414213562373095,1.000000000000000","gate",1000,22.5,1.32051126462443,21.8,49.4,28.8
"unbalanced n, larger n with smaller SD",10,"5, 8, 12, 15",5,2,6.6,"0.00, 0.00, 0.00, 0.50","onepoint_0.5",255,202609535,"2.236067977499790,2.000000000000000,1.414213562373095,1.000000000000000","F",1000,21.8,1.30566458173606,6,25.2,68.8
"unbalanced n, larger n with smaller SD",10,"5, 8, 12, 15",5,2,6.6,"0.00, 0.00, 0.00, 0.50","onepoint_0.5",255,202609535,"2.236067977499790,2.000000000000000,1.414213562373095,1.000000000000000","W",1000,27.3,1.40879735945238,6,25.2,68.8
"unbalanced n, larger n with smaller SD",10,"5, 8, 12, 15",5,2,6.6,"0.00, 0.00, 0.00, 0.50","onepoint_0.5",255,202609535,"2.236067977499790,2.000000000000000,1.414213562373095,1.000000000000000","KW",1000,39.4,1.54519901630826,6,25.2,68.8
"unbalanced n, larger n with smaller SD",10,"5, 8, 12, 15",5,2,6.6,"0.00, 0.00, 0.00, 0.50","onepoint_0.5",255,202609535,"2.236067977499790,2.000000000000000,1.414213562373095,1.000000000000000","gate",1000,39.6,1.54655746740947,6,25.2,68.8
"unbalanced n, larger n with smaller SD",20,"10, 16, 24, 30",1,0,0,"0.00, 0.00, 0.00, 0.50","onepoint_0.5",256,202609536,"2.236067977499790,2.000000000000000,1.414213562373095,1.000000000000000","F",1000,25.6,1.38008695378226,12.3,81.1,6.6
"unbalanced n, larger n with smaller SD",20,"10, 16, 24, 30",1,0,0,"0.00, 0.00, 0.00, 0.50","onepoint_0.5",256,202609536,"2.236067977499790,2.000000000000000,1.414213562373095,1.000000000000000","W",1000,20.5,1.27661662216971,12.3,81.1,6.6
"unbalanced n, larger n with smaller SD",20,"10, 16, 24, 30",1,0,0,"0.00, 0.00, 0.00, 0.50","onepoint_0.5",256,202609536,"2.236067977499790,2.000000000000000,1.414213562373095,1.000000000000000","KW",1000,23,1.33078923951165,12.3,81.1,6.6
"unbalanced n, larger n with smaller SD",20,"10, 16, 24, 30",1,0,0,"0.00, 0.00, 0.00, 0.50","onepoint_0.5",256,202609536,"2.236067977499790,2.000000000000000,1.414213562373095,1.000000000000000","gate",1000,21.7,1.30349913693872,12.3,81.1,6.6
"unbalanced n, larger n with smaller SD",20,"10, 16, 24, 30",2,0,6,"0.00, 0.00, 0.00, 0.50","onepoint_0.5",257,202609537,"2.236067977499790,2.000000000000000,1.414213562373095,1.000000000000000","F",1000,26.7,1.39896747639107,5.7,28.7,65.6
"unbalanced n, larger n with smaller SD",20,"10, 16, 24, 30",2,0,6,"0.00, 0.00, 0.00, 0.50","onepoint_0.5",257,202609537,"2.236067977499790,2.000000000000000,1.414213562373095,1.000000000000000","W",1000,24.2,1.35438546950268,5.7,28.7,65.6
"unbalanced n, larger n with smaller SD",20,"10, 16, 24, 30",2,0,6,"0.00, 0.00, 0.00, 0.50","onepoint_0.5",257,202609537,"2.236067977499790,2.000000000000000,1.414213562373095,1.000000000000000","KW",1000,34.9,1.50731217735411,5.7,28.7,65.6
"unbalanced n, larger n with smaller SD",20,"10, 16, 24, 30",2,0,6,"0.00, 0.00, 0.00, 0.50","onepoint_0.5",257,202609537,"2.236067977499790,2.000000000000000,1.414213562373095,1.000000000000000","gate",1000,33.5,1.49256490646136,5.7,28.7,65.6
"unbalanced n, larger n with smaller SD",20,"10, 16, 24, 30",3,0.5,1,"0.00, 0.00, 0.00, 0.50","onepoint_0.5",258,202609538,"2.236067977499790,2.000000000000000,1.414213562373095,1.000000000000000","F",1000,28,1.41985914794391,9.7,64.2,26.1
"unbalanced n, larger n with smaller SD",20,"10, 16, 24, 30",3,0.5,1,"0.00, 0.00, 0.00, 0.50","onepoint_0.5",258,202609538,"2.236067977499790,2.000000000000000,1.414213562373095,1.000000000000000","W",1000,26.5,1.39561814261638,9.7,64.2,26.1
"unbalanced n, larger n with smaller SD",20,"10, 16, 24, 30",3,0.5,1,"0.00, 0.00, 0.00, 0.50","onepoint_0.5",258,202609538,"2.236067977499790,2.000000000000000,1.414213562373095,1.000000000000000","KW",1000,32.1,1.47634345597493,9.7,64.2,26.1
"unbalanced n, larger n with smaller SD",20,"10, 16, 24, 30",3,0.5,1,"0.00, 0.00, 0.00, 0.50","onepoint_0.5",258,202609538,"2.236067977499790,2.000000000000000,1.414213562373095,1.000000000000000","gate",1000,30.6,1.45727142289966,9.7,64.2,26.1
"unbalanced n, larger n with smaller SD",20,"10, 16, 24, 30",4,1,1.6,"0.00, 0.00, 0.00, 0.50","onepoint_0.5",259,202609539,"2.236067977499790,2.000000000000000,1.414213562373095,1.000000000000000","F",1000,27.3,1.40879735945238,4.2,45.4,50.4
"unbalanced n, larger n with smaller SD",20,"10, 16, 24, 30",4,1,1.6,"0.00, 0.00, 0.00, 0.50","onepoint_0.5",259,202609539,"2.236067977499790,2.000000000000000,1.414213562373095,1.000000000000000","W",1000,30.9,1.46122893483533,4.2,45.4,50.4
"unbalanced n, larger n with smaller SD",20,"10, 16, 24, 30",4,1,1.6,"0.00, 0.00, 0.00, 0.50","onepoint_0.5",259,202609539,"2.236067977499790,2.000000000000000,1.414213562373095,1.000000000000000","KW",1000,40.5,1.55233694795943,4.2,45.4,50.4
"unbalanced n, larger n with smaller SD",20,"10, 16, 24, 30",4,1,1.6,"0.00, 0.00, 0.00, 0.50","onepoint_0.5",259,202609539,"2.236067977499790,2.000000000000000,1.414213562373095,1.000000000000000","gate",1000,37.8,1.53334927527945,4.2,45.4,50.4
"unbalanced n, larger n with smaller SD",20,"10, 16, 24, 30",5,2,6.6,"0.00, 0.00, 0.00, 0.50","onepoint_0.5",260,202609540,"2.236067977499790,2.000000000000000,1.414213562373095,1.000000000000000","F",1000,32.5,1.48113132435986,0,3.3,96.7
"unbalanced n, larger n with smaller SD",20,"10, 16, 24, 30",5,2,6.6,"0.00, 0.00, 0.00, 0.50","onepoint_0.5",260,202609540,"2.236067977499790,2.000000000000000,1.414213562373095,1.000000000000000","W",1000,39.8,1.54788888490098,0,3.3,96.7
"unbalanced n, larger n with smaller SD",20,"10, 16, 24, 30",5,2,6.6,"0.00, 0.00, 0.00, 0.50","onepoint_0.5",260,202609540,"2.236067977499790,2.000000000000000,1.414213562373095,1.000000000000000","KW",1000,68.3,1.47143127600306,0,3.3,96.7
"unbalanced n, larger n with smaller SD",20,"10, 16, 24, 30",5,2,6.6,"0.00, 0.00, 0.00, 0.50","onepoint_0.5",260,202609540,"2.236067977499790,2.000000000000000,1.414213562373095,1.000000000000000","gate",1000,68.6,1.46766481186952,0,3.3,96.7
"unbalanced n, larger n with smaller SD",30,"15, 24, 36, 45",1,0,0,"0.00, 0.00, 0.00, 0.50","onepoint_0.5",261,202609541,"2.236067977499790,2.000000000000000,1.414213562373095,1.000000000000000","F",1000,34.8,1.50630674166984,2.8,90.5,6.7
"unbalanced n, larger n with smaller SD",30,"15, 24, 36, 45",1,0,0,"0.00, 0.00, 0.00, 0.50","onepoint_0.5",261,202609541,"2.236067977499790,2.000000000000000,1.414213562373095,1.000000000000000","W",1000,34.5,1.50324648677454,2.8,90.5,6.7
"unbalanced n, larger n with smaller SD",30,"15, 24, 36, 45",1,0,0,"0.00, 0.00, 0.00, 0.50","onepoint_0.5",261,202609541,"2.236067977499790,2.000000000000000,1.414213562373095,1.000000000000000","KW",1000,34.1,1.49906304070243,2.8,90.5,6.7
"unbalanced n, larger n with smaller SD",30,"15, 24, 36, 45",1,0,0,"0.00, 0.00, 0.00, 0.50","onepoint_0.5",261,202609541,"2.236067977499790,2.000000000000000,1.414213562373095,1.000000000000000","gate",1000,35.4,1.51223014121528,2.8,90.5,6.7
"unbalanced n, larger n with smaller SD",30,"15, 24, 36, 45",2,0,6,"0.00, 0.00, 0.00, 0.50","onepoint_0.5",262,202609542,"2.236067977499790,2.000000000000000,1.414213562373095,1.000000000000000","F",1000,37,1.52676127799994,1.4,19.6,79
"unbalanced n, larger n with smaller SD",30,"15, 24, 36, 45",2,0,6,"0.00, 0.00, 0.00, 0.50","onepoint_0.5",262,202609542,"2.236067977499790,2.000000000000000,1.414213562373095,1.000000000000000","W",1000,37.6,1.5317441039547,1.4,19.6,79
"unbalanced n, larger n with smaller SD",30,"15, 24, 36, 45",2,0,6,"0.00, 0.00, 0.00, 0.50","onepoint_0.5",262,202609542,"2.236067977499790,2.000000000000000,1.414213562373095,1.000000000000000","KW",1000,52,1.57987341265052,1.4,19.6,79
"unbalanced n, larger n with smaller SD",30,"15, 24, 36, 45",2,0,6,"0.00, 0.00, 0.00, 0.50","onepoint_0.5",262,202609542,"2.236067977499790,2.000000000000000,1.414213562373095,1.000000000000000","gate",1000,50.6,1.58102498398982,1.4,19.6,79
"unbalanced n, larger n with smaller SD",30,"15, 24, 36, 45",3,0.5,1,"0.00, 0.00, 0.00, 0.50","onepoint_0.5",263,202609543,"2.236067977499790,2.000000000000000,1.414213562373095,1.000000000000000","F",1000,31.2,1.46511433000978,1.9,70.4,27.7
"unbalanced n, larger n with smaller SD",30,"15, 24, 36, 45",3,0.5,1,"0.00, 0.00, 0.00, 0.50","onepoint_0.5",263,202609543,"2.236067977499790,2.000000000000000,1.414213562373095,1.000000000000000","W",1000,33.5,1.49256490646136,1.9,70.4,27.7
"unbalanced n, larger n with smaller SD",30,"15, 24, 36, 45",3,0.5,1,"0.00, 0.00, 0.00, 0.50","onepoint_0.5",263,202609543,"2.236067977499790,2.000000000000000,1.414213562373095,1.000000000000000","KW",1000,42.1,1.56127832240123,1.9,70.4,27.7
"unbalanced n, larger n with smaller SD",30,"15, 24, 36, 45",3,0.5,1,"0.00, 0.00, 0.00, 0.50","onepoint_0.5",263,202609543,"2.236067977499790,2.000000000000000,1.414213562373095,1.000000000000000","gate",1000,37.6,1.5317441039547,1.9,70.4,27.7
"unbalanced n, larger n with smaller SD",30,"15, 24, 36, 45",4,1,1.6,"0.00, 0.00, 0.00, 0.50","onepoint_0.5",264,202609544,"2.236067977499790,2.000000000000000,1.414213562373095,1.000000000000000","F",1000,35.5,1.51319199046255,0.6,28.1,71.3
"unbalanced n, larger n with smaller SD",30,"15, 24, 36, 45",4,1,1.6,"0.00, 0.00, 0.00, 0.50","onepoint_0.5",264,202609544,"2.236067977499790,2.000000000000000,1.414213562373095,1.000000000000000","W",1000,42.9,1.56511660907422,0.6,28.1,71.3
"unbalanced n, larger n with smaller SD",30,"15, 24, 36, 45",4,1,1.6,"0.00, 0.00, 0.00, 0.50","onepoint_0.5",264,202609544,"2.236067977499790,2.000000000000000,1.414213562373095,1.000000000000000","KW",1000,57.7,1.56227718411299,0.6,28.1,71.3
"unbalanced n, larger n with smaller SD",30,"15, 24, 36, 45",4,1,1.6,"0.00, 0.00, 0.00, 0.50","onepoint_0.5",264,202609544,"2.236067977499790,2.000000000000000,1.414213562373095,1.000000000000000","gate",1000,55.8,1.57046489932122,0.6,28.1,71.3
"unbalanced n, larger n with smaller SD",30,"15, 24, 36, 45",5,2,6.6,"0.00, 0.00, 0.00, 0.50","onepoint_0.5",265,202609545,"2.236067977499790,2.000000000000000,1.414213562373095,1.000000000000000","F",1000,38.8,1.54096073927923,0,0,100
"unbalanced n, larger n with smaller SD",30,"15, 24, 36, 45",5,2,6.6,"0.00, 0.00, 0.00, 0.50","onepoint_0.5",265,202609545,"2.236067977499790,2.000000000000000,1.414213562373095,1.000000000000000","W",1000,49.2,1.58093643135959,0,0,100
"unbalanced n, larger n with smaller SD",30,"15, 24, 36, 45",5,2,6.6,"0.00, 0.00, 0.00, 0.50","onepoint_0.5",265,202609545,"2.236067977499790,2.000000000000000,1.414213562373095,1.000000000000000","KW",1000,86.1,1.09397897603199,0,0,100
"unbalanced n, larger n with smaller SD",30,"15, 24, 36, 45",5,2,6.6,"0.00, 0.00, 0.00, 0.50","onepoint_0.5",265,202609545,"2.236067977499790,2.000000000000000,1.414213562373095,1.000000000000000","gate",1000,86.1,1.09397897603199,0,0,100
"unbalanced n, larger n with smaller SD",50,"25, 40, 60, 75",1,0,0,"0.00, 0.00, 0.00, 0.50","onepoint_0.5",266,202609546,"2.236067977499790,2.000000000000000,1.414213562373095,1.000000000000000","F",1000,51.7,1.58022466757104,0.2,95.4,4.4
"unbalanced n, larger n with smaller SD",50,"25, 40, 60, 75",1,0,0,"0.00, 0.00, 0.00, 0.50","onepoint_0.5",266,202609546,"2.236067977499790,2.000000000000000,1.414213562373095,1.000000000000000","W",1000,57.8,1.5617810345884,0.2,95.4,4.4
"unbalanced n, larger n with smaller SD",50,"25, 40, 60, 75",1,0,0,"0.00, 0.00, 0.00, 0.50","onepoint_0.5",266,202609546,"2.236067977499790,2.000000000000000,1.414213562373095,1.000000000000000","KW",1000,53.7,1.57680372906713,0.2,95.4,4.4
"unbalanced n, larger n with smaller SD",50,"25, 40, 60, 75",1,0,0,"0.00, 0.00, 0.00, 0.50","onepoint_0.5",266,202609546,"2.236067977499790,2.000000000000000,1.414213562373095,1.000000000000000","gate",1000,57.7,1.56227718411299,0.2,95.4,4.4
"unbalanced n, larger n with smaller SD",50,"25, 40, 60, 75",2,0,6,"0.00, 0.00, 0.00, 0.50","onepoint_0.5",267,202609547,"2.236067977499790,2.000000000000000,1.414213562373095,1.000000000000000","F",1000,53.7,1.57680372906713,0,7.2,92.8
"unbalanced n, larger n with smaller SD",50,"25, 40, 60, 75",2,0,6,"0.00, 0.00, 0.00, 0.50","onepoint_0.5",267,202609547,"2.236067977499790,2.000000000000000,1.414213562373095,1.000000000000000","W",1000,61,1.54240072614091,0,7.2,92.8
"unbalanced n, larger n with smaller SD",50,"25, 40, 60, 75",2,0,6,"0.00, 0.00, 0.00, 0.50","onepoint_0.5",267,202609547,"2.236067977499790,2.000000000000000,1.414213562373095,1.000000000000000","KW",1000,75.8,1.35438546950268,0,7.2,92.8
"unbalanced n, larger n with smaller SD",50,"25, 40, 60, 75",2,0,6,"0.00, 0.00, 0.00, 0.50","onepoint_0.5",267,202609547,"2.236067977499790,2.000000000000000,1.414213562373095,1.000000000000000","gate",1000,75,1.36930639376292,0,7.2,92.8
"unbalanced n, larger n with smaller SD",50,"25, 40, 60, 75",3,0.5,1,"0.00, 0.00, 0.00, 0.50","onepoint_0.5",268,202609548,"2.236067977499790,2.000000000000000,1.414213562373095,1.000000000000000","F",1000,50.3,1.5811103693291,0.2,57.2,42.6
"unbalanced n, larger n with smaller SD",50,"25, 40, 60, 75",3,0.5,1,"0.00, 0.00, 0.00, 0.50","onepoint_0.5",268,202609548,"2.236067977499790,2.000000000000000,1.414213562373095,1.000000000000000","W",1000,57.5,1.56324982008635,0.2,57.2,42.6
"unbalanced n, larger n with smaller SD",50,"25, 40, 60, 75",3,0.5,1,"0.00, 0.00, 0.00, 0.50","onepoint_0.5",268,202609548,"2.236067977499790,2.000000000000000,1.414213562373095,1.000000000000000","KW",1000,67.4,1.48230900961979,0.2,57.2,42.6
"unbalanced n, larger n with smaller SD",50,"25, 40, 60, 75",3,0.5,1,"0.00, 0.00, 0.00, 0.50","onepoint_0.5",268,202609548,"2.236067977499790,2.000000000000000,1.414213562373095,1.000000000000000","gate",1000,64.4,1.51414662433993,0.2,57.2,42.6
"unbalanced n, larger n with smaller SD",50,"25, 40, 60, 75",4,1,1.6,"0.00, 0.00, 0.00, 0.50","onepoint_0.5",269,202609549,"2.236067977499790,2.000000000000000,1.414213562373095,1.000000000000000","F",1000,53.3,1.57769135131052,0,6.6,93.4
"unbalanced n, larger n with smaller SD",50,"25, 40, 60, 75",4,1,1.6,"0.00, 0.00, 0.00, 0.50","onepoint_0.5",269,202609549,"2.236067977499790,2.000000000000000,1.414213562373095,1.000000000000000","W",1000,62.7,1.52928414625929,0,6.6,93.4
"unbalanced n, larger n with smaller SD",50,"25, 40, 60, 75",4,1,1.6,"0.00, 0.00, 0.00, 0.50","onepoint_0.5",269,202609549,"2.236067977499790,2.000000000000000,1.414213562373095,1.000000000000000","KW",1000,83.6,1.17091417277271,0,6.6,93.4
"unbalanced n, larger n with smaller SD",50,"25, 40, 60, 75",4,1,1.6,"0.00, 0.00, 0.00, 0.50","onepoint_0.5",269,202609549,"2.236067977499790,2.000000000000000,1.414213562373095,1.000000000000000","gate",1000,82.4,1.20425910833176,0,6.6,93.4
"unbalanced n, larger n with smaller SD",50,"25, 40, 60, 75",5,2,6.6,"0.00, 0.00, 0.00, 0.50","onepoint_0.5",270,202609550,"2.236067977499790,2.000000000000000,1.414213562373095,1.000000000000000","F",1000,55,1.57321327225523,0,0,100
"unbalanced n, larger n with smaller SD",50,"25, 40, 60, 75",5,2,6.6,"0.00, 0.00, 0.00, 0.50","onepoint_0.5",270,202609550,"2.236067977499790,2.000000000000000,1.414213562373095,1.000000000000000","W",1000,65.8,1.50011999520038,0,0,100
"unbalanced n, larger n with smaller SD",50,"25, 40, 60, 75",5,2,6.6,"0.00, 0.00, 0.00, 0.50","onepoint_0.5",270,202609550,"2.236067977499790,2.000000000000000,1.414213562373095,1.000000000000000","KW",1000,98.3,0.408790900094413,0,0,100
"unbalanced n, larger n with smaller SD",50,"25, 40, 60, 75",5,2,6.6,"0.00, 0.00, 0.00, 0.50","onepoint_0.5",270,202609550,"2.236067977499790,2.000000000000000,1.414213562373095,1.000000000000000","gate",1000,98.3,0.408790900094413,0,0,100
"unbalanced n, larger n with smaller SD",100,"50, 80, 120, 150",1,0,0,"0.00, 0.00, 0.00, 0.50","onepoint_0.5",271,202609551,"2.236067977499790,2.000000000000000,1.414213562373095,1.000000000000000","F",1000,82.6,1.19884944842962,0,94.7,5.3
"unbalanced n, larger n with smaller SD",100,"50, 80, 120, 150",1,0,0,"0.00, 0.00, 0.00, 0.50","onepoint_0.5",271,202609551,"2.236067977499790,2.000000000000000,1.414213562373095,1.000000000000000","W",1000,88.3,1.0164201887015,0,94.7,5.3
"unbalanced n, larger n with smaller SD",100,"50, 80, 120, 150",1,0,0,"0.00, 0.00, 0.00, 0.50","onepoint_0.5",271,202609551,"2.236067977499790,2.000000000000000,1.414213562373095,1.000000000000000","KW",1000,85.3,1.11978122863352,0,94.7,5.3
"unbalanced n, larger n with smaller SD",100,"50, 80, 120, 150",1,0,0,"0.00, 0.00, 0.00, 0.50","onepoint_0.5",271,202609551,"2.236067977499790,2.000000000000000,1.414213562373095,1.000000000000000","gate",1000,88.3,1.0164201887015,0,94.7,5.3
"unbalanced n, larger n with smaller SD",100,"50, 80, 120, 150",2,0,6,"0.00, 0.00, 0.00, 0.50","onepoint_0.5",272,202609552,"2.236067977499790,2.000000000000000,1.414213562373095,1.000000000000000","F",1000,83.6,1.17091417277271,0,0,100
"unbalanced n, larger n with smaller SD",100,"50, 80, 120, 150",2,0,6,"0.00, 0.00, 0.00, 0.50","onepoint_0.5",272,202609552,"2.236067977499790,2.000000000000000,1.414213562373095,1.000000000000000","W",1000,88.4,1.01264011376204,0,0,100
"unbalanced n, larger n with smaller SD",100,"50, 80, 120, 150",2,0,6,"0.00, 0.00, 0.00, 0.50","onepoint_0.5",272,202609552,"2.236067977499790,2.000000000000000,1.414213562373095,1.000000000000000","KW",1000,98.2,0.420428352992517,0,0,100
"unbalanced n, larger n with smaller SD",100,"50, 80, 120, 150",2,0,6,"0.00, 0.00, 0.00, 0.50","onepoint_0.5",272,202609552,"2.236067977499790,2.000000000000000,1.414213562373095,1.000000000000000","gate",1000,98.2,0.420428352992517,0,0,100
"unbalanced n, larger n with smaller SD",100,"50, 80, 120, 150",3,0.5,1,"0.00, 0.00, 0.00, 0.50","onepoint_0.5",273,202609553,"2.236067977499790,2.000000000000000,1.414213562373095,1.000000000000000","F",1000,84.1,1.15636931816786,0,29.7,70.3
"unbalanced n, larger n with smaller SD",100,"50, 80, 120, 150",3,0.5,1,"0.00, 0.00, 0.00, 0.50","onepoint_0.5",273,202609553,"2.236067977499790,2.000000000000000,1.414213562373095,1.000000000000000","W",1000,89.3,0.977501918156686,0,29.7,70.3
"unbalanced n, larger n with smaller SD",100,"50, 80, 120, 150",3,0.5,1,"0.00, 0.00, 0.00, 0.50","onepoint_0.5",273,202609553,"2.236067977499790,2.000000000000000,1.414213562373095,1.000000000000000","KW",1000,95,0.689202437604511,0,29.7,70.3
"unbalanced n, larger n with smaller SD",100,"50, 80, 120, 150",3,0.5,1,"0.00, 0.00, 0.00, 0.50","onepoint_0.5",273,202609553,"2.236067977499790,2.000000000000000,1.414213562373095,1.000000000000000","gate",1000,93.9,0.756828910652864,0,29.7,70.3
"unbalanced n, larger n with smaller SD",100,"50, 80, 120, 150",4,1,1.6,"0.00, 0.00, 0.00, 0.50","onepoint_0.5",274,202609554,"2.236067977499790,2.000000000000000,1.414213562373095,1.000000000000000","F",1000,82.5,1.20156148406979,0,0.1,99.9
"unbalanced n, larger n with smaller SD",100,"50, 80, 120, 150",4,1,1.6,"0.00, 0.00, 0.00, 0.50","onepoint_0.5",274,202609554,"2.236067977499790,2.000000000000000,1.414213562373095,1.000000000000000","W",1000,90.4,0.931579304192617,0,0.1,99.9
"unbalanced n, larger n with smaller SD",100,"50, 80, 120, 150",4,1,1.6,"0.00, 0.00, 0.00, 0.50","onepoint_0.5",274,202609554,"2.236067977499790,2.000000000000000,1.414213562373095,1.000000000000000","KW",1000,99.3,0.263647491928143,0,0.1,99.9
"unbalanced n, larger n with smaller SD",100,"50, 80, 120, 150",4,1,1.6,"0.00, 0.00, 0.00, 0.50","onepoint_0.5",274,202609554,"2.236067977499790,2.000000000000000,1.414213562373095,1.000000000000000","gate",1000,99.3,0.263647491928143,0,0.1,99.9
"unbalanced n, larger n with smaller SD",100,"50, 80, 120, 150",5,2,6.6,"0.00, 0.00, 0.00, 0.50","onepoint_0.5",275,202609555,"2.236067977499790,2.000000000000000,1.414213562373095,1.000000000000000","F",1000,81.7,1.22274690758145,0,0,100
"unbalanced n, larger n with smaller SD",100,"50, 80, 120, 150",5,2,6.6,"0.00, 0.00, 0.00, 0.50","onepoint_0.5",275,202609555,"2.236067977499790,2.000000000000000,1.414213562373095,1.000000000000000","W",1000,90.8,0.913980306133562,0,0,100
"unbalanced n, larger n with smaller SD",100,"50, 80, 120, 150",5,2,6.6,"0.00, 0.00, 0.00, 0.50","onepoint_0.5",275,202609555,"2.236067977499790,2.000000000000000,1.414213562373095,1.000000000000000","KW",1000,100,0,0,0,100
"unbalanced n, larger n with smaller SD",100,"50, 80, 120, 150",5,2,6.6,"0.00, 0.00, 0.00, 0.50","onepoint_0.5",275,202609555,"2.236067977499790,2.000000000000000,1.414213562373095,1.000000000000000","gate",1000,100,0,0,0,100
"balanced n, equal SD",10,"10, 10, 10, 10",1,0,0,"0.00, 0.00, 0.00, 1.00","onepoint_1",276,202609556,"1,1,1,1","F",1000,55.3,1.57223089907303,89.5,5.9,4.6
"balanced n, equal SD",10,"10, 10, 10, 10",1,0,0,"0.00, 0.00, 0.00, 1.00","onepoint_1",276,202609556,"1,1,1,1","W",1000,50.9,1.58088266484265,89.5,5.9,4.6
"balanced n, equal SD",10,"10, 10, 10, 10",1,0,0,"0.00, 0.00, 0.00, 1.00","onepoint_1",276,202609556,"1,1,1,1","KW",1000,49.9,1.58113566780337,89.5,5.9,4.6
"balanced n, equal SD",10,"10, 10, 10, 10",1,0,0,"0.00, 0.00, 0.00, 1.00","onepoint_1",276,202609556,"1,1,1,1","gate",1000,55,1.57321327225523,89.5,5.9,4.6
"balanced n, equal SD",10,"10, 10, 10, 10",2,0,6,"0.00, 0.00, 0.00, 1.00","onepoint_1",277,202609557,"1,1,1,1","F",1000,61.4,1.5394934231753,49.9,7,43.1
"balanced n, equal SD",10,"10, 10, 10, 10",2,0,6,"0.00, 0.00, 0.00, 1.00","onepoint_1",277,202609557,"1,1,1,1","W",1000,61.6,1.53799869960933,49.9,7,43.1
"balanced n, equal SD",10,"10, 10, 10, 10",2,0,6,"0.00, 0.00, 0.00, 1.00","onepoint_1",277,202609557,"1,1,1,1","KW",1000,70.5,1.44213383567545,49.9,7,43.1
"balanced n, equal SD",10,"10, 10, 10, 10",2,0,6,"0.00, 0.00, 0.00, 1.00","onepoint_1",277,202609557,"1,1,1,1","gate",1000,71.2,1.43197765345692,49.9,7,43.1
"balanced n, equal SD",10,"10, 10, 10, 10",3,0.5,1,"0.00, 0.00, 0.00, 1.00","onepoint_1",278,202609558,"1,1,1,1","F",1000,58.7,1.55701958882989,75.9,7,17.1
"balanced n, equal SD",10,"10, 10, 10, 10",3,0.5,1,"0.00, 0.00, 0.00, 1.00","onepoint_1",278,202609558,"1,1,1,1","W",1000,55.8,1.57046489932122,75.9,7,17.1
"balanced n, equal SD",10,"10, 10, 10, 10",3,0.5,1,"0.00, 0.00, 0.00, 1.00","onepoint_1",278,202609558,"1,1,1,1","KW",1000,56.2,1.56893594515519,75.9,7,17.1
"balanced n, equal SD",10,"10, 10, 10, 10",3,0.5,1,"0.00, 0.00, 0.00, 1.00","onepoint_1",278,202609558,"1,1,1,1","gate",1000,60.3,1.54722655096143,75.9,7,17.1
"balanced n, equal SD",10,"10, 10, 10, 10",4,1,1.6,"0.00, 0.00, 0.00, 1.00","onepoint_1",279,202609559,"1,1,1,1","F",1000,60.1,1.54854447788883,49.9,10.2,39.9
"balanced n, equal SD",10,"10, 10, 10, 10",4,1,1.6,"0.00, 0.00, 0.00, 1.00","onepoint_1",279,202609559,"1,1,1,1","W",1000,61.9,1.53570504980611,49.9,10.2,39.9
"balanced n, equal SD",10,"10, 10, 10, 10",4,1,1.6,"0.00, 0.00, 0.00, 1.00","onepoint_1",279,202609559,"1,1,1,1","KW",1000,61,1.54240072614091,49.9,10.2,39.9
"balanced n, equal SD",10,"10, 10, 10, 10",4,1,1.6,"0.00, 0.00, 0.00, 1.00","onepoint_1",279,202609559,"1,1,1,1","gate",1000,64.1,1.51696736945789,49.9,10.2,39.9
"balanced n, equal SD",10,"10, 10, 10, 10",5,2,6.6,"0.00, 0.00, 0.00, 1.00","onepoint_1",280,202609560,"1,1,1,1","F",1000,58.1,1.56025318458255,8.1,10.6,81.3
"balanced n, equal SD",10,"10, 10, 10, 10",5,2,6.6,"0.00, 0.00, 0.00, 1.00","onepoint_1",280,202609560,"1,1,1,1","W",1000,69.2,1.45991780590552,8.1,10.6,81.3
"balanced n, equal SD",10,"10, 10, 10, 10",5,2,6.6,"0.00, 0.00, 0.00, 1.00","onepoint_1",280,202609560,"1,1,1,1","KW",1000,77,1.33078923951165,8.1,10.6,81.3
"balanced n, equal SD",10,"10, 10, 10, 10",5,2,6.6,"0.00, 0.00, 0.00, 1.00","onepoint_1",280,202609560,"1,1,1,1","gate",1000,78.1,1.30781879478772,8.1,10.6,81.3
"balanced n, equal SD",20,"20, 20, 20, 20",1,0,0,"0.00, 0.00, 0.00, 1.00","onepoint_1",281,202609561,"1,1,1,1","F",1000,91.9,0.862780389206894,89.6,5,5.4
"balanced n, equal SD",20,"20, 20, 20, 20",1,0,0,"0.00, 0.00, 0.00, 1.00","onepoint_1",281,202609561,"1,1,1,1","W",1000,89,0.989444288477123,89.6,5,5.4
"balanced n, equal SD",20,"20, 20, 20, 20",1,0,0,"0.00, 0.00, 0.00, 1.00","onepoint_1",281,202609561,"1,1,1,1","KW",1000,89.9,0.952885092757778,89.6,5,5.4
"balanced n, equal SD",20,"20, 20, 20, 20",1,0,0,"0.00, 0.00, 0.00, 1.00","onepoint_1",281,202609561,"1,1,1,1","gate",1000,91.9,0.862780389206894,89.6,5,5.4
"balanced n, equal SD",20,"20, 20, 20, 20",2,0,6,"0.00, 0.00, 0.00, 1.00","onepoint_1",282,202609562,"1,1,1,1","F",1000,89.3,0.977501918156686,22.2,5.6,72.2
"balanced n, equal SD",20,"20, 20, 20, 20",2,0,6,"0.00, 0.00, 0.00, 1.00","onepoint_1",282,202609562,"1,1,1,1","W",1000,88.6,1.00500746265886,22.2,5.6,72.2
"balanced n, equal SD",20,"20, 20, 20, 20",2,0,6,"0.00, 0.00, 0.00, 1.00","onepoint_1",282,202609562,"1,1,1,1","KW",1000,95.8,0.634318531969546,22.2,5.6,72.2
"balanced n, equal SD",20,"20, 20, 20, 20",2,0,6,"0.00, 0.00, 0.00, 1.00","onepoint_1",282,202609562,"1,1,1,1","gate",1000,95.1,0.682634602111555,22.2,5.6,72.2
"balanced n, equal SD",20,"20, 20, 20, 20",3,0.5,1,"0.00, 0.00, 0.00, 1.00","onepoint_1",283,202609563,"1,1,1,1","F",1000,90.9,0.909499862561837,66.6,6.2,27.2
"balanced n, equal SD",20,"20, 20, 20, 20",3,0.5,1,"0.00, 0.00, 0.00, 1.00","onepoint_1",283,202609563,"1,1,1,1","W",1000,91,0.904986187739901,66.6,6.2,27.2
"balanced n, equal SD",20,"20, 20, 20, 20",3,0.5,1,"0.00, 0.00, 0.00, 1.00","onepoint_1",283,202609563,"1,1,1,1","KW",1000,91.7,0.872416185085994,66.6,6.2,27.2
"balanced n, equal SD",20,"20, 20, 20, 20",3,0.5,1,"0.00, 0.00, 0.00, 1.00","onepoint_1",283,202609563,"1,1,1,1","gate",1000,92.1,0.852988862764339,66.6,6.2,27.2
"balanced n, equal SD",20,"20, 20, 20, 20",4,1,1.6,"0.00, 0.00, 0.00, 1.00","onepoint_1",284,202609564,"1,1,1,1","F",1000,90.9,0.909499862561837,15.1,7.1,77.8
"balanced n, equal SD",20,"20, 20, 20, 20",4,1,1.6,"0.00, 0.00, 0.00, 1.00","onepoint_1",284,202609564,"1,1,1,1","W",1000,93.3,0.790638982089803,15.1,7.1,77.8
"balanced n, equal SD",20,"20, 20, 20, 20",4,1,1.6,"0.00, 0.00, 0.00, 1.00","onepoint_1",284,202609564,"1,1,1,1","KW",1000,95.5,0.655553201502365,15.1,7.1,77.8
"balanced n, equal SD",20,"20, 20, 20, 20",4,1,1.6,"0.00, 0.00, 0.00, 1.00","onepoint_1",284,202609564,"1,1,1,1","gate",1000,95.5,0.655553201502365,15.1,7.1,77.8
"balanced n, equal SD",20,"20, 20, 20, 20",5,2,6.6,"0.00, 0.00, 0.00, 1.00","onepoint_1",285,202609565,"1,1,1,1","F",1000,90.6,0.922843432007835,0.2,1.6,98.2
"balanced n, equal SD",20,"20, 20, 20, 20",5,2,6.6,"0.00, 0.00, 0.00, 1.00","onepoint_1",285,202609565,"1,1,1,1","W",1000,95.8,0.634318531969546,0.2,1.6,98.2
"balanced n, equal SD",20,"20, 20, 20, 20",5,2,6.6,"0.00, 0.00, 0.00, 1.00","onepoint_1",285,202609565,"1,1,1,1","KW",1000,99.6,0.199599599197994,0.2,1.6,98.2
"balanced n, equal SD",20,"20, 20, 20, 20",5,2,6.6,"0.00, 0.00, 0.00, 1.00","onepoint_1",285,202609565,"1,1,1,1","gate",1000,99.6,0.199599599197994,0.2,1.6,98.2
"balanced n, equal SD",30,"30, 30, 30, 30",1,0,0,"0.00, 0.00, 0.00, 1.00","onepoint_1",286,202609566,"1,1,1,1","F",1000,98,0.442718872423573,91.4,4.6,4
"balanced n, equal SD",30,"30, 30, 30, 30",1,0,0,"0.00, 0.00, 0.00, 1.00","onepoint_1",286,202609566,"1,1,1,1","W",1000,97.5,0.493710441453288,91.4,4.6,4
"balanced n, equal SD",30,"30, 30, 30, 30",1,0,0,"0.00, 0.00, 0.00, 1.00","onepoint_1",286,202609566,"1,1,1,1","KW",1000,97.4,0.503229569878401,91.4,4.6,4
"balanced n, equal SD",30,"30, 30, 30, 30",1,0,0,"0.00, 0.00, 0.00, 1.00","onepoint_1",286,202609566,"1,1,1,1","gate",1000,98,0.442718872423573,91.4,4.6,4
"balanced n, equal SD",30,"30, 30, 30, 30",2,0,6,"0.00, 0.00, 0.00, 1.00","onepoint_1",287,202609567,"1,1,1,1","F",1000,97,0.539444158370447,10.6,2.4,87
"balanced n, equal SD",30,"30, 30, 30, 30",2,0,6,"0.00, 0.00, 0.00, 1.00","onepoint_1",287,202609567,"1,1,1,1","W",1000,96.4,0.589101010014412,10.6,2.4,87
"balanced n, equal SD",30,"30, 30, 30, 30",2,0,6,"0.00, 0.00, 0.00, 1.00","onepoint_1",287,202609567,"1,1,1,1","KW",1000,99.7,0.172945077987204,10.6,2.4,87
"balanced n, equal SD",30,"30, 30, 30, 30",2,0,6,"0.00, 0.00, 0.00, 1.00","onepoint_1",287,202609567,"1,1,1,1","gate",1000,99.5,0.223047080231955,10.6,2.4,87
"balanced n, equal SD",30,"30, 30, 30, 30",3,0.5,1,"0.00, 0.00, 0.00, 1.00","onepoint_1",288,202609568,"1,1,1,1","F",1000,98.7,0.358203852575597,56.4,4.2,39.4
"balanced n, equal SD",30,"30, 30, 30, 30",3,0.5,1,"0.00, 0.00, 0.00, 1.00","onepoint_1",288,202609568,"1,1,1,1","W",1000,98.9,0.329833291224522,56.4,4.2,39.4
"balanced n, equal SD",30,"30, 30, 30, 30",3,0.5,1,"0.00, 0.00, 0.00, 1.00","onepoint_1",288,202609568,"1,1,1,1","KW",1000,98.7,0.358203852575597,56.4,4.2,39.4
"balanced n, equal SD",30,"30, 30, 30, 30",3,0.5,1,"0.00, 0.00, 0.00, 1.00","onepoint_1",288,202609568,"1,1,1,1","gate",1000,98.8,0.344325427466518,56.4,4.2,39.4
"balanced n, equal SD",30,"30, 30, 30, 30",4,1,1.6,"0.00, 0.00, 0.00, 1.00","onepoint_1",289,202609569,"1,1,1,1","F",1000,97.9,0.453420334788814,3.3,3.7,93
"balanced n, equal SD",30,"30, 30, 30, 30",4,1,1.6,"0.00, 0.00, 0.00, 1.00","onepoint_1",289,202609569,"1,1,1,1","W",1000,99.1,0.298646948753876,3.3,3.7,93
"balanced n, equal SD",30,"30, 30, 30, 30",4,1,1.6,"0.00, 0.00, 0.00, 1.00","onepoint_1",289,202609569,"1,1,1,1","KW",1000,99.5,0.223047080231955,3.3,3.7,93
"balanced n, equal SD",30,"30, 30, 30, 30",4,1,1.6,"0.00, 0.00, 0.00, 1.00","onepoint_1",289,202609569,"1,1,1,1","gate",1000,99.5,0.223047080231955,3.3,3.7,93
"balanced n, equal SD",30,"30, 30, 30, 30",5,2,6.6,"0.00, 0.00, 0.00, 1.00","onepoint_1",290,202609570,"1,1,1,1","F",1000,98.3,0.408790900094413,0,0,100
"balanced n, equal SD",30,"30, 30, 30, 30",5,2,6.6,"0.00, 0.00, 0.00, 1.00","onepoint_1",290,202609570,"1,1,1,1","W",1000,99.8,0.141279864099595,0,0,100
"balanced n, equal SD",30,"30, 30, 30, 30",5,2,6.6,"0.00, 0.00, 0.00, 1.00","onepoint_1",290,202609570,"1,1,1,1","KW",1000,100,0,0,0,100
"balanced n, equal SD",30,"30, 30, 30, 30",5,2,6.6,"0.00, 0.00, 0.00, 1.00","onepoint_1",290,202609570,"1,1,1,1","gate",1000,100,0,0,0,100
"balanced n, equal SD",50,"50, 50, 50, 50",1,0,0,"0.00, 0.00, 0.00, 1.00","onepoint_1",291,202609571,"1,1,1,1","F",1000,99.9,0.0999499874937461,91.3,4.3,4.4
"balanced n, equal SD",50,"50, 50, 50, 50",1,0,0,"0.00, 0.00, 0.00, 1.00","onepoint_1",291,202609571,"1,1,1,1","W",1000,100,0,91.3,4.3,4.4
"balanced n, equal SD",50,"50, 50, 50, 50",1,0,0,"0.00, 0.00, 0.00, 1.00","onepoint_1",291,202609571,"1,1,1,1","KW",1000,99.8,0.141279864099595,91.3,4.3,4.4
"balanced n, equal SD",50,"50, 50, 50, 50",1,0,0,"0.00, 0.00, 0.00, 1.00","onepoint_1",291,202609571,"1,1,1,1","gate",1000,99.9,0.0999499874937461,91.3,4.3,4.4
"balanced n, equal SD",50,"50, 50, 50, 50",2,0,6,"0.00, 0.00, 0.00, 1.00","onepoint_1",292,202609572,"1,1,1,1","F",1000,99.9,0.0999499874937461,0.8,0.9,98.3
"balanced n, equal SD",50,"50, 50, 50, 50",2,0,6,"0.00, 0.00, 0.00, 1.00","onepoint_1",292,202609572,"1,1,1,1","W",1000,99.9,0.0999499874937461,0.8,0.9,98.3
"balanced n, equal SD",50,"50, 50, 50, 50",2,0,6,"0.00, 0.00, 0.00, 1.00","onepoint_1",292,202609572,"1,1,1,1","KW",1000,100,0,0.8,0.9,98.3
"balanced n, equal SD",50,"50, 50, 50, 50",2,0,6,"0.00, 0.00, 0.00, 1.00","onepoint_1",292,202609572,"1,1,1,1","gate",1000,100,0,0.8,0.9,98.3
"balanced n, equal SD",50,"50, 50, 50, 50",3,0.5,1,"0.00, 0.00, 0.00, 1.00","onepoint_1",293,202609573,"1,1,1,1","F",1000,100,0,32.7,4.4,62.9
"balanced n, equal SD",50,"50, 50, 50, 50",3,0.5,1,"0.00, 0.00, 0.00, 1.00","onepoint_1",293,202609573,"1,1,1,1","W",1000,100,0,32.7,4.4,62.9
"balanced n, equal SD",50,"50, 50, 50, 50",3,0.5,1,"0.00, 0.00, 0.00, 1.00","onepoint_1",293,202609573,"1,1,1,1","KW",1000,100,0,32.7,4.4,62.9
"balanced n, equal SD",50,"50, 50, 50, 50",3,0.5,1,"0.00, 0.00, 0.00, 1.00","onepoint_1",293,202609573,"1,1,1,1","gate",1000,100,0,32.7,4.4,62.9
"balanced n, equal SD",50,"50, 50, 50, 50",4,1,1.6,"0.00, 0.00, 0.00, 1.00","onepoint_1",294,202609574,"1,1,1,1","F",1000,100,0,0.2,1.1,98.7
"balanced n, equal SD",50,"50, 50, 50, 50",4,1,1.6,"0.00, 0.00, 0.00, 1.00","onepoint_1",294,202609574,"1,1,1,1","W",1000,100,0,0.2,1.1,98.7
"balanced n, equal SD",50,"50, 50, 50, 50",4,1,1.6,"0.00, 0.00, 0.00, 1.00","onepoint_1",294,202609574,"1,1,1,1","KW",1000,100,0,0.2,1.1,98.7
"balanced n, equal SD",50,"50, 50, 50, 50",4,1,1.6,"0.00, 0.00, 0.00, 1.00","onepoint_1",294,202609574,"1,1,1,1","gate",1000,100,0,0.2,1.1,98.7
"balanced n, equal SD",50,"50, 50, 50, 50",5,2,6.6,"0.00, 0.00, 0.00, 1.00","onepoint_1",295,202609575,"1,1,1,1","F",1000,100,0,0,0,100
"balanced n, equal SD",50,"50, 50, 50, 50",5,2,6.6,"0.00, 0.00, 0.00, 1.00","onepoint_1",295,202609575,"1,1,1,1","W",1000,100,0,0,0,100
"balanced n, equal SD",50,"50, 50, 50, 50",5,2,6.6,"0.00, 0.00, 0.00, 1.00","onepoint_1",295,202609575,"1,1,1,1","KW",1000,100,0,0,0,100
"balanced n, equal SD",50,"50, 50, 50, 50",5,2,6.6,"0.00, 0.00, 0.00, 1.00","onepoint_1",295,202609575,"1,1,1,1","gate",1000,100,0,0,0,100
"balanced n, equal SD",100,"100, 100, 100, 100",1,0,0,"0.00, 0.00, 0.00, 1.00","onepoint_1",296,202609576,"1,1,1,1","F",1000,100,0,90.9,5.3,3.8
"balanced n, equal SD",100,"100, 100, 100, 100",1,0,0,"0.00, 0.00, 0.00, 1.00","onepoint_1",296,202609576,"1,1,1,1","W",1000,100,0,90.9,5.3,3.8
"balanced n, equal SD",100,"100, 100, 100, 100",1,0,0,"0.00, 0.00, 0.00, 1.00","onepoint_1",296,202609576,"1,1,1,1","KW",1000,100,0,90.9,5.3,3.8
"balanced n, equal SD",100,"100, 100, 100, 100",1,0,0,"0.00, 0.00, 0.00, 1.00","onepoint_1",296,202609576,"1,1,1,1","gate",1000,100,0,90.9,5.3,3.8
"balanced n, equal SD",100,"100, 100, 100, 100",2,0,6,"0.00, 0.00, 0.00, 1.00","onepoint_1",297,202609577,"1,1,1,1","F",1000,100,0,0.1,0,99.9
"balanced n, equal SD",100,"100, 100, 100, 100",2,0,6,"0.00, 0.00, 0.00, 1.00","onepoint_1",297,202609577,"1,1,1,1","W",1000,100,0,0.1,0,99.9
"balanced n, equal SD",100,"100, 100, 100, 100",2,0,6,"0.00, 0.00, 0.00, 1.00","onepoint_1",297,202609577,"1,1,1,1","KW",1000,100,0,0.1,0,99.9
"balanced n, equal SD",100,"100, 100, 100, 100",2,0,6,"0.00, 0.00, 0.00, 1.00","onepoint_1",297,202609577,"1,1,1,1","gate",1000,100,0,0.1,0,99.9
"balanced n, equal SD",100,"100, 100, 100, 100",3,0.5,1,"0.00, 0.00, 0.00, 1.00","onepoint_1",298,202609578,"1,1,1,1","F",1000,100,0,9.3,2.5,88.2
"balanced n, equal SD",100,"100, 100, 100, 100",3,0.5,1,"0.00, 0.00, 0.00, 1.00","onepoint_1",298,202609578,"1,1,1,1","W",1000,100,0,9.3,2.5,88.2
"balanced n, equal SD",100,"100, 100, 100, 100",3,0.5,1,"0.00, 0.00, 0.00, 1.00","onepoint_1",298,202609578,"1,1,1,1","KW",1000,100,0,9.3,2.5,88.2
"balanced n, equal SD",100,"100, 100, 100, 100",3,0.5,1,"0.00, 0.00, 0.00, 1.00","onepoint_1",298,202609578,"1,1,1,1","gate",1000,100,0,9.3,2.5,88.2
"balanced n, equal SD",100,"100, 100, 100, 100",4,1,1.6,"0.00, 0.00, 0.00, 1.00","onepoint_1",299,202609579,"1,1,1,1","F",1000,100,0,0,0,100
"balanced n, equal SD",100,"100, 100, 100, 100",4,1,1.6,"0.00, 0.00, 0.00, 1.00","onepoint_1",299,202609579,"1,1,1,1","W",1000,100,0,0,0,100
"balanced n, equal SD",100,"100, 100, 100, 100",4,1,1.6,"0.00, 0.00, 0.00, 1.00","onepoint_1",299,202609579,"1,1,1,1","KW",1000,100,0,0,0,100
"balanced n, equal SD",100,"100, 100, 100, 100",4,1,1.6,"0.00, 0.00, 0.00, 1.00","onepoint_1",299,202609579,"1,1,1,1","gate",1000,100,0,0,0,100
"balanced n, equal SD",100,"100, 100, 100, 100",5,2,6.6,"0.00, 0.00, 0.00, 1.00","onepoint_1",300,202609580,"1,1,1,1","F",1000,100,0,0,0,100
"balanced n, equal SD",100,"100, 100, 100, 100",5,2,6.6,"0.00, 0.00, 0.00, 1.00","onepoint_1",300,202609580,"1,1,1,1","W",1000,100,0,0,0,100
"balanced n, equal SD",100,"100, 100, 100, 100",5,2,6.6,"0.00, 0.00, 0.00, 1.00","onepoint_1",300,202609580,"1,1,1,1","KW",1000,100,0,0,0,100
"balanced n, equal SD",100,"100, 100, 100, 100",5,2,6.6,"0.00, 0.00, 0.00, 1.00","onepoint_1",300,202609580,"1,1,1,1","gate",1000,100,0,0,0,100
"unbalanced n, equal SD",10,"5, 8, 12, 15",1,0,0,"0.00, 0.00, 0.00, 1.00","onepoint_1",301,202609581,"1,1,1,1","F",1000,66.8,1.48921455808087,86.9,7.9,5.2
"unbalanced n, equal SD",10,"5, 8, 12, 15",1,0,0,"0.00, 0.00, 0.00, 1.00","onepoint_1",301,202609581,"1,1,1,1","W",1000,56,1.56971334962789,86.9,7.9,5.2
"unbalanced n, equal SD",10,"5, 8, 12, 15",1,0,0,"0.00, 0.00, 0.00, 1.00","onepoint_1",301,202609581,"1,1,1,1","KW",1000,60.7,1.5445096309185,86.9,7.9,5.2
"unbalanced n, equal SD",10,"5, 8, 12, 15",1,0,0,"0.00, 0.00, 0.00, 1.00","onepoint_1",301,202609581,"1,1,1,1","gate",1000,66.8,1.48921455808087,86.9,7.9,5.2
"unbalanced n, equal SD",10,"5, 8, 12, 15",2,0,6,"0.00, 0.00, 0.00, 1.00","onepoint_1",302,202609582,"1,1,1,1","F",1000,73.9,1.38880884213775,50.8,8,41.2
"unbalanced n, equal SD",10,"5, 8, 12, 15",2,0,6,"0.00, 0.00, 0.00, 1.00","onepoint_1",302,202609582,"1,1,1,1","W",1000,68.3,1.47143127600306,50.8,8,41.2
"unbalanced n, equal SD",10,"5, 8, 12, 15",2,0,6,"0.00, 0.00, 0.00, 1.00","onepoint_1",302,202609582,"1,1,1,1","KW",1000,82.7,1.1961229033841,50.8,8,41.2
"unbalanced n, equal SD",10,"5, 8, 12, 15",2,0,6,"0.00, 0.00, 0.00, 1.00","onepoint_1",302,202609582,"1,1,1,1","gate",1000,82.1,1.21226647235664,50.8,8,41.2
"unbalanced n, equal SD",10,"5, 8, 12, 15",3,0.5,1,"0.00, 0.00, 0.00, 1.00","onepoint_1",303,202609583,"1,1,1,1","F",1000,68.5,1.46892818068141,76.5,5.9,17.6
"unbalanced n, equal SD",10,"5, 8, 12, 15",3,0.5,1,"0.00, 0.00, 0.00, 1.00","onepoint_1",303,202609583,"1,1,1,1","W",1000,63.7,1.52062815967613,76.5,5.9,17.6
"unbalanced n, equal SD",10,"5, 8, 12, 15",3,0.5,1,"0.00, 0.00, 0.00, 1.00","onepoint_1",303,202609583,"1,1,1,1","KW",1000,67.9,1.47634345597493,76.5,5.9,17.6
"unbalanced n, equal SD",10,"5, 8, 12, 15",3,0.5,1,"0.00, 0.00, 0.00, 1.00","onepoint_1",303,202609583,"1,1,1,1","gate",1000,70.9,1.43638086871136,76.5,5.9,17.6
"unbalanced n, equal SD",10,"5, 8, 12, 15",4,1,1.6,"0.00, 0.00, 0.00, 1.00","onepoint_1",304,202609584,"1,1,1,1","F",1000,70,1.44913767461894,49.7,10.7,39.6
"unbalanced n, equal SD",10,"5, 8, 12, 15",4,1,1.6,"0.00, 0.00, 0.00, 1.00","onepoint_1",304,202609584,"1,1,1,1","W",1000,68,1.47512711316686,49.7,10.7,39.6
"unbalanced n, equal SD",10,"5, 8, 12, 15",4,1,1.6,"0.00, 0.00, 0.00, 1.00","onepoint_1",304,202609584,"1,1,1,1","KW",1000,73.7,1.39223202089307,49.7,10.7,39.6
"unbalanced n, equal SD",10,"5, 8, 12, 15",4,1,1.6,"0.00, 0.00, 0.00, 1.00","onepoint_1",304,202609584,"1,1,1,1","gate",1000,74.9,1.37112727345057,49.7,10.7,39.6
"unbalanced n, equal SD",10,"5, 8, 12, 15",5,2,6.6,"0.00, 0.00, 0.00, 1.00","onepoint_1",305,202609585,"1,1,1,1","F",1000,72.7,1.40879735945238,9.2,10.5,80.3
"unbalanced n, equal SD",10,"5, 8, 12, 15",5,2,6.6,"0.00, 0.00, 0.00, 1.00","onepoint_1",305,202609585,"1,1,1,1","W",1000,77.9,1.31209374665075,9.2,10.5,80.3
"unbalanced n, equal SD",10,"5, 8, 12, 15",5,2,6.6,"0.00, 0.00, 0.00, 1.00","onepoint_1",305,202609585,"1,1,1,1","KW",1000,88,1.02761860629321,9.2,10.5,80.3
"unbalanced n, equal SD",10,"5, 8, 12, 15",5,2,6.6,"0.00, 0.00, 0.00, 1.00","onepoint_1",305,202609585,"1,1,1,1","gate",1000,88.1,1.02390917565964,9.2,10.5,80.3
"unbalanced n, equal SD",20,"10, 16, 24, 30",1,0,0,"0.00, 0.00, 0.00, 1.00","onepoint_1",306,202609586,"1,1,1,1","F",1000,94.4,0.727076337120113,90,5,5
"unbalanced n, equal SD",20,"10, 16, 24, 30",1,0,0,"0.00, 0.00, 0.00, 1.00","onepoint_1",306,202609586,"1,1,1,1","W",1000,92.9,0.812151463706124,90,5,5
"unbalanced n, equal SD",20,"10, 16, 24, 30",1,0,0,"0.00, 0.00, 0.00, 1.00","onepoint_1",306,202609586,"1,1,1,1","KW",1000,93.1,0.801492358042171,90,5,5
"unbalanced n, equal SD",20,"10, 16, 24, 30",1,0,0,"0.00, 0.00, 0.00, 1.00","onepoint_1",306,202609586,"1,1,1,1","gate",1000,94,0.750999334220744,90,5,5
"unbalanced n, equal SD",20,"10, 16, 24, 30",2,0,6,"0.00, 0.00, 0.00, 1.00","onepoint_1",307,202609587,"1,1,1,1","F",1000,94.9,0.695693898205238,25.3,4,70.7
"unbalanced n, equal SD",20,"10, 16, 24, 30",2,0,6,"0.00, 0.00, 0.00, 1.00","onepoint_1",307,202609587,"1,1,1,1","W",1000,95.9,0.627048642451286,25.3,4,70.7
"unbalanced n, equal SD",20,"10, 16, 24, 30",2,0,6,"0.00, 0.00, 0.00, 1.00","onepoint_1",307,202609587,"1,1,1,1","KW",1000,98.9,0.329833291224522,25.3,4,70.7
"unbalanced n, equal SD",20,"10, 16, 24, 30",2,0,6,"0.00, 0.00, 0.00, 1.00","onepoint_1",307,202609587,"1,1,1,1","gate",1000,98.2,0.420428352992517,25.3,4,70.7
"unbalanced n, equal SD",20,"10, 16, 24, 30",3,0.5,1,"0.00, 0.00, 0.00, 1.00","onepoint_1",308,202609588,"1,1,1,1","F",1000,96.2,0.604615580348373,61.2,7.2,31.6
"unbalanced n, equal SD",20,"10, 16, 24, 30",3,0.5,1,"0.00, 0.00, 0.00, 1.00","onepoint_1",308,202609588,"1,1,1,1","W",1000,96.1,0.612200947402077,61.2,7.2,31.6
"unbalanced n, equal SD",20,"10, 16, 24, 30",3,0.5,1,"0.00, 0.00, 0.00, 1.00","onepoint_1",308,202609588,"1,1,1,1","KW",1000,97.4,0.503229569878401,61.2,7.2,31.6
"unbalanced n, equal SD",20,"10, 16, 24, 30",3,0.5,1,"0.00, 0.00, 0.00, 1.00","onepoint_1",308,202609588,"1,1,1,1","gate",1000,97.4,0.503229569878401,61.2,7.2,31.6
"unbalanced n, equal SD",20,"10, 16, 24, 30",4,1,1.6,"0.00, 0.00, 0.00, 1.00","onepoint_1",309,202609589,"1,1,1,1","F",1000,94.8,0.702111102319284,17.6,6.4,76
"unbalanced n, equal SD",20,"10, 16, 24, 30",4,1,1.6,"0.00, 0.00, 0.00, 1.00","onepoint_1",309,202609589,"1,1,1,1","W",1000,96.1,0.612200947402077,17.6,6.4,76
"unbalanced n, equal SD",20,"10, 16, 24, 30",4,1,1.6,"0.00, 0.00, 0.00, 1.00","onepoint_1",309,202609589,"1,1,1,1","KW",1000,97.3,0.512552436341883,17.6,6.4,76
"unbalanced n, equal SD",20,"10, 16, 24, 30",4,1,1.6,"0.00, 0.00, 0.00, 1.00","onepoint_1",309,202609589,"1,1,1,1","gate",1000,97.3,0.512552436341883,17.6,6.4,76
"unbalanced n, equal SD",20,"10, 16, 24, 30",5,2,6.6,"0.00, 0.00, 0.00, 1.00","onepoint_1",310,202609590,"1,1,1,1","F",1000,95.7,0.641490451994416,0.1,1,98.9
"unbalanced n, equal SD",20,"10, 16, 24, 30",5,2,6.6,"0.00, 0.00, 0.00, 1.00","onepoint_1",310,202609590,"1,1,1,1","W",1000,96.9,0.548078461536303,0.1,1,98.9
"unbalanced n, equal SD",20,"10, 16, 24, 30",5,2,6.6,"0.00, 0.00, 0.00, 1.00","onepoint_1",310,202609590,"1,1,1,1","KW",1000,99.8,0.141279864099595,0.1,1,98.9
"unbalanced n, equal SD",20,"10, 16, 24, 30",5,2,6.6,"0.00, 0.00, 0.00, 1.00","onepoint_1",310,202609590,"1,1,1,1","gate",1000,99.8,0.141279864099595,0.1,1,98.9
"unbalanced n, equal SD",30,"15, 24, 36, 45",1,0,0,"0.00, 0.00, 0.00, 1.00","onepoint_1",311,202609591,"1,1,1,1","F",1000,99.7,0.172945077987204,91,4.9,4.1
"unbalanced n, equal SD",30,"15, 24, 36, 45",1,0,0,"0.00, 0.00, 0.00, 1.00","onepoint_1",311,202609591,"1,1,1,1","W",1000,99.6,0.199599599197994,91,4.9,4.1
"unbalanced n, equal SD",30,"15, 24, 36, 45",1,0,0,"0.00, 0.00, 0.00, 1.00","onepoint_1",311,202609591,"1,1,1,1","KW",1000,99.5,0.223047080231955,91,4.9,4.1
"unbalanced n, equal SD",30,"15, 24, 36, 45",1,0,0,"0.00, 0.00, 0.00, 1.00","onepoint_1",311,202609591,"1,1,1,1","gate",1000,99.6,0.199599599197994,91,4.9,4.1
"unbalanced n, equal SD",30,"15, 24, 36, 45",2,0,6,"0.00, 0.00, 0.00, 1.00","onepoint_1",312,202609592,"1,1,1,1","F",1000,99.3,0.263647491928143,10.4,2.2,87.4
"unbalanced n, equal SD",30,"15, 24, 36, 45",2,0,6,"0.00, 0.00, 0.00, 1.00","onepoint_1",312,202609592,"1,1,1,1","W",1000,99.2,0.281709069786544,10.4,2.2,87.4
"unbalanced n, equal SD",30,"15, 24, 36, 45",2,0,6,"0.00, 0.00, 0.00, 1.00","onepoint_1",312,202609592,"1,1,1,1","KW",1000,99.9,0.0999499874937461,10.4,2.2,87.4
"unbalanced n, equal SD",30,"15, 24, 36, 45",2,0,6,"0.00, 0.00, 0.00, 1.00","onepoint_1",312,202609592,"1,1,1,1","gate",1000,99.9,0.0999499874937461,10.4,2.2,87.4
"unbalanced n, equal SD",30,"15, 24, 36, 45",3,0.5,1,"0.00, 0.00, 0.00, 1.00","onepoint_1",313,202609593,"1,1,1,1","F",1000,99.6,0.199599599197994,52.2,5.7,42.1
"unbalanced n, equal SD",30,"15, 24, 36, 45",3,0.5,1,"0.00, 0.00, 0.00, 1.00","onepoint_1",313,202609593,"1,1,1,1","W",1000,99.6,0.199599599197994,52.2,5.7,42.1
"unbalanced n, equal SD",30,"15, 24, 36, 45",3,0.5,1,"0.00, 0.00, 0.00, 1.00","onepoint_1",313,202609593,"1,1,1,1","KW",1000,99.7,0.172945077987204,52.2,5.7,42.1
"unbalanced n, equal SD",30,"15, 24, 36, 45",3,0.5,1,"0.00, 0.00, 0.00, 1.00","onepoint_1",313,202609593,"1,1,1,1","gate",1000,99.6,0.199599599197994,52.2,5.7,42.1
"unbalanced n, equal SD",30,"15, 24, 36, 45",4,1,1.6,"0.00, 0.00, 0.00, 1.00","onepoint_1",314,202609594,"1,1,1,1","F",1000,99.7,0.172945077987204,4.7,3.2,92.1
"unbalanced n, equal SD",30,"15, 24, 36, 45",4,1,1.6,"0.00, 0.00, 0.00, 1.00","onepoint_1",314,202609594,"1,1,1,1","W",1000,99.8,0.141279864099595,4.7,3.2,92.1
"unbalanced n, equal SD",30,"15, 24, 36, 45",4,1,1.6,"0.00, 0.00, 0.00, 1.00","onepoint_1",314,202609594,"1,1,1,1","KW",1000,99.9,0.0999499874937461,4.7,3.2,92.1
"unbalanced n, equal SD",30,"15, 24, 36, 45",4,1,1.6,"0.00, 0.00, 0.00, 1.00","onepoint_1",314,202609594,"1,1,1,1","gate",1000,99.9,0.0999499874937461,4.7,3.2,92.1
"unbalanced n, equal SD",30,"15, 24, 36, 45",5,2,6.6,"0.00, 0.00, 0.00, 1.00","onepoint_1",315,202609595,"1,1,1,1","F",1000,99.4,0.244213021765835,0,0,100
"unbalanced n, equal SD",30,"15, 24, 36, 45",5,2,6.6,"0.00, 0.00, 0.00, 1.00","onepoint_1",315,202609595,"1,1,1,1","W",1000,100,0,0,0,100
"unbalanced n, equal SD",30,"15, 24, 36, 45",5,2,6.6,"0.00, 0.00, 0.00, 1.00","onepoint_1",315,202609595,"1,1,1,1","KW",1000,100,0,0,0,100
"unbalanced n, equal SD",30,"15, 24, 36, 45",5,2,6.6,"0.00, 0.00, 0.00, 1.00","onepoint_1",315,202609595,"1,1,1,1","gate",1000,100,0,0,0,100
"unbalanced n, equal SD",50,"25, 40, 60, 75",1,0,0,"0.00, 0.00, 0.00, 1.00","onepoint_1",316,202609596,"1,1,1,1","F",1000,100,0,89.2,6,4.8
"unbalanced n, equal SD",50,"25, 40, 60, 75",1,0,0,"0.00, 0.00, 0.00, 1.00","onepoint_1",316,202609596,"1,1,1,1","W",1000,100,0,89.2,6,4.8
"unbalanced n, equal SD",50,"25, 40, 60, 75",1,0,0,"0.00, 0.00, 0.00, 1.00","onepoint_1",316,202609596,"1,1,1,1","KW",1000,100,0,89.2,6,4.8
"unbalanced n, equal SD",50,"25, 40, 60, 75",1,0,0,"0.00, 0.00, 0.00, 1.00","onepoint_1",316,202609596,"1,1,1,1","gate",1000,100,0,89.2,6,4.8
"unbalanced n, equal SD",50,"25, 40, 60, 75",2,0,6,"0.00, 0.00, 0.00, 1.00","onepoint_1",317,202609597,"1,1,1,1","F",1000,100,0,1.5,0.7,97.8
"unbalanced n, equal SD",50,"25, 40, 60, 75",2,0,6,"0.00, 0.00, 0.00, 1.00","onepoint_1",317,202609597,"1,1,1,1","W",1000,100,0,1.5,0.7,97.8
"unbalanced n, equal SD",50,"25, 40, 60, 75",2,0,6,"0.00, 0.00, 0.00, 1.00","onepoint_1",317,202609597,"1,1,1,1","KW",1000,100,0,1.5,0.7,97.8
"unbalanced n, equal SD",50,"25, 40, 60, 75",2,0,6,"0.00, 0.00, 0.00, 1.00","onepoint_1",317,202609597,"1,1,1,1","gate",1000,100,0,1.5,0.7,97.8
"unbalanced n, equal SD",50,"25, 40, 60, 75",3,0.5,1,"0.00, 0.00, 0.00, 1.00","onepoint_1",318,202609598,"1,1,1,1","F",1000,100,0,31.6,3.8,64.6
"unbalanced n, equal SD",50,"25, 40, 60, 75",3,0.5,1,"0.00, 0.00, 0.00, 1.00","onepoint_1",318,202609598,"1,1,1,1","W",1000,100,0,31.6,3.8,64.6
"unbalanced n, equal SD",50,"25, 40, 60, 75",3,0.5,1,"0.00, 0.00, 0.00, 1.00","onepoint_1",318,202609598,"1,1,1,1","KW",1000,100,0,31.6,3.8,64.6
"unbalanced n, equal SD",50,"25, 40, 60, 75",3,0.5,1,"0.00, 0.00, 0.00, 1.00","onepoint_1",318,202609598,"1,1,1,1","gate",1000,100,0,31.6,3.8,64.6
"unbalanced n, equal SD",50,"25, 40, 60, 75",4,1,1.6,"0.00, 0.00, 0.00, 1.00","onepoint_1",319,202609599,"1,1,1,1","F",1000,100,0,0.1,0.9,99
"unbalanced n, equal SD",50,"25, 40, 60, 75",4,1,1.6,"0.00, 0.00, 0.00, 1.00","onepoint_1",319,202609599,"1,1,1,1","W",1000,100,0,0.1,0.9,99
"unbalanced n, equal SD",50,"25, 40, 60, 75",4,1,1.6,"0.00, 0.00, 0.00, 1.00","onepoint_1",319,202609599,"1,1,1,1","KW",1000,100,0,0.1,0.9,99
"unbalanced n, equal SD",50,"25, 40, 60, 75",4,1,1.6,"0.00, 0.00, 0.00, 1.00","onepoint_1",319,202609599,"1,1,1,1","gate",1000,100,0,0.1,0.9,99
"unbalanced n, equal SD",50,"25, 40, 60, 75",5,2,6.6,"0.00, 0.00, 0.00, 1.00","onepoint_1",320,202609600,"1,1,1,1","F",1000,100,0,0,0,100
"unbalanced n, equal SD",50,"25, 40, 60, 75",5,2,6.6,"0.00, 0.00, 0.00, 1.00","onepoint_1",320,202609600,"1,1,1,1","W",1000,100,0,0,0,100
"unbalanced n, equal SD",50,"25, 40, 60, 75",5,2,6.6,"0.00, 0.00, 0.00, 1.00","onepoint_1",320,202609600,"1,1,1,1","KW",1000,100,0,0,0,100
"unbalanced n, equal SD",50,"25, 40, 60, 75",5,2,6.6,"0.00, 0.00, 0.00, 1.00","onepoint_1",320,202609600,"1,1,1,1","gate",1000,100,0,0,0,100
"unbalanced n, equal SD",100,"50, 80, 120, 150",1,0,0,"0.00, 0.00, 0.00, 1.00","onepoint_1",321,202609601,"1,1,1,1","F",1000,100,0,90.1,4.2,5.7
"unbalanced n, equal SD",100,"50, 80, 120, 150",1,0,0,"0.00, 0.00, 0.00, 1.00","onepoint_1",321,202609601,"1,1,1,1","W",1000,100,0,90.1,4.2,5.7
"unbalanced n, equal SD",100,"50, 80, 120, 150",1,0,0,"0.00, 0.00, 0.00, 1.00","onepoint_1",321,202609601,"1,1,1,1","KW",1000,100,0,90.1,4.2,5.7
"unbalanced n, equal SD",100,"50, 80, 120, 150",1,0,0,"0.00, 0.00, 0.00, 1.00","onepoint_1",321,202609601,"1,1,1,1","gate",1000,100,0,90.1,4.2,5.7
"unbalanced n, equal SD",100,"50, 80, 120, 150",2,0,6,"0.00, 0.00, 0.00, 1.00","onepoint_1",322,202609602,"1,1,1,1","F",1000,100,0,0,0,100
"unbalanced n, equal SD",100,"50, 80, 120, 150",2,0,6,"0.00, 0.00, 0.00, 1.00","onepoint_1",322,202609602,"1,1,1,1","W",1000,100,0,0,0,100
"unbalanced n, equal SD",100,"50, 80, 120, 150",2,0,6,"0.00, 0.00, 0.00, 1.00","onepoint_1",322,202609602,"1,1,1,1","KW",1000,100,0,0,0,100
"unbalanced n, equal SD",100,"50, 80, 120, 150",2,0,6,"0.00, 0.00, 0.00, 1.00","onepoint_1",322,202609602,"1,1,1,1","gate",1000,100,0,0,0,100
"unbalanced n, equal SD",100,"50, 80, 120, 150",3,0.5,1,"0.00, 0.00, 0.00, 1.00","onepoint_1",323,202609603,"1,1,1,1","F",1000,100,0,8,1.5,90.5
"unbalanced n, equal SD",100,"50, 80, 120, 150",3,0.5,1,"0.00, 0.00, 0.00, 1.00","onepoint_1",323,202609603,"1,1,1,1","W",1000,100,0,8,1.5,90.5
"unbalanced n, equal SD",100,"50, 80, 120, 150",3,0.5,1,"0.00, 0.00, 0.00, 1.00","onepoint_1",323,202609603,"1,1,1,1","KW",1000,100,0,8,1.5,90.5
"unbalanced n, equal SD",100,"50, 80, 120, 150",3,0.5,1,"0.00, 0.00, 0.00, 1.00","onepoint_1",323,202609603,"1,1,1,1","gate",1000,100,0,8,1.5,90.5
"unbalanced n, equal SD",100,"50, 80, 120, 150",4,1,1.6,"0.00, 0.00, 0.00, 1.00","onepoint_1",324,202609604,"1,1,1,1","F",1000,100,0,0,0,100
"unbalanced n, equal SD",100,"50, 80, 120, 150",4,1,1.6,"0.00, 0.00, 0.00, 1.00","onepoint_1",324,202609604,"1,1,1,1","W",1000,100,0,0,0,100
"unbalanced n, equal SD",100,"50, 80, 120, 150",4,1,1.6,"0.00, 0.00, 0.00, 1.00","onepoint_1",324,202609604,"1,1,1,1","KW",1000,100,0,0,0,100
"unbalanced n, equal SD",100,"50, 80, 120, 150",4,1,1.6,"0.00, 0.00, 0.00, 1.00","onepoint_1",324,202609604,"1,1,1,1","gate",1000,100,0,0,0,100
"unbalanced n, equal SD",100,"50, 80, 120, 150",5,2,6.6,"0.00, 0.00, 0.00, 1.00","onepoint_1",325,202609605,"1,1,1,1","F",1000,100,0,0,0,100
"unbalanced n, equal SD",100,"50, 80, 120, 150",5,2,6.6,"0.00, 0.00, 0.00, 1.00","onepoint_1",325,202609605,"1,1,1,1","W",1000,100,0,0,0,100
"unbalanced n, equal SD",100,"50, 80, 120, 150",5,2,6.6,"0.00, 0.00, 0.00, 1.00","onepoint_1",325,202609605,"1,1,1,1","KW",1000,100,0,0,0,100
"unbalanced n, equal SD",100,"50, 80, 120, 150",5,2,6.6,"0.00, 0.00, 0.00, 1.00","onepoint_1",325,202609605,"1,1,1,1","gate",1000,100,0,0,0,100
"balanced n, unequal SD",10,"10, 10, 10, 10",1,0,0,"0.00, 0.00, 0.00, 1.00","onepoint_1",326,202609606,"1.000000000000000,1.414213562373095,2.000000000000000,2.236067977499790","F",1000,22.7,1.32465467198059,48.7,42.7,8.6
"balanced n, unequal SD",10,"10, 10, 10, 10",1,0,0,"0.00, 0.00, 0.00, 1.00","onepoint_1",326,202609606,"1.000000000000000,1.414213562373095,2.000000000000000,2.236067977499790","W",1000,16.3,1.16803681448831,48.7,42.7,8.6
"balanced n, unequal SD",10,"10, 10, 10, 10",1,0,0,"0.00, 0.00, 0.00, 1.00","onepoint_1",326,202609606,"1.000000000000000,1.414213562373095,2.000000000000000,2.236067977499790","KW",1000,18.8,1.23554036761249,48.7,42.7,8.6
"balanced n, unequal SD",10,"10, 10, 10, 10",1,0,0,"0.00, 0.00, 0.00, 1.00","onepoint_1",326,202609606,"1.000000000000000,1.414213562373095,2.000000000000000,2.236067977499790","gate",1000,21.4,1.29693484801666,48.7,42.7,8.6
"balanced n, unequal SD",10,"10, 10, 10, 10",2,0,6,"0.00, 0.00, 0.00, 1.00","onepoint_1",327,202609607,"1.000000000000000,1.414213562373095,2.000000000000000,2.236067977499790","F",1000,25.8,1.38360398958662,29.7,25.3,45
"balanced n, unequal SD",10,"10, 10, 10, 10",2,0,6,"0.00, 0.00, 0.00, 1.00","onepoint_1",327,202609607,"1.000000000000000,1.414213562373095,2.000000000000000,2.236067977499790","W",1000,18.3,1.22274690758145,29.7,25.3,45
"balanced n, unequal SD",10,"10, 10, 10, 10",2,0,6,"0.00, 0.00, 0.00, 1.00","onepoint_1",327,202609607,"1.000000000000000,1.414213562373095,2.000000000000000,2.236067977499790","KW",1000,28.1,1.4214042352547,29.7,25.3,45
"balanced n, unequal SD",10,"10, 10, 10, 10",2,0,6,"0.00, 0.00, 0.00, 1.00","onepoint_1",327,202609607,"1.000000000000000,1.414213562373095,2.000000000000000,2.236067977499790","gate",1000,29,1.43492160064583,29.7,25.3,45
"balanced n, unequal SD",10,"10, 10, 10, 10",3,0.5,1,"0.00, 0.00, 0.00, 1.00","onepoint_1",328,202609608,"1.000000000000000,1.414213562373095,2.000000000000000,2.236067977499790","F",1000,21.8,1.30566458173606,43.6,39,17.4
"balanced n, unequal SD",10,"10, 10, 10, 10",3,0.5,1,"0.00, 0.00, 0.00, 1.00","onepoint_1",328,202609608,"1.000000000000000,1.414213562373095,2.000000000000000,2.236067977499790","W",1000,15,1.12915897906362,43.6,39,17.4
"balanced n, unequal SD",10,"10, 10, 10, 10",3,0.5,1,"0.00, 0.00, 0.00, 1.00","onepoint_1",328,202609608,"1.000000000000000,1.414213562373095,2.000000000000000,2.236067977499790","KW",1000,17.1,1.19062588582644,43.6,39,17.4
"balanced n, unequal SD",10,"10, 10, 10, 10",3,0.5,1,"0.00, 0.00, 0.00, 1.00","onepoint_1",328,202609608,"1.000000000000000,1.414213562373095,2.000000000000000,2.236067977499790","gate",1000,19.7,1.25774003673255,43.6,39,17.4
"balanced n, unequal SD",10,"10, 10, 10, 10",4,1,1.6,"0.00, 0.00, 0.00, 1.00","onepoint_1",329,202609609,"1.000000000000000,1.414213562373095,2.000000000000000,2.236067977499790","F",1000,23.2,1.33482583133531,26.4,40,33.6
"balanced n, unequal SD",10,"10, 10, 10, 10",4,1,1.6,"0.00, 0.00, 0.00, 1.00","onepoint_1",329,202609609,"1.000000000000000,1.414213562373095,2.000000000000000,2.236067977499790","W",1000,17,1.18785521003193,26.4,40,33.6
"balanced n, unequal SD",10,"10, 10, 10, 10",4,1,1.6,"0.00, 0.00, 0.00, 1.00","onepoint_1",329,202609609,"1.000000000000000,1.414213562373095,2.000000000000000,2.236067977499790","KW",1000,19.2,1.24553602918583,26.4,40,33.6
"balanced n, unequal SD",10,"10, 10, 10, 10",4,1,1.6,"0.00, 0.00, 0.00, 1.00","onepoint_1",329,202609609,"1.000000000000000,1.414213562373095,2.000000000000000,2.236067977499790","gate",1000,20.1,1.26727660753286,26.4,40,33.6
"balanced n, unequal SD",10,"10, 10, 10, 10",5,2,6.6,"0.00, 0.00, 0.00, 1.00","onepoint_1",330,202609610,"1.000000000000000,1.414213562373095,2.000000000000000,2.236067977499790","F",1000,19,1.24056438768812,5.4,22.6,72
"balanced n, unequal SD",10,"10, 10, 10, 10",5,2,6.6,"0.00, 0.00, 0.00, 1.00","onepoint_1",330,202609610,"1.000000000000000,1.414213562373095,2.000000000000000,2.236067977499790","W",1000,15,1.12915897906362,5.4,22.6,72
"balanced n, unequal SD",10,"10, 10, 10, 10",5,2,6.6,"0.00, 0.00, 0.00, 1.00","onepoint_1",330,202609610,"1.000000000000000,1.414213562373095,2.000000000000000,2.236067977499790","KW",1000,19,1.24056438768812,5.4,22.6,72
"balanced n, unequal SD",10,"10, 10, 10, 10",5,2,6.6,"0.00, 0.00, 0.00, 1.00","onepoint_1",330,202609610,"1.000000000000000,1.414213562373095,2.000000000000000,2.236067977499790","gate",1000,20.4,1.27429980773757,5.4,22.6,72
"balanced n, unequal SD",20,"20, 20, 20, 20",1,0,0,"0.00, 0.00, 0.00, 1.00","onepoint_1",331,202609611,"1.000000000000000,1.414213562373095,2.000000000000000,2.236067977499790","F",1000,39.4,1.54519901630826,16.1,75,8.9
"balanced n, unequal SD",20,"20, 20, 20, 20",1,0,0,"0.00, 0.00, 0.00, 1.00","onepoint_1",331,202609611,"1.000000000000000,1.414213562373095,2.000000000000000,2.236067977499790","W",1000,29.3,1.43927412260486,16.1,75,8.9
"balanced n, unequal SD",20,"20, 20, 20, 20",1,0,0,"0.00, 0.00, 0.00, 1.00","onepoint_1",331,202609611,"1.000000000000000,1.414213562373095,2.000000000000000,2.236067977499790","KW",1000,32.9,1.48579608291313,16.1,75,8.9
"balanced n, unequal SD",20,"20, 20, 20, 20",1,0,0,"0.00, 0.00, 0.00, 1.00","onepoint_1",331,202609611,"1.000000000000000,1.414213562373095,2.000000000000000,2.236067977499790","gate",1000,31.8,1.47267104269759,16.1,75,8.9
"balanced n, unequal SD",20,"20, 20, 20, 20",2,0,6,"0.00, 0.00, 0.00, 1.00","onepoint_1",332,202609612,"1.000000000000000,1.414213562373095,2.000000000000000,2.236067977499790","F",1000,44.3,1.57083099027235,6.6,26.8,66.6
"balanced n, unequal SD",20,"20, 20, 20, 20",2,0,6,"0.00, 0.00, 0.00, 1.00","onepoint_1",332,202609612,"1.000000000000000,1.414213562373095,2.000000000000000,2.236067977499790","W",1000,34.4,1.50221170279026,6.6,26.8,66.6
"balanced n, unequal SD",20,"20, 20, 20, 20",2,0,6,"0.00, 0.00, 0.00, 1.00","onepoint_1",332,202609612,"1.000000000000000,1.414213562373095,2.000000000000000,2.236067977499790","KW",1000,51.6,1.58032907965398,6.6,26.8,66.6
"balanced n, unequal SD",20,"20, 20, 20, 20",2,0,6,"0.00, 0.00, 0.00, 1.00","onepoint_1",332,202609612,"1.000000000000000,1.414213562373095,2.000000000000000,2.236067977499790","gate",1000,48.6,1.58051890213309,6.6,26.8,66.6
"balanced n, unequal SD",20,"20, 20, 20, 20",3,0.5,1,"0.00, 0.00, 0.00, 1.00","onepoint_1",333,202609613,"1.000000000000000,1.414213562373095,2.000000000000000,2.236067977499790","F",1000,37.2,1.52845019545944,12.2,63.6,24.2
"balanced n, unequal SD",20,"20, 20, 20, 20",3,0.5,1,"0.00, 0.00, 0.00, 1.00","onepoint_1",333,202609613,"1.000000000000000,1.414213562373095,2.000000000000000,2.236067977499790","W",1000,27.8,1.41674274305535,12.2,63.6,24.2
"balanced n, unequal SD",20,"20, 20, 20, 20",3,0.5,1,"0.00, 0.00, 0.00, 1.00","onepoint_1",333,202609613,"1.000000000000000,1.414213562373095,2.000000000000000,2.236067977499790","KW",1000,31.3,1.46639353517397,12.2,63.6,24.2
"balanced n, unequal SD",20,"20, 20, 20, 20",3,0.5,1,"0.00, 0.00, 0.00, 1.00","onepoint_1",333,202609613,"1.000000000000000,1.414213562373095,2.000000000000000,2.236067977499790","gate",1000,30.8,1.45991780590552,12.2,63.6,24.2
"balanced n, unequal SD",20,"20, 20, 20, 20",4,1,1.6,"0.00, 0.00, 0.00, 1.00","onepoint_1",334,202609614,"1.000000000000000,1.414213562373095,2.000000000000000,2.236067977499790","F",1000,39.7,1.54722655096143,6.2,44.3,49.5
"balanced n, unequal SD",20,"20, 20, 20, 20",4,1,1.6,"0.00, 0.00, 0.00, 1.00","onepoint_1",334,202609614,"1.000000000000000,1.414213562373095,2.000000000000000,2.236067977499790","W",1000,28.1,1.4214042352547,6.2,44.3,49.5
"balanced n, unequal SD",20,"20, 20, 20, 20",4,1,1.6,"0.00, 0.00, 0.00, 1.00","onepoint_1",334,202609614,"1.000000000000000,1.414213562373095,2.000000000000000,2.236067977499790","KW",1000,29.8,1.44636095080032,6.2,44.3,49.5
"balanced n, unequal SD",20,"20, 20, 20, 20",4,1,1.6,"0.00, 0.00, 0.00, 1.00","onepoint_1",334,202609614,"1.000000000000000,1.414213562373095,2.000000000000000,2.236067977499790","gate",1000,31.7,1.47143127600306,6.2,44.3,49.5
"balanced n, unequal SD",20,"20, 20, 20, 20",5,2,6.6,"0.00, 0.00, 0.00, 1.00","onepoint_1",335,202609615,"1.000000000000000,1.414213562373095,2.000000000000000,2.236067977499790","F",1000,39.6,1.54655746740947,0.1,3.8,96.1
"balanced n, unequal SD",20,"20, 20, 20, 20",5,2,6.6,"0.00, 0.00, 0.00, 1.00","onepoint_1",335,202609615,"1.000000000000000,1.414213562373095,2.000000000000000,2.236067977499790","W",1000,30.7,1.4585986425333,0.1,3.8,96.1
"balanced n, unequal SD",20,"20, 20, 20, 20",5,2,6.6,"0.00, 0.00, 0.00, 1.00","onepoint_1",335,202609615,"1.000000000000000,1.414213562373095,2.000000000000000,2.236067977499790","KW",1000,41.5,1.55812387184075,0.1,3.8,96.1
"balanced n, unequal SD",20,"20, 20, 20, 20",5,2,6.6,"0.00, 0.00, 0.00, 1.00","onepoint_1",335,202609615,"1.000000000000000,1.414213562373095,2.000000000000000,2.236067977499790","gate",1000,41.4,1.55757503832079,0.1,3.8,96.1
"balanced n, unequal SD",30,"30, 30, 30, 30",1,0,0,"0.00, 0.00, 0.00, 1.00","onepoint_1",336,202609616,"1.000000000000000,1.414213562373095,2.000000000000000,2.236067977499790","F",1000,57,1.56556698994326,4.2,91.3,4.5
"balanced n, unequal SD",30,"30, 30, 30, 30",1,0,0,"0.00, 0.00, 0.00, 1.00","onepoint_1",336,202609616,"1.000000000000000,1.414213562373095,2.000000000000000,2.236067977499790","W",1000,44.9,1.57289224042844,4.2,91.3,4.5
"balanced n, unequal SD",30,"30, 30, 30, 30",1,0,0,"0.00, 0.00, 0.00, 1.00","onepoint_1",336,202609616,"1.000000000000000,1.414213562373095,2.000000000000000,2.236067977499790","KW",1000,49.1,1.58088266484265,4.2,91.3,4.5
"balanced n, unequal SD",30,"30, 30, 30, 30",1,0,0,"0.00, 0.00, 0.00, 1.00","onepoint_1",336,202609616,"1.000000000000000,1.414213562373095,2.000000000000000,2.236067977499790","gate",1000,45.3,1.57413785927409,4.2,91.3,4.5
"balanced n, unequal SD",30,"30, 30, 30, 30",2,0,6,"0.00, 0.00, 0.00, 1.00","onepoint_1",337,202609617,"1.000000000000000,1.414213562373095,2.000000000000000,2.236067977499790","F",1000,59.5,1.55233694795943,0.7,20.5,78.8
"balanced n, unequal SD",30,"30, 30, 30, 30",2,0,6,"0.00, 0.00, 0.00, 1.00","onepoint_1",337,202609617,"1.000000000000000,1.414213562373095,2.000000000000000,2.236067977499790","W",1000,50,1.58113883008419,0.7,20.5,78.8
"balanced n, unequal SD",30,"30, 30, 30, 30",2,0,6,"0.00, 0.00, 0.00, 1.00","onepoint_1",337,202609617,"1.000000000000000,1.414213562373095,2.000000000000000,2.236067977499790","KW",1000,71.4,1.42899965010493,0.7,20.5,78.8
"balanced n, unequal SD",30,"30, 30, 30, 30",2,0,6,"0.00, 0.00, 0.00, 1.00","onepoint_1",337,202609617,"1.000000000000000,1.414213562373095,2.000000000000000,2.236067977499790","gate",1000,68.5,1.46892818068141,0.7,20.5,78.8
"balanced n, unequal SD",30,"30, 30, 30, 30",3,0.5,1,"0.00, 0.00, 0.00, 1.00","onepoint_1",338,202609618,"1.000000000000000,1.414213562373095,2.000000000000000,2.236067977499790","F",1000,58.5,1.55812387184075,2.3,65.4,32.3
"balanced n, unequal SD",30,"30, 30, 30, 30",3,0.5,1,"0.00, 0.00, 0.00, 1.00","onepoint_1",338,202609618,"1.000000000000000,1.414213562373095,2.000000000000000,2.236067977499790","W",1000,46.7,1.57769135131052,2.3,65.4,32.3
"balanced n, unequal SD",30,"30, 30, 30, 30",3,0.5,1,"0.00, 0.00, 0.00, 1.00","onepoint_1",338,202609618,"1.000000000000000,1.414213562373095,2.000000000000000,2.236067977499790","KW",1000,47.5,1.57916116973538,2.3,65.4,32.3
"balanced n, unequal SD",30,"30, 30, 30, 30",3,0.5,1,"0.00, 0.00, 0.00, 1.00","onepoint_1",338,202609618,"1.000000000000000,1.414213562373095,2.000000000000000,2.236067977499790","gate",1000,49,1.58082257068907,2.3,65.4,32.3
"balanced n, unequal SD",30,"30, 30, 30, 30",4,1,1.6,"0.00, 0.00, 0.00, 1.00","onepoint_1",339,202609619,"1.000000000000000,1.414213562373095,2.000000000000000,2.236067977499790","F",1000,55.1,1.57289224042844,0.1,30.6,69.3
"balanced n, unequal SD",30,"30, 30, 30, 30",4,1,1.6,"0.00, 0.00, 0.00, 1.00","onepoint_1",339,202609619,"1.000000000000000,1.414213562373095,2.000000000000000,2.236067977499790","W",1000,43.2,1.56644821171975,0.1,30.6,69.3
"balanced n, unequal SD",30,"30, 30, 30, 30",4,1,1.6,"0.00, 0.00, 0.00, 1.00","onepoint_1",339,202609619,"1.000000000000000,1.414213562373095,2.000000000000000,2.236067977499790","KW",1000,41.8,1.55973074599432,0.1,30.6,69.3
"balanced n, unequal SD",30,"30, 30, 30, 30",4,1,1.6,"0.00, 0.00, 0.00, 1.00","onepoint_1",339,202609619,"1.000000000000000,1.414213562373095,2.000000000000000,2.236067977499790","gate",1000,44.4,1.57119063133663,0.1,30.6,69.3
"balanced n, unequal SD",30,"30, 30, 30, 30",5,2,6.6,"0.00, 0.00, 0.00, 1.00","onepoint_1",340,202609620,"1.000000000000000,1.414213562373095,2.000000000000000,2.236067977499790","F",1000,56.3,1.56853753541316,0,0.3,99.7
"balanced n, unequal SD",30,"30, 30, 30, 30",5,2,6.6,"0.00, 0.00, 0.00, 1.00","onepoint_1",340,202609620,"1.000000000000000,1.414213562373095,2.000000000000000,2.236067977499790","W",1000,47.8,1.57960754619621,0,0.3,99.7
"balanced n, unequal SD",30,"30, 30, 30, 30",5,2,6.6,"0.00, 0.00, 0.00, 1.00","onepoint_1",340,202609620,"1.000000000000000,1.414213562373095,2.000000000000000,2.236067977499790","KW",1000,59.1,1.55473148807117,0,0.3,99.7
"balanced n, unequal SD",30,"30, 30, 30, 30",5,2,6.6,"0.00, 0.00, 0.00, 1.00","onepoint_1",340,202609620,"1.000000000000000,1.414213562373095,2.000000000000000,2.236067977499790","gate",1000,59.1,1.55473148807117,0,0.3,99.7
"balanced n, unequal SD",50,"50, 50, 50, 50",1,0,0,"0.00, 0.00, 0.00, 1.00","onepoint_1",341,202609621,"1.000000000000000,1.414213562373095,2.000000000000000,2.236067977499790","F",1000,79.8,1.26962986732354,0,96.1,3.9
"balanced n, unequal SD",50,"50, 50, 50, 50",1,0,0,"0.00, 0.00, 0.00, 1.00","onepoint_1",341,202609621,"1.000000000000000,1.414213562373095,2.000000000000000,2.236067977499790","W",1000,69.5,1.45593612497252,0,96.1,3.9
"balanced n, unequal SD",50,"50, 50, 50, 50",1,0,0,"0.00, 0.00, 0.00, 1.00","onepoint_1",341,202609621,"1.000000000000000,1.414213562373095,2.000000000000000,2.236067977499790","KW",1000,71.3,1.43049292203771,0,96.1,3.9
"balanced n, unequal SD",50,"50, 50, 50, 50",1,0,0,"0.00, 0.00, 0.00, 1.00","onepoint_1",341,202609621,"1.000000000000000,1.414213562373095,2.000000000000000,2.236067977499790","gate",1000,69.5,1.45593612497252,0,96.1,3.9
"balanced n, unequal SD",50,"50, 50, 50, 50",2,0,6,"0.00, 0.00, 0.00, 1.00","onepoint_1",342,202609622,"1.000000000000000,1.414213562373095,2.000000000000000,2.236067977499790","F",1000,79.1,1.28576436410409,0.1,7.7,92.2
"balanced n, unequal SD",50,"50, 50, 50, 50",2,0,6,"0.00, 0.00, 0.00, 1.00","onepoint_1",342,202609622,"1.000000000000000,1.414213562373095,2.000000000000000,2.236067977499790","W",1000,70.6,1.44070815920505,0.1,7.7,92.2
"balanced n, unequal SD",50,"50, 50, 50, 50",2,0,6,"0.00, 0.00, 0.00, 1.00","onepoint_1",342,202609622,"1.000000000000000,1.414213562373095,2.000000000000000,2.236067977499790","KW",1000,90.5,0.927227048785787,0.1,7.7,92.2
"balanced n, unequal SD",50,"50, 50, 50, 50",2,0,6,"0.00, 0.00, 0.00, 1.00","onepoint_1",342,202609622,"1.000000000000000,1.414213562373095,2.000000000000000,2.236067977499790","gate",1000,89.4,0.973468027209934,0.1,7.7,92.2
"balanced n, unequal SD",50,"50, 50, 50, 50",3,0.5,1,"0.00, 0.00, 0.00, 1.00","onepoint_1",343,202609623,"1.000000000000000,1.414213562373095,2.000000000000000,2.236067977499790","F",1000,80.1,1.26253316788115,0,56.2,43.8
"balanced n, unequal SD",50,"50, 50, 50, 50",3,0.5,1,"0.00, 0.00, 0.00, 1.00","onepoint_1",343,202609623,"1.000000000000000,1.414213562373095,2.000000000000000,2.236067977499790","W",1000,71.1,1.43345387090063,0,56.2,43.8
"balanced n, unequal SD",50,"50, 50, 50, 50",3,0.5,1,"0.00, 0.00, 0.00, 1.00","onepoint_1",343,202609623,"1.000000000000000,1.414213562373095,2.000000000000000,2.236067977499790","KW",1000,70.8,1.43783170086071,0,56.2,43.8
"balanced n, unequal SD",50,"50, 50, 50, 50",3,0.5,1,"0.00, 0.00, 0.00, 1.00","onepoint_1",343,202609623,"1.000000000000000,1.414213562373095,2.000000000000000,2.236067977499790","gate",1000,71.6,1.42598737722323,0,56.2,43.8
"balanced n, unequal SD",50,"50, 50, 50, 50",4,1,1.6,"0.00, 0.00, 0.00, 1.00","onepoint_1",344,202609624,"1.000000000000000,1.414213562373095,2.000000000000000,2.236067977499790","F",1000,81,1.24056438768812,0,7.7,92.3
"balanced n, unequal SD",50,"50, 50, 50, 50",4,1,1.6,"0.00, 0.00, 0.00, 1.00","onepoint_1",344,202609624,"1.000000000000000,1.414213562373095,2.000000000000000,2.236067977499790","W",1000,73.2,1.40062843038402,0,7.7,92.3
"balanced n, unequal SD",50,"50, 50, 50, 50",4,1,1.6,"0.00, 0.00, 0.00, 1.00","onepoint_1",344,202609624,"1.000000000000000,1.414213562373095,2.000000000000000,2.236067977499790","KW",1000,68.8,1.46511433000978,0,7.7,92.3
"balanced n, unequal SD",50,"50, 50, 50, 50",4,1,1.6,"0.00, 0.00, 0.00, 1.00","onepoint_1",344,202609624,"1.000000000000000,1.414213562373095,2.000000000000000,2.236067977499790","gate",1000,69.4,1.45727142289966,0,7.7,92.3
"balanced n, unequal SD",50,"50, 50, 50, 50",5,2,6.6,"0.00, 0.00, 0.00, 1.00","onepoint_1",345,202609625,"1.000000000000000,1.414213562373095,2.000000000000000,2.236067977499790","F",1000,81.6,1.22533260790693,0,0.1,99.9
"balanced n, unequal SD",50,"50, 50, 50, 50",5,2,6.6,"0.00, 0.00, 0.00, 1.00","onepoint_1",345,202609625,"1.000000000000000,1.414213562373095,2.000000000000000,2.236067977499790","W",1000,76.3,1.34473417447464,0,0.1,99.9
"balanced n, unequal SD",50,"50, 50, 50, 50",5,2,6.6,"0.00, 0.00, 0.00, 1.00","onepoint_1",345,202609625,"1.000000000000000,1.414213562373095,2.000000000000000,2.236067977499790","KW",1000,82.5,1.20156148406979,0,0.1,99.9
"balanced n, unequal SD",50,"50, 50, 50, 50",5,2,6.6,"0.00, 0.00, 0.00, 1.00","onepoint_1",345,202609625,"1.000000000000000,1.414213562373095,2.000000000000000,2.236067977499790","gate",1000,82.5,1.20156148406979,0,0.1,99.9
"balanced n, unequal SD",100,"100, 100, 100, 100",1,0,0,"0.00, 0.00, 0.00, 1.00","onepoint_1",346,202609626,"1.000000000000000,1.414213562373095,2.000000000000000,2.236067977499790","F",1000,97.1,0.530650544143696,0,96.4,3.6
"balanced n, unequal SD",100,"100, 100, 100, 100",1,0,0,"0.00, 0.00, 0.00, 1.00","onepoint_1",346,202609626,"1.000000000000000,1.414213562373095,2.000000000000000,2.236067977499790","W",1000,95.1,0.682634602111555,0,96.4,3.6
"balanced n, unequal SD",100,"100, 100, 100, 100",1,0,0,"0.00, 0.00, 0.00, 1.00","onepoint_1",346,202609626,"1.000000000000000,1.414213562373095,2.000000000000000,2.236067977499790","KW",1000,95.4,0.662449998113065,0,96.4,3.6
"balanced n, unequal SD",100,"100, 100, 100, 100",1,0,0,"0.00, 0.00, 0.00, 1.00","onepoint_1",346,202609626,"1.000000000000000,1.414213562373095,2.000000000000000,2.236067977499790","gate",1000,95.2,0.675988165576884,0,96.4,3.6
"balanced n, unequal SD",100,"100, 100, 100, 100",2,0,6,"0.00, 0.00, 0.00, 1.00","onepoint_1",347,202609627,"1.000000000000000,1.414213562373095,2.000000000000000,2.236067977499790","F",1000,97.9,0.453420334788814,0,0.3,99.7
"balanced n, unequal SD",100,"100, 100, 100, 100",2,0,6,"0.00, 0.00, 0.00, 1.00","onepoint_1",347,202609627,"1.000000000000000,1.414213562373095,2.000000000000000,2.236067977499790","W",1000,95.1,0.682634602111555,0,0.3,99.7
"balanced n, unequal SD",100,"100, 100, 100, 100",2,0,6,"0.00, 0.00, 0.00, 1.00","onepoint_1",347,202609627,"1.000000000000000,1.414213562373095,2.000000000000000,2.236067977499790","KW",1000,99.7,0.172945077987204,0,0.3,99.7
"balanced n, unequal SD",100,"100, 100, 100, 100",2,0,6,"0.00, 0.00, 0.00, 1.00","onepoint_1",347,202609627,"1.000000000000000,1.414213562373095,2.000000000000000,2.236067977499790","gate",1000,99.7,0.172945077987204,0,0.3,99.7
"balanced n, unequal SD",100,"100, 100, 100, 100",3,0.5,1,"0.00, 0.00, 0.00, 1.00","onepoint_1",348,202609628,"1.000000000000000,1.414213562373095,2.000000000000000,2.236067977499790","F",1000,98.3,0.408790900094413,0,30,70
"balanced n, unequal SD",100,"100, 100, 100, 100",3,0.5,1,"0.00, 0.00, 0.00, 1.00","onepoint_1",348,202609628,"1.000000000000000,1.414213562373095,2.000000000000000,2.236067977499790","W",1000,96.1,0.612200947402077,0,30,70
"balanced n, unequal SD",100,"100, 100, 100, 100",3,0.5,1,"0.00, 0.00, 0.00, 1.00","onepoint_1",348,202609628,"1.000000000000000,1.414213562373095,2.000000000000000,2.236067977499790","KW",1000,95.5,0.655553201502365,0,30,70
"balanced n, unequal SD",100,"100, 100, 100, 100",3,0.5,1,"0.00, 0.00, 0.00, 1.00","onepoint_1",348,202609628,"1.000000000000000,1.414213562373095,2.000000000000000,2.236067977499790","gate",1000,95.8,0.634318531969546,0,30,70
"balanced n, unequal SD",100,"100, 100, 100, 100",4,1,1.6,"0.00, 0.00, 0.00, 1.00","onepoint_1",349,202609629,"1.000000000000000,1.414213562373095,2.000000000000000,2.236067977499790","F",1000,98.1,0.431729081716764,0,0.1,99.9
"balanced n, unequal SD",100,"100, 100, 100, 100",4,1,1.6,"0.00, 0.00, 0.00, 1.00","onepoint_1",349,202609629,"1.000000000000000,1.414213562373095,2.000000000000000,2.236067977499790","W",1000,96.9,0.548078461536303,0,0.1,99.9
"balanced n, unequal SD",100,"100, 100, 100, 100",4,1,1.6,"0.00, 0.00, 0.00, 1.00","onepoint_1",349,202609629,"1.000000000000000,1.414213562373095,2.000000000000000,2.236067977499790","KW",1000,93.2,0.796090447122687,0,0.1,99.9
"balanced n, unequal SD",100,"100, 100, 100, 100",4,1,1.6,"0.00, 0.00, 0.00, 1.00","onepoint_1",349,202609629,"1.000000000000000,1.414213562373095,2.000000000000000,2.236067977499790","gate",1000,93.2,0.796090447122687,0,0.1,99.9
"balanced n, unequal SD",100,"100, 100, 100, 100",5,2,6.6,"0.00, 0.00, 0.00, 1.00","onepoint_1",350,202609630,"1.000000000000000,1.414213562373095,2.000000000000000,2.236067977499790","F",1000,99,0.314642654451046,0,0,100
"balanced n, unequal SD",100,"100, 100, 100, 100",5,2,6.6,"0.00, 0.00, 0.00, 1.00","onepoint_1",350,202609630,"1.000000000000000,1.414213562373095,2.000000000000000,2.236067977499790","W",1000,98.4,0.396787096564392,0,0,100
"balanced n, unequal SD",100,"100, 100, 100, 100",5,2,6.6,"0.00, 0.00, 0.00, 1.00","onepoint_1",350,202609630,"1.000000000000000,1.414213562373095,2.000000000000000,2.236067977499790","KW",1000,99,0.314642654451046,0,0,100
"balanced n, unequal SD",100,"100, 100, 100, 100",5,2,6.6,"0.00, 0.00, 0.00, 1.00","onepoint_1",350,202609630,"1.000000000000000,1.414213562373095,2.000000000000000,2.236067977499790","gate",1000,99,0.314642654451046,0,0,100
"unbalanced n, larger n with larger SD",10,"5, 8, 12, 15",1,0,0,"0.00, 0.00, 0.00, 1.00","onepoint_1",351,202609631,"1.000000000000000,1.414213562373095,2.000000000000000,2.236067977499790","F",1000,18,1.214907403879,69.4,23.1,7.5
"unbalanced n, larger n with larger SD",10,"5, 8, 12, 15",1,0,0,"0.00, 0.00, 0.00, 1.00","onepoint_1",351,202609631,"1.000000000000000,1.414213562373095,2.000000000000000,2.236067977499790","W",1000,18.9,1.2380589646701,69.4,23.1,7.5
"unbalanced n, larger n with larger SD",10,"5, 8, 12, 15",1,0,0,"0.00, 0.00, 0.00, 1.00","onepoint_1",351,202609631,"1.000000000000000,1.414213562373095,2.000000000000000,2.236067977499790","KW",1000,15.8,1.15341232870123,69.4,23.1,7.5
"unbalanced n, larger n with larger SD",10,"5, 8, 12, 15",1,0,0,"0.00, 0.00, 0.00, 1.00","onepoint_1",351,202609631,"1.000000000000000,1.414213562373095,2.000000000000000,2.236067977499790","gate",1000,19.2,1.24553602918583,69.4,23.1,7.5
"unbalanced n, larger n with larger SD",10,"5, 8, 12, 15",2,0,6,"0.00, 0.00, 0.00, 1.00","onepoint_1",352,202609632,"1.000000000000000,1.414213562373095,2.000000000000000,2.236067977499790","F",1000,21.1,1.29026741414329,41.2,12.8,46
"unbalanced n, larger n with larger SD",10,"5, 8, 12, 15",2,0,6,"0.00, 0.00, 0.00, 1.00","onepoint_1",352,202609632,"1.000000000000000,1.414213562373095,2.000000000000000,2.236067977499790","W",1000,21,1.28802173894698,41.2,12.8,46
"unbalanced n, larger n with larger SD",10,"5, 8, 12, 15",2,0,6,"0.00, 0.00, 0.00, 1.00","onepoint_1",352,202609632,"1.000000000000000,1.414213562373095,2.000000000000000,2.236067977499790","KW",1000,28.9,1.43345387090063,41.2,12.8,46
"unbalanced n, larger n with larger SD",10,"5, 8, 12, 15",2,0,6,"0.00, 0.00, 0.00, 1.00","onepoint_1",352,202609632,"1.000000000000000,1.414213562373095,2.000000000000000,2.236067977499790","gate",1000,28.9,1.43345387090063,41.2,12.8,46
"unbalanced n, larger n with larger SD",10,"5, 8, 12, 15",3,0.5,1,"0.00, 0.00, 0.00, 1.00","onepoint_1",353,202609633,"1.000000000000000,1.414213562373095,2.000000000000000,2.236067977499790","F",1000,18.8,1.23554036761249,58.4,21.1,20.5
"unbalanced n, larger n with larger SD",10,"5, 8, 12, 15",3,0.5,1,"0.00, 0.00, 0.00, 1.00","onepoint_1",353,202609633,"1.000000000000000,1.414213562373095,2.000000000000000,2.236067977499790","W",1000,18.9,1.2380589646701,58.4,21.1,20.5
"unbalanced n, larger n with larger SD",10,"5, 8, 12, 15",3,0.5,1,"0.00, 0.00, 0.00, 1.00","onepoint_1",353,202609633,"1.000000000000000,1.414213562373095,2.000000000000000,2.236067977499790","KW",1000,18.5,1.22790471943062,58.4,21.1,20.5
"unbalanced n, larger n with larger SD",10,"5, 8, 12, 15",3,0.5,1,"0.00, 0.00, 0.00, 1.00","onepoint_1",353,202609633,"1.000000000000000,1.414213562373095,2.000000000000000,2.236067977499790","gate",1000,20.3,1.27197091161709,58.4,21.1,20.5
"unbalanced n, larger n with larger SD",10,"5, 8, 12, 15",4,1,1.6,"0.00, 0.00, 0.00, 1.00","onepoint_1",354,202609634,"1.000000000000000,1.414213562373095,2.000000000000000,2.236067977499790","F",1000,16.6,1.17662228433767,39.3,22.6,38.1
"unbalanced n, larger n with larger SD",10,"5, 8, 12, 15",4,1,1.6,"0.00, 0.00, 0.00, 1.00","onepoint_1",354,202609634,"1.000000000000000,1.414213562373095,2.000000000000000,2.236067977499790","W",1000,18.6,1.230463327369,39.3,22.6,38.1
"unbalanced n, larger n with larger SD",10,"5, 8, 12, 15",4,1,1.6,"0.00, 0.00, 0.00, 1.00","onepoint_1",354,202609634,"1.000000000000000,1.414213562373095,2.000000000000000,2.236067977499790","KW",1000,15.2,1.13532374237483,39.3,22.6,38.1
"unbalanced n, larger n with larger SD",10,"5, 8, 12, 15",4,1,1.6,"0.00, 0.00, 0.00, 1.00","onepoint_1",354,202609634,"1.000000000000000,1.414213562373095,2.000000000000000,2.236067977499790","gate",1000,19.1,1.24305671632472,39.3,22.6,38.1
"unbalanced n, larger n with larger SD",10,"5, 8, 12, 15",5,2,6.6,"0.00, 0.00, 0.00, 1.00","onepoint_1",355,202609635,"1.000000000000000,1.414213562373095,2.000000000000000,2.236067977499790","F",1000,17.8,1.20961150788177,6.5,15.3,78.2
"unbalanced n, larger n with larger SD",10,"5, 8, 12, 15",5,2,6.6,"0.00, 0.00, 0.00, 1.00","onepoint_1",355,202609635,"1.000000000000000,1.414213562373095,2.000000000000000,2.236067977499790","W",1000,22,1.30996183150503,6.5,15.3,78.2
"unbalanced n, larger n with larger SD",10,"5, 8, 12, 15",5,2,6.6,"0.00, 0.00, 0.00, 1.00","onepoint_1",355,202609635,"1.000000000000000,1.414213562373095,2.000000000000000,2.236067977499790","KW",1000,23.1,1.33281281506444,6.5,15.3,78.2
"unbalanced n, larger n with larger SD",10,"5, 8, 12, 15",5,2,6.6,"0.00, 0.00, 0.00, 1.00","onepoint_1",355,202609635,"1.000000000000000,1.414213562373095,2.000000000000000,2.236067977499790","gate",1000,25.6,1.38008695378226,6.5,15.3,78.2
"unbalanced n, larger n with larger SD",20,"10, 16, 24, 30",1,0,0,"0.00, 0.00, 0.00, 1.00","onepoint_1",356,202609636,"1.000000000000000,1.414213562373095,2.000000000000000,2.236067977499790","F",1000,38,1.53492670834799,38,55.6,6.4
"unbalanced n, larger n with larger SD",20,"10, 16, 24, 30",1,0,0,"0.00, 0.00, 0.00, 1.00","onepoint_1",356,202609636,"1.000000000000000,1.414213562373095,2.000000000000000,2.236067977499790","W",1000,37.5,1.53093108923949,38,55.6,6.4
"unbalanced n, larger n with larger SD",20,"10, 16, 24, 30",1,0,0,"0.00, 0.00, 0.00, 1.00","onepoint_1",356,202609636,"1.000000000000000,1.414213562373095,2.000000000000000,2.236067977499790","KW",1000,35.9,1.51696736945789,38,55.6,6.4
"unbalanced n, larger n with larger SD",20,"10, 16, 24, 30",1,0,0,"0.00, 0.00, 0.00, 1.00","onepoint_1",356,202609636,"1.000000000000000,1.414213562373095,2.000000000000000,2.236067977499790","gate",1000,38.9,1.54168414404508,38,55.6,6.4
"unbalanced n, larger n with larger SD",20,"10, 16, 24, 30",2,0,6,"0.00, 0.00, 0.00, 1.00","onepoint_1",357,202609637,"1.000000000000000,1.414213562373095,2.000000000000000,2.236067977499790","F",1000,39.7,1.54722655096143,11.6,16.2,72.2
"unbalanced n, larger n with larger SD",20,"10, 16, 24, 30",2,0,6,"0.00, 0.00, 0.00, 1.00","onepoint_1",357,202609637,"1.000000000000000,1.414213562373095,2.000000000000000,2.236067977499790","W",1000,40.4,1.55172162451904,11.6,16.2,72.2
"unbalanced n, larger n with larger SD",20,"10, 16, 24, 30",2,0,6,"0.00, 0.00, 0.00, 1.00","onepoint_1",357,202609637,"1.000000000000000,1.414213562373095,2.000000000000000,2.236067977499790","KW",1000,57.2,1.56465970741245,11.6,16.2,72.2
"unbalanced n, larger n with larger SD",20,"10, 16, 24, 30",2,0,6,"0.00, 0.00, 0.00, 1.00","onepoint_1",357,202609637,"1.000000000000000,1.414213562373095,2.000000000000000,2.236067977499790","gate",1000,56.4,1.56813264745046,11.6,16.2,72.2
"unbalanced n, larger n with larger SD",20,"10, 16, 24, 30",3,0.5,1,"0.00, 0.00, 0.00, 1.00","onepoint_1",358,202609638,"1.000000000000000,1.414213562373095,2.000000000000000,2.236067977499790","F",1000,39.2,1.5438134602341,28.3,42.9,28.8
"unbalanced n, larger n with larger SD",20,"10, 16, 24, 30",3,0.5,1,"0.00, 0.00, 0.00, 1.00","onepoint_1",358,202609638,"1.000000000000000,1.414213562373095,2.000000000000000,2.236067977499790","W",1000,40.3,1.55109960995418,28.3,42.9,28.8
"unbalanced n, larger n with larger SD",20,"10, 16, 24, 30",3,0.5,1,"0.00, 0.00, 0.00, 1.00","onepoint_1",358,202609638,"1.000000000000000,1.414213562373095,2.000000000000000,2.236067977499790","KW",1000,36.8,1.52504426165276,28.3,42.9,28.8
"unbalanced n, larger n with larger SD",20,"10, 16, 24, 30",3,0.5,1,"0.00, 0.00, 0.00, 1.00","onepoint_1",358,202609638,"1.000000000000000,1.414213562373095,2.000000000000000,2.236067977499790","gate",1000,41.4,1.55757503832079,28.3,42.9,28.8
"unbalanced n, larger n with larger SD",20,"10, 16, 24, 30",4,1,1.6,"0.00, 0.00, 0.00, 1.00","onepoint_1",359,202609639,"1.000000000000000,1.414213562373095,2.000000000000000,2.236067977499790","F",1000,37.2,1.52845019545944,8,31.9,60.1
"unbalanced n, larger n with larger SD",20,"10, 16, 24, 30",4,1,1.6,"0.00, 0.00, 0.00, 1.00","onepoint_1",359,202609639,"1.000000000000000,1.414213562373095,2.000000000000000,2.236067977499790","W",1000,39.8,1.54788888490098,8,31.9,60.1
"unbalanced n, larger n with larger SD",20,"10, 16, 24, 30",4,1,1.6,"0.00, 0.00, 0.00, 1.00","onepoint_1",359,202609639,"1.000000000000000,1.414213562373095,2.000000000000000,2.236067977499790","KW",1000,31.1,1.46382717559144,8,31.9,60.1
"unbalanced n, larger n with larger SD",20,"10, 16, 24, 30",4,1,1.6,"0.00, 0.00, 0.00, 1.00","onepoint_1",359,202609639,"1.000000000000000,1.414213562373095,2.000000000000000,2.236067977499790","gate",1000,36.9,1.52590628807932,8,31.9,60.1
"unbalanced n, larger n with larger SD",20,"10, 16, 24, 30",5,2,6.6,"0.00, 0.00, 0.00, 1.00","onepoint_1",360,202609640,"1.000000000000000,1.414213562373095,2.000000000000000,2.236067977499790","F",1000,38,1.53492670834799,0,2.3,97.7
"unbalanced n, larger n with larger SD",20,"10, 16, 24, 30",5,2,6.6,"0.00, 0.00, 0.00, 1.00","onepoint_1",360,202609640,"1.000000000000000,1.414213562373095,2.000000000000000,2.236067977499790","W",1000,45.9,1.57581407532742,0,2.3,97.7
"unbalanced n, larger n with larger SD",20,"10, 16, 24, 30",5,2,6.6,"0.00, 0.00, 0.00, 1.00","onepoint_1",360,202609640,"1.000000000000000,1.414213562373095,2.000000000000000,2.236067977499790","KW",1000,49.9,1.58113566780337,0,2.3,97.7
"unbalanced n, larger n with larger SD",20,"10, 16, 24, 30",5,2,6.6,"0.00, 0.00, 0.00, 1.00","onepoint_1",360,202609640,"1.000000000000000,1.414213562373095,2.000000000000000,2.236067977499790","gate",1000,50.3,1.5811103693291,0,2.3,97.7
"unbalanced n, larger n with larger SD",30,"15, 24, 36, 45",1,0,0,"0.00, 0.00, 0.00, 1.00","onepoint_1",361,202609641,"1.000000000000000,1.414213562373095,2.000000000000000,2.236067977499790","F",1000,56.3,1.56853753541316,15.9,79.1,5
"unbalanced n, larger n with larger SD",30,"15, 24, 36, 45",1,0,0,"0.00, 0.00, 0.00, 1.00","onepoint_1",361,202609641,"1.000000000000000,1.414213562373095,2.000000000000000,2.236067977499790","W",1000,57.5,1.56324982008635,15.9,79.1,5
"unbalanced n, larger n with larger SD",30,"15, 24, 36, 45",1,0,0,"0.00, 0.00, 0.00, 1.00","onepoint_1",361,202609641,"1.000000000000000,1.414213562373095,2.000000000000000,2.236067977499790","KW",1000,55.1,1.57289224042844,15.9,79.1,5
"unbalanced n, larger n with larger SD",30,"15, 24, 36, 45",1,0,0,"0.00, 0.00, 0.00, 1.00","onepoint_1",361,202609641,"1.000000000000000,1.414213562373095,2.000000000000000,2.236067977499790","gate",1000,58,1.56076904121013,15.9,79.1,5
"unbalanced n, larger n with larger SD",30,"15, 24, 36, 45",2,0,6,"0.00, 0.00, 0.00, 1.00","onepoint_1",362,202609642,"1.000000000000000,1.414213562373095,2.000000000000000,2.236067977499790","F",1000,61.8,1.5364764885933,2.2,15.3,82.5
"unbalanced n, larger n with larger SD",30,"15, 24, 36, 45",2,0,6,"0.00, 0.00, 0.00, 1.00","onepoint_1",362,202609642,"1.000000000000000,1.414213562373095,2.000000000000000,2.236067977499790","W",1000,62.8,1.52845019545944,2.2,15.3,82.5
"unbalanced n, larger n with larger SD",30,"15, 24, 36, 45",2,0,6,"0.00, 0.00, 0.00, 1.00","onepoint_1",362,202609642,"1.000000000000000,1.414213562373095,2.000000000000000,2.236067977499790","KW",1000,79.6,1.27429980773757,2.2,15.3,82.5
"unbalanced n, larger n with larger SD",30,"15, 24, 36, 45",2,0,6,"0.00, 0.00, 0.00, 1.00","onepoint_1",362,202609642,"1.000000000000000,1.414213562373095,2.000000000000000,2.236067977499790","gate",1000,78.5,1.2991343271579,2.2,15.3,82.5
"unbalanced n, larger n with larger SD",30,"15, 24, 36, 45",3,0.5,1,"0.00, 0.00, 0.00, 1.00","onepoint_1",363,202609643,"1.000000000000000,1.414213562373095,2.000000000000000,2.236067977499790","F",1000,56.1,1.56932788161047,7.7,60,32.3
"unbalanced n, larger n with larger SD",30,"15, 24, 36, 45",3,0.5,1,"0.00, 0.00, 0.00, 1.00","onepoint_1",363,202609643,"1.000000000000000,1.414213562373095,2.000000000000000,2.236067977499790","W",1000,58.7,1.55701958882989,7.7,60,32.3
"unbalanced n, larger n with larger SD",30,"15, 24, 36, 45",3,0.5,1,"0.00, 0.00, 0.00, 1.00","onepoint_1",363,202609643,"1.000000000000000,1.414213562373095,2.000000000000000,2.236067977499790","KW",1000,52.1,1.5797436500901,7.7,60,32.3
"unbalanced n, larger n with larger SD",30,"15, 24, 36, 45",3,0.5,1,"0.00, 0.00, 0.00, 1.00","onepoint_1",363,202609643,"1.000000000000000,1.414213562373095,2.000000000000000,2.236067977499790","gate",1000,57,1.56556698994326,7.7,60,32.3
"unbalanced n, larger n with larger SD",30,"15, 24, 36, 45",4,1,1.6,"0.00, 0.00, 0.00, 1.00","onepoint_1",364,202609644,"1.000000000000000,1.414213562373095,2.000000000000000,2.236067977499790","F",1000,56.3,1.56853753541316,1.2,24.6,74.2
"unbalanced n, larger n with larger SD",30,"15, 24, 36, 45",4,1,1.6,"0.00, 0.00, 0.00, 1.00","onepoint_1",364,202609644,"1.000000000000000,1.414213562373095,2.000000000000000,2.236067977499790","W",1000,60.7,1.5445096309185,1.2,24.6,74.2
"unbalanced n, larger n with larger SD",30,"15, 24, 36, 45",4,1,1.6,"0.00, 0.00, 0.00, 1.00","onepoint_1",364,202609644,"1.000000000000000,1.414213562373095,2.000000000000000,2.236067977499790","KW",1000,50.9,1.58088266484265,1.2,24.6,74.2
"unbalanced n, larger n with larger SD",30,"15, 24, 36, 45",4,1,1.6,"0.00, 0.00, 0.00, 1.00","onepoint_1",364,202609644,"1.000000000000000,1.414213562373095,2.000000000000000,2.236067977499790","gate",1000,55,1.57321327225523,1.2,24.6,74.2
"unbalanced n, larger n with larger SD",30,"15, 24, 36, 45",5,2,6.6,"0.00, 0.00, 0.00, 1.00","onepoint_1",365,202609645,"1.000000000000000,1.414213562373095,2.000000000000000,2.236067977499790","F",1000,57.4,1.56372631876553,0,0,100
"unbalanced n, larger n with larger SD",30,"15, 24, 36, 45",5,2,6.6,"0.00, 0.00, 0.00, 1.00","onepoint_1",365,202609645,"1.000000000000000,1.414213562373095,2.000000000000000,2.236067977499790","W",1000,64.4,1.51414662433993,0,0,100
"unbalanced n, larger n with larger SD",30,"15, 24, 36, 45",5,2,6.6,"0.00, 0.00, 0.00, 1.00","onepoint_1",365,202609645,"1.000000000000000,1.414213562373095,2.000000000000000,2.236067977499790","KW",1000,67.7,1.47875285291356,0,0,100
"unbalanced n, larger n with larger SD",30,"15, 24, 36, 45",5,2,6.6,"0.00, 0.00, 0.00, 1.00","onepoint_1",365,202609645,"1.000000000000000,1.414213562373095,2.000000000000000,2.236067977499790","gate",1000,67.7,1.47875285291356,0,0,100
"unbalanced n, larger n with larger SD",50,"25, 40, 60, 75",1,0,0,"0.00, 0.00, 0.00, 1.00","onepoint_1",366,202609646,"1.000000000000000,1.414213562373095,2.000000000000000,2.236067977499790","F",1000,82.6,1.19884944842962,1.4,94.4,4.2
"unbalanced n, larger n with larger SD",50,"25, 40, 60, 75",1,0,0,"0.00, 0.00, 0.00, 1.00","onepoint_1",366,202609646,"1.000000000000000,1.414213562373095,2.000000000000000,2.236067977499790","W",1000,84.6,1.14142016803629,1.4,94.4,4.2
"unbalanced n, larger n with larger SD",50,"25, 40, 60, 75",1,0,0,"0.00, 0.00, 0.00, 1.00","onepoint_1",366,202609646,"1.000000000000000,1.414213562373095,2.000000000000000,2.236067977499790","KW",1000,79.2,1.28349522788361,1.4,94.4,4.2
"unbalanced n, larger n with larger SD",50,"25, 40, 60, 75",1,0,0,"0.00, 0.00, 0.00, 1.00","onepoint_1",366,202609646,"1.000000000000000,1.414213562373095,2.000000000000000,2.236067977499790","gate",1000,84.7,1.13838042850358,1.4,94.4,4.2
"unbalanced n, larger n with larger SD",50,"25, 40, 60, 75",2,0,6,"0.00, 0.00, 0.00, 1.00","onepoint_1",367,202609647,"1.000000000000000,1.414213562373095,2.000000000000000,2.236067977499790","F",1000,82.8,1.19338174948337,0.1,6,93.9
"unbalanced n, larger n with larger SD",50,"25, 40, 60, 75",2,0,6,"0.00, 0.00, 0.00, 1.00","onepoint_1",367,202609647,"1.000000000000000,1.414213562373095,2.000000000000000,2.236067977499790","W",1000,86,1.09726933794762,0.1,6,93.9
"unbalanced n, larger n with larger SD",50,"25, 40, 60, 75",2,0,6,"0.00, 0.00, 0.00, 1.00","onepoint_1",367,202609647,"1.000000000000000,1.414213562373095,2.000000000000000,2.236067977499790","KW",1000,95.9,0.627048642451286,0.1,6,93.9
"unbalanced n, larger n with larger SD",50,"25, 40, 60, 75",2,0,6,"0.00, 0.00, 0.00, 1.00","onepoint_1",367,202609647,"1.000000000000000,1.414213562373095,2.000000000000000,2.236067977499790","gate",1000,95.7,0.641490451994416,0.1,6,93.9
"unbalanced n, larger n with larger SD",50,"25, 40, 60, 75",3,0.5,1,"0.00, 0.00, 0.00, 1.00","onepoint_1",368,202609648,"1.000000000000000,1.414213562373095,2.000000000000000,2.236067977499790","F",1000,83.6,1.17091417277271,0.6,52.8,46.6
"unbalanced n, larger n with larger SD",50,"25, 40, 60, 75",3,0.5,1,"0.00, 0.00, 0.00, 1.00","onepoint_1",368,202609648,"1.000000000000000,1.414213562373095,2.000000000000000,2.236067977499790","W",1000,85.2,1.12292475259921,0.6,52.8,46.6
"unbalanced n, larger n with larger SD",50,"25, 40, 60, 75",3,0.5,1,"0.00, 0.00, 0.00, 1.00","onepoint_1",368,202609648,"1.000000000000000,1.414213562373095,2.000000000000000,2.236067977499790","KW",1000,79.6,1.27429980773757,0.6,52.8,46.6
"unbalanced n, larger n with larger SD",50,"25, 40, 60, 75",3,0.5,1,"0.00, 0.00, 0.00, 1.00","onepoint_1",368,202609648,"1.000000000000000,1.414213562373095,2.000000000000000,2.236067977499790","gate",1000,82.6,1.19884944842962,0.6,52.8,46.6
"unbalanced n, larger n with larger SD",50,"25, 40, 60, 75",4,1,1.6,"0.00, 0.00, 0.00, 1.00","onepoint_1",369,202609649,"1.000000000000000,1.414213562373095,2.000000000000000,2.236067977499790","F",1000,81.8,1.22014753206323,0,6.8,93.2
"unbalanced n, larger n with larger SD",50,"25, 40, 60, 75",4,1,1.6,"0.00, 0.00, 0.00, 1.00","onepoint_1",369,202609649,"1.000000000000000,1.414213562373095,2.000000000000000,2.236067977499790","W",1000,84.8,1.13532374237483,0,6.8,93.2
"unbalanced n, larger n with larger SD",50,"25, 40, 60, 75",4,1,1.6,"0.00, 0.00, 0.00, 1.00","onepoint_1",369,202609649,"1.000000000000000,1.414213562373095,2.000000000000000,2.236067977499790","KW",1000,74.5,1.37831418769452,0,6.8,93.2
"unbalanced n, larger n with larger SD",50,"25, 40, 60, 75",4,1,1.6,"0.00, 0.00, 0.00, 1.00","onepoint_1",369,202609649,"1.000000000000000,1.414213562373095,2.000000000000000,2.236067977499790","gate",1000,75.6,1.35817524642441,0,6.8,93.2
"unbalanced n, larger n with larger SD",50,"25, 40, 60, 75",5,2,6.6,"0.00, 0.00, 0.00, 1.00","onepoint_1",370,202609650,"1.000000000000000,1.414213562373095,2.000000000000000,2.236067977499790","F",1000,83,1.18785521003193,0,0,100
"unbalanced n, larger n with larger SD",50,"25, 40, 60, 75",5,2,6.6,"0.00, 0.00, 0.00, 1.00","onepoint_1",370,202609650,"1.000000000000000,1.414213562373095,2.000000000000000,2.236067977499790","W",1000,89.2,0.98150904224057,0,0,100
"unbalanced n, larger n with larger SD",50,"25, 40, 60, 75",5,2,6.6,"0.00, 0.00, 0.00, 1.00","onepoint_1",370,202609650,"1.000000000000000,1.414213562373095,2.000000000000000,2.236067977499790","KW",1000,90.9,0.909499862561837,0,0,100
"unbalanced n, larger n with larger SD",50,"25, 40, 60, 75",5,2,6.6,"0.00, 0.00, 0.00, 1.00","onepoint_1",370,202609650,"1.000000000000000,1.414213562373095,2.000000000000000,2.236067977499790","gate",1000,90.9,0.909499862561837,0,0,100
"unbalanced n, larger n with larger SD",100,"50, 80, 120, 150",1,0,0,"0.00, 0.00, 0.00, 1.00","onepoint_1",371,202609651,"1.000000000000000,1.414213562373095,2.000000000000000,2.236067977499790","F",1000,99.5,0.223047080231955,0,95.6,4.4
"unbalanced n, larger n with larger SD",100,"50, 80, 120, 150",1,0,0,"0.00, 0.00, 0.00, 1.00","onepoint_1",371,202609651,"1.000000000000000,1.414213562373095,2.000000000000000,2.236067977499790","W",1000,99.3,0.263647491928143,0,95.6,4.4
"unbalanced n, larger n with larger SD",100,"50, 80, 120, 150",1,0,0,"0.00, 0.00, 0.00, 1.00","onepoint_1",371,202609651,"1.000000000000000,1.414213562373095,2.000000000000000,2.236067977499790","KW",1000,99.1,0.298646948753876,0,95.6,4.4
"unbalanced n, larger n with larger SD",100,"50, 80, 120, 150",1,0,0,"0.00, 0.00, 0.00, 1.00","onepoint_1",371,202609651,"1.000000000000000,1.414213562373095,2.000000000000000,2.236067977499790","gate",1000,99.3,0.263647491928143,0,95.6,4.4
"unbalanced n, larger n with larger SD",100,"50, 80, 120, 150",2,0,6,"0.00, 0.00, 0.00, 1.00","onepoint_1",372,202609652,"1.000000000000000,1.414213562373095,2.000000000000000,2.236067977499790","F",1000,98.8,0.344325427466518,0,0.1,99.9
"unbalanced n, larger n with larger SD",100,"50, 80, 120, 150",2,0,6,"0.00, 0.00, 0.00, 1.00","onepoint_1",372,202609652,"1.000000000000000,1.414213562373095,2.000000000000000,2.236067977499790","W",1000,98.5,0.384382621875652,0,0.1,99.9
"unbalanced n, larger n with larger SD",100,"50, 80, 120, 150",2,0,6,"0.00, 0.00, 0.00, 1.00","onepoint_1",372,202609652,"1.000000000000000,1.414213562373095,2.000000000000000,2.236067977499790","KW",1000,99.9,0.0999499874937461,0,0.1,99.9
"unbalanced n, larger n with larger SD",100,"50, 80, 120, 150",2,0,6,"0.00, 0.00, 0.00, 1.00","onepoint_1",372,202609652,"1.000000000000000,1.414213562373095,2.000000000000000,2.236067977499790","gate",1000,99.9,0.0999499874937461,0,0.1,99.9
"unbalanced n, larger n with larger SD",100,"50, 80, 120, 150",3,0.5,1,"0.00, 0.00, 0.00, 1.00","onepoint_1",373,202609653,"1.000000000000000,1.414213562373095,2.000000000000000,2.236067977499790","F",1000,99.4,0.244213021765835,0,28.8,71.2
"unbalanced n, larger n with larger SD",100,"50, 80, 120, 150",3,0.5,1,"0.00, 0.00, 0.00, 1.00","onepoint_1",373,202609653,"1.000000000000000,1.414213562373095,2.000000000000000,2.236067977499790","W",1000,99.4,0.244213021765835,0,28.8,71.2
"unbalanced n, larger n with larger SD",100,"50, 80, 120, 150",3,0.5,1,"0.00, 0.00, 0.00, 1.00","onepoint_1",373,202609653,"1.000000000000000,1.414213562373095,2.000000000000000,2.236067977499790","KW",1000,98.6,0.371537346709587,0,28.8,71.2
"unbalanced n, larger n with larger SD",100,"50, 80, 120, 150",3,0.5,1,"0.00, 0.00, 0.00, 1.00","onepoint_1",373,202609653,"1.000000000000000,1.414213562373095,2.000000000000000,2.236067977499790","gate",1000,98.7,0.358203852575597,0,28.8,71.2
"unbalanced n, larger n with larger SD",100,"50, 80, 120, 150",4,1,1.6,"0.00, 0.00, 0.00, 1.00","onepoint_1",374,202609654,"1.000000000000000,1.414213562373095,2.000000000000000,2.236067977499790","F",1000,99,0.314642654451046,0,0,100
"unbalanced n, larger n with larger SD",100,"50, 80, 120, 150",4,1,1.6,"0.00, 0.00, 0.00, 1.00","onepoint_1",374,202609654,"1.000000000000000,1.414213562373095,2.000000000000000,2.236067977499790","W",1000,99.4,0.244213021765835,0,0,100
"unbalanced n, larger n with larger SD",100,"50, 80, 120, 150",4,1,1.6,"0.00, 0.00, 0.00, 1.00","onepoint_1",374,202609654,"1.000000000000000,1.414213562373095,2.000000000000000,2.236067977499790","KW",1000,97.4,0.503229569878401,0,0,100
"unbalanced n, larger n with larger SD",100,"50, 80, 120, 150",4,1,1.6,"0.00, 0.00, 0.00, 1.00","onepoint_1",374,202609654,"1.000000000000000,1.414213562373095,2.000000000000000,2.236067977499790","gate",1000,97.4,0.503229569878401,0,0,100
"unbalanced n, larger n with larger SD",100,"50, 80, 120, 150",5,2,6.6,"0.00, 0.00, 0.00, 1.00","onepoint_1",375,202609655,"1.000000000000000,1.414213562373095,2.000000000000000,2.236067977499790","F",1000,99.3,0.263647491928143,0,0,100
"unbalanced n, larger n with larger SD",100,"50, 80, 120, 150",5,2,6.6,"0.00, 0.00, 0.00, 1.00","onepoint_1",375,202609655,"1.000000000000000,1.414213562373095,2.000000000000000,2.236067977499790","W",1000,99.8,0.141279864099595,0,0,100
"unbalanced n, larger n with larger SD",100,"50, 80, 120, 150",5,2,6.6,"0.00, 0.00, 0.00, 1.00","onepoint_1",375,202609655,"1.000000000000000,1.414213562373095,2.000000000000000,2.236067977499790","KW",1000,99.9,0.0999499874937461,0,0,100
"unbalanced n, larger n with larger SD",100,"50, 80, 120, 150",5,2,6.6,"0.00, 0.00, 0.00, 1.00","onepoint_1",375,202609655,"1.000000000000000,1.414213562373095,2.000000000000000,2.236067977499790","gate",1000,99.9,0.0999499874937461,0,0,100
"unbalanced n, larger n with smaller SD",10,"5, 8, 12, 15",1,0,0,"0.00, 0.00, 0.00, 1.00","onepoint_1",376,202609656,"2.236067977499790,2.000000000000000,1.414213562373095,1.000000000000000","F",1000,40.8,1.55414285057713,41.2,52,6.8
"unbalanced n, larger n with smaller SD",10,"5, 8, 12, 15",1,0,0,"0.00, 0.00, 0.00, 1.00","onepoint_1",376,202609656,"2.236067977499790,2.000000000000000,1.414213562373095,1.000000000000000","W",1000,35.5,1.51319199046255,41.2,52,6.8
"unbalanced n, larger n with smaller SD",10,"5, 8, 12, 15",1,0,0,"0.00, 0.00, 0.00, 1.00","onepoint_1",376,202609656,"2.236067977499790,2.000000000000000,1.414213562373095,1.000000000000000","KW",1000,39.5,1.54588162548107,41.2,52,6.8
"unbalanced n, larger n with smaller SD",10,"5, 8, 12, 15",1,0,0,"0.00, 0.00, 0.00, 1.00","onepoint_1",376,202609656,"2.236067977499790,2.000000000000000,1.414213562373095,1.000000000000000","gate",1000,39.8,1.54788888490098,41.2,52,6.8
"unbalanced n, larger n with smaller SD",10,"5, 8, 12, 15",2,0,6,"0.00, 0.00, 0.00, 1.00","onepoint_1",377,202609657,"2.236067977499790,2.000000000000000,1.414213562373095,1.000000000000000","F",1000,44.1,1.57009235397157,27.8,37.3,34.9
"unbalanced n, larger n with smaller SD",10,"5, 8, 12, 15",2,0,6,"0.00, 0.00, 0.00, 1.00","onepoint_1",377,202609657,"2.236067977499790,2.000000000000000,1.414213562373095,1.000000000000000","W",1000,41.8,1.55973074599432,27.8,37.3,34.9
"unbalanced n, larger n with smaller SD",10,"5, 8, 12, 15",2,0,6,"0.00, 0.00, 0.00, 1.00","onepoint_1",377,202609657,"2.236067977499790,2.000000000000000,1.414213562373095,1.000000000000000","KW",1000,56.4,1.56813264745046,27.8,37.3,34.9
"unbalanced n, larger n with smaller SD",10,"5, 8, 12, 15",2,0,6,"0.00, 0.00, 0.00, 1.00","onepoint_1",377,202609657,"2.236067977499790,2.000000000000000,1.414213562373095,1.000000000000000","gate",1000,52.5,1.57916116973538,27.8,37.3,34.9
"unbalanced n, larger n with smaller SD",10,"5, 8, 12, 15",3,0.5,1,"0.00, 0.00, 0.00, 1.00","onepoint_1",378,202609658,"2.236067977499790,2.000000000000000,1.414213562373095,1.000000000000000","F",1000,46.3,1.57680372906713,37.2,47.7,15.1
"unbalanced n, larger n with smaller SD",10,"5, 8, 12, 15",3,0.5,1,"0.00, 0.00, 0.00, 1.00","onepoint_1",378,202609658,"2.236067977499790,2.000000000000000,1.414213562373095,1.000000000000000","W",1000,43.3,1.56687906361659,37.2,47.7,15.1
"unbalanced n, larger n with smaller SD",10,"5, 8, 12, 15",3,0.5,1,"0.00, 0.00, 0.00, 1.00","onepoint_1",378,202609658,"2.236067977499790,2.000000000000000,1.414213562373095,1.000000000000000","KW",1000,51,1.58082257068907,37.2,47.7,15.1
"unbalanced n, larger n with smaller SD",10,"5, 8, 12, 15",3,0.5,1,"0.00, 0.00, 0.00, 1.00","onepoint_1",378,202609658,"2.236067977499790,2.000000000000000,1.414213562373095,1.000000000000000","gate",1000,49.4,1.58102498398982,37.2,47.7,15.1
"unbalanced n, larger n with smaller SD",10,"5, 8, 12, 15",4,1,1.6,"0.00, 0.00, 0.00, 1.00","onepoint_1",379,202609659,"2.236067977499790,2.000000000000000,1.414213562373095,1.000000000000000","F",1000,42.2,1.5617810345884,24.5,47.5,28
"unbalanced n, larger n with smaller SD",10,"5, 8, 12, 15",4,1,1.6,"0.00, 0.00, 0.00, 1.00","onepoint_1",379,202609659,"2.236067977499790,2.000000000000000,1.414213562373095,1.000000000000000","W",1000,44,1.56971334962789,24.5,47.5,28
"unbalanced n, larger n with smaller SD",10,"5, 8, 12, 15",4,1,1.6,"0.00, 0.00, 0.00, 1.00","onepoint_1",379,202609659,"2.236067977499790,2.000000000000000,1.414213562373095,1.000000000000000","KW",1000,52.6,1.57899968334386,24.5,47.5,28
"unbalanced n, larger n with smaller SD",10,"5, 8, 12, 15",4,1,1.6,"0.00, 0.00, 0.00, 1.00","onepoint_1",379,202609659,"2.236067977499790,2.000000000000000,1.414213562373095,1.000000000000000","gate",1000,51.7,1.58022466757104,24.5,47.5,28
"unbalanced n, larger n with smaller SD",10,"5, 8, 12, 15",5,2,6.6,"0.00, 0.00, 0.00, 1.00","onepoint_1",380,202609660,"2.236067977499790,2.000000000000000,1.414213562373095,1.000000000000000","F",1000,49.7,1.5811103693291,4.6,27.8,67.6
"unbalanced n, larger n with smaller SD",10,"5, 8, 12, 15",5,2,6.6,"0.00, 0.00, 0.00, 1.00","onepoint_1",380,202609660,"2.236067977499790,2.000000000000000,1.414213562373095,1.000000000000000","W",1000,60.7,1.5445096309185,4.6,27.8,67.6
"unbalanced n, larger n with smaller SD",10,"5, 8, 12, 15",5,2,6.6,"0.00, 0.00, 0.00, 1.00","onepoint_1",380,202609660,"2.236067977499790,2.000000000000000,1.414213562373095,1.000000000000000","KW",1000,72.3,1.41517136771488,4.6,27.8,67.6
"unbalanced n, larger n with smaller SD",10,"5, 8, 12, 15",5,2,6.6,"0.00, 0.00, 0.00, 1.00","onepoint_1",380,202609660,"2.236067977499790,2.000000000000000,1.414213562373095,1.000000000000000","gate",1000,71.2,1.43197765345692,4.6,27.8,67.6
"unbalanced n, larger n with smaller SD",20,"10, 16, 24, 30",1,0,0,"0.00, 0.00, 0.00, 1.00","onepoint_1",381,202609661,"2.236067977499790,2.000000000000000,1.414213562373095,1.000000000000000","F",1000,71.1,1.43345387090063,13.4,79.8,6.8
"unbalanced n, larger n with smaller SD",20,"10, 16, 24, 30",1,0,0,"0.00, 0.00, 0.00, 1.00","onepoint_1",381,202609661,"2.236067977499790,2.000000000000000,1.414213562373095,1.000000000000000","W",1000,75.1,1.36747577675073,13.4,79.8,6.8
"unbalanced n, larger n with smaller SD",20,"10, 16, 24, 30",1,0,0,"0.00, 0.00, 0.00, 1.00","onepoint_1",381,202609661,"2.236067977499790,2.000000000000000,1.414213562373095,1.000000000000000","KW",1000,75.1,1.36747577675073,13.4,79.8,6.8
"unbalanced n, larger n with smaller SD",20,"10, 16, 24, 30",1,0,0,"0.00, 0.00, 0.00, 1.00","onepoint_1",381,202609661,"2.236067977499790,2.000000000000000,1.414213562373095,1.000000000000000","gate",1000,75.5,1.36005514594078,13.4,79.8,6.8
"unbalanced n, larger n with smaller SD",20,"10, 16, 24, 30",2,0,6,"0.00, 0.00, 0.00, 1.00","onepoint_1",382,202609662,"2.236067977499790,2.000000000000000,1.414213562373095,1.000000000000000","F",1000,71.5,1.42749781085647,5.6,29.7,64.7
"unbalanced n, larger n with smaller SD",20,"10, 16, 24, 30",2,0,6,"0.00, 0.00, 0.00, 1.00","onepoint_1",382,202609662,"2.236067977499790,2.000000000000000,1.414213562373095,1.000000000000000","W",1000,79.3,1.28121426779442,5.6,29.7,64.7
"unbalanced n, larger n with smaller SD",20,"10, 16, 24, 30",2,0,6,"0.00, 0.00, 0.00, 1.00","onepoint_1",382,202609662,"2.236067977499790,2.000000000000000,1.414213562373095,1.000000000000000","KW",1000,89.3,0.977501918156686,5.6,29.7,64.7
"unbalanced n, larger n with smaller SD",20,"10, 16, 24, 30",2,0,6,"0.00, 0.00, 0.00, 1.00","onepoint_1",382,202609662,"2.236067977499790,2.000000000000000,1.414213562373095,1.000000000000000","gate",1000,87.9,1.03130499853341,5.6,29.7,64.7
"unbalanced n, larger n with smaller SD",20,"10, 16, 24, 30",3,0.5,1,"0.00, 0.00, 0.00, 1.00","onepoint_1",383,202609663,"2.236067977499790,2.000000000000000,1.414213562373095,1.000000000000000","F",1000,70.7,1.43927412260486,12.5,62.2,25.3
"unbalanced n, larger n with smaller SD",20,"10, 16, 24, 30",3,0.5,1,"0.00, 0.00, 0.00, 1.00","onepoint_1",383,202609663,"2.236067977499790,2.000000000000000,1.414213562373095,1.000000000000000","W",1000,76.3,1.34473417447464,12.5,62.2,25.3
"unbalanced n, larger n with smaller SD",20,"10, 16, 24, 30",3,0.5,1,"0.00, 0.00, 0.00, 1.00","onepoint_1",383,202609663,"2.236067977499790,2.000000000000000,1.414213562373095,1.000000000000000","KW",1000,80.7,1.24800240384384,12.5,62.2,25.3
"unbalanced n, larger n with smaller SD",20,"10, 16, 24, 30",3,0.5,1,"0.00, 0.00, 0.00, 1.00","onepoint_1",383,202609663,"2.236067977499790,2.000000000000000,1.414213562373095,1.000000000000000","gate",1000,78.8,1.29250145067617,12.5,62.2,25.3
"unbalanced n, larger n with smaller SD",20,"10, 16, 24, 30",4,1,1.6,"0.00, 0.00, 0.00, 1.00","onepoint_1",384,202609664,"2.236067977499790,2.000000000000000,1.414213562373095,1.000000000000000","F",1000,69.7,1.45324120503102,4.2,43.5,52.3
"unbalanced n, larger n with smaller SD",20,"10, 16, 24, 30",4,1,1.6,"0.00, 0.00, 0.00, 1.00","onepoint_1",384,202609664,"2.236067977499790,2.000000000000000,1.414213562373095,1.000000000000000","W",1000,80.3,1.25774003673255,4.2,43.5,52.3
"unbalanced n, larger n with smaller SD",20,"10, 16, 24, 30",4,1,1.6,"0.00, 0.00, 0.00, 1.00","onepoint_1",384,202609664,"2.236067977499790,2.000000000000000,1.414213562373095,1.000000000000000","KW",1000,88.2,1.02017645532525,4.2,43.5,52.3
"unbalanced n, larger n with smaller SD",20,"10, 16, 24, 30",4,1,1.6,"0.00, 0.00, 0.00, 1.00","onepoint_1",384,202609664,"2.236067977499790,2.000000000000000,1.414213562373095,1.000000000000000","gate",1000,85.9,1.10054077616415,4.2,43.5,52.3
"unbalanced n, larger n with smaller SD",20,"10, 16, 24, 30",5,2,6.6,"0.00, 0.00, 0.00, 1.00","onepoint_1",385,202609665,"2.236067977499790,2.000000000000000,1.414213562373095,1.000000000000000","F",1000,67.2,1.48464137083674,0,3.9,96.1
"unbalanced n, larger n with smaller SD",20,"10, 16, 24, 30",5,2,6.6,"0.00, 0.00, 0.00, 1.00","onepoint_1",385,202609665,"2.236067977499790,2.000000000000000,1.414213562373095,1.000000000000000","W",1000,81.2,1.23554036761249,0,3.9,96.1
"unbalanced n, larger n with smaller SD",20,"10, 16, 24, 30",5,2,6.6,"0.00, 0.00, 0.00, 1.00","onepoint_1",385,202609665,"2.236067977499790,2.000000000000000,1.414213562373095,1.000000000000000","KW",1000,95.7,0.641490451994416,0,3.9,96.1
"unbalanced n, larger n with smaller SD",20,"10, 16, 24, 30",5,2,6.6,"0.00, 0.00, 0.00, 1.00","onepoint_1",385,202609665,"2.236067977499790,2.000000000000000,1.414213562373095,1.000000000000000","gate",1000,95.5,0.655553201502365,0,3.9,96.1
"unbalanced n, larger n with smaller SD",30,"15, 24, 36, 45",1,0,0,"0.00, 0.00, 0.00, 1.00","onepoint_1",386,202609666,"2.236067977499790,2.000000000000000,1.414213562373095,1.000000000000000","F",1000,85.7,1.10702755159933,3.2,90.5,6.3
"unbalanced n, larger n with smaller SD",30,"15, 24, 36, 45",1,0,0,"0.00, 0.00, 0.00, 1.00","onepoint_1",386,202609666,"2.236067977499790,2.000000000000000,1.414213562373095,1.000000000000000","W",1000,92,0.857904423581089,3.2,90.5,6.3
"unbalanced n, larger n with smaller SD",30,"15, 24, 36, 45",1,0,0,"0.00, 0.00, 0.00, 1.00","onepoint_1",386,202609666,"2.236067977499790,2.000000000000000,1.414213562373095,1.000000000000000","KW",1000,89.1,0.985489725973843,3.2,90.5,6.3
"unbalanced n, larger n with smaller SD",30,"15, 24, 36, 45",1,0,0,"0.00, 0.00, 0.00, 1.00","onepoint_1",386,202609666,"2.236067977499790,2.000000000000000,1.414213562373095,1.000000000000000","gate",1000,91.7,0.872416185085994,3.2,90.5,6.3
"unbalanced n, larger n with smaller SD",30,"15, 24, 36, 45",2,0,6,"0.00, 0.00, 0.00, 1.00","onepoint_1",387,202609667,"2.236067977499790,2.000000000000000,1.414213562373095,1.000000000000000","F",1000,90.4,0.931579304192617,1.4,21.1,77.5
"unbalanced n, larger n with smaller SD",30,"15, 24, 36, 45",2,0,6,"0.00, 0.00, 0.00, 1.00","onepoint_1",387,202609667,"2.236067977499790,2.000000000000000,1.414213562373095,1.000000000000000","W",1000,93.9,0.756828910652864,1.4,21.1,77.5
"unbalanced n, larger n with smaller SD",30,"15, 24, 36, 45",2,0,6,"0.00, 0.00, 0.00, 1.00","onepoint_1",387,202609667,"2.236067977499790,2.000000000000000,1.414213562373095,1.000000000000000","KW",1000,98.9,0.329833291224522,1.4,21.1,77.5
"unbalanced n, larger n with smaller SD",30,"15, 24, 36, 45",2,0,6,"0.00, 0.00, 0.00, 1.00","onepoint_1",387,202609667,"2.236067977499790,2.000000000000000,1.414213562373095,1.000000000000000","gate",1000,98.7,0.358203852575597,1.4,21.1,77.5
"unbalanced n, larger n with smaller SD",30,"15, 24, 36, 45",3,0.5,1,"0.00, 0.00, 0.00, 1.00","onepoint_1",388,202609668,"2.236067977499790,2.000000000000000,1.414213562373095,1.000000000000000","F",1000,85.7,1.10702755159933,2.8,67.5,29.7
"unbalanced n, larger n with smaller SD",30,"15, 24, 36, 45",3,0.5,1,"0.00, 0.00, 0.00, 1.00","onepoint_1",388,202609668,"2.236067977499790,2.000000000000000,1.414213562373095,1.000000000000000","W",1000,92.3,0.843036179532053,2.8,67.5,29.7
"unbalanced n, larger n with smaller SD",30,"15, 24, 36, 45",3,0.5,1,"0.00, 0.00, 0.00, 1.00","onepoint_1",388,202609668,"2.236067977499790,2.000000000000000,1.414213562373095,1.000000000000000","KW",1000,95.6,0.648567652600714,2.8,67.5,29.7
"unbalanced n, larger n with smaller SD",30,"15, 24, 36, 45",3,0.5,1,"0.00, 0.00, 0.00, 1.00","onepoint_1",388,202609668,"2.236067977499790,2.000000000000000,1.414213562373095,1.000000000000000","gate",1000,94.6,0.714730718522718,2.8,67.5,29.7
"unbalanced n, larger n with smaller SD",30,"15, 24, 36, 45",4,1,1.6,"0.00, 0.00, 0.00, 1.00","onepoint_1",389,202609669,"2.236067977499790,2.000000000000000,1.414213562373095,1.000000000000000","F",1000,88.3,1.0164201887015,0.3,26.1,73.6
"unbalanced n, larger n with smaller SD",30,"15, 24, 36, 45",4,1,1.6,"0.00, 0.00, 0.00, 1.00","onepoint_1",389,202609669,"2.236067977499790,2.000000000000000,1.414213562373095,1.000000000000000","W",1000,93.9,0.756828910652864,0.3,26.1,73.6
"unbalanced n, larger n with smaller SD",30,"15, 24, 36, 45",4,1,1.6,"0.00, 0.00, 0.00, 1.00","onepoint_1",389,202609669,"2.236067977499790,2.000000000000000,1.414213562373095,1.000000000000000","KW",1000,97.3,0.512552436341883,0.3,26.1,73.6
"unbalanced n, larger n with smaller SD",30,"15, 24, 36, 45",4,1,1.6,"0.00, 0.00, 0.00, 1.00","onepoint_1",389,202609669,"2.236067977499790,2.000000000000000,1.414213562373095,1.000000000000000","gate",1000,96.4,0.589101010014412,0.3,26.1,73.6
"unbalanced n, larger n with smaller SD",30,"15, 24, 36, 45",5,2,6.6,"0.00, 0.00, 0.00, 1.00","onepoint_1",390,202609670,"2.236067977499790,2.000000000000000,1.414213562373095,1.000000000000000","F",1000,86.9,1.06695360723885,0,0.1,99.9
"unbalanced n, larger n with smaller SD",30,"15, 24, 36, 45",5,2,6.6,"0.00, 0.00, 0.00, 1.00","onepoint_1",390,202609670,"2.236067977499790,2.000000000000000,1.414213562373095,1.000000000000000","W",1000,93.8,0.762600813007697,0,0.1,99.9
"unbalanced n, larger n with smaller SD",30,"15, 24, 36, 45",5,2,6.6,"0.00, 0.00, 0.00, 1.00","onepoint_1",390,202609670,"2.236067977499790,2.000000000000000,1.414213562373095,1.000000000000000","KW",1000,99.6,0.199599599197994,0,0.1,99.9
"unbalanced n, larger n with smaller SD",30,"15, 24, 36, 45",5,2,6.6,"0.00, 0.00, 0.00, 1.00","onepoint_1",390,202609670,"2.236067977499790,2.000000000000000,1.414213562373095,1.000000000000000","gate",1000,99.6,0.199599599197994,0,0.1,99.9
"unbalanced n, larger n with smaller SD",50,"25, 40, 60, 75",1,0,0,"0.00, 0.00, 0.00, 1.00","onepoint_1",391,202609671,"2.236067977499790,2.000000000000000,1.414213562373095,1.000000000000000","F",1000,99.4,0.244213021765835,0.1,95.5,4.4
"unbalanced n, larger n with smaller SD",50,"25, 40, 60, 75",1,0,0,"0.00, 0.00, 0.00, 1.00","onepoint_1",391,202609671,"2.236067977499790,2.000000000000000,1.414213562373095,1.000000000000000","W",1000,99.7,0.172945077987204,0.1,95.5,4.4
"unbalanced n, larger n with smaller SD",50,"25, 40, 60, 75",1,0,0,"0.00, 0.00, 0.00, 1.00","onepoint_1",391,202609671,"2.236067977499790,2.000000000000000,1.414213562373095,1.000000000000000","KW",1000,99.5,0.223047080231955,0.1,95.5,4.4
"unbalanced n, larger n with smaller SD",50,"25, 40, 60, 75",1,0,0,"0.00, 0.00, 0.00, 1.00","onepoint_1",391,202609671,"2.236067977499790,2.000000000000000,1.414213562373095,1.000000000000000","gate",1000,99.7,0.172945077987204,0.1,95.5,4.4
"unbalanced n, larger n with smaller SD",50,"25, 40, 60, 75",2,0,6,"0.00, 0.00, 0.00, 1.00","onepoint_1",392,202609672,"2.236067977499790,2.000000000000000,1.414213562373095,1.000000000000000","F",1000,98.4,0.396787096564392,0.1,7.4,92.5
"unbalanced n, larger n with smaller SD",50,"25, 40, 60, 75",2,0,6,"0.00, 0.00, 0.00, 1.00","onepoint_1",392,202609672,"2.236067977499790,2.000000000000000,1.414213562373095,1.000000000000000","W",1000,99.3,0.263647491928143,0.1,7.4,92.5
"unbalanced n, larger n with smaller SD",50,"25, 40, 60, 75",2,0,6,"0.00, 0.00, 0.00, 1.00","onepoint_1",392,202609672,"2.236067977499790,2.000000000000000,1.414213562373095,1.000000000000000","KW",1000,100,0,0.1,7.4,92.5
"unbalanced n, larger n with smaller SD",50,"25, 40, 60, 75",2,0,6,"0.00, 0.00, 0.00, 1.00","onepoint_1",392,202609672,"2.236067977499790,2.000000000000000,1.414213562373095,1.000000000000000","gate",1000,100,0,0.1,7.4,92.5
"unbalanced n, larger n with smaller SD",50,"25, 40, 60, 75",3,0.5,1,"0.00, 0.00, 0.00, 1.00","onepoint_1",393,202609673,"2.236067977499790,2.000000000000000,1.414213562373095,1.000000000000000","F",1000,98.7,0.358203852575597,0.4,53.1,46.5
"unbalanced n, larger n with smaller SD",50,"25, 40, 60, 75",3,0.5,1,"0.00, 0.00, 0.00, 1.00","onepoint_1",393,202609673,"2.236067977499790,2.000000000000000,1.414213562373095,1.000000000000000","W",1000,99.6,0.199599599197994,0.4,53.1,46.5
"unbalanced n, larger n with smaller SD",50,"25, 40, 60, 75",3,0.5,1,"0.00, 0.00, 0.00, 1.00","onepoint_1",393,202609673,"2.236067977499790,2.000000000000000,1.414213562373095,1.000000000000000","KW",1000,99.9,0.0999499874937461,0.4,53.1,46.5
"unbalanced n, larger n with smaller SD",50,"25, 40, 60, 75",3,0.5,1,"0.00, 0.00, 0.00, 1.00","onepoint_1",393,202609673,"2.236067977499790,2.000000000000000,1.414213562373095,1.000000000000000","gate",1000,99.8,0.141279864099595,0.4,53.1,46.5
"unbalanced n, larger n with smaller SD",50,"25, 40, 60, 75",4,1,1.6,"0.00, 0.00, 0.00, 1.00","onepoint_1",394,202609674,"2.236067977499790,2.000000000000000,1.414213562373095,1.000000000000000","F",1000,97.5,0.493710441453288,0,5.5,94.5
"unbalanced n, larger n with smaller SD",50,"25, 40, 60, 75",4,1,1.6,"0.00, 0.00, 0.00, 1.00","onepoint_1",394,202609674,"2.236067977499790,2.000000000000000,1.414213562373095,1.000000000000000","W",1000,99.3,0.263647491928143,0,5.5,94.5
"unbalanced n, larger n with smaller SD",50,"25, 40, 60, 75",4,1,1.6,"0.00, 0.00, 0.00, 1.00","onepoint_1",394,202609674,"2.236067977499790,2.000000000000000,1.414213562373095,1.000000000000000","KW",1000,100,0,0,5.5,94.5
"unbalanced n, larger n with smaller SD",50,"25, 40, 60, 75",4,1,1.6,"0.00, 0.00, 0.00, 1.00","onepoint_1",394,202609674,"2.236067977499790,2.000000000000000,1.414213562373095,1.000000000000000","gate",1000,99.9,0.0999499874937461,0,5.5,94.5
"unbalanced n, larger n with smaller SD",50,"25, 40, 60, 75",5,2,6.6,"0.00, 0.00, 0.00, 1.00","onepoint_1",395,202609675,"2.236067977499790,2.000000000000000,1.414213562373095,1.000000000000000","F",1000,97.2,0.52168956286282,0,0,100
"unbalanced n, larger n with smaller SD",50,"25, 40, 60, 75",5,2,6.6,"0.00, 0.00, 0.00, 1.00","onepoint_1",395,202609675,"2.236067977499790,2.000000000000000,1.414213562373095,1.000000000000000","W",1000,99.3,0.263647491928143,0,0,100
"unbalanced n, larger n with smaller SD",50,"25, 40, 60, 75",5,2,6.6,"0.00, 0.00, 0.00, 1.00","onepoint_1",395,202609675,"2.236067977499790,2.000000000000000,1.414213562373095,1.000000000000000","KW",1000,100,0,0,0,100
"unbalanced n, larger n with smaller SD",50,"25, 40, 60, 75",5,2,6.6,"0.00, 0.00, 0.00, 1.00","onepoint_1",395,202609675,"2.236067977499790,2.000000000000000,1.414213562373095,1.000000000000000","gate",1000,100,0,0,0,100
"unbalanced n, larger n with smaller SD",100,"50, 80, 120, 150",1,0,0,"0.00, 0.00, 0.00, 1.00","onepoint_1",396,202609676,"2.236067977499790,2.000000000000000,1.414213562373095,1.000000000000000","F",1000,100,0,0,95.6,4.4
"unbalanced n, larger n with smaller SD",100,"50, 80, 120, 150",1,0,0,"0.00, 0.00, 0.00, 1.00","onepoint_1",396,202609676,"2.236067977499790,2.000000000000000,1.414213562373095,1.000000000000000","W",1000,100,0,0,95.6,4.4
"unbalanced n, larger n with smaller SD",100,"50, 80, 120, 150",1,0,0,"0.00, 0.00, 0.00, 1.00","onepoint_1",396,202609676,"2.236067977499790,2.000000000000000,1.414213562373095,1.000000000000000","KW",1000,100,0,0,95.6,4.4
"unbalanced n, larger n with smaller SD",100,"50, 80, 120, 150",1,0,0,"0.00, 0.00, 0.00, 1.00","onepoint_1",396,202609676,"2.236067977499790,2.000000000000000,1.414213562373095,1.000000000000000","gate",1000,100,0,0,95.6,4.4
"unbalanced n, larger n with smaller SD",100,"50, 80, 120, 150",2,0,6,"0.00, 0.00, 0.00, 1.00","onepoint_1",397,202609677,"2.236067977499790,2.000000000000000,1.414213562373095,1.000000000000000","F",1000,100,0,0,0.1,99.9
"unbalanced n, larger n with smaller SD",100,"50, 80, 120, 150",2,0,6,"0.00, 0.00, 0.00, 1.00","onepoint_1",397,202609677,"2.236067977499790,2.000000000000000,1.414213562373095,1.000000000000000","W",1000,100,0,0,0.1,99.9
"unbalanced n, larger n with smaller SD",100,"50, 80, 120, 150",2,0,6,"0.00, 0.00, 0.00, 1.00","onepoint_1",397,202609677,"2.236067977499790,2.000000000000000,1.414213562373095,1.000000000000000","KW",1000,100,0,0,0.1,99.9
"unbalanced n, larger n with smaller SD",100,"50, 80, 120, 150",2,0,6,"0.00, 0.00, 0.00, 1.00","onepoint_1",397,202609677,"2.236067977499790,2.000000000000000,1.414213562373095,1.000000000000000","gate",1000,100,0,0,0.1,99.9
"unbalanced n, larger n with smaller SD",100,"50, 80, 120, 150",3,0.5,1,"0.00, 0.00, 0.00, 1.00","onepoint_1",398,202609678,"2.236067977499790,2.000000000000000,1.414213562373095,1.000000000000000","F",1000,100,0,0,29.4,70.6
"unbalanced n, larger n with smaller SD",100,"50, 80, 120, 150",3,0.5,1,"0.00, 0.00, 0.00, 1.00","onepoint_1",398,202609678,"2.236067977499790,2.000000000000000,1.414213562373095,1.000000000000000","W",1000,100,0,0,29.4,70.6
"unbalanced n, larger n with smaller SD",100,"50, 80, 120, 150",3,0.5,1,"0.00, 0.00, 0.00, 1.00","onepoint_1",398,202609678,"2.236067977499790,2.000000000000000,1.414213562373095,1.000000000000000","KW",1000,100,0,0,29.4,70.6
"unbalanced n, larger n with smaller SD",100,"50, 80, 120, 150",3,0.5,1,"0.00, 0.00, 0.00, 1.00","onepoint_1",398,202609678,"2.236067977499790,2.000000000000000,1.414213562373095,1.000000000000000","gate",1000,100,0,0,29.4,70.6
"unbalanced n, larger n with smaller SD",100,"50, 80, 120, 150",4,1,1.6,"0.00, 0.00, 0.00, 1.00","onepoint_1",399,202609679,"2.236067977499790,2.000000000000000,1.414213562373095,1.000000000000000","F",1000,100,0,0,0,100
"unbalanced n, larger n with smaller SD",100,"50, 80, 120, 150",4,1,1.6,"0.00, 0.00, 0.00, 1.00","onepoint_1",399,202609679,"2.236067977499790,2.000000000000000,1.414213562373095,1.000000000000000","W",1000,100,0,0,0,100
"unbalanced n, larger n with smaller SD",100,"50, 80, 120, 150",4,1,1.6,"0.00, 0.00, 0.00, 1.00","onepoint_1",399,202609679,"2.236067977499790,2.000000000000000,1.414213562373095,1.000000000000000","KW",1000,100,0,0,0,100
"unbalanced n, larger n with smaller SD",100,"50, 80, 120, 150",4,1,1.6,"0.00, 0.00, 0.00, 1.00","onepoint_1",399,202609679,"2.236067977499790,2.000000000000000,1.414213562373095,1.000000000000000","gate",1000,100,0,0,0,100
"unbalanced n, larger n with smaller SD",100,"50, 80, 120, 150",5,2,6.6,"0.00, 0.00, 0.00, 1.00","onepoint_1",400,202609680,"2.236067977499790,2.000000000000000,1.414213562373095,1.000000000000000","F",1000,100,0,0,0,100
"unbalanced n, larger n with smaller SD",100,"50, 80, 120, 150",5,2,6.6,"0.00, 0.00, 0.00, 1.00","onepoint_1",400,202609680,"2.236067977499790,2.000000000000000,1.414213562373095,1.000000000000000","W",1000,100,0,0,0,100
"unbalanced n, larger n with smaller SD",100,"50, 80, 120, 150",5,2,6.6,"0.00, 0.00, 0.00, 1.00","onepoint_1",400,202609680,"2.236067977499790,2.000000000000000,1.414213562373095,1.000000000000000","KW",1000,100,0,0,0,100
"unbalanced n, larger n with smaller SD",100,"50, 80, 120, 150",5,2,6.6,"0.00, 0.00, 0.00, 1.00","onepoint_1",400,202609680,"2.236067977499790,2.000000000000000,1.414213562373095,1.000000000000000","gate",1000,100,0,0,0,100
