"design","scenario","effect_size","group_mean_offsets","sd_per_group","shift_scale","n_vector","distribution","panel","skew","excess_kurtosis","n_per_group","groups","resid_skewness","resid_excess_kurtosis","fisher_power","fisher_mc_se","welch_power","welch_mc_se","mean_power","mean_mc_se","rank_power","rank_mc_se","sw_power","sw_mc_se","gate_power","gate_mc_se","sw_route_welch_probability","sw_route_welch_mc_se","sw_route_rank_probability","sw_route_rank_mc_se","route_rank_probability","route_rank_mc_se","route_fisher_probability","route_fisher_mc_se","route_welch_probability","route_welch_mc_se","mean_route_fisher_probability","mean_route_fisher_mc_se","mean_route_welch_probability","mean_route_welch_mc_se","levene_reject_probability","levene_reject_mc_se","skew_label","n_label"
"balanced n, equal SD","four groups with moderate ordered effect: 0, 0.25, 0.50, 0.75 SD","moderate ordered effect: 0, 0.25, 0.50, 0.75 SD","0.00, 0.25, 0.50, 0.75","1.0, 1.0, 1.0, 1.0",1,"10, 10, 10, 10","normal",1,0,0,10,4,-0.00419514888930978,-0.159716789256604,0.25906,0.00195932598819084,0.238,0.00190449993436597,0.26248,0.00196765977546933,0.23336,0.00189157664608125,0.24072,0.00191193034182734,0.26458,0.00197270080650868,0.95078,0.000967443968403339,0.04922,0.000967443968403339,0.04922,0.000967443968403339,0.88942,0.00140251248550592,0.06136,0.0010732655812985,0.93648,0.00109073561966225,0.06352,0.00109073561966225,0.06352,0.00109073561966225,"Normal distribution
skew = 0; excess kurtosis = 0","n = 10"
"balanced n, equal SD","four groups with moderate ordered effect: 0, 0.25, 0.50, 0.75 SD","moderate ordered effect: 0, 0.25, 0.50, 0.75 SD","0.00, 0.25, 0.50, 0.75","1.0, 1.0, 1.0, 1.0",1,"10, 10, 10, 10","F.P.",2,0,6,10,4,0.000194169705426133,1.96074314397895,0.28962,0.00202849824057109,0.2982,0.0020458580595926,0.29738,0.00204423646186052,0.36128,0.00214828658051015,0.34744,0.00212943864152034,0.3606,0.00214740606313757,0.55742,0.00222127415507406,0.44258,0.00222127415507406,0.44258,0.00222127415507406,0.5105,0.00223557487013967,0.04692,0.000945711516266985,0.91446,0.00125078302195065,0.08554,0.00125078302195065,0.08554,0.00125078302195065,"F.P.
skew = 0
excess kurtosis = 6","n = 10"
"balanced n, equal SD","four groups with moderate ordered effect: 0, 0.25, 0.50, 0.75 SD","moderate ordered effect: 0, 0.25, 0.50, 0.75 SD","0.00, 0.25, 0.50, 0.75","1.0, 1.0, 1.0, 1.0",1,"10, 10, 10, 10","F.P.",3,0.5,1,10,4,0.343391077421938,0.310546159100983,0.26462,0.00197279626723086,0.25088,0.00193875849759582,0.26914,0.00198344982492626,0.25436,0.00194761900997089,0.26102,0.00196412097183447,0.28022,0.00200846584038664,0.82906,0.00168356476798489,0.17094,0.00168356476798489,0.17094,0.00168356476798489,0.76052,0.00190855615374555,0.06854,0.0011299758262901,0.92026,0.00121145806695898,0.07974,0.00121145806695898,0.07974,0.00121145806695898,"F.P.
skew = 0.5
excess kurtosis = 1","n = 10"
"balanced n, equal SD","four groups with moderate ordered effect: 0, 0.25, 0.50, 0.75 SD","moderate ordered effect: 0, 0.25, 0.50, 0.75 SD","0.00, 0.25, 0.50, 0.75","1.0, 1.0, 1.0, 1.0",1,"10, 10, 10, 10","F.P.",4,1,1.6,10,4,0.712829007521549,0.556125468062961,0.26754,0.00197970880889084,0.25898,0.00195912919226885,0.2713,0.00198844818891517,0.27422,0.00199511098237667,0.2835,0.00201557808084926,0.29668,0.00204284594426501,0.56486,0.0022171746904563,0.43514,0.0022171746904563,0.43514,0.0022171746904563,0.49328,0.00223586601387471,0.07158,0.00115287730136385,0.89382,0.00137772136225,0.10618,0.00137772136225,0.10618,0.00137772136225,"F.P.
skew = 1
excess kurtosis = 1.6","n = 10"
"balanced n, equal SD","four groups with moderate ordered effect: 0, 0.25, 0.50, 0.75 SD","moderate ordered effect: 0, 0.25, 0.50, 0.75 SD","0.00, 0.25, 0.50, 0.75","1.0, 1.0, 1.0, 1.0",1,"10, 10, 10, 10","F.P.",5,2,6.6,10,4,1.30663280804756,2.20387487804576,0.29268,0.00203478951048997,0.31346,0.00207462203015393,0.30174,0.00205276872735338,0.42856,0.00221312596297635,0.42968,0.00221384325371061,0.43258,0.00221564682925777,0.12446,0.00147627713116474,0.87554,0.00147627713116474,0.87554,0.00147627713116474,0.0796,0.00121048618331644,0.04486,0.000925716807668522,0.7893,0.00182376264903084,0.2107,0.00182376264903084,0.2107,0.00182376264903084,"F.P.
skew = 2
excess kurtosis = 6.6","n = 10"
"balanced n, equal SD","four groups with moderate ordered effect: 0, 0.25, 0.50, 0.75 SD","moderate ordered effect: 0, 0.25, 0.50, 0.75 SD","0.00, 0.25, 0.50, 0.75","1.0, 1.0, 1.0, 1.0",1,"20, 20, 20, 20","normal",1,0,0,20,4,0.00119225198818605,-0.0751634564257012,0.51438,0.0022351430182429,0.4942,0.00223591752978503,0.51586,0.00223494277510633,0.48142,0.00223452358949285,0.49616,0.00223600203219943,0.51688,0.00223479334883564,0.95006,0.000974125211664291,0.04994,0.000974125211664291,0.04994,0.000974125211664291,0.89552,0.00136794685276878,0.05454,0.00101553324317818,0.94308,0.00103614780412835,0.05692,0.00103614780412835,0.05692,0.00103614780412835,"Normal distribution
skew = 0; excess kurtosis = 0","n = 20"
"balanced n, equal SD","four groups with moderate ordered effect: 0, 0.25, 0.50, 0.75 SD","moderate ordered effect: 0, 0.25, 0.50, 0.75 SD","0.00, 0.25, 0.50, 0.75","1.0, 1.0, 1.0, 1.0",1,"20, 20, 20, 20","F.P.",2,0,6,20,4,0.00511043774085678,3.19582133985379,0.53892,0.00222928344362039,0.55782,0.00222106662484492,0.54454,0.00222717843200764,0.69484,0.00205930752633015,0.68324,0.00208049562556618,0.68576,0.00207602130239552,0.25814,0.00195705769153594,0.74186,0.00195705769153594,0.74186,0.00195705769153594,0.24144,0.0019138794444792,0.0167,0.000573081320581992,0.93106,0.00113302494588601,0.06894,0.00113302494588601,0.06894,0.00113302494588601,"F.P.
skew = 0
excess kurtosis = 6","n = 20"
"balanced n, equal SD","four groups with moderate ordered effect: 0, 0.25, 0.50, 0.75 SD","moderate ordered effect: 0, 0.25, 0.50, 0.75 SD","0.00, 0.25, 0.50, 0.75","1.0, 1.0, 1.0, 1.0",1,"20, 20, 20, 20","F.P.",3,0.5,1,20,4,0.415142134101048,0.602378803009487,0.51736,0.00223471980525524,0.50784,0.00223579307808214,0.52046,0.0022341951051777,0.52858,0.00223241207486432,0.53256,0.00223132178943334,0.54322,0.00222769850563311,0.6846,0.00207808969970018,0.3154,0.00207808969970018,0.3154,0.00207808969970018,0.63748,0.00214988022736151,0.04712,0.00094762551253119,0.93292,0.00111875174726121,0.06708,0.00111875174726121,0.06708,0.00111875174726121,"F.P.
skew = 0.5
excess kurtosis = 1","n = 20"
"balanced n, equal SD","four groups with moderate ordered effect: 0, 0.25, 0.50, 0.75 SD","moderate ordered effect: 0, 0.25, 0.50, 0.75 SD","0.00, 0.25, 0.50, 0.75","1.0, 1.0, 1.0, 1.0",1,"20, 20, 20, 20","F.P.",4,1,1.6,20,4,0.844331705724362,0.968184452960578,0.52432,0.00223342131090397,0.51594,0.00223493139223556,0.5271,0.00223278118050113,0.56972,0.00221422276024794,0.57384,0.00221154992889602,0.57662,0.00220965778164855,0.18302,0.00172929858381946,0.81698,0.00172929858381946,0.81698,0.00172929858381946,0.15728,0.00162814619491003,0.02574,0.000708201276474421,0.89958,0.00134414153719019,0.10042,0.00134414153719019,0.10042,0.00134414153719019,"F.P.
skew = 1
excess kurtosis = 1.6","n = 20"
"balanced n, equal SD","four groups with moderate ordered effect: 0, 0.25, 0.50, 0.75 SD","moderate ordered effect: 0, 0.25, 0.50, 0.75 SD","0.00, 0.25, 0.50, 0.75","1.0, 1.0, 1.0, 1.0",1,"20, 20, 20, 20","F.P.",5,2,6.6,20,4,1.59802067186626,3.63396408484918,0.53714,0.00222989067175949,0.55514,0.00222242921327092,0.54558,0.00222675756920236,0.78444,0.00183898823487264,0.7845,0.00183880259951959,0.7845,0.00183880259951959,0.00126,0.000158645037741494,0.99874,0.000158645037741496,0.99874,0.000158645037741496,0.00066,0.000114853332559399,6e-04,0.0001095116432166,0.80342,0.00177728052709751,0.19658,0.00177728052709751,0.19658,0.00177728052709751,"F.P.
skew = 2
excess kurtosis = 6.6","n = 20"
"balanced n, equal SD","four groups with moderate ordered effect: 0, 0.25, 0.50, 0.75 SD","moderate ordered effect: 0, 0.25, 0.50, 0.75 SD","0.00, 0.25, 0.50, 0.75","1.0, 1.0, 1.0, 1.0",1,"30, 30, 30, 30","normal",1,0,0,30,4,-0.0010949524583901,-0.0519799082716406,0.7159,0.00201686484425705,0.70364,0.00204220836547107,0.71602,0.00201660784288865,0.6889,0.00207034678254634,0.70456,0.00204036862551844,0.7166,0.00201536319307464,0.95122,0.000963332877047182,0.04878,0.000963332877047181,0.04878,0.000963332877047181,0.9,0.00134164078649987,0.05122,0.000985865219997135,0.94646,0.00100671215747104,0.05354,0.00100671215747104,0.05354,0.00100671215747104,"Normal distribution
skew = 0; excess kurtosis = 0","n = 30"
"balanced n, equal SD","four groups with moderate ordered effect: 0, 0.25, 0.50, 0.75 SD","moderate ordered effect: 0, 0.25, 0.50, 0.75 SD","0.00, 0.25, 0.50, 0.75","1.0, 1.0, 1.0, 1.0",1,"30, 30, 30, 30","F.P.",2,0,6,30,4,-0.000424073065941583,3.78457813958397,0.72046,0.0020069747801106,0.73674,0.00196953889222833,0.72502,0.00199682748178204,0.87876,0.00145973190963272,0.87412,0.00148347042842114,0.87442,0.00148195589408052,0.10724,0.00138375996762444,0.89276,0.00138375996762444,0.89276,0.00138375996762444,0.10052,0.00134473588187421,0.00672,0.000365372182849215,0.93818,0.00107701706207469,0.06182,0.00107701706207469,0.06182,0.00107701706207469,"F.P.
skew = 0
excess kurtosis = 6","n = 30"
"balanced n, equal SD","four groups with moderate ordered effect: 0, 0.25, 0.50, 0.75 SD","moderate ordered effect: 0, 0.25, 0.50, 0.75 SD","0.00, 0.25, 0.50, 0.75","1.0, 1.0, 1.0, 1.0",1,"30, 30, 30, 30","F.P.",3,0.5,1,30,4,0.44296429454409,0.720604574301678,0.71618,0.00201626490124686,0.70902,0.00203130814796771,0.71674,0.0020150621449474,0.73602,0.00197126639295657,0.735,0.00197370210518204,0.74056,0.00196025960729695,0.5548,0.00222259739944057,0.4452,0.00222259739944057,0.4452,0.00222259739944057,0.51868,0.00223450691473533,0.03612,0.000834450065612077,0.9375,0.00108253175473055,0.0625,0.00108253175473055,0.0625,0.00108253175473055,"F.P.
skew = 0.5
excess kurtosis = 1","n = 30"
"balanced n, equal SD","four groups with moderate ordered effect: 0, 0.25, 0.50, 0.75 SD","moderate ordered effect: 0, 0.25, 0.50, 0.75 SD","0.00, 0.25, 0.50, 0.75","1.0, 1.0, 1.0, 1.0",1,"30, 30, 30, 30","F.P.",4,1,1.6,30,4,0.895240346393375,1.15893508735844,0.72242,0.0020026449690347,0.71558,0.00201754932331282,0.72392,0.00199929904516558,0.7782,0.001857981485376,0.77898,0.00185564091138345,0.77924,0.001854858605932,0.0425,0.000902150209222389,0.9575,0.000902150209222389,0.9575,0.000902150209222389,0.0366,0.000839767110572926,0.0059,0.000342496423338989,0.90374,0.00131904520316781,0.09626,0.00131904520316781,0.09626,0.00131904520316781,"F.P.
skew = 1
excess kurtosis = 1.6","n = 30"
"balanced n, equal SD","four groups with moderate ordered effect: 0, 0.25, 0.50, 0.75 SD","moderate ordered effect: 0, 0.25, 0.50, 0.75 SD","0.00, 0.25, 0.50, 0.75","1.0, 1.0, 1.0, 1.0",1,"30, 30, 30, 30","F.P.",5,2,6.6,30,4,1.70784598870147,4.2936744397199,0.72254,0.00200237832788911,0.73494,0.00197384496047689,0.73066,0.00198391514133039,0.93482,0.00110391637002085,0.93482,0.00110391637002085,0.93482,0.00110391637002085,0,0,1,0,1,0,0,0,0,0,0.80768,0.00176257208419968,0.19232,0.00176257208419968,0.19232,0.00176257208419968,"F.P.
skew = 2
excess kurtosis = 6.6","n = 30"
"balanced n, equal SD","four groups with moderate ordered effect: 0, 0.25, 0.50, 0.75 SD","moderate ordered effect: 0, 0.25, 0.50, 0.75 SD","0.00, 0.25, 0.50, 0.75","1.0, 1.0, 1.0, 1.0",1,"50, 50, 50, 50","normal",1,0,0,50,4,0.000658263147217363,-0.0310012616286031,0.92332,0.00118995947494022,0.91876,0.00122180245866507,0.92318,0.00119095497479964,0.90724,0.00129734792866062,0.91876,0.00122180245866507,0.92292,0.00119280068410443,0.95264,0.000949916105769346,0.04736,0.000949916105769346,0.04736,0.000949916105769346,0.90148,0.00133277011971307,0.05116,0.000985318774813512,0.94668,0.00100475845455512,0.05332,0.00100475845455512,0.05332,0.00100475845455512,"Normal distribution
skew = 0; excess kurtosis = 0","n = 50"
"balanced n, equal SD","four groups with moderate ordered effect: 0, 0.25, 0.50, 0.75 SD","moderate ordered effect: 0, 0.25, 0.50, 0.75 SD","0.00, 0.25, 0.50, 0.75","1.0, 1.0, 1.0, 1.0",1,"50, 50, 50, 50","F.P.",2,0,6,50,4,0.000994198525660269,4.46890419080585,0.91804,0.00122672375374409,0.92166,0.00120168918111132,0.9188,0.00122152822316965,0.98738,0.000499214094352312,0.9871,0.00050465017586443,0.9872,0.000502715824298381,0.0149,0.000541811590869003,0.9851,0.000541811590869004,0.9851,0.000541811590869004,0.0141,0.000527279622211972,8e-04,0.000126440499840834,0.94574,0.00101307307140206,0.05426,0.00101307307140206,0.05426,0.00101307307140206,"F.P.
skew = 0
excess kurtosis = 6","n = 50"
"balanced n, equal SD","four groups with moderate ordered effect: 0, 0.25, 0.50, 0.75 SD","moderate ordered effect: 0, 0.25, 0.50, 0.75 SD","0.00, 0.25, 0.50, 0.75","1.0, 1.0, 1.0, 1.0",1,"50, 50, 50, 50","F.P.",3,0.5,1,50,4,0.463442970786438,0.813732750403825,0.92186,0.00120028446961543,0.91878,0.00122166535188651,0.92228,0.00119732703636058,0.93614,0.00109345233458071,0.93588,0.00109552385277547,0.93718,0.00108511425757844,0.35978,0.00214633805165915,0.64022,0.00214633805165915,0.64022,0.00214633805165915,0.33636,0.00211292191242365,0.02342,0.000676335768682982,0.93788,0.00107945454373957,0.06212,0.00107945454373957,0.06212,0.00107945454373957,"F.P.
skew = 0.5
excess kurtosis = 1","n = 50"
"balanced n, equal SD","four groups with moderate ordered effect: 0, 0.25, 0.50, 0.75 SD","moderate ordered effect: 0, 0.25, 0.50, 0.75 SD","0.00, 0.25, 0.50, 0.75","1.0, 1.0, 1.0, 1.0",1,"50, 50, 50, 50","F.P.",4,1,1.6,50,4,0.936396878083979,1.31880608999913,0.92298,0.00119237510540937,0.9211,0.00120561013598924,0.92332,0.00118995947494022,0.95328,0.000943792790817984,0.95328,0.000943792790817984,0.95328,0.000943792790817984,0.00106,0.00014552500816011,0.99894,0.000145525008160106,0.99894,0.000145525008160106,0.00088,0.000132606606170281,0.00018,5.99945997569781e-05,0.90394,0.00131781999074229,0.09606,0.00131781999074229,0.09606,0.00131781999074229,"F.P.
skew = 1
excess kurtosis = 1.6","n = 50"
"balanced n, equal SD","four groups with moderate ordered effect: 0, 0.25, 0.50, 0.75 SD","moderate ordered effect: 0, 0.25, 0.50, 0.75 SD","0.00, 0.25, 0.50, 0.75","1.0, 1.0, 1.0, 1.0",1,"50, 50, 50, 50","F.P.",5,2,6.6,50,4,1.8118997815528,5.01489117330846,0.92078,0.00120784263544553,0.92566,0.00117314589374042,0.92476,0.0011796520029229,0.9964,0.000267844731141012,0.9964,0.000267844731141012,0.9964,0.000267844731141012,0,0,1,0,1,0,0,0,0,0,0.81034,0.00175322037633607,0.18966,0.00175322037633607,0.18966,0.00175322037633607,"F.P.
skew = 2
excess kurtosis = 6.6","n = 50"
"balanced n, equal SD","four groups with moderate ordered effect: 0, 0.25, 0.50, 0.75 SD","moderate ordered effect: 0, 0.25, 0.50, 0.75 SD","0.00, 0.25, 0.50, 0.75","1.0, 1.0, 1.0, 1.0",1,"100, 100, 100, 100","normal",1,0,0,100,4,-2.72823391729624e-08,-0.0160817546664932,0.99894,0.000145525008160106,0.99888,0.000149582458864668,0.99896,0.000144147036043065,0.99854,0.000170755286887406,0.99888,0.000149582458864668,0.99896,0.000144147036043065,0.95044,0.000970606062210617,0.04956,0.000970606062210617,0.04956,0.000970606062210617,0.9006,0.00133805560422577,0.04984,0.000973200641183513,0.94746,0.000997793048682942,0.05254,0.000997793048682942,0.05254,0.000997793048682942,"Normal distribution
skew = 0; excess kurtosis = 0","n = 100"
"balanced n, equal SD","four groups with moderate ordered effect: 0, 0.25, 0.50, 0.75 SD","moderate ordered effect: 0, 0.25, 0.50, 0.75 SD","0.00, 0.25, 0.50, 0.75","1.0, 1.0, 1.0, 1.0",1,"100, 100, 100, 100","F.P.",2,0,6,100,4,-0.00251990533502287,5.1094126910985,0.99824,0.000187451455049033,0.99806,0.00019678599543667,0.99824,0.000187451455049033,0.99998,1.999979999901e-05,0.99998,1.999979999901e-05,0.99998,1.999979999901e-05,6e-05,3.46399769053041e-05,0.99994,3.46399769052894e-05,0.99994,3.46399769052894e-05,6e-05,3.46399769053041e-05,0,0,0.94558,0.00101447980364323,0.05442,0.00101447980364323,0.05442,0.00101447980364323,"F.P.
skew = 0
excess kurtosis = 6","n = 100"
"balanced n, equal SD","four groups with moderate ordered effect: 0, 0.25, 0.50, 0.75 SD","moderate ordered effect: 0, 0.25, 0.50, 0.75 SD","0.00, 0.25, 0.50, 0.75","1.0, 1.0, 1.0, 1.0",1,"100, 100, 100, 100","F.P.",3,0.5,1,100,4,0.480175128044528,0.901608913018649,0.9986,0.000167214831878034,0.99856,0.000169583395413584,0.99864,0.00016481203839526,0.99916,0.000129560364309456,0.99914,0.000131092364384809,0.99914,0.000131092364384809,0.10288,0.00135864421832943,0.89712,0.00135864421832943,0.89712,0.00135864421832943,0.09632,0.00131941242680217,0.00656,0.000361025384149093,0.94148,0.00104971814883806,0.05852,0.00104971814883806,0.05852,0.00104971814883806,"F.P.
skew = 0.5
excess kurtosis = 1","n = 100"
"balanced n, equal SD","four groups with moderate ordered effect: 0, 0.25, 0.50, 0.75 SD","moderate ordered effect: 0, 0.25, 0.50, 0.75 SD","0.00, 0.25, 0.50, 0.75","1.0, 1.0, 1.0, 1.0",1,"100, 100, 100, 100","F.P.",4,1,1.6,100,4,0.965111697606939,1.44289473079179,0.99896,0.000144147036043065,0.99902,0.000139931383184758,0.99904,0.00013849753788425,0.99968,7.99871989758345e-05,0.99968,7.99871989758345e-05,0.99968,7.99871989758345e-05,0,0,1,0,1,0,0,0,0,0,0.90568,0.00130708635980948,0.09432,0.00130708635980948,0.09432,0.00130708635980948,"F.P.
skew = 1
excess kurtosis = 1.6","n = 100"
"balanced n, equal SD","four groups with moderate ordered effect: 0, 0.25, 0.50, 0.75 SD","moderate ordered effect: 0, 0.25, 0.50, 0.75 SD","0.00, 0.25, 0.50, 0.75","1.0, 1.0, 1.0, 1.0",1,"100, 100, 100, 100","F.P.",5,2,6.6,100,4,1.89631296426933,5.65718019643886,0.99832,0.000183148988531196,0.99858,0.000168403301630341,0.99862,0.000166017806273908,1,0,1,0,1,0,0,0,1,0,1,0,0,0,0,0,0.81188,0.00174774635230631,0.18812,0.00174774635230631,0.18812,0.00174774635230631,"F.P.
skew = 2
excess kurtosis = 6.6","n = 100"
"balanced n, equal SD","four groups with moderate ordered effect: 0, 0.25, 0.50, 0.75 SD","moderate ordered effect: 0, 0.25, 0.50, 0.75 SD","0.00, 0.25, 0.50, 0.75","1.0, 1.0, 1.0, 1.0",1,"200, 200, 200, 200","normal",1,0,0,200,4,-0.000727995248742123,-0.00778815496550047,1,0,1,0,1,0,1,0,1,0,1,0,0.9487,0.000986593229249015,0.0513,0.000986593229249015,0.0513,0.000986593229249015,0.90088,0.00133637738382539,0.04782,0.000954287667320499,0.94958,0.00097854814495762,0.05042,0.00097854814495762,0.05042,0.00097854814495762,"Normal distribution
skew = 0; excess kurtosis = 0","n = 200"
"balanced n, equal SD","four groups with moderate ordered effect: 0, 0.25, 0.50, 0.75 SD","moderate ordered effect: 0, 0.25, 0.50, 0.75 SD","0.00, 0.25, 0.50, 0.75","1.0, 1.0, 1.0, 1.0",1,"200, 200, 200, 200","F.P.",2,0,6,200,4,0.00114184254918947,5.4763141778257,1,0,1,0,1,0,1,0,1,0,1,0,0,0,1,0,1,0,0,0,0,0,0.94812,0.000991851456620396,0.05188,0.000991851456620395,0.05188,0.000991851456620395,"F.P.
skew = 0
excess kurtosis = 6","n = 200"
"balanced n, equal SD","four groups with moderate ordered effect: 0, 0.25, 0.50, 0.75 SD","moderate ordered effect: 0, 0.25, 0.50, 0.75 SD","0.00, 0.25, 0.50, 0.75","1.0, 1.0, 1.0, 1.0",1,"200, 200, 200, 200","F.P.",3,0.5,1,200,4,0.490077105318722,0.950093643512203,1,0,1,0,1,0,1,0,1,0,1,0,0.005,0.00031543620591175,0.995,0.00031543620591175,0.995,0.00031543620591175,0.00462,0.000303270690967657,0.00038,8.71614134809664e-05,0.93928,0.00106801761783222,0.06072,0.00106801761783222,0.06072,0.00106801761783222,"F.P.
skew = 0.5
excess kurtosis = 1","n = 200"
"balanced n, equal SD","four groups with moderate ordered effect: 0, 0.25, 0.50, 0.75 SD","moderate ordered effect: 0, 0.25, 0.50, 0.75 SD","0.00, 0.25, 0.50, 0.75","1.0, 1.0, 1.0, 1.0",1,"200, 200, 200, 200","F.P.",4,1,1.6,200,4,0.983208415374033,1.52460650984558,1,0,1,0,1,0,1,0,1,0,1,0,0,0,1,0,1,0,0,0,0,0,0.90706,0.00129847723430178,0.09294,0.00129847723430178,0.09294,0.00129847723430178,"F.P.
skew = 1
excess kurtosis = 1.6","n = 200"
"balanced n, equal SD","four groups with moderate ordered effect: 0, 0.25, 0.50, 0.75 SD","moderate ordered effect: 0, 0.25, 0.50, 0.75 SD","0.00, 0.25, 0.50, 0.75","1.0, 1.0, 1.0, 1.0",1,"200, 200, 200, 200","F.P.",5,2,6.6,200,4,1.94845315451348,6.11142202842007,1,0,1,0,1,0,1,0,1,0,1,0,0,0,1,0,1,0,0,0,0,0,0.8184,0.00172407331630647,0.1816,0.00172407331630647,0.1816,0.00172407331630647,"F.P.
skew = 2
excess kurtosis = 6.6","n = 200"
"unbalanced n, equal SD","four groups with moderate ordered effect: 0, 0.25, 0.50, 0.75 SD","moderate ordered effect: 0, 0.25, 0.50, 0.75 SD","0.00, 0.25, 0.50, 0.75","1.0, 1.0, 1.0, 1.0",1,"5, 8, 12, 15","normal",1,0,0,10,4,-4.33891136304535e-05,-0.159631959600264,0.22532,0.00186842659796953,0.20512,0.00180580057370685,0.2286,0.00187798849836734,0.19606,0.00177550261278321,0.2073,0.00181288008428578,0.23044,0.00188328121320211,0.95062,0.000968933595247889,0.04938,0.000968933595247889,0.04938,0.000968933595247889,0.88294,0.00143775489148881,0.06768,0.00112338254926806,0.92964,0.00114376107994633,0.07036,0.00114376107994633,0.07036,0.00114376107994633,"Normal distribution
skew = 0; excess kurtosis = 0","n = 10"
"unbalanced n, equal SD","four groups with moderate ordered effect: 0, 0.25, 0.50, 0.75 SD","moderate ordered effect: 0, 0.25, 0.50, 0.75 SD","0.00, 0.25, 0.50, 0.75","1.0, 1.0, 1.0, 1.0",1,"5, 8, 12, 15","F.P.",2,0,6,10,4,0.00124359317140852,1.95931953449458,0.24926,0.00193457722719978,0.26052,0.00196290259360978,0.2483,0.00193208234814151,0.30544,0.00205983691781655,0.29468,0.00203884132585152,0.30694,0.00206265768560855,0.55554,0.0022222299988975,0.44446,0.0022222299988975,0.44446,0.0022222299988975,0.50444,0.00223597981386237,0.0511,0.000984771953296803,0.895,0.00137094857671614,0.105,0.00137094857671614,0.105,0.00137094857671614,"F.P.
skew = 0
excess kurtosis = 6","n = 10"
"unbalanced n, equal SD","four groups with moderate ordered effect: 0, 0.25, 0.50, 0.75 SD","moderate ordered effect: 0, 0.25, 0.50, 0.75 SD","0.00, 0.25, 0.50, 0.75","1.0, 1.0, 1.0, 1.0",1,"5, 8, 12, 15","F.P.",3,0.5,1,10,4,0.341457491626218,0.319158825691986,0.22786,0.00187584551815974,0.2372,0.00190229419386172,0.23382,0.00189287193227645,0.22394,0.00186435445342349,0.24,0.00190997382181013,0.24482,0.00192293092751664,0.82916,0.00168317375454823,0.17084,0.00168317375454823,0.17084,0.00168317375454823,0.75772,0.00191614405303985,0.07144,0.00115183615501511,0.9158,0.00124185635240152,0.0842,0.00124185635240152,0.0842,0.00124185635240152,"F.P.
skew = 0.5
excess kurtosis = 1","n = 10"
"unbalanced n, equal SD","four groups with moderate ordered effect: 0, 0.25, 0.50, 0.75 SD","moderate ordered effect: 0, 0.25, 0.50, 0.75 SD","0.00, 0.25, 0.50, 0.75","1.0, 1.0, 1.0, 1.0",1,"5, 8, 12, 15","F.P.",4,1,1.6,10,4,0.711914496224283,0.561176885954877,0.22988,0.00188167577228384,0.27534,0.00199763802727121,0.24018,0.00191046364843721,0.25016,0.00193690461510112,0.27522,0.00199736802617845,0.26614,0.00197640836063805,0.56304,0.00221822432769997,0.43696,0.00221822432769997,0.43696,0.00221822432769997,0.48936,0.00223556163144745,0.07368,0.00116834290856751,0.88526,0.00142530510698587,0.11474,0.00142530510698587,0.11474,0.00142530510698587,"F.P.
skew = 1
excess kurtosis = 1.6","n = 10"
"unbalanced n, equal SD","four groups with moderate ordered effect: 0, 0.25, 0.50, 0.75 SD","moderate ordered effect: 0, 0.25, 0.50, 0.75 SD","0.00, 0.25, 0.50, 0.75","1.0, 1.0, 1.0, 1.0",1,"5, 8, 12, 15","F.P.",5,2,6.6,10,4,1.30527847583559,2.22383988081576,0.24656,0.00192752777619416,0.36562,0.00215379672021294,0.274,0.00199461274436919,0.39952,0.00219045095631014,0.4038,0.00219429059151244,0.40288,0.0021934799091854,0.12558,0.00148195589408052,0.87442,0.00148195589408052,0.87442,0.00148195589408052,0.08172,0.00122508645898973,0.04386,0.000915819855648479,0.786,0.00183414285157945,0.214,0.00183414285157945,0.214,0.00183414285157945,"F.P.
skew = 2
excess kurtosis = 6.6","n = 10"
"unbalanced n, equal SD","four groups with moderate ordered effect: 0, 0.25, 0.50, 0.75 SD","moderate ordered effect: 0, 0.25, 0.50, 0.75 SD","0.00, 0.25, 0.50, 0.75","1.0, 1.0, 1.0, 1.0",1,"10, 16, 24, 30","normal",1,0,0,20,4,0.00246530527546858,-0.0783325504836685,0.44612,0.00222304721317385,0.42062,0.00220770838472838,0.44662,0.00222328844552388,0.4129,0.00220187915199722,0.42342,0.00220968551427573,0.448,0.00222394244529844,0.95008,0.000973940384212504,0.04992,0.000973940384212504,0.04992,0.000973940384212504,0.89388,0.00137737827483956,0.0562,0.00102996660140026,0.94096,0.00105408043715838,0.05904,0.00105408043715838,0.05904,0.00105408043715838,"Normal distribution
skew = 0; excess kurtosis = 0","n = 20"
"unbalanced n, equal SD","four groups with moderate ordered effect: 0, 0.25, 0.50, 0.75 SD","moderate ordered effect: 0, 0.25, 0.50, 0.75 SD","0.00, 0.25, 0.50, 0.75","1.0, 1.0, 1.0, 1.0",1,"10, 16, 24, 30","F.P.",2,0,6,20,4,-0.00221731368708323,3.19282504266682,0.46794,0.00223146658679892,0.49422,0.00223591856560117,0.47018,0.00223208766673713,0.61666,0.0021743525215567,0.60716,0.00218410958699421,0.6101,0.0021811831193185,0.25418,0.00194716474701038,0.74582,0.00194716474701038,0.74582,0.00194716474701038,0.23564,0.00189796622941505,0.01854,0.000603262271321521,0.92398,0.00118525068740752,0.07602,0.00118525068740752,0.07602,0.00118525068740752,"F.P.
skew = 0
excess kurtosis = 6","n = 20"
"unbalanced n, equal SD","four groups with moderate ordered effect: 0, 0.25, 0.50, 0.75 SD","moderate ordered effect: 0, 0.25, 0.50, 0.75 SD","0.00, 0.25, 0.50, 0.75","1.0, 1.0, 1.0, 1.0",1,"10, 16, 24, 30","F.P.",3,0.5,1,20,4,0.413280696928056,0.597348277885352,0.45332,0.00222630176570922,0.45752,0.0022279831669023,0.45732,0.00222790671977083,0.46264,0.00222981716918675,0.47128,0.00223237614034911,0.47704,0.0022337091950386,0.68414,0.00207890577179438,0.31586,0.00207890577179438,0.31586,0.00207890577179438,0.63524,0.00215271987216173,0.0489,0.000964456219846189,0.93058,0.00113666937673186,0.06942,0.00113666937673186,0.06942,0.00113666937673186,"F.P.
skew = 0.5
excess kurtosis = 1","n = 20"
"unbalanced n, equal SD","four groups with moderate ordered effect: 0, 0.25, 0.50, 0.75 SD","moderate ordered effect: 0, 0.25, 0.50, 0.75 SD","0.00, 0.25, 0.50, 0.75","1.0, 1.0, 1.0, 1.0",1,"10, 16, 24, 30","F.P.",4,1,1.6,20,4,0.844250878822075,0.969494151189616,0.45984,0.00222884353152033,0.48088,0.00223443248096692,0.46624,0.00223096509340689,0.50616,0.00223589827317792,0.51214,0.00223540877872482,0.514,0.00223519126698366,0.18446,0.00173455762890715,0.81554,0.00173455762890715,0.81554,0.00173455762890715,0.15868,0.00163401748827851,0.02578,0.000708736786120207,0.89598,0.00136528267842231,0.10402,0.00136528267842231,0.10402,0.00136528267842231,"F.P.
skew = 1
excess kurtosis = 1.6","n = 20"
"unbalanced n, equal SD","four groups with moderate ordered effect: 0, 0.25, 0.50, 0.75 SD","moderate ordered effect: 0, 0.25, 0.50, 0.75 SD","0.00, 0.25, 0.50, 0.75","1.0, 1.0, 1.0, 1.0",1,"10, 16, 24, 30","F.P.",5,2,6.6,20,4,1.59489708021858,3.6179830933716,0.48262,0.00223471669613846,0.55416,0.00222291112912775,0.5015,0.00223605791517125,0.72052,0.00200684294153778,0.7206,0.00200666708748611,0.72058,0.00200671105842371,0.00186,0.00019269355983011,0.99814,0.000192693559830108,0.99814,0.000192693559830108,8e-04,0.000126440499840834,0.00106,0.00014552500816011,0.80076,0.0017863002121704,0.19924,0.0017863002121704,0.19924,0.0017863002121704,"F.P.
skew = 2
excess kurtosis = 6.6","n = 20"
"unbalanced n, equal SD","four groups with moderate ordered effect: 0, 0.25, 0.50, 0.75 SD","moderate ordered effect: 0, 0.25, 0.50, 0.75 SD","0.00, 0.25, 0.50, 0.75","1.0, 1.0, 1.0, 1.0",1,"15, 24, 36, 45","normal",1,0,0,30,4,-0.000839328978209289,-0.0502107396505549,0.64048,0.00214599799440726,0.62038,0.00217029332395416,0.6405,0.00214597180782973,0.61038,0.00218090006923747,0.62202,0.00216846083478582,0.64108,0.00214521063581178,0.95268,0.000949534808208736,0.04732,0.000949534808208735,0.04732,0.000949534808208735,0.89854,0.00135030269495399,0.05414,0.00101201640698163,0.94334,0.00103392112271682,0.05666,0.00103392112271682,0.05666,0.00103392112271682,"Normal distribution
skew = 0; excess kurtosis = 0","n = 30"
"unbalanced n, equal SD","four groups with moderate ordered effect: 0, 0.25, 0.50, 0.75 SD","moderate ordered effect: 0, 0.25, 0.50, 0.75 SD","0.00, 0.25, 0.50, 0.75","1.0, 1.0, 1.0, 1.0",1,"15, 24, 36, 45","F.P.",2,0,6,30,4,-0.00770167541486527,3.81253447047004,0.64534,0.00213951529277077,0.66698,0.00210768915924526,0.64712,0.00213708074531591,0.81734,0.00172797757161371,0.81204,0.0017471750822399,0.81322,0.00174294711107365,0.10594,0.0013763481855984,0.89406,0.0013763481855984,0.89406,0.0013763481855984,0.09916,0.00133661733042782,0.00678,0.000366988599277961,0.93098,0.00113363344693071,0.06902,0.00113363344693071,0.06902,0.00113363344693071,"F.P.
skew = 0
excess kurtosis = 6","n = 30"
"unbalanced n, equal SD","four groups with moderate ordered effect: 0, 0.25, 0.50, 0.75 SD","moderate ordered effect: 0, 0.25, 0.50, 0.75 SD","0.00, 0.25, 0.50, 0.75","1.0, 1.0, 1.0, 1.0",1,"15, 24, 36, 45","F.P.",3,0.5,1,30,4,0.442060628931892,0.719102092207407,0.64526,0.00213962395013703,0.64044,0.00214605035542039,0.64672,0.00213763065846278,0.6605,0.00211773345820479,0.66128,0.00211654795173651,0.66832,0.00210555635213119,0.55912,0.00222038206442045,0.44088,0.00222038206442045,0.44088,0.00222038206442045,0.52084,0.00223412485953673,0.03828,0.000858075073638665,0.93314,0.00111704736157425,0.06686,0.00111704736157425,0.06686,0.00111704736157425,"F.P.
skew = 0.5
excess kurtosis = 1","n = 30"
"unbalanced n, equal SD","four groups with moderate ordered effect: 0, 0.25, 0.50, 0.75 SD","moderate ordered effect: 0, 0.25, 0.50, 0.75 SD","0.00, 0.25, 0.50, 0.75","1.0, 1.0, 1.0, 1.0",1,"15, 24, 36, 45","F.P.",4,1,1.6,30,4,0.894985708409407,1.15442571017426,0.64894,0.00213455792331808,0.64982,0.00213332588977868,0.65184,0.00213046762190839,0.70054,0.00204833448635715,0.70108,0.00204727542651203,0.7018,0.0020458580595926,0.04456,0.000922761143525235,0.95544,0.000922761143525236,0.95544,0.000922761143525236,0.0375,0.000849632273398321,0.00706,0.000374437081497012,0.90216,0.00132866349690206,0.09784,0.00132866349690206,0.09784,0.00132866349690206,"F.P.
skew = 1
excess kurtosis = 1.6","n = 30"
"unbalanced n, equal SD","four groups with moderate ordered effect: 0, 0.25, 0.50, 0.75 SD","moderate ordered effect: 0, 0.25, 0.50, 0.75 SD","0.00, 0.25, 0.50, 0.75","1.0, 1.0, 1.0, 1.0",1,"15, 24, 36, 45","F.P.",5,2,6.6,30,4,1.70939561538198,4.30012081716736,0.66498,0.00211083679899702,0.69536,0.00205832198841678,0.67716,0.00209100136011434,0.88856,0.00140727485872519,0.88856,0.00140727485872519,0.88856,0.00140727485872519,0,0,1,0,1,0,0,0,0,0,0.80558,0.00176986363090494,0.19442,0.00176986363090494,0.19442,0.00176986363090494,"F.P.
skew = 2
excess kurtosis = 6.6","n = 30"
"unbalanced n, equal SD","four groups with moderate ordered effect: 0, 0.25, 0.50, 0.75 SD","moderate ordered effect: 0, 0.25, 0.50, 0.75 SD","0.00, 0.25, 0.50, 0.75","1.0, 1.0, 1.0, 1.0",1,"25, 40, 60, 75","normal",1,0,0,50,4,0.00103832248822494,-0.0299417551010622,0.87252,0.00149150158967398,0.86276,0.00153886440208356,0.8724,0.00149210080088444,0.853,0.00158360980042433,0.86272,0.00153905296595016,0.87182,0.00149499088692875,0.95038,0.000971162762877572,0.04962,0.000971162762877572,0.04962,0.000971162762877572,0.89986,0.00134247517965883,0.05052,0.000979466483346929,0.94662,0.00100529175466628,0.05338,0.00100529175466628,0.05338,0.00100529175466628,"Normal distribution
skew = 0; excess kurtosis = 0","n = 50"
"unbalanced n, equal SD","four groups with moderate ordered effect: 0, 0.25, 0.50, 0.75 SD","moderate ordered effect: 0, 0.25, 0.50, 0.75 SD","0.00, 0.25, 0.50, 0.75","1.0, 1.0, 1.0, 1.0",1,"25, 40, 60, 75","F.P.",2,0,6,50,4,0.00491779269147268,4.42467627687119,0.86984,0.00150478154161991,0.87568,0.00147556455365396,0.87036,0.00150222149099259,0.96984,0.000764857822081986,0.96942,0.000769998228569392,0.96954,0.000768533517811683,0.01428,0.000530586121190519,0.98572,0.000530586121190518,0.98572,0.000530586121190518,0.01338,0.000513828290385027,9e-04,0.000134103691224366,0.93992,0.00106273603119495,0.06008,0.00106273603119495,0.06008,0.00106273603119495,"F.P.
skew = 0
excess kurtosis = 6","n = 50"
"unbalanced n, equal SD","four groups with moderate ordered effect: 0, 0.25, 0.50, 0.75 SD","moderate ordered effect: 0, 0.25, 0.50, 0.75 SD","0.00, 0.25, 0.50, 0.75","1.0, 1.0, 1.0, 1.0",1,"25, 40, 60, 75","F.P.",3,0.5,1,50,4,0.462981578112885,0.822988824398513,0.8764,0.00147189021329717,0.86816,0.00151299844282802,0.87628,0.00147250372902754,0.89004,0.00139906253184052,0.88826,0.00140892989463635,0.8916,0.00139031967547036,0.36022,0.00214691197583879,0.63978,0.00214691197583879,0.63978,0.00214691197583879,0.33764,0.00211489588585349,0.02258,0.000664381571086977,0.93732,0.00108398540211573,0.06268,0.00108398540211573,0.06268,0.00108398540211573,"F.P.
skew = 0.5
excess kurtosis = 1","n = 50"
"unbalanced n, equal SD","four groups with moderate ordered effect: 0, 0.25, 0.50, 0.75 SD","moderate ordered effect: 0, 0.25, 0.50, 0.75 SD","0.00, 0.25, 0.50, 0.75","1.0, 1.0, 1.0, 1.0",1,"25, 40, 60, 75","F.P.",4,1,1.6,50,4,0.934252738034145,1.30843862599737,0.87424,0.00148286494597451,0.8669,0.0015191075669616,0.87474,0.00148033734263512,0.91302,0.00126027361791002,0.91304,0.00126014251892395,0.91304,0.00126014251892395,9e-04,0.000134103691224366,0.9991,0.000134103691224367,0.9991,0.000134103691224367,0.00074,0.000121610229832856,0.00016,5.65640168304904e-05,0.90282,0.00132465880588173,0.09718,0.00132465880588173,0.09718,0.00132465880588173,"F.P.
skew = 1
excess kurtosis = 1.6","n = 50"
"unbalanced n, equal SD","four groups with moderate ordered effect: 0, 0.25, 0.50, 0.75 SD","moderate ordered effect: 0, 0.25, 0.50, 0.75 SD","0.00, 0.25, 0.50, 0.75","1.0, 1.0, 1.0, 1.0",1,"25, 40, 60, 75","F.P.",5,2,6.6,50,4,1.81175901761271,4.99818299136008,0.87384,0.00148488150638359,0.8753,0.00147749727580121,0.8777,0.0014652147282907,0.98744,0.000498041090674254,0.98744,0.000498041090674254,0.98744,0.000498041090674254,0,0,1,0,1,0,0,0,0,0,0.81244,0.0017457448060928,0.18756,0.0017457448060928,0.18756,0.0017457448060928,"F.P.
skew = 2
excess kurtosis = 6.6","n = 50"
"unbalanced n, equal SD","four groups with moderate ordered effect: 0, 0.25, 0.50, 0.75 SD","moderate ordered effect: 0, 0.25, 0.50, 0.75 SD","0.00, 0.25, 0.50, 0.75","1.0, 1.0, 1.0, 1.0",1,"50, 80, 120, 150","normal",1,0,0,100,4,5.86297725124946e-05,-0.0144570904459087,0.996,0.000282276460230038,0.99532,0.000305224428904373,0.99592,0.000285073800970906,0.9937,0.000353844881268614,0.99528,0.000306519872112721,0.99584,0.000287843513041376,0.94818,0.000991309110217393,0.05182,0.000991309110217393,0.05182,0.000991309110217393,0.89862,0.00134983032711523,0.04956,0.000970606062210617,0.94798,0.000993115497814831,0.05202,0.000993115497814831,0.05202,0.000993115497814831,"Normal distribution
skew = 0; excess kurtosis = 0","n = 100"
"unbalanced n, equal SD","four groups with moderate ordered effect: 0, 0.25, 0.50, 0.75 SD","moderate ordered effect: 0, 0.25, 0.50, 0.75 SD","0.00, 0.25, 0.50, 0.75","1.0, 1.0, 1.0, 1.0",1,"50, 80, 120, 150","F.P.",2,0,6,100,4,0.0027937540785911,5.10660375888226,0.99388,0.000348784907930375,0.9936,0.000356624171923328,0.99386,0.000349350837983825,0.99988,4.89868553797871e-05,0.99988,4.89868553797871e-05,0.99988,4.89868553797871e-05,2e-04,6.32392283317879e-05,0.9998,6.32392283317844e-05,0.9998,6.32392283317844e-05,0.00016,5.65640168304904e-05,4e-05,2.828370555638e-05,0.94666,0.00100493626066532,0.05334,0.00100493626066532,0.05334,0.00100493626066532,"F.P.
skew = 0
excess kurtosis = 6","n = 100"
"unbalanced n, equal SD","four groups with moderate ordered effect: 0, 0.25, 0.50, 0.75 SD","moderate ordered effect: 0, 0.25, 0.50, 0.75 SD","0.00, 0.25, 0.50, 0.75","1.0, 1.0, 1.0, 1.0",1,"50, 80, 120, 150","F.P.",3,0.5,1,100,4,0.481729933877302,0.905187224129117,0.9951,0.00031228160368488,0.99422,0.00033901597602473,0.99496,0.000316689071488109,0.9966,0.00026032441299271,0.99656,0.000261846000542303,0.99656,0.000261846000542303,0.09916,0.00133661733042782,0.90084,0.00133661733042782,0.90084,0.00133661733042782,0.09358,0.00130248058411632,0.00558,0.000333132514174165,0.93762,0.00108156123821076,0.06238,0.00108156123821076,0.06238,0.00108156123821076,"F.P.
skew = 0.5
excess kurtosis = 1","n = 100"
"unbalanced n, equal SD","four groups with moderate ordered effect: 0, 0.25, 0.50, 0.75 SD","moderate ordered effect: 0, 0.25, 0.50, 0.75 SD","0.00, 0.25, 0.50, 0.75","1.0, 1.0, 1.0, 1.0",1,"50, 80, 120, 150","F.P.",4,1,1.6,100,4,0.965999091118481,1.44688403370641,0.99542,0.000301961043845064,0.99416,0.000340760748913368,0.99506,0.000313547329760598,0.9982,0.000189565819703871,0.9982,0.000189565819703871,0.9982,0.000189565819703871,0,0,1,0,1,0,0,0,0,0,0.9052,0.00131006076194961,0.0948,0.00131006076194961,0.0948,0.00131006076194961,"F.P.
skew = 1
excess kurtosis = 1.6","n = 100"
"unbalanced n, equal SD","four groups with moderate ordered effect: 0, 0.25, 0.50, 0.75 SD","moderate ordered effect: 0, 0.25, 0.50, 0.75 SD","0.00, 0.25, 0.50, 0.75","1.0, 1.0, 1.0, 1.0",1,"50, 80, 120, 150","F.P.",5,2,6.6,100,4,1.897799980896,5.66721524832143,0.99456,0.000328950038759688,0.99322,0.000366988599277961,0.99382,0.000350479888153371,0.99998,1.999979999901e-05,0.99998,1.999979999901e-05,0.99998,1.999979999901e-05,0,0,1,0,1,0,0,0,0,0,0.8141,0.00173977693972532,0.1859,0.00173977693972532,0.1859,0.00173977693972532,"F.P.
skew = 2
excess kurtosis = 6.6","n = 100"
"unbalanced n, equal SD","four groups with moderate ordered effect: 0, 0.25, 0.50, 0.75 SD","moderate ordered effect: 0, 0.25, 0.50, 0.75 SD","0.00, 0.25, 0.50, 0.75","1.0, 1.0, 1.0, 1.0",1,"100, 160, 240, 300","normal",1,0,0,200,4,-0.000461910976382277,-0.00744654856753227,1,0,1,0,1,0,1,0,1,0,1,0,0.94928,0.000981299970447365,0.05072,0.000981299970447365,0.05072,0.000981299970447365,0.90046,0.00133889348642825,0.04882,0.000963707503343208,0.949,0.000983859746102055,0.051,0.000983859746102055,0.051,0.000983859746102055,"Normal distribution
skew = 0; excess kurtosis = 0","n = 200"
"unbalanced n, equal SD","four groups with moderate ordered effect: 0, 0.25, 0.50, 0.75 SD","moderate ordered effect: 0, 0.25, 0.50, 0.75 SD","0.00, 0.25, 0.50, 0.75","1.0, 1.0, 1.0, 1.0",1,"100, 160, 240, 300","F.P.",2,0,6,200,4,-0.00418476178801554,5.51165389086621,1,0,1,0,1,0,1,0,1,0,1,0,0,0,1,0,1,0,0,0,0,0,0.9471,0.00100101538449716,0.0529,0.00100101538449716,0.0529,0.00100101538449716,"F.P.
skew = 0
excess kurtosis = 6","n = 200"
"unbalanced n, equal SD","four groups with moderate ordered effect: 0, 0.25, 0.50, 0.75 SD","moderate ordered effect: 0, 0.25, 0.50, 0.75 SD","0.00, 0.25, 0.50, 0.75","1.0, 1.0, 1.0, 1.0",1,"100, 160, 240, 300","F.P.",3,0.5,1,200,4,0.489981232033116,0.948179314169757,0.99998,1.999979999901e-05,0.99998,1.999979999901e-05,0.99998,1.999979999901e-05,1,0,1,0,1,0,0.0046,0.000302616589102448,0.9954,0.00030261658910245,0.9954,0.00030261658910245,0.00432,0.000293303174207167,0.00028,7.48226703613283e-05,0.93966,0.00106488576288727,0.06034,0.00106488576288727,0.06034,0.00106488576288727,"F.P.
skew = 0.5
excess kurtosis = 1","n = 200"
"unbalanced n, equal SD","four groups with moderate ordered effect: 0, 0.25, 0.50, 0.75 SD","moderate ordered effect: 0, 0.25, 0.50, 0.75 SD","0.00, 0.25, 0.50, 0.75","1.0, 1.0, 1.0, 1.0",1,"100, 160, 240, 300","F.P.",4,1,1.6,200,4,0.983275851123899,1.52430862395142,1,0,1,0,1,0,1,0,1,0,1,0,0,0,1,0,1,0,0,0,0,0,0.9055,0.00130820296590399,0.0945,0.00130820296590399,0.0945,0.00130820296590399,"F.P.
skew = 1
excess kurtosis = 1.6","n = 200"
"unbalanced n, equal SD","four groups with moderate ordered effect: 0, 0.25, 0.50, 0.75 SD","moderate ordered effect: 0, 0.25, 0.50, 0.75 SD","0.00, 0.25, 0.50, 0.75","1.0, 1.0, 1.0, 1.0",1,"100, 160, 240, 300","F.P.",5,2,6.6,200,4,1.94679069484353,6.10850143745999,1,0,1,0,1,0,1,0,1,0,1,0,0,0,1,0,1,0,0,0,0,0,0.81154,0.00174895870963268,0.18846,0.00174895870963268,0.18846,0.00174895870963268,"F.P.
skew = 2
excess kurtosis = 6.6","n = 200"
"balanced n, unequal SD","four groups with moderate ordered effect: 0, 0.25, 0.50, 0.75 SD","moderate ordered effect: 0, 0.25, 0.50, 0.75 SD","0.000, 0.433, 0.866, 1.299","1.000000, 1.414214, 2.000000, 2.236068",1.73205080756888,"10, 10, 10, 10","normal",1,0,0,10,4,0.00129640531097805,0.479624645410329,0.2583,0.00195745298794122,0.27732,0.00200206701985723,0.27838,0.00200441799832271,0.2434,0.00191914793593407,0.28316,0.00201484696391562,0.28584,0.00202057167356172,0.88308,0.00143700879329251,0.11692,0.00143700879329251,0.11692,0.00143700879329251,0.49176,0.00223576430958185,0.39132,0.00218260696232739,0.56246,0.00221855244878276,0.43754,0.00221855244878276,0.43754,0.00221855244878276,"Normal distribution
skew = 0; excess kurtosis = 0","n = 10"
"balanced n, unequal SD","four groups with moderate ordered effect: 0, 0.25, 0.50, 0.75 SD","moderate ordered effect: 0, 0.25, 0.50, 0.75 SD","0.000, 0.433, 0.866, 1.299","1.000000, 1.414214, 2.000000, 2.236068",1.73205080756888,"10, 10, 10, 10","F.P.",2,0,6,10,4,-0.00515852725267488,2.60331626704927,0.2928,0.00203503395549067,0.34466,0.00212541518014716,0.31982,0.00208583397038211,0.3923,0.00218357830177899,0.39814,0.00218917582847975,0.39764,0.00218870934753795,0.44924,0.00222451532878513,0.55076,0.00222451532878513,0.55076,0.00222451532878513,0.3114,0.00207089372011216,0.13784,0.00154168825901996,0.68232,0.0020821115128638,0.31768,0.0020821115128638,0.31768,0.0020821115128638,"F.P.
skew = 0
excess kurtosis = 6","n = 10"
"balanced n, unequal SD","four groups with moderate ordered effect: 0, 0.25, 0.50, 0.75 SD","moderate ordered effect: 0, 0.25, 0.50, 0.75 SD","0.000, 0.433, 0.866, 1.299","1.000000, 1.414214, 2.000000, 2.236068",1.73205080756888,"10, 10, 10, 10","F.P.",3,0.5,1,10,4,0.357301773348841,0.966186738272633,0.25008,0.00193669818815426,0.26402,0.00197136216662489,0.26306,0.00196905782749009,0.23104,0.0018849961188289,0.26666,0.00197763719827475,0.26978,0.00198493703476962,0.74142,0.00195814393546542,0.25858,0.00195814393546542,0.25858,0.00195814393546542,0.42728,0.00221229203135572,0.31414,0.00207584228880712,0.58288,0.00220513448841562,0.41712,0.00220513448841562,0.41712,0.00220513448841562,"F.P.
skew = 0.5
excess kurtosis = 1","n = 10"
"balanced n, unequal SD","four groups with moderate ordered effect: 0, 0.25, 0.50, 0.75 SD","moderate ordered effect: 0, 0.25, 0.50, 0.75 SD","0.000, 0.433, 0.866, 1.299","1.000000, 1.414214, 2.000000, 2.236068",1.73205080756888,"10, 10, 10, 10","F.P.",4,1,1.6,10,4,0.743103362315771,1.19373055020753,0.23458,0.00189500513772391,0.24108,0.00191290581890484,0.2401,0.00191024600509987,0.18854,0.00174924365598392,0.23206,0.00188789913078003,0.23484,0.0018957329685375,0.57096,0.00221343478964256,0.42904,0.00221343478964256,0.42904,0.00221343478964256,0.29484,0.00203916342846766,0.27612,0.00199938863455807,0.54694,0.00222619242834037,0.45306,0.00222619242834037,0.45306,0.00222619242834037,"F.P.
skew = 1
excess kurtosis = 1.6","n = 10"
"balanced n, unequal SD","four groups with moderate ordered effect: 0, 0.25, 0.50, 0.75 SD","moderate ordered effect: 0, 0.25, 0.50, 0.75 SD","0.000, 0.433, 0.866, 1.299","1.000000, 1.414214, 2.000000, 2.236068",1.73205080756888,"10, 10, 10, 10","F.P.",5,2,6.6,10,4,1.36188354527229,2.8615816401101,0.23236,0.001888750012045,0.2529,0.00194392175768471,0.23646,0.00190024560728344,0.22318,0.00186209928628954,0.24196,0.00191528252955014,0.24308,0.00191829149818269,0.1548,0.00161763382753947,0.8452,0.00161763382753947,0.8452,0.00161763382753947,0.05962,0.00105891884108273,0.09518,0.00131240822612478,0.52766,0.00223264383366447,0.47234,0.00223264383366447,0.47234,0.00223264383366447,"F.P.
skew = 2
excess kurtosis = 6.6","n = 10"
"balanced n, unequal SD","four groups with moderate ordered effect: 0, 0.25, 0.50, 0.75 SD","moderate ordered effect: 0, 0.25, 0.50, 0.75 SD","0.000, 0.433, 0.866, 1.299","1.000000, 1.414214, 2.000000, 2.236068",1.73205080756888,"20, 20, 20, 20","normal",1,0,0,20,4,-6.0404977895156e-06,0.65836816725961,0.50534,0.00223594044822307,0.5724,0.00221250193220255,0.56604,0.00221647791958323,0.50462,0.00223597252040359,0.57506,0.00221072837046979,0.57068,0.00221361395731053,0.81532,0.00173535758620522,0.18468,0.00173535758620522,0.18468,0.00173535758620522,0.15262,0.00160827320813349,0.6627,0.00211437324046631,0.18742,0.00174524349934329,0.81258,0.00174524349934329,0.81258,0.00174524349934329,"Normal distribution
skew = 0; excess kurtosis = 0","n = 20"
"balanced n, unequal SD","four groups with moderate ordered effect: 0, 0.25, 0.50, 0.75 SD","moderate ordered effect: 0, 0.25, 0.50, 0.75 SD","0.000, 0.433, 0.866, 1.299","1.000000, 1.414214, 2.000000, 2.236068",1.73205080756888,"20, 20, 20, 20","F.P.",2,0,6,20,4,-2.70632667459589e-05,4.2093757231977,0.53516,0.00223053255703655,0.63372,0.00215461811743984,0.60396,0.00218720057790775,0.74602,0.00194665949564889,0.74666,0.00194503904536644,0.7454,0.00194822401176045,0.14182,0.00156017362879905,0.85818,0.00156017362879905,0.85818,0.00156017362879905,0.06756,0.00112245843041068,0.07426,0.0011725651572514,0.4421,0.00222102494357898,0.5579,0.00222102494357898,0.5579,0.00222102494357898,"F.P.
skew = 0
excess kurtosis = 6","n = 20"
"balanced n, unequal SD","four groups with moderate ordered effect: 0, 0.25, 0.50, 0.75 SD","moderate ordered effect: 0, 0.25, 0.50, 0.75 SD","0.000, 0.433, 0.866, 1.299","1.000000, 1.414214, 2.000000, 2.236068",1.73205080756888,"20, 20, 20, 20","F.P.",3,0.5,1,20,4,0.443736914320984,1.41833229865947,0.50436,0.00223598296236801,0.56764,0.00221551271898854,0.55706,0.00222145968408162,0.4767,0.00223363878010747,0.5308,0.0022318214982386,0.5267,0.0022328775604587,0.52332,0.00223363460574911,0.47668,0.00223363460574911,0.47668,0.00223363460574911,0.12634,0.00148578736298301,0.39698,0.00218808994147864,0.24152,0.00191409555456356,0.75848,0.00191409555456356,0.75848,0.00191409555456356,"F.P.
skew = 0.5
excess kurtosis = 1","n = 20"
"balanced n, unequal SD","four groups with moderate ordered effect: 0, 0.25, 0.50, 0.75 SD","moderate ordered effect: 0, 0.25, 0.50, 0.75 SD","0.000, 0.433, 0.866, 1.299","1.000000, 1.414214, 2.000000, 2.236068",1.73205080756888,"20, 20, 20, 20","F.P.",4,1,1.6,20,4,0.909937695567138,1.83679909043631,0.50518,0.00223594797613898,0.55558,0.00222220999727749,0.54776,0.00222584358120691,0.39482,0.00218603370330835,0.43494,0.00221705749316521,0.4344,0.00221673922688258,0.2345,0.00189478098998275,0.7655,0.00189478098998275,0.7655,0.00189478098998275,0.04454,0.000922563693194134,0.18996,0.00175428161023252,0.22424,0.00186524219553387,0.77576,0.00186524219553387,0.77576,0.00186524219553387,"F.P.
skew = 1
excess kurtosis = 1.6","n = 20"
"balanced n, unequal SD","four groups with moderate ordered effect: 0, 0.25, 0.50, 0.75 SD","moderate ordered effect: 0, 0.25, 0.50, 0.75 SD","0.000, 0.433, 0.866, 1.299","1.000000, 1.414214, 2.000000, 2.236068",1.73205080756888,"20, 20, 20, 20","F.P.",5,2,6.6,20,4,1.68960007958036,4.63281434097513,0.5167,0.00223482039546806,0.57324,0.0022119489252693,0.55068,0.00222455180924158,0.46072,0.00222915715731305,0.4614,0.00222939471606084,0.46136,0.00222938085754767,0.00498,0.000314807865213053,0.99502,0.000314807865213053,0.99502,0.000314807865213053,0.00054,0.000103894985442032,0.00444,0.000297331007464745,0.30612,0.0020611188495572,0.69388,0.0020611188495572,0.69388,0.0020611188495572,"F.P.
skew = 2
excess kurtosis = 6.6","n = 20"
"balanced n, unequal SD","four groups with moderate ordered effect: 0, 0.25, 0.50, 0.75 SD","moderate ordered effect: 0, 0.25, 0.50, 0.75 SD","0.000, 0.433, 0.866, 1.299","1.000000, 1.414214, 2.000000, 2.236068",1.73205080756888,"30, 30, 30, 30","normal",1,0,0,30,4,0.000621597529737777,0.710623969596885,0.70672,0.00203601002748022,0.78272,0.00184428523607386,0.78162,0.00184764810285942,0.7086,0.00203217144945991,0.77682,0.00186209928628954,0.77604,0.00186441367941774,0.74844,0.00194050285441686,0.25156,0.00194050285441686,0.25156,0.00194050285441686,0.03194,0.000786382049642539,0.7165,0.00201557808084926,0.0413,0.000889879879534311,0.9587,0.000889879879534311,0.9587,0.000889879879534311,"Normal distribution
skew = 0; excess kurtosis = 0","n = 30"
"balanced n, unequal SD","four groups with moderate ordered effect: 0, 0.25, 0.50, 0.75 SD","moderate ordered effect: 0, 0.25, 0.50, 0.75 SD","0.000, 0.433, 0.866, 1.299","1.000000, 1.414214, 2.000000, 2.236068",1.73205080756888,"30, 30, 30, 30","F.P.",2,0,6,30,4,-0.00519482942784621,5.07295414819997,0.71938,0.00200934026784913,0.81122,0.00175009777783986,0.79666,0.00179996024622768,0.91458,0.00124998738873638,0.91456,0.00125012004543564,0.91434,0.00125157791926831,0.03922,0.000868122014465709,0.96078,0.000868122014465709,0.96078,0.000868122014465709,0.0111,0.000468546475816434,0.02812,0.00073931408210584,0.24838,0.00193229074209861,0.75162,0.00193229074209861,0.75162,0.00193229074209861,"F.P.
skew = 0
excess kurtosis = 6","n = 30"
"balanced n, unequal SD","four groups with moderate ordered effect: 0, 0.25, 0.50, 0.75 SD","moderate ordered effect: 0, 0.25, 0.50, 0.75 SD","0.000, 0.433, 0.866, 1.299","1.000000, 1.414214, 2.000000, 2.236068",1.73205080756888,"30, 30, 30, 30","F.P.",3,0.5,1,30,4,0.475312430645866,1.6108960574944,0.7171,0.00201428692097228,0.78416,0.00183985376810224,0.7805,0.0018510524033641,0.68188,0.00208288101244406,0.72018,0.0020075894381073,0.71912,0.00200990758792538,0.35952,0.00214599799440726,0.64048,0.00214599799440726,0.64048,0.00214599799440726,0.02672,0.000721194032143916,0.3328,0.00210734031423498,0.07248,0.00115953999154837,0.92752,0.00115953999154837,0.92752,0.00115953999154837,"F.P.
skew = 0.5
excess kurtosis = 1","n = 30"
"balanced n, unequal SD","four groups with moderate ordered effect: 0, 0.25, 0.50, 0.75 SD","moderate ordered effect: 0, 0.25, 0.50, 0.75 SD","0.000, 0.433, 0.866, 1.299","1.000000, 1.414214, 2.000000, 2.236068",1.73205080756888,"30, 30, 30, 30","F.P.",4,1,1.6,30,4,0.964997933702246,2.08783912823174,0.72986,0.00198577128793827,0.78204,0.00184636636884449,0.7789,0.00185588140784911,0.58472,0.00220373556308374,0.59774,0.00219292905676404,0.59768,0.00219298252432617,0.08422,0.00124199027049329,0.91578,0.00124199027049329,0.91578,0.00124199027049329,0.0046,0.000302616589102448,0.07962,0.00121062509143004,0.07162,0.00115317453665956,0.92838,0.00115317453665956,0.92838,0.00115317453665956,"F.P.
skew = 1
excess kurtosis = 1.6","n = 30"
"balanced n, unequal SD","four groups with moderate ordered effect: 0, 0.25, 0.50, 0.75 SD","moderate ordered effect: 0, 0.25, 0.50, 0.75 SD","0.000, 0.433, 0.866, 1.299","1.000000, 1.414214, 2.000000, 2.236068",1.73205080756888,"30, 30, 30, 30","F.P.",5,2,6.6,30,4,1.82974006138459,5.60775438073686,0.74272,0.00195492711680001,0.78836,0.00182673758597123,0.77482,0.00186801481578707,0.66202,0.00211541730918512,0.66202,0.00211541730918512,0.66202,0.00211541730918512,0.00018,5.99945997569781e-05,0.99982,5.99945997569711e-05,0.99982,5.99945997569711e-05,0,0,0.00018,5.99945997569781e-05,0.15882,0.00163460213874814,0.84118,0.00163460213874814,0.84118,0.00163460213874814,"F.P.
skew = 2
excess kurtosis = 6.6","n = 30"
"balanced n, unequal SD","four groups with moderate ordered effect: 0, 0.25, 0.50, 0.75 SD","moderate ordered effect: 0, 0.25, 0.50, 0.75 SD","0.000, 0.433, 0.866, 1.299","1.000000, 1.414214, 2.000000, 2.236068",1.73205080756888,"50, 50, 50, 50","normal",1,0,0,50,4,0.000101640692978662,0.764049504273233,0.92584,0.00117183867831711,0.95902,0.000886573624692276,0.95902,0.000886573624692276,0.92484,0.00117907569222675,0.95048,0.00097023470974811,0.95046,0.00097042040786455,0.61646,0.00217456693803617,0.38354,0.00217456693803617,0.38354,0.00217456693803617,0.00098,0.00013993138318476,0.61548,0.00217561195804767,0.00126,0.000158645037741494,0.99874,0.000158645037741496,0.99874,0.000158645037741496,"Normal distribution
skew = 0; excess kurtosis = 0","n = 50"
"balanced n, unequal SD","four groups with moderate ordered effect: 0, 0.25, 0.50, 0.75 SD","moderate ordered effect: 0, 0.25, 0.50, 0.75 SD","0.000, 0.433, 0.866, 1.299","1.000000, 1.414214, 2.000000, 2.236068",1.73205080756888,"50, 50, 50, 50","F.P.",2,0,6,50,4,-0.00612275156510781,5.99834064215543,0.9201,0.00121256744142336,0.95962,0.000880334659092779,0.95882,0.00088864174558705,0.99372,0.000353286331465002,0.9937,0.000353844881268614,0.9937,0.000353844881268614,0.0021,0.000204723716261697,0.9979,0.000204723716261697,0.9979,0.000204723716261697,1e-04,4.47191234261138e-05,0.002,0.000199799899899875,0.05506,0.00102008231432566,0.94494,0.00102008231432566,0.94494,0.00102008231432566,"F.P.
skew = 0
excess kurtosis = 6","n = 50"
"balanced n, unequal SD","four groups with moderate ordered effect: 0, 0.25, 0.50, 0.75 SD","moderate ordered effect: 0, 0.25, 0.50, 0.75 SD","0.000, 0.433, 0.866, 1.299","1.000000, 1.414214, 2.000000, 2.236068",1.73205080756888,"50, 50, 50, 50","F.P.",3,0.5,1,50,4,0.50445158115097,1.78616115080673,0.93036,0.00113833448862801,0.95906,0.000886159312990615,0.95902,0.000886573624692276,0.90456,0.00131401070315276,0.9123,0.00126497992078926,0.9123,0.00126497992078926,0.15192,0.00160524336846473,0.84808,0.00160524336846473,0.84808,0.00160524336846473,0.00084,0.00012956036430946,0.15108,0.00160159191806153,0.0037,0.000271525689392367,0.9963,0.000271525689392368,0.9963,0.000271525689392368,"F.P.
skew = 0.5
excess kurtosis = 1","n = 50"
"balanced n, unequal SD","four groups with moderate ordered effect: 0, 0.25, 0.50, 0.75 SD","moderate ordered effect: 0, 0.25, 0.50, 0.75 SD","0.000, 0.433, 0.866, 1.299","1.000000, 1.414214, 2.000000, 2.236068",1.73205080756888,"50, 50, 50, 50","F.P.",4,1,1.6,50,4,1.02115103390788,2.37683915343821,0.94044,0.00105841963700604,0.96194,0.000855703644961268,0.9617,0.000858290277237253,0.83226,0.00167094758984236,0.8326,0.00166959420219405,0.8326,0.00166959420219405,0.00744,0.000384308376177257,0.99256,0.000384308376177257,0.99256,0.000384308376177257,0,0,0.00744,0.000384308376177257,0.00488,0.000311646774409747,0.99512,0.000311646774409747,0.99512,0.000311646774409747,"F.P.
skew = 1
excess kurtosis = 1.6","n = 50"
"balanced n, unequal SD","four groups with moderate ordered effect: 0, 0.25, 0.50, 0.75 SD","moderate ordered effect: 0, 0.25, 0.50, 0.75 SD","0.000, 0.433, 0.866, 1.299","1.000000, 1.414214, 2.000000, 2.236068",1.73205080756888,"50, 50, 50, 50","F.P.",5,2,6.6,50,4,1.96044117559973,6.6604166740736,0.95202,0.000955802485872474,0.9649,0.000823018711816445,0.96208,0.000854190536121771,0.89772,0.00135512952591256,0.89772,0.00135512952591256,0.89772,0.00135512952591256,0,0,1,0,1,0,0,0,0,0,0.03592,0.000832222970122791,0.96408,0.00083222297012279,0.96408,0.00083222297012279,"F.P.
skew = 2
excess kurtosis = 6.6","n = 50"
"balanced n, unequal SD","four groups with moderate ordered effect: 0, 0.25, 0.50, 0.75 SD","moderate ordered effect: 0, 0.25, 0.50, 0.75 SD","0.000, 0.433, 0.866, 1.299","1.000000, 1.414214, 2.000000, 2.236068",1.73205080756888,"100, 100, 100, 100","normal",1,0,0,100,4,-0.000699638508675787,0.799490259390304,0.9991,0.000134103691224367,0.99974,7.21016504665515e-05,0.99974,7.21016504665515e-05,0.99888,0.000149582458864668,0.99918,0.000128009968361846,0.99918,0.000128009968361846,0.33112,0.00210465933395407,0.66888,0.00210465933395407,0.66888,0.00210465933395407,0,0,0.33112,0.00210465933395407,0,0,1,0,1,0,"Normal distribution
skew = 0; excess kurtosis = 0","n = 100"
"balanced n, unequal SD","four groups with moderate ordered effect: 0, 0.25, 0.50, 0.75 SD","moderate ordered effect: 0, 0.25, 0.50, 0.75 SD","0.000, 0.433, 0.866, 1.299","1.000000, 1.414214, 2.000000, 2.236068",1.73205080756888,"100, 100, 100, 100","F.P.",2,0,6,100,4,0.0043695837430642,6.92769584334369,0.99842,0.000177623399359433,0.9996,8.94248287669544e-05,0.9996,8.94248287669544e-05,1,0,1,0,1,0,0,0,1,0,1,0,0,0,0,0,0.00046,9.58945671036686e-05,0.99954,9.58945671036703e-05,0.99954,9.58945671036703e-05,"F.P.
skew = 0
excess kurtosis = 6","n = 100"
"balanced n, unequal SD","four groups with moderate ordered effect: 0, 0.25, 0.50, 0.75 SD","moderate ordered effect: 0, 0.25, 0.50, 0.75 SD","0.000, 0.433, 0.866, 1.299","1.000000, 1.414214, 2.000000, 2.236068",1.73205080756888,"100, 100, 100, 100","F.P.",3,0.5,1,100,4,0.530182036193302,1.94286018882705,0.9993,0.000118280175853778,0.99986,5.29113220398109e-05,0.99986,5.29113220398109e-05,0.99806,0.00019678599543667,0.99806,0.00019678599543667,0.99806,0.00019678599543667,0.01128,0.000472287234635873,0.98872,0.000472287234635872,0.98872,0.000472287234635872,0,0,0.01128,0.000472287234635873,0,0,1,0,1,0,"F.P.
skew = 0.5
excess kurtosis = 1","n = 100"
"balanced n, unequal SD","four groups with moderate ordered effect: 0, 0.25, 0.50, 0.75 SD","moderate ordered effect: 0, 0.25, 0.50, 0.75 SD","0.000, 0.433, 0.866, 1.299","1.000000, 1.414214, 2.000000, 2.236068",1.73205080756888,"100, 100, 100, 100","F.P.",4,1,1.6,100,4,1.06291447149037,2.60884674778621,0.99946,0.00010389498544203,0.9998,6.32392283317844e-05,0.9998,6.32392283317844e-05,0.9918,0.000403305343381413,0.9918,0.000403305343381413,0.9918,0.000403305343381413,0,0,1,0,1,0,0,0,0,0,0,0,1,0,1,0,"F.P.
skew = 1
excess kurtosis = 1.6","n = 100"
"balanced n, unequal SD","four groups with moderate ordered effect: 0, 0.25, 0.50, 0.75 SD","moderate ordered effect: 0, 0.25, 0.50, 0.75 SD","0.000, 0.433, 0.866, 1.299","1.000000, 1.414214, 2.000000, 2.236068",1.73205080756888,"100, 100, 100, 100","F.P.",5,2,6.6,100,4,2.07277993956371,7.70241347646934,0.99958,9.1632265059855e-05,0.99976,6.92737179599909e-05,0.99974,7.21016504665515e-05,0.99732,0.000231206297492089,0.99732,0.000231206297492089,0.99732,0.000231206297492089,0,0,1,0,1,0,0,0,0,0,0.00042,9.16322650598576e-05,0.99958,9.1632265059855e-05,0.99958,9.1632265059855e-05,"F.P.
skew = 2
excess kurtosis = 6.6","n = 100"
"balanced n, unequal SD","four groups with moderate ordered effect: 0, 0.25, 0.50, 0.75 SD","moderate ordered effect: 0, 0.25, 0.50, 0.75 SD","0.000, 0.433, 0.866, 1.299","1.000000, 1.414214, 2.000000, 2.236068",1.73205080756888,"200, 200, 200, 200","normal",1,0,0,200,4,0.000655317485225254,0.813702348477014,1,0,1,0,1,0,1,0,1,0,1,0,0.07064,0.00114586203707078,0.92936,0.00114586203707078,0.92936,0.00114586203707078,0,0,0.07064,0.00114586203707078,0,0,1,0,1,0,"Normal distribution
skew = 0; excess kurtosis = 0","n = 200"
"balanced n, unequal SD","four groups with moderate ordered effect: 0, 0.25, 0.50, 0.75 SD","moderate ordered effect: 0, 0.25, 0.50, 0.75 SD","0.000, 0.433, 0.866, 1.299","1.000000, 1.414214, 2.000000, 2.236068",1.73205080756888,"200, 200, 200, 200","F.P.",2,0,6,200,4,0.00209357611388303,7.64091780813308,1,0,1,0,1,0,1,0,1,0,1,0,0,0,1,0,1,0,0,0,0,0,0,0,1,0,1,0,"F.P.
skew = 0
excess kurtosis = 6","n = 200"
"balanced n, unequal SD","four groups with moderate ordered effect: 0, 0.25, 0.50, 0.75 SD","moderate ordered effect: 0, 0.25, 0.50, 0.75 SD","0.000, 0.433, 0.866, 1.299","1.000000, 1.414214, 2.000000, 2.236068",1.73205080756888,"200, 200, 200, 200","F.P.",3,0.5,1,200,4,0.540007127663015,2.02089144847269,1,0,1,0,1,0,1,0,1,0,1,0,0,0,1,0,1,0,0,0,0,0,0,0,1,0,1,0,"F.P.
skew = 0.5
excess kurtosis = 1","n = 200"
"balanced n, unequal SD","four groups with moderate ordered effect: 0, 0.25, 0.50, 0.75 SD","moderate ordered effect: 0, 0.25, 0.50, 0.75 SD","0.000, 0.433, 0.866, 1.299","1.000000, 1.414214, 2.000000, 2.236068",1.73205080756888,"200, 200, 200, 200","F.P.",4,1,1.6,200,4,1.0844012710292,2.73901605631176,1,0,1,0,1,0,1,0,1,0,1,0,0,0,1,0,1,0,0,0,0,0,0,0,1,0,1,0,"F.P.
skew = 1
excess kurtosis = 1.6","n = 200"
"balanced n, unequal SD","four groups with moderate ordered effect: 0, 0.25, 0.50, 0.75 SD","moderate ordered effect: 0, 0.25, 0.50, 0.75 SD","0.000, 0.433, 0.866, 1.299","1.000000, 1.414214, 2.000000, 2.236068",1.73205080756888,"200, 200, 200, 200","F.P.",5,2,6.6,200,4,2.13982215243476,8.39714009418088,1,0,1,0,1,0,1,0,1,0,1,0,0,0,1,0,1,0,0,0,0,0,0,0,1,0,1,0,"F.P.
skew = 2
excess kurtosis = 6.6","n = 200"
"unbalanced n, larger n with larger SD","four groups with moderate ordered effect: 0, 0.25, 0.50, 0.75 SD","moderate ordered effect: 0, 0.25, 0.50, 0.75 SD","0.000, 0.433, 0.866, 1.299","1.000000, 1.414214, 2.000000, 2.236068",1.73205080756888,"5, 8, 12, 15","normal",1,0,0,10,4,0.00128478009447005,0.24422766185753,0.1361,0.00153347181258737,0.26406,0.00197145791940888,0.1842,0.00173361102903737,0.15172,0.00160437552711328,0.25968,0.00196084827357958,0.18946,0.00175251195944564,0.91728,0.00123188799490863,0.08272,0.00123188799490863,0.08272,0.00123188799490863,0.69792,0.00205342481527812,0.21936,0.00185062794964304,0.76738,0.00188948636195131,0.23262,0.00188948636195131,0.23262,0.00188948636195131,"Normal distribution
skew = 0; excess kurtosis = 0","n = 10"
"unbalanced n, larger n with larger SD","four groups with moderate ordered effect: 0, 0.25, 0.50, 0.75 SD","moderate ordered effect: 0, 0.25, 0.50, 0.75 SD","0.000, 0.433, 0.866, 1.299","1.000000, 1.414214, 2.000000, 2.236068",1.73205080756888,"5, 8, 12, 15","F.P.",2,0,6,10,4,-0.00270212616411297,2.51423885015637,0.16306,0.00165209828036954,0.33406,0.00210933125136855,0.19924,0.0017863002121704,0.2735,0.00199347811625811,0.32184,0.00208930138754561,0.27266,0.00199156483399361,0.46974,0.00223196923097071,0.53026,0.00223196923097071,0.53026,0.00223196923097071,0.39572,0.00218689588961157,0.07402,0.00117082056353653,0.86206,0.00154215794521832,0.13794,0.00154215794521832,0.13794,0.00154215794521832,"F.P.
skew = 0
excess kurtosis = 6","n = 10"
"unbalanced n, larger n with larger SD","four groups with moderate ordered effect: 0, 0.25, 0.50, 0.75 SD","moderate ordered effect: 0, 0.25, 0.50, 0.75 SD","0.000, 0.433, 0.866, 1.299","1.000000, 1.414214, 2.000000, 2.236068",1.73205080756888,"5, 8, 12, 15","F.P.",3,0.5,1,10,4,0.370636313337104,0.76301504357527,0.12564,0.00148225902189867,0.2755,0.00199799774774648,0.17372,0.00169435156682431,0.14798,0.00158796674776269,0.25138,0.00194004172944811,0.18122,0.00172266834649041,0.77064,0.00188018079130705,0.22936,0.00188018079130705,0.22936,0.00188018079130705,0.59626,0.00219423796521708,0.17438,0.00169688900992375,0.78932,0.00182369919449453,0.21068,0.00182369919449453,0.21068,0.00182369919449453,"F.P.
skew = 0.5
excess kurtosis = 1","n = 10"
"unbalanced n, larger n with larger SD","four groups with moderate ordered effect: 0, 0.25, 0.50, 0.75 SD","moderate ordered effect: 0, 0.25, 0.50, 0.75 SD","0.000, 0.433, 0.866, 1.299","1.000000, 1.414214, 2.000000, 2.236068",1.73205080756888,"5, 8, 12, 15","F.P.",4,1,1.6,10,4,0.763807206922854,1.00237943371198,0.1133,0.00141748446199597,0.28006,0.00200811551659759,0.17564,0.00170170849677611,0.12326,0.00147014946451033,0.22224,0.0018592976222219,0.1718,0.00168691884807776,0.55868,0.00222061548945332,0.44132,0.00222061548945332,0.44132,0.00222061548945332,0.38854,0.00217980122213013,0.17014,0.00168043078048458,0.7435,0.00195298617506628,0.2565,0.00195298617506628,0.2565,0.00195298617506628,"F.P.
skew = 1
excess kurtosis = 1.6","n = 10"
"unbalanced n, larger n with larger SD","four groups with moderate ordered effect: 0, 0.25, 0.50, 0.75 SD","moderate ordered effect: 0, 0.25, 0.50, 0.75 SD","0.000, 0.433, 0.866, 1.299","1.000000, 1.414214, 2.000000, 2.236068",1.73205080756888,"5, 8, 12, 15","F.P.",5,2,6.6,10,4,1.39325197807843,2.75460012733612,0.10534,0.00137290556412304,0.34248,0.00212220380548146,0.199,0.00178549152896338,0.15948,0.00163735231150782,0.19232,0.00176257208419968,0.18104,0.00172200184901178,0.12924,0.00150024679569729,0.87076,0.00150024679569729,0.87076,0.00150024679569729,0.06816,0.00112706889230428,0.06108,0.00107097370275838,0.70338,0.00204272648976803,0.29662,0.00204272648976803,0.29662,0.00204272648976803,"F.P.
skew = 2
excess kurtosis = 6.6","n = 10"
"unbalanced n, larger n with larger SD","four groups with moderate ordered effect: 0, 0.25, 0.50, 0.75 SD","moderate ordered effect: 0, 0.25, 0.50, 0.75 SD","0.000, 0.433, 0.866, 1.299","1.000000, 1.414214, 2.000000, 2.236068",1.73205080756888,"10, 16, 24, 30","normal",1,0,0,20,4,-0.00264668615029868,0.371858818561889,0.31434,0.00207620020421924,0.54924,0.00222519851878434,0.47206,0.00223257410358537,0.36906,0.00215803019626696,0.53946,0.00222909357542477,0.47328,0.0022328727755965,0.89112,0.00139301935090651,0.10888,0.00139301935090651,0.10888,0.00139301935090651,0.36668,0.00215511381416388,0.52444,0.00223339511237936,0.41838,0.00220607423084537,0.58162,0.00220607423084537,0.58162,0.00220607423084537,"Normal distribution
skew = 0; excess kurtosis = 0","n = 20"
"unbalanced n, larger n with larger SD","four groups with moderate ordered effect: 0, 0.25, 0.50, 0.75 SD","moderate ordered effect: 0, 0.25, 0.50, 0.75 SD","0.000, 0.433, 0.866, 1.299","1.000000, 1.414214, 2.000000, 2.236068",1.73205080756888,"10, 16, 24, 30","F.P.",2,0,6,20,4,-0.00236518425444662,3.89192296768804,0.344,0.00212444816364156,0.61042,0.00218085957182025,0.4427,0.00222133612945002,0.62112,0.00216946973060239,0.63602,0.00215173678501809,0.61908,0.00217172720938888,0.16898,0.0016758625218078,0.83102,0.0016758625218078,0.83102,0.0016758625218078,0.11342,0.00141813894664804,0.05556,0.00102443239308409,0.70486,0.00203976655723149,0.29514,0.00203976655723149,0.29514,0.00203976655723149,"F.P.
skew = 0
excess kurtosis = 6","n = 20"
"unbalanced n, larger n with larger SD","four groups with moderate ordered effect: 0, 0.25, 0.50, 0.75 SD","moderate ordered effect: 0, 0.25, 0.50, 0.75 SD","0.000, 0.433, 0.866, 1.299","1.000000, 1.414214, 2.000000, 2.236068",1.73205080756888,"10, 16, 24, 30","F.P.",3,0.5,1,20,4,0.442111626279101,1.12380880983575,0.3091,0.00206667457525369,0.55814,0.00222089954928178,0.45912,0.00222858172656961,0.35156,0.00213525439421161,0.4749,0.00223324870983955,0.426,0.00221144296783797,0.59004,0.002199512666024,0.40996,0.002199512666024,0.40996,0.002199512666024,0.27098,0.00198771144585928,0.31906,0.00208451776869376,0.48334,0.0022348263664097,0.51666,0.0022348263664097,0.51666,0.0022348263664097,"F.P.
skew = 0.5
excess kurtosis = 1","n = 20"
"unbalanced n, larger n with larger SD","four groups with moderate ordered effect: 0, 0.25, 0.50, 0.75 SD","moderate ordered effect: 0, 0.25, 0.50, 0.75 SD","0.000, 0.433, 0.866, 1.299","1.000000, 1.414214, 2.000000, 2.236068",1.73205080756888,"10, 16, 24, 30","F.P.",4,1,1.6,20,4,0.899871016013736,1.5185495288447,0.29776,0.00204498891146138,0.56084,0.00221945260999193,0.46746,0.00223132762453209,0.28358,0.00201574990313779,0.34484,0.00212567812426999,0.3318,0.00210574813308715,0.21914,0.00184996032606108,0.78086,0.00184996032606108,0.78086,0.00184996032606108,0.08128,0.00122207660643677,0.13786,0.00154178221808399,0.44734,0.00222363182384135,0.55266,0.00222363182384135,0.55266,0.00222363182384135,"F.P.
skew = 1
excess kurtosis = 1.6","n = 20"
"unbalanced n, larger n with larger SD","four groups with moderate ordered effect: 0, 0.25, 0.50, 0.75 SD","moderate ordered effect: 0, 0.25, 0.50, 0.75 SD","0.000, 0.433, 0.866, 1.299","1.000000, 1.414214, 2.000000, 2.236068",1.73205080756888,"10, 16, 24, 30","F.P.",5,2,6.6,20,4,1.68418356621433,4.35552465837862,0.30038,0.0020501309987413,0.6033,0.00218782590715075,0.45986,0.00222885073703916,0.3616,0.00214869932750024,0.3621,0.00214934217843507,0.36208,0.00214931651275469,0.00294,0.000242130394622402,0.99706,0.000242130394622404,0.99706,0.000242130394622404,0.00048,9.79560717873068e-05,0.00246,0.000221537734934706,0.501,0.00223606350535936,0.499,0.00223606350535936,0.499,0.00223606350535936,"F.P.
skew = 2
excess kurtosis = 6.6","n = 20"
"unbalanced n, larger n with larger SD","four groups with moderate ordered effect: 0, 0.25, 0.50, 0.75 SD","moderate ordered effect: 0, 0.25, 0.50, 0.75 SD","0.000, 0.433, 0.866, 1.299","1.000000, 1.414214, 2.000000, 2.236068",1.73205080756888,"15, 24, 36, 45","normal",1,0,0,30,4,-0.000783161940526707,0.404866455009716,0.51208,0.0022354152795398,0.759,0.00191268920632705,0.72984,0.00198581758678888,0.58184,0.00220591121489511,0.74346,0.00195308590901681,0.71934,0.00200942760207976,0.86584,0.00152421189078159,0.13416,0.00152421189078159,0.13416,0.00152421189078159,0.13796,0.00154225184973142,0.72788,0.00199033015150753,0.16282,0.00165111869712628,0.83718,0.00165111869712628,0.83718,0.00165111869712628,"Normal distribution
skew = 0; excess kurtosis = 0","n = 30"
"unbalanced n, larger n with larger SD","four groups with moderate ordered effect: 0, 0.25, 0.50, 0.75 SD","moderate ordered effect: 0, 0.25, 0.50, 0.75 SD","0.000, 0.433, 0.866, 1.299","1.000000, 1.414214, 2.000000, 2.236068",1.73205080756888,"15, 24, 36, 45","F.P.",2,0,6,30,4,0.00494454640604982,4.64074248582461,0.5296,0.00223214623176888,0.78766,0.00182894354423531,0.6744,0.0020956366097203,0.83976,0.00164050688751983,0.84202,0.00163108748753707,0.83972,0.00164067255477746,0.05368,0.00100795295128295,0.94632,0.00100795295128295,0.94632,0.00100795295128295,0.0254,0.000703631153375119,0.02828,0.000741353378625875,0.5126,0.00223535786844076,0.4874,0.00223535786844076,0.4874,0.00223535786844076,"F.P.
skew = 0
excess kurtosis = 6","n = 30"
"unbalanced n, larger n with larger SD","four groups with moderate ordered effect: 0, 0.25, 0.50, 0.75 SD","moderate ordered effect: 0, 0.25, 0.50, 0.75 SD","0.000, 0.433, 0.866, 1.299","1.000000, 1.414214, 2.000000, 2.236068",1.73205080756888,"15, 24, 36, 45","F.P.",3,0.5,1,30,4,0.469609930627423,1.27782570095444,0.5115,0.00223547645928111,0.76314,0.00190135394074854,0.71294,0.00202314881508998,0.55224,0.00222382995033343,0.64248,0.00214335927739612,0.62448,0.00216566262192429,0.43958,0.002219682065522,0.56042,0.002219682065522,0.56042,0.002219682065522,0.09584,0.00131647023817479,0.34374,0.0021240659707269,0.23224,0.00188840981992787,0.76776,0.00188840981992787,0.76776,0.00188840981992787,"F.P.
skew = 0.5
excess kurtosis = 1","n = 30"
"unbalanced n, larger n with larger SD","four groups with moderate ordered effect: 0, 0.25, 0.50, 0.75 SD","moderate ordered effect: 0, 0.25, 0.50, 0.75 SD","0.000, 0.433, 0.866, 1.299","1.000000, 1.414214, 2.000000, 2.236068",1.73205080756888,"15, 24, 36, 45","F.P.",4,1,1.6,30,4,0.952025574145728,1.75717822977696,0.5094,0.00223567278464448,0.76436,0.00189796622941505,0.71222,0.00202466131291137,0.45302,0.00222617555282597,0.47072,0.00223223064041331,0.4686,0.00223165427429967,0.07334,0.00116585800507609,0.92666,0.00116585800507609,0.92666,0.00116585800507609,0.0118,0.000482923596441507,0.06154,0.00107473558050341,0.21788,0.00184612191146739,0.78212,0.00184612191146739,0.78212,0.00184612191146739,"F.P.
skew = 1
excess kurtosis = 1.6","n = 30"
"unbalanced n, larger n with larger SD","four groups with moderate ordered effect: 0, 0.25, 0.50, 0.75 SD","moderate ordered effect: 0, 0.25, 0.50, 0.75 SD","0.000, 0.433, 0.866, 1.299","1.000000, 1.414214, 2.000000, 2.236068",1.73205080756888,"15, 24, 36, 45","F.P.",5,2,6.6,30,4,1.80780907530465,5.2108841243451,0.52616,0.00223300539363433,0.77834,0.00185756208186967,0.68032,0.00208559199077864,0.5555,0.00222224998593768,0.5555,0.00222224998593768,0.5555,0.00222224998593768,4e-05,2.828370555638e-05,0.99996,2.82837055563941e-05,0.99996,2.82837055563941e-05,0,0,4e-05,2.828370555638e-05,0.32496,0.00209456916047191,0.67504,0.00209456916047191,0.67504,0.00209456916047191,"F.P.
skew = 2
excess kurtosis = 6.6","n = 30"
"unbalanced n, larger n with larger SD","four groups with moderate ordered effect: 0, 0.25, 0.50, 0.75 SD","moderate ordered effect: 0, 0.25, 0.50, 0.75 SD","0.000, 0.433, 0.866, 1.299","1.000000, 1.414214, 2.000000, 2.236068",1.73205080756888,"25, 40, 60, 75","normal",1,0,0,50,4,0.000262998095024187,0.444816072240032,0.8047,0.00177289542838826,0.94808,0.000992212815881754,0.9469,0.00100279998005584,0.8547,0.00157599435278176,0.93568,0.0010971138281874,0.9348,0.0011040739105694,0.81236,0.0017460311016703,0.18764,0.0017460311016703,0.18764,0.0017460311016703,0.01038,0.00045326053435083,0.80198,0.00178217888888854,0.01304,0.000507345215804781,0.98696,0.000507345215804782,0.98696,0.000507345215804782,"Normal distribution
skew = 0; excess kurtosis = 0","n = 50"
"unbalanced n, larger n with larger SD","four groups with moderate ordered effect: 0, 0.25, 0.50, 0.75 SD","moderate ordered effect: 0, 0.25, 0.50, 0.75 SD","0.000, 0.433, 0.866, 1.299","1.000000, 1.414214, 2.000000, 2.236068",1.73205080756888,"25, 40, 60, 75","F.P.",2,0,6,50,4,0.00588661831345388,5.4212448794791,0.8078,0.00176215300130267,0.94918,0.00098221512511262,0.9256,0.00117358118594327,0.98256,0.000585420300297146,0.98254,0.000585749919334182,0.98254,0.000585749919334182,0.00396,0.000280867171452984,0.99604,0.000280867171452983,0.99604,0.000280867171452983,0.00106,0.00014552500816011,0.0029,0.000240482431790765,0.20426,0.00180298559284316,0.79574,0.00180298559284316,0.79574,0.00180298559284316,"F.P.
skew = 0
excess kurtosis = 6","n = 50"
"unbalanced n, larger n with larger SD","four groups with moderate ordered effect: 0, 0.25, 0.50, 0.75 SD","moderate ordered effect: 0, 0.25, 0.50, 0.75 SD","0.000, 0.433, 0.866, 1.299","1.000000, 1.414214, 2.000000, 2.236068",1.73205080756888,"25, 40, 60, 75","F.P.",3,0.5,1,50,4,0.49349720953486,1.41727597981959,0.81636,0.0017315677890282,0.94754,0.000997075206792346,0.94316,0.00103546332045128,0.83118,0.00167523017881126,0.85502,0.0015745526323372,0.85442,0.00157725371199436,0.23178,0.00188710376821202,0.76822,0.00188710376821202,0.76822,0.00188710376821202,0.00742,0.000383795351717553,0.22436,0.00186559690394254,0.03182,0.000784952069874333,0.96818,0.000784952069874333,0.96818,0.000784952069874333,"F.P.
skew = 0.5
excess kurtosis = 1","n = 50"
"unbalanced n, larger n with larger SD","four groups with moderate ordered effect: 0, 0.25, 0.50, 0.75 SD","moderate ordered effect: 0, 0.25, 0.50, 0.75 SD","0.000, 0.433, 0.866, 1.299","1.000000, 1.414214, 2.000000, 2.236068",1.73205080756888,"25, 40, 60, 75","F.P.",4,1,1.6,50,4,0.994723386345621,1.96864498010381,0.825,0.00169926454679664,0.94574,0.00101307307140206,0.93832,0.0010758771082238,0.73372,0.00197673954581781,0.73404,0.00197598217805728,0.73404,0.00197598217805728,0.00536,0.000326535462086433,0.99464,0.000326535462086433,0.99464,0.000326535462086433,1e-04,4.47191234261138e-05,0.00526,0.000323491341460633,0.0364,0.000837556445859024,0.9636,0.000837556445859024,0.9636,0.000837556445859024,"F.P.
skew = 1
excess kurtosis = 1.6","n = 50"
"unbalanced n, larger n with larger SD","four groups with moderate ordered effect: 0, 0.25, 0.50, 0.75 SD","moderate ordered effect: 0, 0.25, 0.50, 0.75 SD","0.000, 0.433, 0.866, 1.299","1.000000, 1.414214, 2.000000, 2.236068",1.73205080756888,"25, 40, 60, 75","F.P.",5,2,6.6,50,4,1.91605926505409,6.05314882770298,0.84248,0.00162915591396281,0.9453,0.00101693569118209,0.9129,0.00126105979239686,0.82334,0.00170558637658724,0.82334,0.00170558637658724,0.82334,0.00170558637658724,0,0,1,0,1,0,0,0,0,0,0.11614,0.00143283984031712,0.88386,0.00143283984031712,0.88386,0.00143283984031712,"F.P.
skew = 2
excess kurtosis = 6.6","n = 50"
"unbalanced n, larger n with larger SD","four groups with moderate ordered effect: 0, 0.25, 0.50, 0.75 SD","moderate ordered effect: 0, 0.25, 0.50, 0.75 SD","0.000, 0.433, 0.866, 1.299","1.000000, 1.414214, 2.000000, 2.236068",1.73205080756888,"50, 80, 120, 150","normal",1,0,0,100,4,-9.86123051978707e-05,0.466660234270881,0.9928,0.000378104747391513,0.99948,0.000101953871922548,0.99948,0.000101953871922548,0.9956,0.000295994594545237,0.99836,0.000180959133508092,0.99836,0.000180959133508092,0.66842,0.00210539641682986,0.33158,0.00210539641682986,0.33158,0.00210539641682986,0,0,0.66842,0.00210539641682986,0,0,1,0,1,0,"Normal distribution
skew = 0; excess kurtosis = 0","n = 100"
"unbalanced n, larger n with larger SD","four groups with moderate ordered effect: 0, 0.25, 0.50, 0.75 SD","moderate ordered effect: 0, 0.25, 0.50, 0.75 SD","0.000, 0.433, 0.866, 1.299","1.000000, 1.414214, 2.000000, 2.236068",1.73205080756888,"50, 80, 120, 150","F.P.",2,0,6,100,4,0.00504076727833416,6.24251743237522,0.99188,0.000401349364020924,0.99918,0.000128009968361846,0.9991,0.000134103691224367,1,0,1,0,1,0,0,0,1,0,1,0,0,0,0,0,0.00702,0.000373382367018048,0.99298,0.000373382367018048,0.99298,0.000373382367018048,"F.P.
skew = 0
excess kurtosis = 6","n = 100"
"unbalanced n, larger n with larger SD","four groups with moderate ordered effect: 0, 0.25, 0.50, 0.75 SD","moderate ordered effect: 0, 0.25, 0.50, 0.75 SD","0.000, 0.433, 0.866, 1.299","1.000000, 1.414214, 2.000000, 2.236068",1.73205080756888,"50, 80, 120, 150","F.P.",3,0.5,1,100,4,0.513458932354731,1.53362820297796,0.9942,0.000339598586569498,0.99952,9.79560717873105e-05,0.99952,9.79560717873105e-05,0.99346,0.000360478248997079,0.99358,0.000357177367704058,0.99358,0.000357177367704058,0.03422,0.000813006661719324,0.96578,0.000813006661719325,0.96578,0.000813006661719325,0,0,0.03422,0.000813006661719324,8e-05,3.99983999679987e-05,0.99992,3.9998399967991e-05,0.99992,3.9998399967991e-05,"F.P.
skew = 0.5
excess kurtosis = 1","n = 100"
"unbalanced n, larger n with larger SD","four groups with moderate ordered effect: 0, 0.25, 0.50, 0.75 SD","moderate ordered effect: 0, 0.25, 0.50, 0.75 SD","0.000, 0.433, 0.866, 1.299","1.000000, 1.414214, 2.000000, 2.236068",1.73205080756888,"50, 80, 120, 150","F.P.",4,1,1.6,100,4,1.02885090240539,2.15023444500257,0.99586,0.000287153631354369,0.99946,0.00010389498544203,0.99942,0.000107672057656574,0.97662,0.000675771789881761,0.97662,0.000675771789881761,0.97662,0.000675771789881761,0,0,1,0,1,0,0,0,0,0,1e-04,4.47191234261138e-05,0.9999,4.47191234261113e-05,0.9999,4.47191234261113e-05,"F.P.
skew = 1
excess kurtosis = 1.6","n = 100"
"unbalanced n, larger n with larger SD","four groups with moderate ordered effect: 0, 0.25, 0.50, 0.75 SD","moderate ordered effect: 0, 0.25, 0.50, 0.75 SD","0.000, 0.433, 0.866, 1.299","1.000000, 1.414214, 2.000000, 2.236068",1.73205080756888,"50, 80, 120, 150","F.P.",5,2,6.6,100,4,2.01433999538672,6.93486732505152,0.99654,0.000262603442475533,0.99922,0.000124851239481232,0.99856,0.000169583395413584,0.99138,0.000413417358126143,0.99138,0.000413417358126143,0.99138,0.000413417358126143,0,0,1,0,1,0,0,0,0,0,0.00532,0.0003253213057886,0.99468,0.0003253213057886,0.99468,0.0003253213057886,"F.P.
skew = 2
excess kurtosis = 6.6","n = 100"
"unbalanced n, larger n with larger SD","four groups with moderate ordered effect: 0, 0.25, 0.50, 0.75 SD","moderate ordered effect: 0, 0.25, 0.50, 0.75 SD","0.000, 0.433, 0.866, 1.299","1.000000, 1.414214, 2.000000, 2.236068",1.73205080756888,"100, 160, 240, 300","normal",1,0,0,200,4,0.000416810924348798,0.481613244275053,1,0,1,0,1,0,1,0,1,0,1,0,0.40174,0.00219246424098547,0.59826,0.00219246424098547,0.59826,0.00219246424098547,0,0,0.40174,0.00219246424098547,0,0,1,0,1,0,"Normal distribution
skew = 0; excess kurtosis = 0","n = 200"
"unbalanced n, larger n with larger SD","four groups with moderate ordered effect: 0, 0.25, 0.50, 0.75 SD","moderate ordered effect: 0, 0.25, 0.50, 0.75 SD","0.000, 0.433, 0.866, 1.299","1.000000, 1.414214, 2.000000, 2.236068",1.73205080756888,"100, 160, 240, 300","F.P.",2,0,6,200,4,0.00146136421733467,6.82844312523954,1,0,1,0,1,0,1,0,1,0,1,0,0,0,1,0,1,0,0,0,0,0,0,0,1,0,1,0,"F.P.
skew = 0
excess kurtosis = 6","n = 200"
"unbalanced n, larger n with larger SD","four groups with moderate ordered effect: 0, 0.25, 0.50, 0.75 SD","moderate ordered effect: 0, 0.25, 0.50, 0.75 SD","0.000, 0.433, 0.866, 1.299","1.000000, 1.414214, 2.000000, 2.236068",1.73205080756888,"100, 160, 240, 300","F.P.",3,0.5,1,200,4,0.523094840902701,1.59279267508105,1,0,1,0,1,0,1,0,1,0,1,0,2e-04,6.32392283317879e-05,0.9998,6.32392283317844e-05,0.9998,6.32392283317844e-05,0,0,2e-04,6.32392283317879e-05,0,0,1,0,1,0,"F.P.
skew = 0.5
excess kurtosis = 1","n = 200"
"unbalanced n, larger n with larger SD","four groups with moderate ordered effect: 0, 0.25, 0.50, 0.75 SD","moderate ordered effect: 0, 0.25, 0.50, 0.75 SD","0.000, 0.433, 0.866, 1.299","1.000000, 1.414214, 2.000000, 2.236068",1.73205080756888,"100, 160, 240, 300","F.P.",4,1,1.6,200,4,1.04733386498754,2.24893735471309,1,0,1,0,1,0,0.99996,2.82837055563941e-05,0.99996,2.82837055563941e-05,0.99996,2.82837055563941e-05,0,0,1,0,1,0,0,0,0,0,0,0,1,0,1,0,"F.P.
skew = 1
excess kurtosis = 1.6","n = 200"
"unbalanced n, larger n with larger SD","four groups with moderate ordered effect: 0, 0.25, 0.50, 0.75 SD","moderate ordered effect: 0, 0.25, 0.50, 0.75 SD","0.000, 0.433, 0.866, 1.299","1.000000, 1.414214, 2.000000, 2.236068",1.73205080756888,"100, 160, 240, 300","F.P.",5,2,6.6,200,4,2.07201140347312,7.51644962881851,1,0,1,0,1,0,1,0,1,0,1,0,0,0,1,0,1,0,0,0,0,0,0,0,1,0,1,0,"F.P.
skew = 2
excess kurtosis = 6.6","n = 200"
"unbalanced n, larger n with smaller SD","four groups with moderate ordered effect: 0, 0.25, 0.50, 0.75 SD","moderate ordered effect: 0, 0.25, 0.50, 0.75 SD","0.000, 0.433, 0.866, 1.299","2.236068, 2.000000, 1.414214, 1.000000",1.73205080756888,"5, 8, 12, 15","normal",1,0,0,10,4,-0.00361319384775207,0.619061655342339,0.35708,0.00214277331325551,0.2182,0.00184709913107012,0.28208,0.0020125152103773,0.27064,0.00198692722765581,0.23292,0.00189033475130729,0.2912,0.00203176061582067,0.8567,0.00156694039452686,0.1433,0.00156694039452686,0.1433,0.00156694039452686,0.3931,0.00218436439267811,0.4636,0.00223013470445173,0.4394,0.00221958392497333,0.5606,0.00221958392497333,0.5606,0.00221958392497333,"Normal distribution
skew = 0; excess kurtosis = 0","n = 10"
"unbalanced n, larger n with smaller SD","four groups with moderate ordered effect: 0, 0.25, 0.50, 0.75 SD","moderate ordered effect: 0, 0.25, 0.50, 0.75 SD","0.000, 0.433, 0.866, 1.299","2.236068, 2.000000, 1.414214, 1.000000",1.73205080756888,"5, 8, 12, 15","F.P.",2,0,6,10,4,0.0016412183117723,2.53229604590124,0.3854,0.00217654239563579,0.28272,0.00201389871443427,0.3268,0.00209762608679431,0.40296,0.00219355072154714,0.36802,0.00215676275746778,0.40044,0.00219129097291984,0.4483,0.0022240823276129,0.5517,0.0022240823276129,0.5517,0.0022240823276129,0.27362,0.00199375071460802,0.17468,0.0016980394435937,0.53464,0.00223069527457248,0.46536,0.00223069527457248,0.46536,0.00223069527457248,"F.P.
skew = 0
excess kurtosis = 6","n = 10"
"unbalanced n, larger n with smaller SD","four groups with moderate ordered effect: 0, 0.25, 0.50, 0.75 SD","moderate ordered effect: 0, 0.25, 0.50, 0.75 SD","0.000, 0.433, 0.866, 1.299","2.236068, 2.000000, 1.414214, 1.000000",1.73205080756888,"5, 8, 12, 15","F.P.",3,0.5,1,10,4,0.336615258849784,1.05496263088532,0.37668,0.00216698951358792,0.27212,0.00199033015150753,0.32858,0.00210054842172229,0.3388,0.00211666983726797,0.30324,0.00205565319254003,0.3517,0.00213544894577229,0.72522,0.00199637647551758,0.27478,0.00199637647551758,0.27478,0.00199637647551758,0.35424,0.00213894376924687,0.37098,0.00216034182295303,0.46004,0.00222891542414691,0.53996,0.00222891542414691,0.53996,0.00222891542414691,"F.P.
skew = 0.5
excess kurtosis = 1","n = 10"
"unbalanced n, larger n with smaller SD","four groups with moderate ordered effect: 0, 0.25, 0.50, 0.75 SD","moderate ordered effect: 0, 0.25, 0.50, 0.75 SD","0.000, 0.433, 0.866, 1.299","2.236068, 2.000000, 1.414214, 1.000000",1.73205080756888,"5, 8, 12, 15","F.P.",4,1,1.6,10,4,0.700249685518426,1.25704754874242,0.39828,0.00218930601606993,0.33074,0.00210404872757263,0.37782,0.00216828064419715,0.4085,0.00219830730335865,0.38832,0.00217957600280422,0.42096,0.00220795234731187,0.56508,0.00221704575324913,0.43492,0.00221704575324913,0.43492,0.00221704575324913,0.24712,0.00192899821461815,0.31796,0.00208260144242723,0.44104,0.00222046715084912,0.55896,0.00222046715084912,0.55896,0.00222046715084912,"F.P.
skew = 1
excess kurtosis = 1.6","n = 10"
"unbalanced n, larger n with smaller SD","four groups with moderate ordered effect: 0, 0.25, 0.50, 0.75 SD","moderate ordered effect: 0, 0.25, 0.50, 0.75 SD","0.000, 0.433, 0.866, 1.299","2.236068, 2.000000, 1.414214, 1.000000",1.73205080756888,"5, 8, 12, 15","F.P.",5,2,6.6,10,4,1.27925785049866,2.76690651587617,0.44388,0.00222193854820515,0.45668,0.00222765965802678,0.47426,0.00223310300881979,0.5951,0.0021952493708005,0.59046,0.00219916797175659,0.59678,0.00219378044297965,0.16596,0.00166383459754869,0.83404,0.00166383459754869,0.83404,0.00166383459754869,0.05746,0.00104075307734352,0.1085,0.00139088281318018,0.43478,0.00221696347105675,0.56522,0.00221696347105675,0.56522,0.00221696347105675,"F.P.
skew = 2
excess kurtosis = 6.6","n = 10"
"unbalanced n, larger n with smaller SD","four groups with moderate ordered effect: 0, 0.25, 0.50, 0.75 SD","moderate ordered effect: 0, 0.25, 0.50, 0.75 SD","0.000, 0.433, 0.866, 1.299","2.236068, 2.000000, 1.414214, 1.000000",1.73205080756888,"10, 16, 24, 30","normal",1,0,0,20,4,-0.00182667142261927,0.856948741168291,0.58056,0.0022068533544393,0.45726,0.00222788371509825,0.47284,0.0022327665995352,0.50076,0.00223606539439257,0.48612,0.00223520623478014,0.49818,0.00223605316394758,0.75828,0.00191463543057157,0.24172,0.00191463543057157,0.24172,0.00191463543057157,0.12448,0.00147637887820166,0.6338,0.00215451878617941,0.15032,0.00159827342842206,0.84968,0.00159827342842206,0.84968,0.00159827342842206,"Normal distribution
skew = 0; excess kurtosis = 0","n = 20"
"unbalanced n, larger n with smaller SD","four groups with moderate ordered effect: 0, 0.25, 0.50, 0.75 SD","moderate ordered effect: 0, 0.25, 0.50, 0.75 SD","0.000, 0.433, 0.866, 1.299","2.236068, 2.000000, 1.414214, 1.000000",1.73205080756888,"10, 16, 24, 30","F.P.",2,0,6,20,4,-0.000490996043778301,4.26393367225193,0.61162,0.00217963747260869,0.54628,0.00222646878082761,0.56402,0.00221766291216677,0.72296,0.00200144367095354,0.7164,0.00201579284649986,0.72038,0.00200715049560316,0.1412,0.00155732180361029,0.8588,0.00155732180361029,0.8588,0.00155732180361029,0.06128,0.00107261140773348,0.07992,0.00121270601218927,0.34,0.00211849002829846,0.66,0.00211849002829846,0.66,0.00211849002829846,"F.P.
skew = 0
excess kurtosis = 6","n = 20"
"unbalanced n, larger n with smaller SD","four groups with moderate ordered effect: 0, 0.25, 0.50, 0.75 SD","moderate ordered effect: 0, 0.25, 0.50, 0.75 SD","0.000, 0.433, 0.866, 1.299","2.236068, 2.000000, 1.414214, 1.000000",1.73205080756888,"10, 16, 24, 30","F.P.",3,0.5,1,20,4,0.437873756363943,1.61446619668792,0.59096,0.00219875545889032,0.5079,0.00223578885407366,0.52272,0.00223375827519452,0.61628,0.00217475958027548,0.60218,0.00218887755527805,0.61034,0.00218094055123013,0.49314,0.00223585751066565,0.50686,0.00223585751066565,0.50686,0.00223585751066565,0.10666,0.00138046111426581,0.38648,0.00217767403254022,0.19182,0.00176082416839388,0.80818,0.00176082416839388,0.80818,0.00176082416839388,"F.P.
skew = 0.5
excess kurtosis = 1","n = 20"
"unbalanced n, larger n with smaller SD","four groups with moderate ordered effect: 0, 0.25, 0.50, 0.75 SD","moderate ordered effect: 0, 0.25, 0.50, 0.75 SD","0.000, 0.433, 0.866, 1.299","2.236068, 2.000000, 1.414214, 1.000000",1.73205080756888,"10, 16, 24, 30","F.P.",4,1,1.6,20,4,0.888987753420396,1.98045736925798,0.59988,0.00219099970607027,0.54654,0.00222636038592138,0.55684,0.00222157248092427,0.70586,0.00203775199864949,0.69972,0.0020499362019341,0.70152,0.00204640997651986,0.2373,0.00190257041919609,0.7627,0.00190257041919609,0.7627,0.00190257041919609,0.04174,0.000894402285328028,0.19556,0.00177378852403549,0.18582,0.00173948801433065,0.81418,0.00173948801433065,0.81418,0.00173948801433065,"F.P.
skew = 1
excess kurtosis = 1.6","n = 20"
"unbalanced n, larger n with smaller SD","four groups with moderate ordered effect: 0, 0.25, 0.50, 0.75 SD","moderate ordered effect: 0, 0.25, 0.50, 0.75 SD","0.000, 0.433, 0.866, 1.299","2.236068, 2.000000, 1.414214, 1.000000",1.73205080756888,"10, 16, 24, 30","F.P.",5,2,6.6,20,4,1.65832710197045,4.71178483928745,0.61834,0.00217253604987351,0.6294,0.0021598872192779,0.63528,0.00215266960586152,0.89172,0.00138964341901079,0.89168,0.00138986889741443,0.89168,0.00138986889741443,0.00682,0.000368062157794033,0.99318,0.000368062157794035,0.99318,0.000368062157794035,0.00072,0.000119956792221199,0.0061,0.000348218035144649,0.25558,0.00195068635920796,0.74442,0.00195068635920796,0.74442,0.00195068635920796,"F.P.
skew = 2
excess kurtosis = 6.6","n = 20"
"unbalanced n, larger n with smaller SD","four groups with moderate ordered effect: 0, 0.25, 0.50, 0.75 SD","moderate ordered effect: 0, 0.25, 0.50, 0.75 SD","0.000, 0.433, 0.866, 1.299","2.236068, 2.000000, 1.414214, 1.000000",1.73205080756888,"15, 24, 36, 45","normal",1,0,0,30,4,-0.00131319163299118,0.951723840497918,0.75564,0.00192170856479332,0.66938,0.0021038555824961,0.67128,0.00210077681632295,0.68832,0.00207140328087024,0.69316,0.00206247043324262,0.69462,0.00205972355232444,0.65936,0.00211945460154258,0.34064,0.00211945460154258,0.34064,0.00211945460154258,0.02822,0.000740589381506378,0.63114,0.00215778729442918,0.03586,0.000831553490762921,0.96414,0.000831553490762921,0.96414,0.000831553490762921,"Normal distribution
skew = 0; excess kurtosis = 0","n = 30"
"unbalanced n, larger n with smaller SD","four groups with moderate ordered effect: 0, 0.25, 0.50, 0.75 SD","moderate ordered effect: 0, 0.25, 0.50, 0.75 SD","0.000, 0.433, 0.866, 1.299","2.236068, 2.000000, 1.414214, 1.000000",1.73205080756888,"15, 24, 36, 45","F.P.",2,0,6,30,4,0.00336223855172413,5.20239372928985,0.76402,0.00189891252879115,0.72466,0.00199763802727121,0.7299,0.00198567867491193,0.88994,0.0013996199226933,0.88912,0.00140417680937979,0.88946,0.0014022903294254,0.03776,0.000852457417118298,0.96224,0.000852457417118298,0.96224,0.000852457417118298,0.01038,0.00045326053435083,0.02738,0.000729799090161121,0.18806,0.00174753218225016,0.81194,0.00174753218225016,0.81194,0.00174753218225016,"F.P.
skew = 0
excess kurtosis = 6","n = 30"
"unbalanced n, larger n with smaller SD","four groups with moderate ordered effect: 0, 0.25, 0.50, 0.75 SD","moderate ordered effect: 0, 0.25, 0.50, 0.75 SD","0.000, 0.433, 0.866, 1.299","2.236068, 2.000000, 1.414214, 1.000000",1.73205080756888,"15, 24, 36, 45","F.P.",3,0.5,1,30,4,0.474421721335083,1.84634231713637,0.74788,0.00194193463123762,0.69394,0.00206100595050087,0.6957,0.00205767592200521,0.80104,0.00178535665008423,0.797,0.00179883851415295,0.79752,0.00179711908119635,0.32294,0.00209117075534257,0.67706,0.00209117075534257,0.67706,0.00209117075534257,0.0253,0.000702280713105522,0.29764,0.00204475147829755,0.06108,0.00107097370275838,0.93892,0.00107097370275838,0.93892,0.00107097370275838,"F.P.
skew = 0.5
excess kurtosis = 1","n = 30"
"unbalanced n, larger n with smaller SD","four groups with moderate ordered effect: 0, 0.25, 0.50, 0.75 SD","moderate ordered effect: 0, 0.25, 0.50, 0.75 SD","0.000, 0.433, 0.866, 1.299","2.236068, 2.000000, 1.414214, 1.000000",1.73205080756888,"15, 24, 36, 45","F.P.",4,1,1.6,30,4,0.963869023426844,2.31993164233055,0.7489,0.0019393235418568,0.71278,0.00202348546621912,0.71352,0.00202192586214233,0.87558,0.00147607359979101,0.87534,0.00147729404249797,0.87536,0.00147719240723746,0.08448,0.00124372930816959,0.91552,0.00124372930816959,0.91552,0.00124372930816959,0.0047,0.000305872849399877,0.07978,0.00121173554540584,0.0626,0.00108333965126363,0.9374,0.00108333965126363,0.9374,0.00108333965126363,"F.P.
skew = 1
excess kurtosis = 1.6","n = 30"
"unbalanced n, larger n with smaller SD","four groups with moderate ordered effect: 0, 0.25, 0.50, 0.75 SD","moderate ordered effect: 0, 0.25, 0.50, 0.75 SD","0.000, 0.433, 0.866, 1.299","2.236068, 2.000000, 1.414214, 1.000000",1.73205080756888,"15, 24, 36, 45","F.P.",5,2,6.6,30,4,1.81784726930048,5.77660242014201,0.75376,0.00192668556023031,0.76378,0.00189957948820259,0.76482,0.00189668325030828,0.9784,0.000650129833187187,0.97838,0.000650424101644457,0.97838,0.000650424101644457,0.00024,6.92737179599883e-05,0.99976,6.92737179599909e-05,0.99976,6.92737179599909e-05,0,0,0.00024,6.92737179599883e-05,0.13734,0.00153933572946255,0.86266,0.00153933572946255,0.86266,0.00153933572946255,"F.P.
skew = 2
excess kurtosis = 6.6","n = 30"
"unbalanced n, larger n with smaller SD","four groups with moderate ordered effect: 0, 0.25, 0.50, 0.75 SD","moderate ordered effect: 0, 0.25, 0.50, 0.75 SD","0.000, 0.433, 0.866, 1.299","2.236068, 2.000000, 1.414214, 1.000000",1.73205080756888,"25, 40, 60, 75","normal",1,0,0,50,4,-0.000342926064237865,1.01951052477984,0.9295,0.00114481221167491,0.90184,0.00133059846986234,0.90184,0.00133059846986234,0.89586,0.00136597848006475,0.90494,0.00131166761338382,0.90494,0.00131166761338382,0.48838,0.00223546404846958,0.51162,0.00223546404846958,0.51162,0.00223546404846958,0.00072,0.000119956792221199,0.48766,0.00223538687658311,0.00114,0.000150910596049449,0.99886,0.000150910596049451,0.99886,0.000150910596049451,"Normal distribution
skew = 0; excess kurtosis = 0","n = 50"
"unbalanced n, larger n with smaller SD","four groups with moderate ordered effect: 0, 0.25, 0.50, 0.75 SD","moderate ordered effect: 0, 0.25, 0.50, 0.75 SD","0.000, 0.433, 0.866, 1.299","2.236068, 2.000000, 1.414214, 1.000000",1.73205080756888,"25, 40, 60, 75","F.P.",2,0,6,50,4,-0.00428359549968359,6.31514616201514,0.92396,0.00118539376073944,0.91454,0.00125025268166079,0.91474,0.00124892539729161,0.98766,0.000493714986606646,0.98766,0.000493714986606646,0.98766,0.000493714986606646,0.00188,0.000193724835785193,0.99812,0.000193724835785193,0.99812,0.000193724835785193,1e-04,4.47191234261138e-05,0.00178,0.000188511622983836,0.04534,0.000930422317015236,0.95466,0.000930422317015236,0.95466,0.000930422317015236,"F.P.
skew = 0
excess kurtosis = 6","n = 50"
"unbalanced n, larger n with smaller SD","four groups with moderate ordered effect: 0, 0.25, 0.50, 0.75 SD","moderate ordered effect: 0, 0.25, 0.50, 0.75 SD","0.000, 0.433, 0.866, 1.299","2.236068, 2.000000, 1.414214, 1.000000",1.73205080756888,"25, 40, 60, 75","F.P.",3,0.5,1,50,4,0.509054202403595,2.06603847737663,0.92256,0.00119534970949927,0.9032,0.00132234458444083,0.90318,0.00132246654097561,0.95898,0.000886987706791926,0.95936,0.000883044624013985,0.95936,0.000883044624013985,0.12282,0.00146789132840275,0.87718,0.00146789132840275,0.87718,0.00146789132840275,0.00068,0.000116579380681148,0.12214,0.00146438943181109,0.00356,0.000266357894570444,0.99644,0.000266357894570445,0.99644,0.000266357894570445,"F.P.
skew = 0.5
excess kurtosis = 1","n = 50"
"unbalanced n, larger n with smaller SD","four groups with moderate ordered effect: 0, 0.25, 0.50, 0.75 SD","moderate ordered effect: 0, 0.25, 0.50, 0.75 SD","0.000, 0.433, 0.866, 1.299","2.236068, 2.000000, 1.414214, 1.000000",1.73205080756888,"25, 40, 60, 75","F.P.",4,1,1.6,50,4,1.02843311557279,2.65785206771156,0.91326,0.00125869910939827,0.90236,0.00132745192304656,0.90236,0.00132745192304656,0.98362,0.000567656508814969,0.98364,0.000567315615861225,0.98364,0.000567315615861225,0.00768,0.000390410491662302,0.99232,0.000390410491662302,0.99232,0.000390410491662302,2e-05,1.9999799999e-05,0.00766,0.000389905742455789,0.0047,0.000305872849399877,0.9953,0.000305872849399878,0.9953,0.000305872849399878,"F.P.
skew = 1
excess kurtosis = 1.6","n = 50"
"unbalanced n, larger n with smaller SD","four groups with moderate ordered effect: 0, 0.25, 0.50, 0.75 SD","moderate ordered effect: 0, 0.25, 0.50, 0.75 SD","0.000, 0.433, 0.866, 1.299","2.236068, 2.000000, 1.414214, 1.000000",1.73205080756888,"25, 40, 60, 75","F.P.",5,2,6.6,50,4,1.96290943282601,6.91433988412575,0.90424,0.00131597889344776,0.91188,0.00126771341871892,0.91186,0.00126784336887488,0.99924,0.000123241421608158,0.99924,0.000123241421608158,0.99924,0.000123241421608158,0,0,1,0,1,0,0,0,0,0,0.03382,0.000808408406685631,0.96618,0.00080840840668563,0.96618,0.00080840840668563,"F.P.
skew = 2
excess kurtosis = 6.6","n = 50"
"unbalanced n, larger n with smaller SD","four groups with moderate ordered effect: 0, 0.25, 0.50, 0.75 SD","moderate ordered effect: 0, 0.25, 0.50, 0.75 SD","0.000, 0.433, 0.866, 1.299","2.236068, 2.000000, 1.414214, 1.000000",1.73205080756888,"50, 80, 120, 150","normal",1,0,0,100,4,0.00150797873930046,1.06847010643373,0.9982,0.000189565819703871,0.99798,0.000200794402312416,0.99798,0.000200794402312416,0.99656,0.000261846000542303,0.99694,0.000247007546443421,0.99694,0.000247007546443421,0.20088,0.00179179923875416,0.79912,0.00179179923875416,0.79912,0.00179179923875416,0,0,0.20088,0.00179179923875416,0,0,1,0,1,0,"Normal distribution
skew = 0; excess kurtosis = 0","n = 100"
"unbalanced n, larger n with smaller SD","four groups with moderate ordered effect: 0, 0.25, 0.50, 0.75 SD","moderate ordered effect: 0, 0.25, 0.50, 0.75 SD","0.000, 0.433, 0.866, 1.299","2.236068, 2.000000, 1.414214, 1.000000",1.73205080756888,"50, 80, 120, 150","F.P.",2,0,6,100,4,-0.00550560163909817,7.43889216226745,0.99782,0.000208578407319644,0.9976,0.000218825958240788,0.9976,0.000218825958240788,0.99998,1.999979999901e-05,0.99998,1.999979999901e-05,0.99998,1.999979999901e-05,0,0,1,0,1,0,0,0,0,0,0.00038,8.71614134809664e-05,0.99962,8.71614134809718e-05,0.99962,8.71614134809718e-05,"F.P.
skew = 0
excess kurtosis = 6","n = 100"
"unbalanced n, larger n with smaller SD","four groups with moderate ordered effect: 0, 0.25, 0.50, 0.75 SD","moderate ordered effect: 0, 0.25, 0.50, 0.75 SD","0.000, 0.433, 0.866, 1.299","2.236068, 2.000000, 1.414214, 1.000000",1.73205080756888,"50, 80, 120, 150","F.P.",3,0.5,1,100,4,0.535758323759456,2.25935981593375,0.99744,0.000225984353440675,0.9977,0.000214229316387836,0.9977,0.000214229316387836,0.99966,8.24480927614468e-05,0.99966,8.24480927614468e-05,0.99966,8.24480927614468e-05,0.00686,0.000369132507373707,0.99314,0.000369132507373707,0.99314,0.000369132507373707,0,0,0.00686,0.000369132507373707,0,0,1,0,1,0,"F.P.
skew = 0.5
excess kurtosis = 1","n = 100"
"unbalanced n, larger n with smaller SD","four groups with moderate ordered effect: 0, 0.25, 0.50, 0.75 SD","moderate ordered effect: 0, 0.25, 0.50, 0.75 SD","0.000, 0.433, 0.866, 1.299","2.236068, 2.000000, 1.414214, 1.000000",1.73205080756888,"50, 80, 120, 150","F.P.",4,1,1.6,100,4,1.08000589489521,2.95817386219404,0.9969,0.00024861174549888,0.99684,0.000250998581669302,0.99684,0.000250998581669302,0.99996,2.82837055563941e-05,0.99996,2.82837055563941e-05,0.99996,2.82837055563941e-05,0,0,1,0,1,0,0,0,0,0,0,0,1,0,1,0,"F.P.
skew = 1
excess kurtosis = 1.6","n = 100"
"unbalanced n, larger n with smaller SD","four groups with moderate ordered effect: 0, 0.25, 0.50, 0.75 SD","moderate ordered effect: 0, 0.25, 0.50, 0.75 SD","0.000, 0.433, 0.866, 1.299","2.236068, 2.000000, 1.414214, 1.000000",1.73205080756888,"50, 80, 120, 150","F.P.",5,2,6.6,100,4,2.09864125038548,8.17609217155144,0.99436,0.000334908656203448,0.99556,0.000297331007464745,0.99556,0.000297331007464745,1,0,1,0,1,0,0,0,1,0,1,0,0,0,0,0,0.00054,0.000103894985442032,0.99946,0.00010389498544203,0.99946,0.00010389498544203,"F.P.
skew = 2
excess kurtosis = 6.6","n = 100"
"unbalanced n, larger n with smaller SD","four groups with moderate ordered effect: 0, 0.25, 0.50, 0.75 SD","moderate ordered effect: 0, 0.25, 0.50, 0.75 SD","0.000, 0.433, 0.866, 1.299","2.236068, 2.000000, 1.414214, 1.000000",1.73205080756888,"100, 160, 240, 300","normal",1,0,0,200,4,0.000562560665418876,1.0902921329566,1,0,1,0,1,0,1,0,1,0,1,0,0.02112,0.000643023259299382,0.97888,0.000643023259299382,0.97888,0.000643023259299382,0,0,0.02112,0.000643023259299382,0,0,1,0,1,0,"Normal distribution
skew = 0; excess kurtosis = 0","n = 200"
"unbalanced n, larger n with smaller SD","four groups with moderate ordered effect: 0, 0.25, 0.50, 0.75 SD","moderate ordered effect: 0, 0.25, 0.50, 0.75 SD","0.000, 0.433, 0.866, 1.299","2.236068, 2.000000, 1.414214, 1.000000",1.73205080756888,"100, 160, 240, 300","F.P.",2,0,6,200,4,-0.00149201876809442,8.2431558658517,1,0,1,0,1,0,1,0,1,0,1,0,0,0,1,0,1,0,0,0,0,0,0,0,1,0,1,0,"F.P.
skew = 0
excess kurtosis = 6","n = 200"
"unbalanced n, larger n with smaller SD","four groups with moderate ordered effect: 0, 0.25, 0.50, 0.75 SD","moderate ordered effect: 0, 0.25, 0.50, 0.75 SD","0.000, 0.433, 0.866, 1.299","2.236068, 2.000000, 1.414214, 1.000000",1.73205080756888,"100, 160, 240, 300","F.P.",3,0.5,1,200,4,0.552308560123492,2.37113285152256,1,0,1,0,1,0,1,0,1,0,1,0,0,0,1,0,1,0,0,0,0,0,0,0,1,0,1,0,"F.P.
skew = 0.5
excess kurtosis = 1","n = 200"
"unbalanced n, larger n with smaller SD","four groups with moderate ordered effect: 0, 0.25, 0.50, 0.75 SD","moderate ordered effect: 0, 0.25, 0.50, 0.75 SD","0.000, 0.433, 0.866, 1.299","2.236068, 2.000000, 1.414214, 1.000000",1.73205080756888,"100, 160, 240, 300","F.P.",4,1,1.6,200,4,1.10526286390564,3.11020155511554,1,0,1,0,1,0,1,0,1,0,1,0,0,0,1,0,1,0,0,0,0,0,0,0,1,0,1,0,"F.P.
skew = 1
excess kurtosis = 1.6","n = 200"
"unbalanced n, larger n with smaller SD","four groups with moderate ordered effect: 0, 0.25, 0.50, 0.75 SD","moderate ordered effect: 0, 0.25, 0.50, 0.75 SD","0.000, 0.433, 0.866, 1.299","2.236068, 2.000000, 1.414214, 1.000000",1.73205080756888,"100, 160, 240, 300","F.P.",5,2,6.6,200,4,2.18019868505588,9.06698289232872,0.99998,1.999979999901e-05,1,0,1,0,1,0,1,0,1,0,0,0,1,0,1,0,0,0,0,0,0,0,1,0,1,0,"F.P.
skew = 2
excess kurtosis = 6.6","n = 200"
